solid OpenSCAD_Model
  facet normal -0.578201 0 0.815895
    outer loop
      vertex 8.52585 0.799999 60.5419
      vertex 12.4453 0.799999 63.3195
      vertex 12.4453 9.60712 63.3195
    endloop
  endfacet
  facet normal -0.578201 0 0.815895
    outer loop
      vertex 8.52585 0.799999 60.5419
      vertex 12.4453 9.60712 63.3195
      vertex 8.52585 10.6181 60.5419
    endloop
  endfacet
  facet normal -0.578201 0 0.815895
    outer loop
      vertex 12.4453 0.799999 63.3195
      vertex 8.52585 0.799999 60.5419
      vertex 12.4453 0.799994 63.3195
    endloop
  endfacet
  facet normal 0 1 0
    outer loop
      vertex 24.6 19.05 46.8778
      vertex 24.2 19.05 2.2
      vertex 24.2 19.05 46.8778
    endloop
  endfacet
  facet normal 0 1 -0
    outer loop
      vertex 24.6 19.05 0.800003
      vertex 24.2 19.05 2.2
      vertex 24.6 19.05 46.8778
    endloop
  endfacet
  facet normal 0 1 0
    outer loop
      vertex 24.2 19.05 2.2
      vertex 24.6 19.05 0.800003
      vertex 24.2 19.05 0.800003
    endloop
  endfacet
  facet normal 0 1 -0
    outer loop
      vertex 1.2 19.05 2.2
      vertex 0.800003 19.05 46.8778
      vertex 1.2 19.05 46.8778
    endloop
  endfacet
  facet normal 0 1 0
    outer loop
      vertex 0.800003 19.05 0.800003
      vertex 1.2 19.05 2.2
      vertex 1.2 19.05 0.800003
    endloop
  endfacet
  facet normal 0 1 0
    outer loop
      vertex 1.2 19.05 2.2
      vertex 0.800003 19.05 0.800003
      vertex 0.800003 19.05 46.8778
    endloop
  endfacet
  facet normal 0.578206 0 0.815891
    outer loop
      vertex 12.9547 9.60712 63.3195
      vertex 16.8741 0.799999 60.5419
      vertex 16.8741 10.6181 60.5419
    endloop
  endfacet
  facet normal 0.578206 -0 0.815891
    outer loop
      vertex 12.9547 0.799999 63.3195
      vertex 16.8741 0.799999 60.5419
      vertex 12.9547 9.60712 63.3195
    endloop
  endfacet
  facet normal 0.578206 0 0.815891
    outer loop
      vertex 16.8741 0.799999 60.5419
      vertex 12.9547 0.799999 63.3195
      vertex 12.9547 0.799994 63.3195
    endloop
  endfacet
  facet normal 0 -1 0
    outer loop
      vertex 20.2 0 6
      vertex 21 0 7.6
      vertex 20.2 0 7.6
    endloop
  endfacet
  facet normal 0 -1 -0
    outer loop
      vertex 21 0 7.6
      vertex 20.2 0 6
      vertex 21 0 6
    endloop
  endfacet
  facet normal 0 -1 0
    outer loop
      vertex 20.2 0 8.4
      vertex 21 0 10
      vertex 20.2 0 10
    endloop
  endfacet
  facet normal 0 -1 -0
    outer loop
      vertex 21 0 10
      vertex 20.2 0 8.4
      vertex 21 0 8.4
    endloop
  endfacet
  facet normal 0 -1 0
    outer loop
      vertex 15.2 0 11.5
      vertex 18.6 0 8.4
      vertex 18.6 0 10
    endloop
  endfacet
  facet normal 0 -1 0
    outer loop
      vertex 20.2 0 7.6
      vertex 20.2 0 8.4
      vertex 18.6 0 8.4
    endloop
  endfacet
  facet normal 0 -1 0
    outer loop
      vertex 20.2 0 8.4
      vertex 20.2 0 7.6
      vertex 21 0 8.4
    endloop
  endfacet
  facet normal 0 -1 0
    outer loop
      vertex 20.2 0 7.6
      vertex 18.6 0 8.4
      vertex 18.6 0 7.6
    endloop
  endfacet
  facet normal 0 -1 0
    outer loop
      vertex 15.2 0 11.5
      vertex 18.6 0 7.6
      vertex 18.6 0 8.4
    endloop
  endfacet
  facet normal 0 -1 0
    outer loop
      vertex 15.2 0 11.5
      vertex 18.6 0 6
      vertex 18.6 0 7.6
    endloop
  endfacet
  facet normal 0 -1 0
    outer loop
      vertex 15.2 0 1.5
      vertex 20.2 0 6
      vertex 18.6 0 6
    endloop
  endfacet
  facet normal 0 -1 0
    outer loop
      vertex 24.6 0 0.800003
      vertex 20.2 0 6
      vertex 15.2 0 1.5
    endloop
  endfacet
  facet normal 0 -1 0
    outer loop
      vertex 20.2 0 6
      vertex 24.6 0 0.800003
      vertex 21 0 6
    endloop
  endfacet
  facet normal 0 -1 0
    outer loop
      vertex 15.2 0 1.5
      vertex 18.6 0 6
      vertex 15.2 0 11.5
    endloop
  endfacet
  facet normal 0 -1 0
    outer loop
      vertex 4.4 0 8.4
      vertex 5.2 0 10
      vertex 4.4 0 10
    endloop
  endfacet
  facet normal 0 -1 -0
    outer loop
      vertex 5.2 0 10
      vertex 4.4 0 8.4
      vertex 5.2 0 8.4
    endloop
  endfacet
  facet normal 0 -1 0
    outer loop
      vertex 20.2 0 18
      vertex 21 0 19.6
      vertex 20.2 0 19.6
    endloop
  endfacet
  facet normal 0 -1 -0
    outer loop
      vertex 21 0 19.6
      vertex 20.2 0 18
      vertex 21 0 18
    endloop
  endfacet
  facet normal 0 -1 0
    outer loop
      vertex 14.7 0 18
      vertex 18.6 0 19.6
      vertex 14.7 0 19.6
    endloop
  endfacet
  facet normal 0 -1 -0
    outer loop
      vertex 18.6 0 19.6
      vertex 14.7 0 18
      vertex 18.6 0 18
    endloop
  endfacet
  facet normal 0 -1 0
    outer loop
      vertex 12.3 0 18
      vertex 13.1 0 19.6
      vertex 12.3 0 19.6
    endloop
  endfacet
  facet normal 0 -1 -0
    outer loop
      vertex 13.1 0 19.6
      vertex 12.3 0 18
      vertex 13.1 0 18
    endloop
  endfacet
  facet normal 0 -1 0
    outer loop
      vertex 6.8 0 18
      vertex 10.7 0 19.6
      vertex 6.8 0 19.6
    endloop
  endfacet
  facet normal 0 -1 -0
    outer loop
      vertex 10.7 0 19.6
      vertex 6.8 0 18
      vertex 10.7 0 18
    endloop
  endfacet
  facet normal 0 -1 0
    outer loop
      vertex 4.4 0 18
      vertex 5.2 0 19.6
      vertex 4.4 0 19.6
    endloop
  endfacet
  facet normal 0 -1 -0
    outer loop
      vertex 5.2 0 19.6
      vertex 4.4 0 18
      vertex 5.2 0 18
    endloop
  endfacet
  facet normal 0 -1 0
    outer loop
      vertex 20.2 0 20.4
      vertex 21 0 22
      vertex 20.2 0 22
    endloop
  endfacet
  facet normal 0 -1 -0
    outer loop
      vertex 21 0 22
      vertex 20.2 0 20.4
      vertex 21 0 20.4
    endloop
  endfacet
  facet normal 0 -1 0
    outer loop
      vertex 14.7 0 20.4
      vertex 18.6 0 22
      vertex 14.7 0 22
    endloop
  endfacet
  facet normal 0 -1 -0
    outer loop
      vertex 18.6 0 22
      vertex 14.7 0 20.4
      vertex 18.6 0 20.4
    endloop
  endfacet
  facet normal 0 -1 0
    outer loop
      vertex 12.3 0 20.4
      vertex 13.1 0 22
      vertex 12.3 0 22
    endloop
  endfacet
  facet normal 0 -1 -0
    outer loop
      vertex 13.1 0 22
      vertex 12.3 0 20.4
      vertex 13.1 0 20.4
    endloop
  endfacet
  facet normal 0 -1 0
    outer loop
      vertex 6.8 0 20.4
      vertex 10.7 0 22
      vertex 6.8 0 22
    endloop
  endfacet
  facet normal 0 -1 -0
    outer loop
      vertex 10.7 0 22
      vertex 6.8 0 20.4
      vertex 10.7 0 20.4
    endloop
  endfacet
  facet normal 0 -1 0
    outer loop
      vertex 4.4 0 20.4
      vertex 5.2 0 22
      vertex 4.4 0 22
    endloop
  endfacet
  facet normal 0 -1 -0
    outer loop
      vertex 5.2 0 22
      vertex 4.4 0 20.4
      vertex 5.2 0 20.4
    endloop
  endfacet
  facet normal 0 -1 0
    outer loop
      vertex 20.2 0 30
      vertex 21 0 31.6
      vertex 20.2 0 31.6
    endloop
  endfacet
  facet normal 0 -1 -0
    outer loop
      vertex 21 0 31.6
      vertex 20.2 0 30
      vertex 21 0 30
    endloop
  endfacet
  facet normal 0 -1 0
    outer loop
      vertex 14.7 0 30
      vertex 18.6 0 31.6
      vertex 14.7 0 31.6
    endloop
  endfacet
  facet normal 0 -1 -0
    outer loop
      vertex 18.6 0 31.6
      vertex 14.7 0 30
      vertex 18.6 0 30
    endloop
  endfacet
  facet normal 0 -1 0
    outer loop
      vertex 12.3 0 30
      vertex 13.1 0 31.6
      vertex 12.3 0 31.6
    endloop
  endfacet
  facet normal 0 -1 -0
    outer loop
      vertex 13.1 0 31.6
      vertex 12.3 0 30
      vertex 13.1 0 30
    endloop
  endfacet
  facet normal 0 -1 0
    outer loop
      vertex 6.8 0 30
      vertex 10.7 0 31.6
      vertex 6.8 0 31.6
    endloop
  endfacet
  facet normal 0 -1 -0
    outer loop
      vertex 10.7 0 31.6
      vertex 6.8 0 30
      vertex 10.7 0 30
    endloop
  endfacet
  facet normal 0 -1 0
    outer loop
      vertex 4.4 0 30
      vertex 5.2 0 31.6
      vertex 4.4 0 31.6
    endloop
  endfacet
  facet normal 0 -1 -0
    outer loop
      vertex 5.2 0 31.6
      vertex 4.4 0 30
      vertex 5.2 0 30
    endloop
  endfacet
  facet normal 0 -1 0
    outer loop
      vertex 20.2 0 32.4
      vertex 21 0 34
      vertex 20.2 0 34
    endloop
  endfacet
  facet normal 0 -1 -0
    outer loop
      vertex 21 0 34
      vertex 20.2 0 32.4
      vertex 21 0 32.4
    endloop
  endfacet
  facet normal 0 -1 0
    outer loop
      vertex 14.7 0 32.4
      vertex 18.6 0 34
      vertex 14.7 0 34
    endloop
  endfacet
  facet normal 0 -1 -0
    outer loop
      vertex 18.6 0 34
      vertex 14.7 0 32.4
      vertex 18.6 0 32.4
    endloop
  endfacet
  facet normal 0 -1 0
    outer loop
      vertex 12.3 0 32.4
      vertex 13.1 0 34
      vertex 12.3 0 34
    endloop
  endfacet
  facet normal 0 -1 -0
    outer loop
      vertex 13.1 0 34
      vertex 12.3 0 32.4
      vertex 13.1 0 32.4
    endloop
  endfacet
  facet normal 0 -1 0
    outer loop
      vertex 6.8 0 32.4
      vertex 10.7 0 34
      vertex 6.8 0 34
    endloop
  endfacet
  facet normal 0 -1 -0
    outer loop
      vertex 10.7 0 34
      vertex 6.8 0 32.4
      vertex 10.7 0 32.4
    endloop
  endfacet
  facet normal 0 -1 0
    outer loop
      vertex 4.4 0 32.4
      vertex 5.2 0 34
      vertex 4.4 0 34
    endloop
  endfacet
  facet normal 0 -1 -0
    outer loop
      vertex 5.2 0 34
      vertex 4.4 0 32.4
      vertex 5.2 0 32.4
    endloop
  endfacet
  facet normal 0 -1 0
    outer loop
      vertex 20.2 0 42
      vertex 21 0 43.6
      vertex 20.2 0 43.6
    endloop
  endfacet
  facet normal 0 -1 -0
    outer loop
      vertex 21 0 43.6
      vertex 20.2 0 42
      vertex 21 0 42
    endloop
  endfacet
  facet normal 0 -1 0
    outer loop
      vertex 14.7 0 42
      vertex 18.6 0 43.6
      vertex 14.7 0 43.6
    endloop
  endfacet
  facet normal 0 -1 -0
    outer loop
      vertex 18.6 0 43.6
      vertex 14.7 0 42
      vertex 18.6 0 42
    endloop
  endfacet
  facet normal 0 -1 0
    outer loop
      vertex 12.3 0 42
      vertex 13.1 0 43.6
      vertex 12.3 0 43.6
    endloop
  endfacet
  facet normal 0 -1 -0
    outer loop
      vertex 13.1 0 43.6
      vertex 12.3 0 42
      vertex 13.1 0 42
    endloop
  endfacet
  facet normal 0 -1 0
    outer loop
      vertex 6.8 0 42
      vertex 10.7 0 43.6
      vertex 6.8 0 43.6
    endloop
  endfacet
  facet normal 0 -1 -0
    outer loop
      vertex 10.7 0 43.6
      vertex 6.8 0 42
      vertex 10.7 0 42
    endloop
  endfacet
  facet normal 0 -1 0
    outer loop
      vertex 4.4 0 42
      vertex 5.2 0 43.6
      vertex 4.4 0 43.6
    endloop
  endfacet
  facet normal 0 -1 -0
    outer loop
      vertex 5.2 0 43.6
      vertex 4.4 0 42
      vertex 5.2 0 42
    endloop
  endfacet
  facet normal 0 -1 0
    outer loop
      vertex 20.2 0 44.4
      vertex 21 0 46
      vertex 20.2 0 46
    endloop
  endfacet
  facet normal 0 -1 -0
    outer loop
      vertex 21 0 46
      vertex 20.2 0 44.4
      vertex 21 0 44.4
    endloop
  endfacet
  facet normal 0 -1 0
    outer loop
      vertex 14.7 0 44.4
      vertex 18.6 0 46
      vertex 14.7 0 46
    endloop
  endfacet
  facet normal 0 -1 -0
    outer loop
      vertex 18.6 0 46
      vertex 14.7 0 44.4
      vertex 18.6 0 44.4
    endloop
  endfacet
  facet normal 0 -1 0
    outer loop
      vertex 12.3 0 44.4
      vertex 13.1 0 46
      vertex 12.3 0 46
    endloop
  endfacet
  facet normal 0 -1 -0
    outer loop
      vertex 13.1 0 46
      vertex 12.3 0 44.4
      vertex 13.1 0 44.4
    endloop
  endfacet
  facet normal 0 -1 0
    outer loop
      vertex 6.8 0 44.4
      vertex 10.7 0 46
      vertex 6.8 0 46
    endloop
  endfacet
  facet normal 0 -1 -0
    outer loop
      vertex 10.7 0 46
      vertex 6.8 0 44.4
      vertex 10.7 0 44.4
    endloop
  endfacet
  facet normal 0 -1 0
    outer loop
      vertex 4.4 0 44.4
      vertex 5.2 0 46
      vertex 4.4 0 46
    endloop
  endfacet
  facet normal 0 -1 -0
    outer loop
      vertex 5.2 0 46
      vertex 4.4 0 44.4
      vertex 5.2 0 44.4
    endloop
  endfacet
  facet normal 0 -1 0
    outer loop
      vertex 10.7 0 46
      vertex 12.7 0 62.5195
      vertex 0.800003 0 54.0864
    endloop
  endfacet
  facet normal 0 -1 0
    outer loop
      vertex 4.4 0 46
      vertex 0.800003 0 54.0864
      vertex 2.8 0 46
    endloop
  endfacet
  facet normal 0 -1 0
    outer loop
      vertex 0.800003 0 54.0864
      vertex 2.8 0 44.4
      vertex 2.8 0 46
    endloop
  endfacet
  facet normal 0 -1 0
    outer loop
      vertex 4.4 0 43.6
      vertex 4.4 0 44.4
      vertex 2.8 0 44.4
    endloop
  endfacet
  facet normal 0 -1 0
    outer loop
      vertex 4.4 0 44.4
      vertex 4.4 0 43.6
      vertex 5.2 0 44.4
    endloop
  endfacet
  facet normal 0 -1 0
    outer loop
      vertex 5.2 0 44.4
      vertex 5.2 0 43.6
      vertex 6.8 0 44.4
    endloop
  endfacet
  facet normal 0 -1 0
    outer loop
      vertex 6.8 0 44.4
      vertex 6.8 0 43.6
      vertex 10.7 0 44.4
    endloop
  endfacet
  facet normal 0 -1 0
    outer loop
      vertex 10.7 0 43.6
      vertex 10.7 0 44.4
      vertex 6.8 0 43.6
    endloop
  endfacet
  facet normal 0 -1 0
    outer loop
      vertex 10.7 0 44.4
      vertex 10.7 0 43.6
      vertex 12.3 0 44.4
    endloop
  endfacet
  facet normal 0 -1 0
    outer loop
      vertex 12.3 0 44.4
      vertex 12.3 0 43.6
      vertex 13.1 0 44.4
    endloop
  endfacet
  facet normal 0 -1 0
    outer loop
      vertex 13.1 0 43.6
      vertex 13.1 0 44.4
      vertex 12.3 0 43.6
    endloop
  endfacet
  facet normal 0 -1 0
    outer loop
      vertex 14.7 0 43.6
      vertex 14.7 0 44.4
      vertex 13.1 0 43.6
    endloop
  endfacet
  facet normal 0 -1 0
    outer loop
      vertex 14.7 0 44.4
      vertex 14.7 0 43.6
      vertex 18.6 0 44.4
    endloop
  endfacet
  facet normal 0 -1 0
    outer loop
      vertex 4.4 0 43.6
      vertex 2.8 0 44.4
      vertex 2.8 0 43.6
    endloop
  endfacet
  facet normal 0 -1 0
    outer loop
      vertex 0.800003 0 54.0864
      vertex 2.8 0 43.6
      vertex 2.8 0 44.4
    endloop
  endfacet
  facet normal 0 -1 0
    outer loop
      vertex 0.800003 0 54.0864
      vertex 2.8 0 42
      vertex 2.8 0 43.6
    endloop
  endfacet
  facet normal 0 -1 0
    outer loop
      vertex 4.4 0 34
      vertex 4.4 0 42
      vertex 2.8 0 42
    endloop
  endfacet
  facet normal 0 -1 0
    outer loop
      vertex 4.4 0 42
      vertex 4.4 0 34
      vertex 5.2 0 42
    endloop
  endfacet
  facet normal 0 -1 0
    outer loop
      vertex 5.2 0 42
      vertex 5.2 0 34
      vertex 6.8 0 42
    endloop
  endfacet
  facet normal 0 -1 0
    outer loop
      vertex 6.8 0 42
      vertex 6.8 0 34
      vertex 10.7 0 42
    endloop
  endfacet
  facet normal 0 -1 0
    outer loop
      vertex 10.7 0 34
      vertex 10.7 0 42
      vertex 6.8 0 34
    endloop
  endfacet
  facet normal 0 -1 0
    outer loop
      vertex 10.7 0 42
      vertex 10.7 0 34
      vertex 12.3 0 42
    endloop
  endfacet
  facet normal 0 -1 0
    outer loop
      vertex 12.3 0 42
      vertex 12.3 0 34
      vertex 13.1 0 42
    endloop
  endfacet
  facet normal 0 -1 0
    outer loop
      vertex 13.1 0 34
      vertex 13.1 0 42
      vertex 12.3 0 34
    endloop
  endfacet
  facet normal 0 -1 0
    outer loop
      vertex 14.7 0 34
      vertex 14.7 0 42
      vertex 13.1 0 34
    endloop
  endfacet
  facet normal 0 -1 0
    outer loop
      vertex 14.7 0 42
      vertex 14.7 0 34
      vertex 18.6 0 42
    endloop
  endfacet
  facet normal 0 -1 0
    outer loop
      vertex 4.4 0 34
      vertex 2.8 0 42
      vertex 2.8 0 34
    endloop
  endfacet
  facet normal 0 -1 0
    outer loop
      vertex 0.800003 0 54.0864
      vertex 2.8 0 34
      vertex 2.8 0 42
    endloop
  endfacet
  facet normal 0 -1 0
    outer loop
      vertex 0.800003 0 54.0864
      vertex 2.8 0 32.4
      vertex 2.8 0 34
    endloop
  endfacet
  facet normal 0 -1 0
    outer loop
      vertex 4.4 0 31.6
      vertex 4.4 0 32.4
      vertex 2.8 0 32.4
    endloop
  endfacet
  facet normal 0 -1 0
    outer loop
      vertex 4.4 0 32.4
      vertex 4.4 0 31.6
      vertex 5.2 0 32.4
    endloop
  endfacet
  facet normal 0 -1 0
    outer loop
      vertex 5.2 0 32.4
      vertex 5.2 0 31.6
      vertex 6.8 0 32.4
    endloop
  endfacet
  facet normal 0 -1 0
    outer loop
      vertex 6.8 0 32.4
      vertex 6.8 0 31.6
      vertex 10.7 0 32.4
    endloop
  endfacet
  facet normal 0 -1 0
    outer loop
      vertex 10.7 0 31.6
      vertex 10.7 0 32.4
      vertex 6.8 0 31.6
    endloop
  endfacet
  facet normal 0 -1 0
    outer loop
      vertex 10.7 0 32.4
      vertex 10.7 0 31.6
      vertex 12.3 0 32.4
    endloop
  endfacet
  facet normal 0 -1 0
    outer loop
      vertex 12.3 0 32.4
      vertex 12.3 0 31.6
      vertex 13.1 0 32.4
    endloop
  endfacet
  facet normal 0 -1 0
    outer loop
      vertex 13.1 0 31.6
      vertex 13.1 0 32.4
      vertex 12.3 0 31.6
    endloop
  endfacet
  facet normal 0 -1 0
    outer loop
      vertex 14.7 0 31.6
      vertex 14.7 0 32.4
      vertex 13.1 0 31.6
    endloop
  endfacet
  facet normal 0 -1 0
    outer loop
      vertex 14.7 0 32.4
      vertex 14.7 0 31.6
      vertex 18.6 0 32.4
    endloop
  endfacet
  facet normal 0 -1 0
    outer loop
      vertex 4.4 0 31.6
      vertex 2.8 0 32.4
      vertex 2.8 0 31.6
    endloop
  endfacet
  facet normal 0 -1 0
    outer loop
      vertex 0.800003 0 54.0864
      vertex 2.8 0 31.6
      vertex 2.8 0 32.4
    endloop
  endfacet
  facet normal 0 -1 0
    outer loop
      vertex 0.800003 0 54.0864
      vertex 2.8 0 30
      vertex 2.8 0 31.6
    endloop
  endfacet
  facet normal 0 -1 0
    outer loop
      vertex 4.4 0 22
      vertex 4.4 0 30
      vertex 2.8 0 30
    endloop
  endfacet
  facet normal 0 -1 0
    outer loop
      vertex 4.4 0 30
      vertex 4.4 0 22
      vertex 5.2 0 30
    endloop
  endfacet
  facet normal 0 -1 0
    outer loop
      vertex 5.2 0 30
      vertex 5.2 0 22
      vertex 6.8 0 30
    endloop
  endfacet
  facet normal 0 -1 0
    outer loop
      vertex 6.8 0 30
      vertex 6.8 0 22
      vertex 10.7 0 30
    endloop
  endfacet
  facet normal 0 -1 0
    outer loop
      vertex 10.7 0 22
      vertex 10.7 0 30
      vertex 6.8 0 22
    endloop
  endfacet
  facet normal 0 -1 0
    outer loop
      vertex 10.7 0 30
      vertex 10.7 0 22
      vertex 12.3 0 30
    endloop
  endfacet
  facet normal 0 -1 0
    outer loop
      vertex 12.3 0 30
      vertex 12.3 0 22
      vertex 13.1 0 30
    endloop
  endfacet
  facet normal 0 -1 0
    outer loop
      vertex 13.1 0 22
      vertex 13.1 0 30
      vertex 12.3 0 22
    endloop
  endfacet
  facet normal 0 -1 0
    outer loop
      vertex 14.7 0 22
      vertex 14.7 0 30
      vertex 13.1 0 22
    endloop
  endfacet
  facet normal 0 -1 0
    outer loop
      vertex 14.7 0 30
      vertex 14.7 0 22
      vertex 18.6 0 30
    endloop
  endfacet
  facet normal 0 -1 0
    outer loop
      vertex 4.4 0 22
      vertex 2.8 0 30
      vertex 2.8 0 22
    endloop
  endfacet
  facet normal 0 -1 0
    outer loop
      vertex 0.800003 0 0.800003
      vertex 2.8 0 30
      vertex 0.800003 0 54.0864
    endloop
  endfacet
  facet normal 0 -1 -0
    outer loop
      vertex 2.8 0 30
      vertex 0.800003 0 0.800003
      vertex 2.8 0 22
    endloop
  endfacet
  facet normal 0 -1 0
    outer loop
      vertex 4.4 0 19.6
      vertex 4.4 0 20.4
      vertex 2.8 0 20.4
    endloop
  endfacet
  facet normal 0 -1 0
    outer loop
      vertex 4.4 0 20.4
      vertex 4.4 0 19.6
      vertex 5.2 0 20.4
    endloop
  endfacet
  facet normal 0 -1 0
    outer loop
      vertex 5.2 0 20.4
      vertex 5.2 0 19.6
      vertex 6.8 0 20.4
    endloop
  endfacet
  facet normal 0 -1 0
    outer loop
      vertex 6.8 0 20.4
      vertex 6.8 0 19.6
      vertex 10.7 0 20.4
    endloop
  endfacet
  facet normal 0 -1 0
    outer loop
      vertex 10.7 0 19.6
      vertex 10.7 0 20.4
      vertex 6.8 0 19.6
    endloop
  endfacet
  facet normal 0 -1 0
    outer loop
      vertex 10.7 0 20.4
      vertex 10.7 0 19.6
      vertex 12.3 0 20.4
    endloop
  endfacet
  facet normal 0 -1 0
    outer loop
      vertex 12.3 0 20.4
      vertex 12.3 0 19.6
      vertex 13.1 0 20.4
    endloop
  endfacet
  facet normal 0 -1 0
    outer loop
      vertex 13.1 0 19.6
      vertex 13.1 0 20.4
      vertex 12.3 0 19.6
    endloop
  endfacet
  facet normal 0 -1 0
    outer loop
      vertex 14.7 0 19.6
      vertex 14.7 0 20.4
      vertex 13.1 0 19.6
    endloop
  endfacet
  facet normal 0 -1 0
    outer loop
      vertex 14.7 0 20.4
      vertex 14.7 0 19.6
      vertex 18.6 0 20.4
    endloop
  endfacet
  facet normal 0 -1 0
    outer loop
      vertex 4.4 0 19.6
      vertex 2.8 0 20.4
      vertex 2.8 0 19.6
    endloop
  endfacet
  facet normal 0 -1 -0
    outer loop
      vertex 2.8 0 22
      vertex 0.800003 0 0.800003
      vertex 2.8 0 20.4
    endloop
  endfacet
  facet normal 0 -1 -0
    outer loop
      vertex 2.8 0 20.4
      vertex 0.800003 0 0.800003
      vertex 2.8 0 19.6
    endloop
  endfacet
  facet normal 0 -1 0
    outer loop
      vertex 4.4 0 10
      vertex 4.4 0 18
      vertex 2.8 0 18
    endloop
  endfacet
  facet normal 0 -1 0
    outer loop
      vertex 4.4 0 18
      vertex 4.4 0 10
      vertex 5.2 0 18
    endloop
  endfacet
  facet normal 0 -1 0
    outer loop
      vertex 5.2 0 18
      vertex 5.2 0 10
      vertex 6.8 0 18
    endloop
  endfacet
  facet normal 0 -1 0
    outer loop
      vertex 6.8 0 18
      vertex 10.2 0 11.5
      vertex 10.7 0 18
    endloop
  endfacet
  facet normal 0 -1 -0
    outer loop
      vertex 10.7 0 18
      vertex 10.2 0 11.5
      vertex 12.3 0 18
    endloop
  endfacet
  facet normal 0 -1 -0
    outer loop
      vertex 12.3 0 18
      vertex 10.2 0 11.5
      vertex 13.1 0 18
    endloop
  endfacet
  facet normal 0 -1 0
    outer loop
      vertex 15.2 0 11.5
      vertex 13.1 0 18
      vertex 10.2 0 11.5
    endloop
  endfacet
  facet normal 0 -1 0
    outer loop
      vertex 13.1 0 18
      vertex 15.2 0 11.5
      vertex 14.7 0 18
    endloop
  endfacet
  facet normal 0 -1 0
    outer loop
      vertex 14.7 0 18
      vertex 15.2 0 11.5
      vertex 18.6 0 18
    endloop
  endfacet
  facet normal 0 -1 0
    outer loop
      vertex 18.6 0 10
      vertex 18.6 0 18
      vertex 15.2 0 11.5
    endloop
  endfacet
  facet normal 0 -1 0
    outer loop
      vertex 18.6 0 18
      vertex 18.6 0 10
      vertex 20.2 0 18
    endloop
  endfacet
  facet normal 0 -1 0
    outer loop
      vertex 4.4 0 10
      vertex 2.8 0 18
      vertex 2.8 0 10
    endloop
  endfacet
  facet normal 0 -1 -0
    outer loop
      vertex 2.8 0 19.6
      vertex 0.800003 0 0.800003
      vertex 2.8 0 18
    endloop
  endfacet
  facet normal 0 -1 -0
    outer loop
      vertex 2.8 0 18
      vertex 0.800003 0 0.800003
      vertex 2.8 0 10
    endloop
  endfacet
  facet normal 0 -1 0
    outer loop
      vertex 4.4 0 7.6
      vertex 4.4 0 8.4
      vertex 2.8 0 8.4
    endloop
  endfacet
  facet normal 0 -1 0
    outer loop
      vertex 4.4 0 8.4
      vertex 4.4 0 7.6
      vertex 5.2 0 8.4
    endloop
  endfacet
  facet normal 0 -1 0
    outer loop
      vertex 4.4 0 7.6
      vertex 2.8 0 8.4
      vertex 2.8 0 7.6
    endloop
  endfacet
  facet normal 0 -1 -0
    outer loop
      vertex 2.8 0 10
      vertex 0.800003 0 0.800003
      vertex 2.8 0 8.4
    endloop
  endfacet
  facet normal 0 -1 -0
    outer loop
      vertex 2.8 0 8.4
      vertex 0.800003 0 0.800003
      vertex 2.8 0 7.6
    endloop
  endfacet
  facet normal 0 -1 0
    outer loop
      vertex 0.800003 0 0.800003
      vertex 4.4 0 6
      vertex 2.8 0 6
    endloop
  endfacet
  facet normal 0 -1 -0
    outer loop
      vertex 4.4 0 6
      vertex 0.800003 0 0.800003
      vertex 5.2 0 6
    endloop
  endfacet
  facet normal -0 -1 0
    outer loop
      vertex 10.2 0 1.5
      vertex 5.2 0 6
      vertex 0.800003 0 0.800003
    endloop
  endfacet
  facet normal 0 -1 -0
    outer loop
      vertex 10.2 0 1.5
      vertex 0.800003 0 0.800003
      vertex 15.2 0 1.5
    endloop
  endfacet
  facet normal 0 -1 0
    outer loop
      vertex 5.2 0 6
      vertex 10.2 0 1.5
      vertex 6.8 0 6
    endloop
  endfacet
  facet normal 0 -1 -0
    outer loop
      vertex 2.8 0 7.6
      vertex 0.800003 0 0.800003
      vertex 2.8 0 6
    endloop
  endfacet
  facet normal 0 -1 0
    outer loop
      vertex 5.2 0 46
      vertex 0.800003 0 54.0864
      vertex 4.4 0 46
    endloop
  endfacet
  facet normal 0 -1 0
    outer loop
      vertex 6.8 0 46
      vertex 0.800003 0 54.0864
      vertex 5.2 0 46
    endloop
  endfacet
  facet normal 0 -1 0
    outer loop
      vertex 10.7 0 46
      vertex 0.800003 0 54.0864
      vertex 6.8 0 46
    endloop
  endfacet
  facet normal 0 -1 0
    outer loop
      vertex 12.7 0 62.5195
      vertex 10.7 0 46
      vertex 12.3 0 46
    endloop
  endfacet
  facet normal 0 -1 0
    outer loop
      vertex 13.1 0 46
      vertex 12.7 0 62.5195
      vertex 12.3 0 46
    endloop
  endfacet
  facet normal 0 -1 0
    outer loop
      vertex 14.7 0 46
      vertex 12.7 0 62.5195
      vertex 13.1 0 46
    endloop
  endfacet
  facet normal 0 -1 0
    outer loop
      vertex 12.7 0 62.5195
      vertex 14.7 0 46
      vertex 24.6 0 54.0864
    endloop
  endfacet
  facet normal 0 -1 0
    outer loop
      vertex 18.6 0 46
      vertex 24.6 0 54.0864
      vertex 14.7 0 46
    endloop
  endfacet
  facet normal 0 -1 0
    outer loop
      vertex 20.2 0 46
      vertex 24.6 0 54.0864
      vertex 18.6 0 46
    endloop
  endfacet
  facet normal 0 -1 0
    outer loop
      vertex 21 0 46
      vertex 24.6 0 54.0864
      vertex 20.2 0 46
    endloop
  endfacet
  facet normal 0 -1 0
    outer loop
      vertex 22.6 0 46
      vertex 24.6 0 54.0864
      vertex 21 0 46
    endloop
  endfacet
  facet normal 0 -1 0
    outer loop
      vertex 22.6 0 44.4
      vertex 24.6 0 54.0864
      vertex 22.6 0 46
    endloop
  endfacet
  facet normal 0 -1 -0
    outer loop
      vertex 5.2 0 44.4
      vertex 4.4 0 43.6
      vertex 5.2 0 43.6
    endloop
  endfacet
  facet normal 0 -1 -0
    outer loop
      vertex 6.8 0 44.4
      vertex 5.2 0 43.6
      vertex 6.8 0 43.6
    endloop
  endfacet
  facet normal 0 -1 0
    outer loop
      vertex 12.3 0 43.6
      vertex 12.3 0 44.4
      vertex 10.7 0 43.6
    endloop
  endfacet
  facet normal 0 -1 0
    outer loop
      vertex 13.1 0 44.4
      vertex 13.1 0 43.6
      vertex 14.7 0 44.4
    endloop
  endfacet
  facet normal 0 -1 0
    outer loop
      vertex 18.6 0 43.6
      vertex 18.6 0 44.4
      vertex 14.7 0 43.6
    endloop
  endfacet
  facet normal 0 -1 0
    outer loop
      vertex 18.6 0 44.4
      vertex 18.6 0 43.6
      vertex 20.2 0 44.4
    endloop
  endfacet
  facet normal 0 -1 0
    outer loop
      vertex 20.2 0 43.6
      vertex 20.2 0 44.4
      vertex 18.6 0 43.6
    endloop
  endfacet
  facet normal 0 -1 0
    outer loop
      vertex 20.2 0 44.4
      vertex 20.2 0 43.6
      vertex 21 0 44.4
    endloop
  endfacet
  facet normal 0 -1 0
    outer loop
      vertex 21 0 43.6
      vertex 21 0 44.4
      vertex 20.2 0 43.6
    endloop
  endfacet
  facet normal 0 -1 0
    outer loop
      vertex 21 0 44.4
      vertex 21 0 43.6
      vertex 22.6 0 44.4
    endloop
  endfacet
  facet normal 0 -1 0
    outer loop
      vertex 22.6 0 43.6
      vertex 22.6 0 44.4
      vertex 21 0 43.6
    endloop
  endfacet
  facet normal 0 -1 0
    outer loop
      vertex 22.6 0 43.6
      vertex 24.6 0 54.0864
      vertex 22.6 0 44.4
    endloop
  endfacet
  facet normal 0 -1 0
    outer loop
      vertex 22.6 0 42
      vertex 24.6 0 54.0864
      vertex 22.6 0 43.6
    endloop
  endfacet
  facet normal 0 -1 -0
    outer loop
      vertex 5.2 0 42
      vertex 4.4 0 34
      vertex 5.2 0 34
    endloop
  endfacet
  facet normal 0 -1 -0
    outer loop
      vertex 6.8 0 42
      vertex 5.2 0 34
      vertex 6.8 0 34
    endloop
  endfacet
  facet normal 0 -1 0
    outer loop
      vertex 12.3 0 34
      vertex 12.3 0 42
      vertex 10.7 0 34
    endloop
  endfacet
  facet normal 0 -1 0
    outer loop
      vertex 13.1 0 42
      vertex 13.1 0 34
      vertex 14.7 0 42
    endloop
  endfacet
  facet normal 0 -1 0
    outer loop
      vertex 18.6 0 34
      vertex 18.6 0 42
      vertex 14.7 0 34
    endloop
  endfacet
  facet normal 0 -1 0
    outer loop
      vertex 18.6 0 42
      vertex 18.6 0 34
      vertex 20.2 0 42
    endloop
  endfacet
  facet normal 0 -1 0
    outer loop
      vertex 20.2 0 34
      vertex 20.2 0 42
      vertex 18.6 0 34
    endloop
  endfacet
  facet normal 0 -1 0
    outer loop
      vertex 20.2 0 42
      vertex 20.2 0 34
      vertex 21 0 42
    endloop
  endfacet
  facet normal 0 -1 0
    outer loop
      vertex 21 0 34
      vertex 21 0 42
      vertex 20.2 0 34
    endloop
  endfacet
  facet normal 0 -1 0
    outer loop
      vertex 21 0 42
      vertex 21 0 34
      vertex 22.6 0 42
    endloop
  endfacet
  facet normal 0 -1 0
    outer loop
      vertex 22.6 0 34
      vertex 22.6 0 42
      vertex 21 0 34
    endloop
  endfacet
  facet normal 0 -1 0
    outer loop
      vertex 22.6 0 34
      vertex 24.6 0 54.0864
      vertex 22.6 0 42
    endloop
  endfacet
  facet normal 0 -1 0
    outer loop
      vertex 22.6 0 32.4
      vertex 24.6 0 54.0864
      vertex 22.6 0 34
    endloop
  endfacet
  facet normal 0 -1 -0
    outer loop
      vertex 5.2 0 32.4
      vertex 4.4 0 31.6
      vertex 5.2 0 31.6
    endloop
  endfacet
  facet normal 0 -1 -0
    outer loop
      vertex 6.8 0 32.4
      vertex 5.2 0 31.6
      vertex 6.8 0 31.6
    endloop
  endfacet
  facet normal 0 -1 0
    outer loop
      vertex 12.3 0 31.6
      vertex 12.3 0 32.4
      vertex 10.7 0 31.6
    endloop
  endfacet
  facet normal 0 -1 0
    outer loop
      vertex 13.1 0 32.4
      vertex 13.1 0 31.6
      vertex 14.7 0 32.4
    endloop
  endfacet
  facet normal 0 -1 0
    outer loop
      vertex 18.6 0 31.6
      vertex 18.6 0 32.4
      vertex 14.7 0 31.6
    endloop
  endfacet
  facet normal 0 -1 0
    outer loop
      vertex 18.6 0 32.4
      vertex 18.6 0 31.6
      vertex 20.2 0 32.4
    endloop
  endfacet
  facet normal 0 -1 0
    outer loop
      vertex 20.2 0 31.6
      vertex 20.2 0 32.4
      vertex 18.6 0 31.6
    endloop
  endfacet
  facet normal 0 -1 0
    outer loop
      vertex 20.2 0 32.4
      vertex 20.2 0 31.6
      vertex 21 0 32.4
    endloop
  endfacet
  facet normal 0 -1 0
    outer loop
      vertex 21 0 31.6
      vertex 21 0 32.4
      vertex 20.2 0 31.6
    endloop
  endfacet
  facet normal 0 -1 0
    outer loop
      vertex 21 0 32.4
      vertex 21 0 31.6
      vertex 22.6 0 32.4
    endloop
  endfacet
  facet normal 0 -1 0
    outer loop
      vertex 22.6 0 31.6
      vertex 22.6 0 32.4
      vertex 21 0 31.6
    endloop
  endfacet
  facet normal 0 -1 0
    outer loop
      vertex 22.6 0 31.6
      vertex 24.6 0 54.0864
      vertex 22.6 0 32.4
    endloop
  endfacet
  facet normal 0 -1 0
    outer loop
      vertex 22.6 0 30
      vertex 24.6 0 54.0864
      vertex 22.6 0 31.6
    endloop
  endfacet
  facet normal 0 -1 -0
    outer loop
      vertex 5.2 0 30
      vertex 4.4 0 22
      vertex 5.2 0 22
    endloop
  endfacet
  facet normal 0 -1 -0
    outer loop
      vertex 6.8 0 30
      vertex 5.2 0 22
      vertex 6.8 0 22
    endloop
  endfacet
  facet normal 0 -1 0
    outer loop
      vertex 12.3 0 22
      vertex 12.3 0 30
      vertex 10.7 0 22
    endloop
  endfacet
  facet normal 0 -1 0
    outer loop
      vertex 13.1 0 30
      vertex 13.1 0 22
      vertex 14.7 0 30
    endloop
  endfacet
  facet normal 0 -1 0
    outer loop
      vertex 18.6 0 22
      vertex 18.6 0 30
      vertex 14.7 0 22
    endloop
  endfacet
  facet normal 0 -1 0
    outer loop
      vertex 18.6 0 30
      vertex 18.6 0 22
      vertex 20.2 0 30
    endloop
  endfacet
  facet normal 0 -1 0
    outer loop
      vertex 20.2 0 22
      vertex 20.2 0 30
      vertex 18.6 0 22
    endloop
  endfacet
  facet normal 0 -1 0
    outer loop
      vertex 20.2 0 30
      vertex 20.2 0 22
      vertex 21 0 30
    endloop
  endfacet
  facet normal 0 -1 0
    outer loop
      vertex 21 0 22
      vertex 21 0 30
      vertex 20.2 0 22
    endloop
  endfacet
  facet normal 0 -1 0
    outer loop
      vertex 21 0 30
      vertex 21 0 22
      vertex 22.6 0 30
    endloop
  endfacet
  facet normal 0 -1 0
    outer loop
      vertex 22.6 0 22
      vertex 22.6 0 30
      vertex 21 0 22
    endloop
  endfacet
  facet normal 0 -1 0
    outer loop
      vertex 24.6 0 0.800003
      vertex 22.6 0 30
      vertex 22.6 0 22
    endloop
  endfacet
  facet normal 0 -1 0
    outer loop
      vertex 24.6 0 0.800003
      vertex 22.6 0 22
      vertex 22.6 0 20.4
    endloop
  endfacet
  facet normal 0 -1 -0
    outer loop
      vertex 5.2 0 20.4
      vertex 4.4 0 19.6
      vertex 5.2 0 19.6
    endloop
  endfacet
  facet normal 0 -1 -0
    outer loop
      vertex 6.8 0 20.4
      vertex 5.2 0 19.6
      vertex 6.8 0 19.6
    endloop
  endfacet
  facet normal 0 -1 0
    outer loop
      vertex 12.3 0 19.6
      vertex 12.3 0 20.4
      vertex 10.7 0 19.6
    endloop
  endfacet
  facet normal 0 -1 0
    outer loop
      vertex 13.1 0 20.4
      vertex 13.1 0 19.6
      vertex 14.7 0 20.4
    endloop
  endfacet
  facet normal 0 -1 0
    outer loop
      vertex 18.6 0 19.6
      vertex 18.6 0 20.4
      vertex 14.7 0 19.6
    endloop
  endfacet
  facet normal 0 -1 0
    outer loop
      vertex 18.6 0 20.4
      vertex 18.6 0 19.6
      vertex 20.2 0 20.4
    endloop
  endfacet
  facet normal 0 -1 0
    outer loop
      vertex 20.2 0 19.6
      vertex 20.2 0 20.4
      vertex 18.6 0 19.6
    endloop
  endfacet
  facet normal 0 -1 0
    outer loop
      vertex 20.2 0 20.4
      vertex 20.2 0 19.6
      vertex 21 0 20.4
    endloop
  endfacet
  facet normal 0 -1 0
    outer loop
      vertex 21 0 19.6
      vertex 21 0 20.4
      vertex 20.2 0 19.6
    endloop
  endfacet
  facet normal 0 -1 0
    outer loop
      vertex 21 0 20.4
      vertex 21 0 19.6
      vertex 22.6 0 20.4
    endloop
  endfacet
  facet normal 0 -1 0
    outer loop
      vertex 22.6 0 19.6
      vertex 22.6 0 20.4
      vertex 21 0 19.6
    endloop
  endfacet
  facet normal 0 -1 0
    outer loop
      vertex 24.6 0 0.800003
      vertex 22.6 0 20.4
      vertex 22.6 0 19.6
    endloop
  endfacet
  facet normal 0 -1 0
    outer loop
      vertex 24.6 0 0.800003
      vertex 22.6 0 19.6
      vertex 22.6 0 18
    endloop
  endfacet
  facet normal 0 -1 0
    outer loop
      vertex 20.2 0 10
      vertex 20.2 0 18
      vertex 18.6 0 10
    endloop
  endfacet
  facet normal 0 -1 0
    outer loop
      vertex 20.2 0 18
      vertex 20.2 0 10
      vertex 21 0 18
    endloop
  endfacet
  facet normal 0 -1 0
    outer loop
      vertex 21 0 10
      vertex 21 0 18
      vertex 20.2 0 10
    endloop
  endfacet
  facet normal 0 -1 0
    outer loop
      vertex 21 0 18
      vertex 21 0 10
      vertex 22.6 0 18
    endloop
  endfacet
  facet normal 0 -1 0
    outer loop
      vertex 22.6 0 10
      vertex 22.6 0 18
      vertex 21 0 10
    endloop
  endfacet
  facet normal 0 -1 0
    outer loop
      vertex 24.6 0 0.800003
      vertex 22.6 0 18
      vertex 22.6 0 10
    endloop
  endfacet
  facet normal 0 -1 0
    outer loop
      vertex 24.6 0 0.800003
      vertex 22.6 0 10
      vertex 22.6 0 8.4
    endloop
  endfacet
  facet normal 0 -1 0
    outer loop
      vertex 21 0 7.6
      vertex 21 0 8.4
      vertex 20.2 0 7.6
    endloop
  endfacet
  facet normal 0 -1 0
    outer loop
      vertex 21 0 8.4
      vertex 21 0 7.6
      vertex 22.6 0 8.4
    endloop
  endfacet
  facet normal 0 -1 0
    outer loop
      vertex 22.6 0 7.6
      vertex 22.6 0 8.4
      vertex 21 0 7.6
    endloop
  endfacet
  facet normal 0 -1 0
    outer loop
      vertex 24.6 0 0.800003
      vertex 22.6 0 8.4
      vertex 22.6 0 7.6
    endloop
  endfacet
  facet normal 0 -1 0
    outer loop
      vertex 24.6 0 0.800003
      vertex 22.6 0 7.6
      vertex 22.6 0 6
    endloop
  endfacet
  facet normal 0 -1 0
    outer loop
      vertex 22.6 0 30
      vertex 24.6 0 0.800003
      vertex 24.6 0 54.0864
    endloop
  endfacet
  facet normal 0 -1 0
    outer loop
      vertex 21 0 6
      vertex 24.6 0 0.800003
      vertex 22.6 0 6
    endloop
  endfacet
  facet normal 0 -1 0
    outer loop
      vertex 24.6 0 0.800003
      vertex 15.2 0 1.5
      vertex 0.800003 0 0.800003
    endloop
  endfacet
  facet normal 0 -1 -0
    outer loop
      vertex 5.2 0 18
      vertex 4.4 0 10
      vertex 5.2 0 10
    endloop
  endfacet
  facet normal 0 -1 -0
    outer loop
      vertex 6.8 0 18
      vertex 5.2 0 10
      vertex 6.8 0 10
    endloop
  endfacet
  facet normal 0 -1 0
    outer loop
      vertex 6.8 0 18
      vertex 6.8 0 10
      vertex 10.2 0 11.5
    endloop
  endfacet
  facet normal 0 -1 0
    outer loop
      vertex 6.8 0 8.4
      vertex 10.2 0 11.5
      vertex 6.8 0 10
    endloop
  endfacet
  facet normal 0 -1 0
    outer loop
      vertex 5.2 0 7.6
      vertex 5.2 0 8.4
      vertex 4.4 0 7.6
    endloop
  endfacet
  facet normal 0 -1 0
    outer loop
      vertex 5.2 0 8.4
      vertex 5.2 0 7.6
      vertex 6.8 0 8.4
    endloop
  endfacet
  facet normal 0 -1 0
    outer loop
      vertex 6.8 0 7.6
      vertex 6.8 0 8.4
      vertex 5.2 0 7.6
    endloop
  endfacet
  facet normal 0 -1 0
    outer loop
      vertex 6.8 0 7.6
      vertex 10.2 0 11.5
      vertex 6.8 0 8.4
    endloop
  endfacet
  facet normal 0 -1 0
    outer loop
      vertex 6.8 0 6
      vertex 10.2 0 11.5
      vertex 6.8 0 7.6
    endloop
  endfacet
  facet normal 0 -1 -0
    outer loop
      vertex 10.2 0 11.5
      vertex 6.8 0 6
      vertex 10.2 0 1.5
    endloop
  endfacet
  facet normal 0 -1 0
    outer loop
      vertex 4.4 0 6
      vertex 5.2 0 7.6
      vertex 4.4 0 7.6
    endloop
  endfacet
  facet normal 0 -1 -0
    outer loop
      vertex 5.2 0 7.6
      vertex 4.4 0 6
      vertex 5.2 0 6
    endloop
  endfacet
  facet normal -1 0 0
    outer loop
      vertex 0 7.525 43.6
      vertex 0 9.125 44.4
      vertex 0 9.125 43.6
    endloop
  endfacet
  facet normal -1 -0 0
    outer loop
      vertex 0 9.125 44.4
      vertex 0 7.525 43.6
      vertex 0 7.525 44.4
    endloop
  endfacet
  facet normal -1 0 0
    outer loop
      vertex 0 7.525 34
      vertex 0 9.125 42
      vertex 0 9.125 34
    endloop
  endfacet
  facet normal -1 -0 0
    outer loop
      vertex 0 9.125 42
      vertex 0 7.525 34
      vertex 0 7.525 42
    endloop
  endfacet
  facet normal -1 0 0
    outer loop
      vertex 0 7.525 31.6
      vertex 0 9.125 32.4
      vertex 0 9.125 31.6
    endloop
  endfacet
  facet normal -1 -0 0
    outer loop
      vertex 0 9.125 32.4
      vertex 0 7.525 31.6
      vertex 0 7.525 32.4
    endloop
  endfacet
  facet normal -1 0 0
    outer loop
      vertex 0 7.525 22
      vertex 0 9.125 30
      vertex 0 9.125 22
    endloop
  endfacet
  facet normal -1 -0 0
    outer loop
      vertex 0 9.125 30
      vertex 0 7.525 22
      vertex 0 7.525 30
    endloop
  endfacet
  facet normal -1 0 0
    outer loop
      vertex 0 7.525 19.6
      vertex 0 9.125 20.4
      vertex 0 9.125 19.6
    endloop
  endfacet
  facet normal -1 -0 0
    outer loop
      vertex 0 9.125 20.4
      vertex 0 7.525 19.6
      vertex 0 7.525 20.4
    endloop
  endfacet
  facet normal -1 0 0
    outer loop
      vertex 0 7.525 10
      vertex 0 9.125 18
      vertex 0 9.125 10
    endloop
  endfacet
  facet normal -1 -0 0
    outer loop
      vertex 0 9.125 18
      vertex 0 7.525 10
      vertex 0 7.525 18
    endloop
  endfacet
  facet normal -1 0 0
    outer loop
      vertex 0 7.525 7.6
      vertex 0 9.125 8.4
      vertex 0 9.125 7.6
    endloop
  endfacet
  facet normal -1 -0 0
    outer loop
      vertex 0 9.125 8.4
      vertex 0 7.525 7.6
      vertex 0 7.525 8.4
    endloop
  endfacet
  facet normal -1 0 0
    outer loop
      vertex 0 9.925 43.6
      vertex 0 11.525 44.4
      vertex 0 11.525 43.6
    endloop
  endfacet
  facet normal -1 -0 0
    outer loop
      vertex 0 11.525 44.4
      vertex 0 9.925 43.6
      vertex 0 9.925 44.4
    endloop
  endfacet
  facet normal -1 0 0
    outer loop
      vertex 0 9.925 34
      vertex 0 11.525 42
      vertex 0 11.525 34
    endloop
  endfacet
  facet normal -1 -0 0
    outer loop
      vertex 0 11.525 42
      vertex 0 9.925 34
      vertex 0 9.925 42
    endloop
  endfacet
  facet normal -1 0 0
    outer loop
      vertex 0 9.925 31.6
      vertex 0 11.525 32.4
      vertex 0 11.525 31.6
    endloop
  endfacet
  facet normal -1 -0 0
    outer loop
      vertex 0 11.525 32.4
      vertex 0 9.925 31.6
      vertex 0 9.925 32.4
    endloop
  endfacet
  facet normal -1 0 0
    outer loop
      vertex 0 9.925 22
      vertex 0 11.525 30
      vertex 0 11.525 22
    endloop
  endfacet
  facet normal -1 -0 0
    outer loop
      vertex 0 11.525 30
      vertex 0 9.925 22
      vertex 0 9.925 30
    endloop
  endfacet
  facet normal -1 0 0
    outer loop
      vertex 0 9.925 19.6
      vertex 0 11.525 20.4
      vertex 0 11.525 19.6
    endloop
  endfacet
  facet normal -1 -0 0
    outer loop
      vertex 0 11.525 20.4
      vertex 0 9.925 19.6
      vertex 0 9.925 20.4
    endloop
  endfacet
  facet normal -1 0 0
    outer loop
      vertex 0 9.925 10
      vertex 0 11.525 18
      vertex 0 11.525 10
    endloop
  endfacet
  facet normal -1 -0 0
    outer loop
      vertex 0 11.525 18
      vertex 0 9.925 10
      vertex 0 9.925 18
    endloop
  endfacet
  facet normal -1 0 0
    outer loop
      vertex 0 9.925 7.6
      vertex 0 11.525 8.4
      vertex 0 11.525 7.6
    endloop
  endfacet
  facet normal -1 -0 0
    outer loop
      vertex 0 11.525 8.4
      vertex 0 9.925 7.6
      vertex 0 9.925 8.4
    endloop
  endfacet
  facet normal -1 0 0
    outer loop
      vertex 0 11.525 22
      vertex 0 18.25 49.0757
      vertex 0 18.25 0.468628
    endloop
  endfacet
  facet normal -1 0 0
    outer loop
      vertex 0 11.525 7.6
      vertex 0 18.25 0.468628
      vertex 0 11.525 6
    endloop
  endfacet
  facet normal -1 0 0
    outer loop
      vertex 0 18.25 0.468628
      vertex 0 9.925 6
      vertex 0 11.525 6
    endloop
  endfacet
  facet normal -1 0 0
    outer loop
      vertex 0 9.125 7.6
      vertex 0 9.925 7.6
      vertex 0 9.925 6
    endloop
  endfacet
  facet normal -1 0 0
    outer loop
      vertex 0 9.925 7.6
      vertex 0 9.125 7.6
      vertex 0 9.925 8.4
    endloop
  endfacet
  facet normal -1 0 0
    outer loop
      vertex 0 9.925 8.4
      vertex 0 9.125 8.4
      vertex 0 9.925 10
    endloop
  endfacet
  facet normal -1 0 0
    outer loop
      vertex 0 9.925 10
      vertex 0 9.125 10
      vertex 0 9.925 18
    endloop
  endfacet
  facet normal -1 0 0
    outer loop
      vertex 0 9.125 18
      vertex 0 9.925 18
      vertex 0 9.125 10
    endloop
  endfacet
  facet normal -1 0 0
    outer loop
      vertex 0 9.925 18
      vertex 0 9.125 18
      vertex 0 9.925 19.6
    endloop
  endfacet
  facet normal -1 0 0
    outer loop
      vertex 0 9.925 19.6
      vertex 0 9.125 19.6
      vertex 0 9.925 20.4
    endloop
  endfacet
  facet normal -1 0 0
    outer loop
      vertex 0 9.125 20.4
      vertex 0 9.925 20.4
      vertex 0 9.125 19.6
    endloop
  endfacet
  facet normal -1 0 0
    outer loop
      vertex 0 9.125 22
      vertex 0 9.925 22
      vertex 0 9.125 20.4
    endloop
  endfacet
  facet normal -1 0 0
    outer loop
      vertex 0 9.125 30
      vertex 0 9.925 30
      vertex 0 9.125 22
    endloop
  endfacet
  facet normal -1 0 0
    outer loop
      vertex 0 9.925 30
      vertex 0 9.125 30
      vertex 0 9.925 31.6
    endloop
  endfacet
  facet normal -1 0 0
    outer loop
      vertex 0 9.925 31.6
      vertex 0 9.125 31.6
      vertex 0 9.925 32.4
    endloop
  endfacet
  facet normal -1 0 0
    outer loop
      vertex 0 9.125 32.4
      vertex 0 9.925 32.4
      vertex 0 9.125 31.6
    endloop
  endfacet
  facet normal -1 0 0
    outer loop
      vertex 0 9.925 32.4
      vertex 0 9.125 32.4
      vertex 0 9.925 34
    endloop
  endfacet
  facet normal -1 0 0
    outer loop
      vertex 0 9.125 7.6
      vertex 0 9.925 6
      vertex 0 9.125 6
    endloop
  endfacet
  facet normal -1 0 0
    outer loop
      vertex 0 18.25 0.468628
      vertex 0 9.125 6
      vertex 0 9.925 6
    endloop
  endfacet
  facet normal -1 0 0
    outer loop
      vertex 0 0.799999 0.468628
      vertex 0 9.125 6
      vertex 0 18.25 0.468628
    endloop
  endfacet
  facet normal -1 0 0
    outer loop
      vertex 0 0.799999 0.468628
      vertex 0 7.525 7.6
      vertex 0 7.525 6
    endloop
  endfacet
  facet normal -1 -0 0
    outer loop
      vertex 0 7.525 7.6
      vertex 0 0.799999 0.468628
      vertex 0 7.525 8.4
    endloop
  endfacet
  facet normal -1 -0 0
    outer loop
      vertex 0 7.525 8.4
      vertex 0 0.799999 0.468628
      vertex 0 7.525 10
    endloop
  endfacet
  facet normal -1 -0 0
    outer loop
      vertex 0 7.525 10
      vertex 0 0.799999 0.468628
      vertex 0 7.525 18
    endloop
  endfacet
  facet normal -1 -0 0
    outer loop
      vertex 0 7.525 18
      vertex 0 0.799999 0.468628
      vertex 0 7.525 19.6
    endloop
  endfacet
  facet normal -1 -0 0
    outer loop
      vertex 0 7.525 19.6
      vertex 0 0.799999 0.468628
      vertex 0 7.525 20.4
    endloop
  endfacet
  facet normal -1 -0 0
    outer loop
      vertex 0 7.525 20.4
      vertex 0 0.799999 0.468628
      vertex 0 7.525 22
    endloop
  endfacet
  facet normal -1 -0 0
    outer loop
      vertex 0 7.525 22
      vertex 0 0.799999 0.468628
      vertex 0 7.525 30
    endloop
  endfacet
  facet normal -1 0 0
    outer loop
      vertex 0 0.799999 54.281
      vertex 0 7.525 30
      vertex 0 0.799999 0.468628
    endloop
  endfacet
  facet normal -1 0 0
    outer loop
      vertex 0 7.525 30
      vertex 0 0.799999 54.281
      vertex 0 7.525 31.6
    endloop
  endfacet
  facet normal -1 0 0
    outer loop
      vertex 0 7.525 31.6
      vertex 0 0.799999 54.281
      vertex 0 7.525 32.4
    endloop
  endfacet
  facet normal -1 0 0
    outer loop
      vertex 0 7.525 32.4
      vertex 0 0.799999 54.281
      vertex 0 7.525 34
    endloop
  endfacet
  facet normal -1 0 0
    outer loop
      vertex 0 7.525 34
      vertex 0 0.799999 54.281
      vertex 0 7.525 42
    endloop
  endfacet
  facet normal -1 0 0
    outer loop
      vertex 0 7.525 42
      vertex 0 0.799999 54.281
      vertex 0 7.525 43.6
    endloop
  endfacet
  facet normal -1 0 0
    outer loop
      vertex 0 7.525 43.6
      vertex 0 0.799999 54.281
      vertex 0 7.525 44.4
    endloop
  endfacet
  facet normal -1 -0 0
    outer loop
      vertex 0 9.125 6
      vertex 0 0.799999 0.468628
      vertex 0 7.525 6
    endloop
  endfacet
  facet normal -1 0 0
    outer loop
      vertex 0 11.525 8.4
      vertex 0 18.25 0.468628
      vertex 0 11.525 7.6
    endloop
  endfacet
  facet normal -1 0 0
    outer loop
      vertex 0 11.525 10
      vertex 0 18.25 0.468628
      vertex 0 11.525 8.4
    endloop
  endfacet
  facet normal -1 0 0
    outer loop
      vertex 0 11.525 18
      vertex 0 18.25 0.468628
      vertex 0 11.525 10
    endloop
  endfacet
  facet normal -1 0 0
    outer loop
      vertex 0 11.525 19.6
      vertex 0 18.25 0.468628
      vertex 0 11.525 18
    endloop
  endfacet
  facet normal -1 0 0
    outer loop
      vertex 0 11.525 20.4
      vertex 0 18.25 0.468628
      vertex 0 11.525 19.6
    endloop
  endfacet
  facet normal -1 0 0
    outer loop
      vertex 0 11.525 22
      vertex 0 18.25 0.468628
      vertex 0 11.525 20.4
    endloop
  endfacet
  facet normal -1 0 0
    outer loop
      vertex 0 18.25 49.0757
      vertex 0 11.525 22
      vertex 0 11.525 30
    endloop
  endfacet
  facet normal -1 0 0
    outer loop
      vertex 0 11.525 31.6
      vertex 0 18.25 49.0757
      vertex 0 11.525 30
    endloop
  endfacet
  facet normal -1 0 0
    outer loop
      vertex 0 11.525 32.4
      vertex 0 18.25 49.0757
      vertex 0 11.525 31.6
    endloop
  endfacet
  facet normal -1 0 0
    outer loop
      vertex 0 11.525 34
      vertex 0 18.25 49.0757
      vertex 0 11.525 32.4
    endloop
  endfacet
  facet normal -1 0 0
    outer loop
      vertex 0 11.525 42
      vertex 0 18.25 49.0757
      vertex 0 11.525 34
    endloop
  endfacet
  facet normal -1 0 0
    outer loop
      vertex 0 11.525 43.6
      vertex 0 18.25 49.0757
      vertex 0 11.525 42
    endloop
  endfacet
  facet normal -1 0 0
    outer loop
      vertex 0 11.525 44.4
      vertex 0 18.25 49.0757
      vertex 0 11.525 43.6
    endloop
  endfacet
  facet normal -1 0 0
    outer loop
      vertex 0 11.525 46
      vertex 0 18.25 49.0757
      vertex 0 11.525 44.4
    endloop
  endfacet
  facet normal -1 -0 0
    outer loop
      vertex 0 18.25 49.0757
      vertex 0 11.525 46
      vertex 0 16.3554 54.281
    endloop
  endfacet
  facet normal -1 0 0
    outer loop
      vertex 0 9.925 46
      vertex 0 16.3554 54.281
      vertex 0 11.525 46
    endloop
  endfacet
  facet normal -1 -0 0
    outer loop
      vertex 0 9.925 8.4
      vertex 0 9.125 7.6
      vertex 0 9.125 8.4
    endloop
  endfacet
  facet normal -1 -0 0
    outer loop
      vertex 0 9.925 10
      vertex 0 9.125 8.4
      vertex 0 9.125 10
    endloop
  endfacet
  facet normal -1 0 0
    outer loop
      vertex 0 9.125 19.6
      vertex 0 9.925 19.6
      vertex 0 9.125 18
    endloop
  endfacet
  facet normal -1 0 0
    outer loop
      vertex 0 9.925 20.4
      vertex 0 9.125 20.4
      vertex 0 9.925 22
    endloop
  endfacet
  facet normal -1 0 0
    outer loop
      vertex 0 9.925 22
      vertex 0 9.125 22
      vertex 0 9.925 30
    endloop
  endfacet
  facet normal -1 0 0
    outer loop
      vertex 0 9.125 31.6
      vertex 0 9.925 31.6
      vertex 0 9.125 30
    endloop
  endfacet
  facet normal -1 0 0
    outer loop
      vertex 0 9.125 34
      vertex 0 9.925 34
      vertex 0 9.125 32.4
    endloop
  endfacet
  facet normal -1 0 0
    outer loop
      vertex 0 9.925 34
      vertex 0 9.125 34
      vertex 0 9.925 42
    endloop
  endfacet
  facet normal -1 0 0
    outer loop
      vertex 0 9.125 42
      vertex 0 9.925 42
      vertex 0 9.125 34
    endloop
  endfacet
  facet normal -1 0 0
    outer loop
      vertex 0 9.925 42
      vertex 0 9.125 42
      vertex 0 9.925 43.6
    endloop
  endfacet
  facet normal -1 0 0
    outer loop
      vertex 0 9.125 43.6
      vertex 0 9.925 43.6
      vertex 0 9.125 42
    endloop
  endfacet
  facet normal -1 0 0
    outer loop
      vertex 0 9.925 43.6
      vertex 0 9.125 43.6
      vertex 0 9.925 44.4
    endloop
  endfacet
  facet normal -1 0 0
    outer loop
      vertex 0 9.125 44.4
      vertex 0 9.925 44.4
      vertex 0 9.125 43.6
    endloop
  endfacet
  facet normal -1 0 0
    outer loop
      vertex 0 9.925 44.4
      vertex 0 9.125 44.4
      vertex 0 9.925 46
    endloop
  endfacet
  facet normal -1 0 0
    outer loop
      vertex 0 9.125 46
      vertex 0 9.925 46
      vertex 0 9.125 44.4
    endloop
  endfacet
  facet normal -1 0 0
    outer loop
      vertex 0 9.125 46
      vertex 0 16.3554 54.281
      vertex 0 9.925 46
    endloop
  endfacet
  facet normal -1 0 0
    outer loop
      vertex 0 0.799999 54.281
      vertex 0 9.125 46
      vertex 0 7.525 46
    endloop
  endfacet
  facet normal -1 0 0
    outer loop
      vertex 0 9.125 46
      vertex 0 0.799999 54.281
      vertex 0 16.3554 54.281
    endloop
  endfacet
  facet normal -1 0 0
    outer loop
      vertex 0 7.525 44.4
      vertex 0 0.799999 54.281
      vertex 0 7.525 46
    endloop
  endfacet
  facet normal 0 0 -1
    outer loop
      vertex 19.4 14.35 0
      vertex 24.9314 18.25 0
      vertex 24.9314 0.799999 0
    endloop
  endfacet
  facet normal 0 0 -1
    outer loop
      vertex 19.4 18.65 0
      vertex 24.6 18.25 0
      vertex 19.4 14.35 0
    endloop
  endfacet
  facet normal -0 0 -1
    outer loop
      vertex 24.9314 18.25 0
      vertex 19.4 14.35 0
      vertex 24.6 18.25 0
    endloop
  endfacet
  facet normal 0 0 -1
    outer loop
      vertex 24.9314 0.799999 0
      vertex 6 14.35 0
      vertex 19.4 14.35 0
    endloop
  endfacet
  facet normal 0 0 -1
    outer loop
      vertex 6 14.35 0
      vertex 0.799999 18.25 0
      vertex 6 18.65 0
    endloop
  endfacet
  facet normal 0 0 -1
    outer loop
      vertex 0.468628 0.799999 0
      vertex 6 14.35 0
      vertex 24.9314 0.799999 0
    endloop
  endfacet
  facet normal 0 0 -1
    outer loop
      vertex 0.468628 18.25 0
      vertex 6 14.35 0
      vertex 0.468628 0.799999 0
    endloop
  endfacet
  facet normal 0 0 -1
    outer loop
      vertex 6 14.35 0
      vertex 0.468628 18.25 0
      vertex 0.799999 18.25 0
    endloop
  endfacet
  facet normal 0 0 -1
    outer loop
      vertex 24.6 18.25 0
      vertex 19.4 18.65 0
      vertex 24.6 18.65 0
    endloop
  endfacet
  facet normal -0 0 -1
    outer loop
      vertex 6 18.65 0
      vertex 0.799999 18.25 0
      vertex 0.799999 18.65 0
    endloop
  endfacet
  facet normal 1 -0 0
    outer loop
      vertex 25.4 7.525 8.4
      vertex 25.4 9.125 7.6
      vertex 25.4 9.125 8.4
    endloop
  endfacet
  facet normal 1 0 0
    outer loop
      vertex 25.4 9.125 7.6
      vertex 25.4 7.525 8.4
      vertex 25.4 7.525 7.6
    endloop
  endfacet
  facet normal 1 -0 0
    outer loop
      vertex 25.4 7.525 18
      vertex 25.4 9.125 10
      vertex 25.4 9.125 18
    endloop
  endfacet
  facet normal 1 0 0
    outer loop
      vertex 25.4 9.125 10
      vertex 25.4 7.525 18
      vertex 25.4 7.525 10
    endloop
  endfacet
  facet normal 1 -0 0
    outer loop
      vertex 25.4 7.525 20.4
      vertex 25.4 9.125 19.6
      vertex 25.4 9.125 20.4
    endloop
  endfacet
  facet normal 1 0 0
    outer loop
      vertex 25.4 9.125 19.6
      vertex 25.4 7.525 20.4
      vertex 25.4 7.525 19.6
    endloop
  endfacet
  facet normal 1 -0 0
    outer loop
      vertex 25.4 7.525 30
      vertex 25.4 9.125 22
      vertex 25.4 9.125 30
    endloop
  endfacet
  facet normal 1 0 0
    outer loop
      vertex 25.4 9.125 22
      vertex 25.4 7.525 30
      vertex 25.4 7.525 22
    endloop
  endfacet
  facet normal 1 -0 0
    outer loop
      vertex 25.4 7.525 32.4
      vertex 25.4 9.125 31.6
      vertex 25.4 9.125 32.4
    endloop
  endfacet
  facet normal 1 0 0
    outer loop
      vertex 25.4 9.125 31.6
      vertex 25.4 7.525 32.4
      vertex 25.4 7.525 31.6
    endloop
  endfacet
  facet normal 1 -0 0
    outer loop
      vertex 25.4 7.525 42
      vertex 25.4 9.125 34
      vertex 25.4 9.125 42
    endloop
  endfacet
  facet normal 1 0 0
    outer loop
      vertex 25.4 9.125 34
      vertex 25.4 7.525 42
      vertex 25.4 7.525 34
    endloop
  endfacet
  facet normal 1 -0 0
    outer loop
      vertex 25.4 7.525 44.4
      vertex 25.4 9.125 43.6
      vertex 25.4 9.125 44.4
    endloop
  endfacet
  facet normal 1 0 0
    outer loop
      vertex 25.4 9.125 43.6
      vertex 25.4 7.525 44.4
      vertex 25.4 7.525 43.6
    endloop
  endfacet
  facet normal 1 -0 0
    outer loop
      vertex 25.4 9.925 8.4
      vertex 25.4 11.525 7.6
      vertex 25.4 11.525 8.4
    endloop
  endfacet
  facet normal 1 0 0
    outer loop
      vertex 25.4 11.525 7.6
      vertex 25.4 9.925 8.4
      vertex 25.4 9.925 7.6
    endloop
  endfacet
  facet normal 1 -0 0
    outer loop
      vertex 25.4 9.925 18
      vertex 25.4 11.525 10
      vertex 25.4 11.525 18
    endloop
  endfacet
  facet normal 1 0 0
    outer loop
      vertex 25.4 11.525 10
      vertex 25.4 9.925 18
      vertex 25.4 9.925 10
    endloop
  endfacet
  facet normal 1 -0 0
    outer loop
      vertex 25.4 9.925 20.4
      vertex 25.4 11.525 19.6
      vertex 25.4 11.525 20.4
    endloop
  endfacet
  facet normal 1 0 0
    outer loop
      vertex 25.4 11.525 19.6
      vertex 25.4 9.925 20.4
      vertex 25.4 9.925 19.6
    endloop
  endfacet
  facet normal 1 -0 0
    outer loop
      vertex 25.4 9.925 30
      vertex 25.4 11.525 22
      vertex 25.4 11.525 30
    endloop
  endfacet
  facet normal 1 0 0
    outer loop
      vertex 25.4 11.525 22
      vertex 25.4 9.925 30
      vertex 25.4 9.925 22
    endloop
  endfacet
  facet normal 1 -0 0
    outer loop
      vertex 25.4 9.925 32.4
      vertex 25.4 11.525 31.6
      vertex 25.4 11.525 32.4
    endloop
  endfacet
  facet normal 1 0 0
    outer loop
      vertex 25.4 11.525 31.6
      vertex 25.4 9.925 32.4
      vertex 25.4 9.925 31.6
    endloop
  endfacet
  facet normal 1 -0 0
    outer loop
      vertex 25.4 9.925 42
      vertex 25.4 11.525 34
      vertex 25.4 11.525 42
    endloop
  endfacet
  facet normal 1 0 0
    outer loop
      vertex 25.4 11.525 34
      vertex 25.4 9.925 42
      vertex 25.4 9.925 34
    endloop
  endfacet
  facet normal 1 -0 0
    outer loop
      vertex 25.4 9.925 44.4
      vertex 25.4 11.525 43.6
      vertex 25.4 11.525 44.4
    endloop
  endfacet
  facet normal 1 0 0
    outer loop
      vertex 25.4 11.525 43.6
      vertex 25.4 9.925 44.4
      vertex 25.4 9.925 43.6
    endloop
  endfacet
  facet normal 1 0 0
    outer loop
      vertex 25.4 16.3554 54.281
      vertex 25.4 9.925 46
      vertex 25.4 11.525 46
    endloop
  endfacet
  facet normal 1 0 0
    outer loop
      vertex 25.4 9.125 44.4
      vertex 25.4 9.925 44.4
      vertex 25.4 9.925 46
    endloop
  endfacet
  facet normal 1 0 0
    outer loop
      vertex 25.4 9.925 44.4
      vertex 25.4 9.125 44.4
      vertex 25.4 9.925 43.6
    endloop
  endfacet
  facet normal 1 0 0
    outer loop
      vertex 25.4 9.925 43.6
      vertex 25.4 9.125 43.6
      vertex 25.4 9.925 42
    endloop
  endfacet
  facet normal 1 0 0
    outer loop
      vertex 25.4 9.925 42
      vertex 25.4 9.125 42
      vertex 25.4 9.925 34
    endloop
  endfacet
  facet normal 1 0 0
    outer loop
      vertex 25.4 9.125 34
      vertex 25.4 9.925 34
      vertex 25.4 9.125 42
    endloop
  endfacet
  facet normal 1 0 0
    outer loop
      vertex 25.4 9.925 34
      vertex 25.4 9.125 34
      vertex 25.4 9.925 32.4
    endloop
  endfacet
  facet normal 1 0 0
    outer loop
      vertex 25.4 9.925 32.4
      vertex 25.4 9.125 32.4
      vertex 25.4 9.925 31.6
    endloop
  endfacet
  facet normal 1 0 0
    outer loop
      vertex 25.4 9.125 31.6
      vertex 25.4 9.925 31.6
      vertex 25.4 9.125 32.4
    endloop
  endfacet
  facet normal 1 0 0
    outer loop
      vertex 25.4 9.125 30
      vertex 25.4 9.925 30
      vertex 25.4 9.125 31.6
    endloop
  endfacet
  facet normal 1 0 0
    outer loop
      vertex 25.4 9.125 22
      vertex 25.4 9.925 22
      vertex 25.4 9.125 30
    endloop
  endfacet
  facet normal 1 0 0
    outer loop
      vertex 25.4 9.925 22
      vertex 25.4 9.125 22
      vertex 25.4 9.925 20.4
    endloop
  endfacet
  facet normal 1 0 0
    outer loop
      vertex 25.4 9.925 20.4
      vertex 25.4 9.125 20.4
      vertex 25.4 9.925 19.6
    endloop
  endfacet
  facet normal 1 0 0
    outer loop
      vertex 25.4 9.125 19.6
      vertex 25.4 9.925 19.6
      vertex 25.4 9.125 20.4
    endloop
  endfacet
  facet normal 1 0 0
    outer loop
      vertex 25.4 9.925 19.6
      vertex 25.4 9.125 19.6
      vertex 25.4 9.925 18
    endloop
  endfacet
  facet normal 1 0 0
    outer loop
      vertex 25.4 9.125 44.4
      vertex 25.4 9.925 46
      vertex 25.4 9.125 46
    endloop
  endfacet
  facet normal 1 0 0
    outer loop
      vertex 25.4 16.3554 54.281
      vertex 25.4 9.125 46
      vertex 25.4 9.925 46
    endloop
  endfacet
  facet normal 1 -0 0
    outer loop
      vertex 25.4 0.799999 54.281
      vertex 25.4 9.125 46
      vertex 25.4 16.3554 54.281
    endloop
  endfacet
  facet normal 1 0 0
    outer loop
      vertex 25.4 0.799999 54.281
      vertex 25.4 7.525 44.4
      vertex 25.4 7.525 46
    endloop
  endfacet
  facet normal 1 0 0
    outer loop
      vertex 25.4 7.525 44.4
      vertex 25.4 0.799999 54.281
      vertex 25.4 7.525 43.6
    endloop
  endfacet
  facet normal 1 0 0
    outer loop
      vertex 25.4 7.525 43.6
      vertex 25.4 0.799999 54.281
      vertex 25.4 7.525 42
    endloop
  endfacet
  facet normal 1 0 0
    outer loop
      vertex 25.4 7.525 42
      vertex 25.4 0.799999 54.281
      vertex 25.4 7.525 34
    endloop
  endfacet
  facet normal 1 0 0
    outer loop
      vertex 25.4 7.525 34
      vertex 25.4 0.799999 54.281
      vertex 25.4 7.525 32.4
    endloop
  endfacet
  facet normal 1 0 0
    outer loop
      vertex 25.4 7.525 32.4
      vertex 25.4 0.799999 54.281
      vertex 25.4 7.525 31.6
    endloop
  endfacet
  facet normal 1 0 0
    outer loop
      vertex 25.4 7.525 31.6
      vertex 25.4 0.799999 54.281
      vertex 25.4 7.525 30
    endloop
  endfacet
  facet normal 1 0 0
    outer loop
      vertex 25.4 0.799999 0.468628
      vertex 25.4 7.525 30
      vertex 25.4 0.799999 54.281
    endloop
  endfacet
  facet normal 1 0 0
    outer loop
      vertex 25.4 7.525 30
      vertex 25.4 0.799999 0.468628
      vertex 25.4 7.525 22
    endloop
  endfacet
  facet normal 1 0 0
    outer loop
      vertex 25.4 7.525 22
      vertex 25.4 0.799999 0.468628
      vertex 25.4 7.525 20.4
    endloop
  endfacet
  facet normal 1 0 0
    outer loop
      vertex 25.4 7.525 20.4
      vertex 25.4 0.799999 0.468628
      vertex 25.4 7.525 19.6
    endloop
  endfacet
  facet normal 1 0 0
    outer loop
      vertex 25.4 7.525 19.6
      vertex 25.4 0.799999 0.468628
      vertex 25.4 7.525 18
    endloop
  endfacet
  facet normal 1 0 0
    outer loop
      vertex 25.4 7.525 10
      vertex 25.4 0.799999 0.468628
      vertex 25.4 7.525 8.4
    endloop
  endfacet
  facet normal 1 0 0
    outer loop
      vertex 25.4 7.525 8.4
      vertex 25.4 0.799999 0.468628
      vertex 25.4 7.525 7.6
    endloop
  endfacet
  facet normal 1 0 0
    outer loop
      vertex 25.4 7.525 18
      vertex 25.4 0.799999 0.468628
      vertex 25.4 7.525 10
    endloop
  endfacet
  facet normal 1 0 0
    outer loop
      vertex 25.4 9.125 46
      vertex 25.4 0.799999 54.281
      vertex 25.4 7.525 46
    endloop
  endfacet
  facet normal 1 0 0
    outer loop
      vertex 25.4 11.525 46
      vertex 25.4 18.25 49.0757
      vertex 25.4 16.3554 54.281
    endloop
  endfacet
  facet normal 1 0 0
    outer loop
      vertex 25.4 18.25 49.0757
      vertex 25.4 11.525 46
      vertex 25.4 11.525 44.4
    endloop
  endfacet
  facet normal 1 0 0
    outer loop
      vertex 25.4 18.25 49.0757
      vertex 25.4 11.525 44.4
      vertex 25.4 11.525 43.6
    endloop
  endfacet
  facet normal 1 0 0
    outer loop
      vertex 25.4 18.25 49.0757
      vertex 25.4 11.525 43.6
      vertex 25.4 11.525 42
    endloop
  endfacet
  facet normal 1 0 0
    outer loop
      vertex 25.4 18.25 49.0757
      vertex 25.4 11.525 42
      vertex 25.4 11.525 34
    endloop
  endfacet
  facet normal 1 0 0
    outer loop
      vertex 25.4 18.25 49.0757
      vertex 25.4 11.525 34
      vertex 25.4 11.525 32.4
    endloop
  endfacet
  facet normal 1 0 0
    outer loop
      vertex 25.4 18.25 49.0757
      vertex 25.4 11.525 32.4
      vertex 25.4 11.525 31.6
    endloop
  endfacet
  facet normal 1 0 0
    outer loop
      vertex 25.4 18.25 49.0757
      vertex 25.4 11.525 31.6
      vertex 25.4 11.525 30
    endloop
  endfacet
  facet normal 1 0 0
    outer loop
      vertex 25.4 11.525 22
      vertex 25.4 18.25 49.0757
      vertex 25.4 11.525 30
    endloop
  endfacet
  facet normal 1 0 0
    outer loop
      vertex 25.4 18.25 49.0757
      vertex 25.4 11.525 22
      vertex 25.4 18.25 0.468628
    endloop
  endfacet
  facet normal 1 -0 0
    outer loop
      vertex 25.4 11.525 20.4
      vertex 25.4 18.25 0.468628
      vertex 25.4 11.525 22
    endloop
  endfacet
  facet normal 1 -0 0
    outer loop
      vertex 25.4 11.525 19.6
      vertex 25.4 18.25 0.468628
      vertex 25.4 11.525 20.4
    endloop
  endfacet
  facet normal 1 -0 0
    outer loop
      vertex 25.4 11.525 18
      vertex 25.4 18.25 0.468628
      vertex 25.4 11.525 19.6
    endloop
  endfacet
  facet normal 1 -0 0
    outer loop
      vertex 25.4 11.525 10
      vertex 25.4 18.25 0.468628
      vertex 25.4 11.525 18
    endloop
  endfacet
  facet normal 1 -0 0
    outer loop
      vertex 25.4 11.525 8.4
      vertex 25.4 18.25 0.468628
      vertex 25.4 11.525 10
    endloop
  endfacet
  facet normal 1 -0 0
    outer loop
      vertex 25.4 11.525 7.6
      vertex 25.4 18.25 0.468628
      vertex 25.4 11.525 8.4
    endloop
  endfacet
  facet normal 1 -0 0
    outer loop
      vertex 25.4 11.525 6
      vertex 25.4 18.25 0.468628
      vertex 25.4 11.525 7.6
    endloop
  endfacet
  facet normal 1 -0 0
    outer loop
      vertex 25.4 9.925 6
      vertex 25.4 18.25 0.468628
      vertex 25.4 11.525 6
    endloop
  endfacet
  facet normal 1 0 0
    outer loop
      vertex 25.4 9.925 43.6
      vertex 25.4 9.125 44.4
      vertex 25.4 9.125 43.6
    endloop
  endfacet
  facet normal 1 0 0
    outer loop
      vertex 25.4 9.925 42
      vertex 25.4 9.125 43.6
      vertex 25.4 9.125 42
    endloop
  endfacet
  facet normal 1 0 0
    outer loop
      vertex 25.4 9.125 32.4
      vertex 25.4 9.925 32.4
      vertex 25.4 9.125 34
    endloop
  endfacet
  facet normal 1 0 0
    outer loop
      vertex 25.4 9.925 31.6
      vertex 25.4 9.125 31.6
      vertex 25.4 9.925 30
    endloop
  endfacet
  facet normal 1 0 0
    outer loop
      vertex 25.4 9.925 30
      vertex 25.4 9.125 30
      vertex 25.4 9.925 22
    endloop
  endfacet
  facet normal 1 0 0
    outer loop
      vertex 25.4 9.125 20.4
      vertex 25.4 9.925 20.4
      vertex 25.4 9.125 22
    endloop
  endfacet
  facet normal 1 0 0
    outer loop
      vertex 25.4 9.125 18
      vertex 25.4 9.925 18
      vertex 25.4 9.125 19.6
    endloop
  endfacet
  facet normal 1 0 0
    outer loop
      vertex 25.4 9.925 18
      vertex 25.4 9.125 18
      vertex 25.4 9.925 10
    endloop
  endfacet
  facet normal 1 0 0
    outer loop
      vertex 25.4 9.125 10
      vertex 25.4 9.925 10
      vertex 25.4 9.125 18
    endloop
  endfacet
  facet normal 1 0 0
    outer loop
      vertex 25.4 9.925 10
      vertex 25.4 9.125 10
      vertex 25.4 9.925 8.4
    endloop
  endfacet
  facet normal 1 0 0
    outer loop
      vertex 25.4 9.125 8.4
      vertex 25.4 9.925 8.4
      vertex 25.4 9.125 10
    endloop
  endfacet
  facet normal 1 0 0
    outer loop
      vertex 25.4 9.925 8.4
      vertex 25.4 9.125 8.4
      vertex 25.4 9.925 7.6
    endloop
  endfacet
  facet normal 1 0 0
    outer loop
      vertex 25.4 9.125 7.6
      vertex 25.4 9.925 7.6
      vertex 25.4 9.125 8.4
    endloop
  endfacet
  facet normal 1 0 0
    outer loop
      vertex 25.4 9.925 7.6
      vertex 25.4 9.125 7.6
      vertex 25.4 9.925 6
    endloop
  endfacet
  facet normal 1 0 0
    outer loop
      vertex 25.4 9.125 6
      vertex 25.4 9.925 6
      vertex 25.4 9.125 7.6
    endloop
  endfacet
  facet normal 1 -0 0
    outer loop
      vertex 25.4 9.125 6
      vertex 25.4 18.25 0.468628
      vertex 25.4 9.925 6
    endloop
  endfacet
  facet normal 1 0 0
    outer loop
      vertex 25.4 0.799999 0.468628
      vertex 25.4 9.125 6
      vertex 25.4 7.525 6
    endloop
  endfacet
  facet normal 1 0 0
    outer loop
      vertex 25.4 9.125 6
      vertex 25.4 0.799999 0.468628
      vertex 25.4 18.25 0.468628
    endloop
  endfacet
  facet normal 1 0 0
    outer loop
      vertex 25.4 7.525 7.6
      vertex 25.4 0.799999 0.468628
      vertex 25.4 7.525 6
    endloop
  endfacet
  facet normal 0.578195 0 -0.815898
    outer loop
      vertex 1.2 1.2 53.8796
      vertex 12.7 9.01256 62.0292
      vertex 12.7 1.2 62.0292
    endloop
  endfacet
  facet normal 0.578194 1.97468e-06 -0.815899
    outer loop
      vertex 12.7 9.01256 62.0292
      vertex 1.2 1.2 53.8796
      vertex 2.07542 11.753 54.5
    endloop
  endfacet
  facet normal 0.57821 0 -0.815888
    outer loop
      vertex 1.2 16.5015 53.8796
      vertex 2.07542 11.753 54.5
      vertex 1.2 1.2 53.8796
    endloop
  endfacet
  facet normal 0.57821 0 -0.815888
    outer loop
      vertex 2.07542 11.753 54.5
      vertex 1.2 16.5015 53.8796
      vertex 2.07542 16.2757 54.5
    endloop
  endfacet
  facet normal -0.578219 0 -0.815882
    outer loop
      vertex 24.2 1.2 53.8796
      vertex 23.3246 11.753 54.5
      vertex 24.2 16.5015 53.8796
    endloop
  endfacet
  facet normal -0.578195 -0 -0.815898
    outer loop
      vertex 12.7 9.01256 62.0292
      vertex 24.2 1.2 53.8796
      vertex 12.7 1.2 62.0292
    endloop
  endfacet
  facet normal -0.578194 3.13592e-06 -0.815899
    outer loop
      vertex 24.2 1.2 53.8796
      vertex 12.7 9.01256 62.0292
      vertex 23.3246 11.753 54.5
    endloop
  endfacet
  facet normal -0.578219 0 -0.815882
    outer loop
      vertex 24.2 16.5015 53.8796
      vertex 23.3246 11.753 54.5
      vertex 23.3246 16.2757 54.5
    endloop
  endfacet
  facet normal 0 1 -0
    outer loop
      vertex 5.2 1.2 6
      vertex 4.4 1.2 7.6
      vertex 5.2 1.2 7.6
    endloop
  endfacet
  facet normal 0 1 0
    outer loop
      vertex 4.4 1.2 7.6
      vertex 5.2 1.2 6
      vertex 4.4 1.2 6
    endloop
  endfacet
  facet normal 0 1 -0
    outer loop
      vertex 18.6 1.2 6
      vertex 6.8 1.2 7.6
      vertex 18.6 1.2 7.6
    endloop
  endfacet
  facet normal 0 1 0
    outer loop
      vertex 6.8 1.2 7.6
      vertex 18.6 1.2 6
      vertex 6.8 1.2 6
    endloop
  endfacet
  facet normal 0 1 -0
    outer loop
      vertex 21 1.2 6
      vertex 20.2 1.2 7.6
      vertex 21 1.2 7.6
    endloop
  endfacet
  facet normal 0 1 0
    outer loop
      vertex 20.2 1.2 7.6
      vertex 21 1.2 6
      vertex 20.2 1.2 6
    endloop
  endfacet
  facet normal 0 1 -0
    outer loop
      vertex 5.2 1.2 8.4
      vertex 4.4 1.2 10
      vertex 5.2 1.2 10
    endloop
  endfacet
  facet normal 0 1 0
    outer loop
      vertex 4.4 1.2 10
      vertex 5.2 1.2 8.4
      vertex 4.4 1.2 8.4
    endloop
  endfacet
  facet normal 0 1 -0
    outer loop
      vertex 18.6 1.2 8.4
      vertex 6.8 1.2 10
      vertex 18.6 1.2 10
    endloop
  endfacet
  facet normal 0 1 0
    outer loop
      vertex 6.8 1.2 10
      vertex 18.6 1.2 8.4
      vertex 6.8 1.2 8.4
    endloop
  endfacet
  facet normal 0 1 -0
    outer loop
      vertex 21 1.2 8.4
      vertex 20.2 1.2 10
      vertex 21 1.2 10
    endloop
  endfacet
  facet normal 0 1 0
    outer loop
      vertex 20.2 1.2 10
      vertex 21 1.2 8.4
      vertex 20.2 1.2 8.4
    endloop
  endfacet
  facet normal 0 1 -0
    outer loop
      vertex 5.2 1.2 18
      vertex 4.4 1.2 19.6
      vertex 5.2 1.2 19.6
    endloop
  endfacet
  facet normal 0 1 0
    outer loop
      vertex 4.4 1.2 19.6
      vertex 5.2 1.2 18
      vertex 4.4 1.2 18
    endloop
  endfacet
  facet normal 0 1 -0
    outer loop
      vertex 10.7 1.2 18
      vertex 6.8 1.2 19.6
      vertex 10.7 1.2 19.6
    endloop
  endfacet
  facet normal 0 1 0
    outer loop
      vertex 6.8 1.2 19.6
      vertex 10.7 1.2 18
      vertex 6.8 1.2 18
    endloop
  endfacet
  facet normal 0 1 -0
    outer loop
      vertex 13.1 1.2 18
      vertex 12.3 1.2 19.6
      vertex 13.1 1.2 19.6
    endloop
  endfacet
  facet normal 0 1 0
    outer loop
      vertex 12.3 1.2 19.6
      vertex 13.1 1.2 18
      vertex 12.3 1.2 18
    endloop
  endfacet
  facet normal 0 1 -0
    outer loop
      vertex 18.6 1.2 18
      vertex 14.7 1.2 19.6
      vertex 18.6 1.2 19.6
    endloop
  endfacet
  facet normal 0 1 0
    outer loop
      vertex 14.7 1.2 19.6
      vertex 18.6 1.2 18
      vertex 14.7 1.2 18
    endloop
  endfacet
  facet normal 0 1 -0
    outer loop
      vertex 21 1.2 18
      vertex 20.2 1.2 19.6
      vertex 21 1.2 19.6
    endloop
  endfacet
  facet normal 0 1 0
    outer loop
      vertex 20.2 1.2 19.6
      vertex 21 1.2 18
      vertex 20.2 1.2 18
    endloop
  endfacet
  facet normal 0 1 -0
    outer loop
      vertex 5.2 1.2 20.4
      vertex 4.4 1.2 22
      vertex 5.2 1.2 22
    endloop
  endfacet
  facet normal 0 1 0
    outer loop
      vertex 4.4 1.2 22
      vertex 5.2 1.2 20.4
      vertex 4.4 1.2 20.4
    endloop
  endfacet
  facet normal 0 1 -0
    outer loop
      vertex 10.7 1.2 20.4
      vertex 6.8 1.2 22
      vertex 10.7 1.2 22
    endloop
  endfacet
  facet normal 0 1 0
    outer loop
      vertex 6.8 1.2 22
      vertex 10.7 1.2 20.4
      vertex 6.8 1.2 20.4
    endloop
  endfacet
  facet normal 0 1 -0
    outer loop
      vertex 13.1 1.2 20.4
      vertex 12.3 1.2 22
      vertex 13.1 1.2 22
    endloop
  endfacet
  facet normal 0 1 0
    outer loop
      vertex 12.3 1.2 22
      vertex 13.1 1.2 20.4
      vertex 12.3 1.2 20.4
    endloop
  endfacet
  facet normal 0 1 -0
    outer loop
      vertex 18.6 1.2 20.4
      vertex 14.7 1.2 22
      vertex 18.6 1.2 22
    endloop
  endfacet
  facet normal 0 1 0
    outer loop
      vertex 14.7 1.2 22
      vertex 18.6 1.2 20.4
      vertex 14.7 1.2 20.4
    endloop
  endfacet
  facet normal 0 1 -0
    outer loop
      vertex 21 1.2 20.4
      vertex 20.2 1.2 22
      vertex 21 1.2 22
    endloop
  endfacet
  facet normal 0 1 0
    outer loop
      vertex 20.2 1.2 22
      vertex 21 1.2 20.4
      vertex 20.2 1.2 20.4
    endloop
  endfacet
  facet normal 0 1 -0
    outer loop
      vertex 5.2 1.2 30
      vertex 4.4 1.2 31.6
      vertex 5.2 1.2 31.6
    endloop
  endfacet
  facet normal 0 1 0
    outer loop
      vertex 4.4 1.2 31.6
      vertex 5.2 1.2 30
      vertex 4.4 1.2 30
    endloop
  endfacet
  facet normal 0 1 -0
    outer loop
      vertex 10.7 1.2 30
      vertex 6.8 1.2 31.6
      vertex 10.7 1.2 31.6
    endloop
  endfacet
  facet normal 0 1 0
    outer loop
      vertex 6.8 1.2 31.6
      vertex 10.7 1.2 30
      vertex 6.8 1.2 30
    endloop
  endfacet
  facet normal 0 1 -0
    outer loop
      vertex 13.1 1.2 30
      vertex 12.3 1.2 31.6
      vertex 13.1 1.2 31.6
    endloop
  endfacet
  facet normal 0 1 0
    outer loop
      vertex 12.3 1.2 31.6
      vertex 13.1 1.2 30
      vertex 12.3 1.2 30
    endloop
  endfacet
  facet normal 0 1 -0
    outer loop
      vertex 18.6 1.2 30
      vertex 14.7 1.2 31.6
      vertex 18.6 1.2 31.6
    endloop
  endfacet
  facet normal 0 1 0
    outer loop
      vertex 14.7 1.2 31.6
      vertex 18.6 1.2 30
      vertex 14.7 1.2 30
    endloop
  endfacet
  facet normal 0 1 -0
    outer loop
      vertex 21 1.2 30
      vertex 20.2 1.2 31.6
      vertex 21 1.2 31.6
    endloop
  endfacet
  facet normal 0 1 0
    outer loop
      vertex 20.2 1.2 31.6
      vertex 21 1.2 30
      vertex 20.2 1.2 30
    endloop
  endfacet
  facet normal 0 1 -0
    outer loop
      vertex 5.2 1.2 32.4
      vertex 4.4 1.2 34
      vertex 5.2 1.2 34
    endloop
  endfacet
  facet normal 0 1 0
    outer loop
      vertex 4.4 1.2 34
      vertex 5.2 1.2 32.4
      vertex 4.4 1.2 32.4
    endloop
  endfacet
  facet normal 0 1 -0
    outer loop
      vertex 10.7 1.2 32.4
      vertex 6.8 1.2 34
      vertex 10.7 1.2 34
    endloop
  endfacet
  facet normal 0 1 0
    outer loop
      vertex 6.8 1.2 34
      vertex 10.7 1.2 32.4
      vertex 6.8 1.2 32.4
    endloop
  endfacet
  facet normal 0 1 -0
    outer loop
      vertex 13.1 1.2 32.4
      vertex 12.3 1.2 34
      vertex 13.1 1.2 34
    endloop
  endfacet
  facet normal 0 1 0
    outer loop
      vertex 12.3 1.2 34
      vertex 13.1 1.2 32.4
      vertex 12.3 1.2 32.4
    endloop
  endfacet
  facet normal 0 1 -0
    outer loop
      vertex 18.6 1.2 32.4
      vertex 14.7 1.2 34
      vertex 18.6 1.2 34
    endloop
  endfacet
  facet normal 0 1 0
    outer loop
      vertex 14.7 1.2 34
      vertex 18.6 1.2 32.4
      vertex 14.7 1.2 32.4
    endloop
  endfacet
  facet normal 0 1 -0
    outer loop
      vertex 21 1.2 32.4
      vertex 20.2 1.2 34
      vertex 21 1.2 34
    endloop
  endfacet
  facet normal 0 1 0
    outer loop
      vertex 20.2 1.2 34
      vertex 21 1.2 32.4
      vertex 20.2 1.2 32.4
    endloop
  endfacet
  facet normal 0 1 -0
    outer loop
      vertex 5.2 1.2 42
      vertex 4.4 1.2 43.6
      vertex 5.2 1.2 43.6
    endloop
  endfacet
  facet normal 0 1 0
    outer loop
      vertex 4.4 1.2 43.6
      vertex 5.2 1.2 42
      vertex 4.4 1.2 42
    endloop
  endfacet
  facet normal 0 1 -0
    outer loop
      vertex 10.7 1.2 42
      vertex 6.8 1.2 43.6
      vertex 10.7 1.2 43.6
    endloop
  endfacet
  facet normal 0 1 0
    outer loop
      vertex 6.8 1.2 43.6
      vertex 10.7 1.2 42
      vertex 6.8 1.2 42
    endloop
  endfacet
  facet normal 0 1 -0
    outer loop
      vertex 13.1 1.2 42
      vertex 12.3 1.2 43.6
      vertex 13.1 1.2 43.6
    endloop
  endfacet
  facet normal 0 1 0
    outer loop
      vertex 12.3 1.2 43.6
      vertex 13.1 1.2 42
      vertex 12.3 1.2 42
    endloop
  endfacet
  facet normal 0 1 -0
    outer loop
      vertex 18.6 1.2 42
      vertex 14.7 1.2 43.6
      vertex 18.6 1.2 43.6
    endloop
  endfacet
  facet normal 0 1 0
    outer loop
      vertex 14.7 1.2 43.6
      vertex 18.6 1.2 42
      vertex 14.7 1.2 42
    endloop
  endfacet
  facet normal 0 1 -0
    outer loop
      vertex 21 1.2 42
      vertex 20.2 1.2 43.6
      vertex 21 1.2 43.6
    endloop
  endfacet
  facet normal 0 1 0
    outer loop
      vertex 20.2 1.2 43.6
      vertex 21 1.2 42
      vertex 20.2 1.2 42
    endloop
  endfacet
  facet normal 0 1 -0
    outer loop
      vertex 5.2 1.2 44.4
      vertex 4.4 1.2 46
      vertex 5.2 1.2 46
    endloop
  endfacet
  facet normal 0 1 0
    outer loop
      vertex 4.4 1.2 46
      vertex 5.2 1.2 44.4
      vertex 4.4 1.2 44.4
    endloop
  endfacet
  facet normal 0 1 -0
    outer loop
      vertex 10.7 1.2 44.4
      vertex 6.8 1.2 46
      vertex 10.7 1.2 46
    endloop
  endfacet
  facet normal 0 1 0
    outer loop
      vertex 6.8 1.2 46
      vertex 10.7 1.2 44.4
      vertex 6.8 1.2 44.4
    endloop
  endfacet
  facet normal 0 1 -0
    outer loop
      vertex 13.1 1.2 44.4
      vertex 12.3 1.2 46
      vertex 13.1 1.2 46
    endloop
  endfacet
  facet normal 0 1 0
    outer loop
      vertex 12.3 1.2 46
      vertex 13.1 1.2 44.4
      vertex 12.3 1.2 44.4
    endloop
  endfacet
  facet normal 0 1 -0
    outer loop
      vertex 18.6 1.2 44.4
      vertex 14.7 1.2 46
      vertex 18.6 1.2 46
    endloop
  endfacet
  facet normal 0 1 0
    outer loop
      vertex 14.7 1.2 46
      vertex 18.6 1.2 44.4
      vertex 14.7 1.2 44.4
    endloop
  endfacet
  facet normal 0 1 -0
    outer loop
      vertex 21 1.2 44.4
      vertex 20.2 1.2 46
      vertex 21 1.2 46
    endloop
  endfacet
  facet normal 0 1 0
    outer loop
      vertex 20.2 1.2 46
      vertex 21 1.2 44.4
      vertex 20.2 1.2 44.4
    endloop
  endfacet
  facet normal 0 1 -0
    outer loop
      vertex 14.7 1.2 46
      vertex 12.7 1.2 62.0292
      vertex 24.2 1.2 53.8796
    endloop
  endfacet
  facet normal 0 1 0
    outer loop
      vertex 21 1.2 46
      vertex 24.2 1.2 53.8796
      vertex 22.6 1.2 46
    endloop
  endfacet
  facet normal 0 1 0
    outer loop
      vertex 24.2 1.2 53.8796
      vertex 22.6 1.2 44.4
      vertex 22.6 1.2 46
    endloop
  endfacet
  facet normal 0 1 0
    outer loop
      vertex 21 1.2 43.6
      vertex 21 1.2 44.4
      vertex 22.6 1.2 44.4
    endloop
  endfacet
  facet normal 0 1 0
    outer loop
      vertex 21 1.2 44.4
      vertex 21 1.2 43.6
      vertex 20.2 1.2 44.4
    endloop
  endfacet
  facet normal 0 1 0
    outer loop
      vertex 20.2 1.2 44.4
      vertex 20.2 1.2 43.6
      vertex 18.6 1.2 44.4
    endloop
  endfacet
  facet normal 0 1 0
    outer loop
      vertex 18.6 1.2 44.4
      vertex 18.6 1.2 43.6
      vertex 14.7 1.2 44.4
    endloop
  endfacet
  facet normal 0 1 0
    outer loop
      vertex 14.7 1.2 43.6
      vertex 14.7 1.2 44.4
      vertex 18.6 1.2 43.6
    endloop
  endfacet
  facet normal 0 1 0
    outer loop
      vertex 14.7 1.2 44.4
      vertex 14.7 1.2 43.6
      vertex 13.1 1.2 44.4
    endloop
  endfacet
  facet normal 0 1 0
    outer loop
      vertex 13.1 1.2 44.4
      vertex 13.1 1.2 43.6
      vertex 12.3 1.2 44.4
    endloop
  endfacet
  facet normal 0 1 0
    outer loop
      vertex 12.3 1.2 43.6
      vertex 12.3 1.2 44.4
      vertex 13.1 1.2 43.6
    endloop
  endfacet
  facet normal 0 1 0
    outer loop
      vertex 10.7 1.2 43.6
      vertex 10.7 1.2 44.4
      vertex 12.3 1.2 43.6
    endloop
  endfacet
  facet normal 0 1 0
    outer loop
      vertex 10.7 1.2 44.4
      vertex 10.7 1.2 43.6
      vertex 6.8 1.2 44.4
    endloop
  endfacet
  facet normal 0 1 0
    outer loop
      vertex 21 1.2 43.6
      vertex 22.6 1.2 44.4
      vertex 22.6 1.2 43.6
    endloop
  endfacet
  facet normal 0 1 0
    outer loop
      vertex 24.2 1.2 53.8796
      vertex 22.6 1.2 43.6
      vertex 22.6 1.2 44.4
    endloop
  endfacet
  facet normal 0 1 0
    outer loop
      vertex 24.2 1.2 53.8796
      vertex 22.6 1.2 42
      vertex 22.6 1.2 43.6
    endloop
  endfacet
  facet normal 0 1 0
    outer loop
      vertex 21 1.2 34
      vertex 21 1.2 42
      vertex 22.6 1.2 42
    endloop
  endfacet
  facet normal 0 1 0
    outer loop
      vertex 21 1.2 42
      vertex 21 1.2 34
      vertex 20.2 1.2 42
    endloop
  endfacet
  facet normal 0 1 0
    outer loop
      vertex 20.2 1.2 42
      vertex 20.2 1.2 34
      vertex 18.6 1.2 42
    endloop
  endfacet
  facet normal 0 1 0
    outer loop
      vertex 18.6 1.2 42
      vertex 18.6 1.2 34
      vertex 14.7 1.2 42
    endloop
  endfacet
  facet normal 0 1 0
    outer loop
      vertex 14.7 1.2 34
      vertex 14.7 1.2 42
      vertex 18.6 1.2 34
    endloop
  endfacet
  facet normal 0 1 0
    outer loop
      vertex 14.7 1.2 42
      vertex 14.7 1.2 34
      vertex 13.1 1.2 42
    endloop
  endfacet
  facet normal 0 1 0
    outer loop
      vertex 13.1 1.2 42
      vertex 13.1 1.2 34
      vertex 12.3 1.2 42
    endloop
  endfacet
  facet normal 0 1 0
    outer loop
      vertex 12.3 1.2 34
      vertex 12.3 1.2 42
      vertex 13.1 1.2 34
    endloop
  endfacet
  facet normal 0 1 0
    outer loop
      vertex 10.7 1.2 34
      vertex 10.7 1.2 42
      vertex 12.3 1.2 34
    endloop
  endfacet
  facet normal 0 1 0
    outer loop
      vertex 10.7 1.2 42
      vertex 10.7 1.2 34
      vertex 6.8 1.2 42
    endloop
  endfacet
  facet normal 0 1 0
    outer loop
      vertex 21 1.2 34
      vertex 22.6 1.2 42
      vertex 22.6 1.2 34
    endloop
  endfacet
  facet normal 0 1 0
    outer loop
      vertex 24.2 1.2 53.8796
      vertex 22.6 1.2 34
      vertex 22.6 1.2 42
    endloop
  endfacet
  facet normal 0 1 0
    outer loop
      vertex 24.2 1.2 53.8796
      vertex 22.6 1.2 32.4
      vertex 22.6 1.2 34
    endloop
  endfacet
  facet normal 0 1 0
    outer loop
      vertex 21 1.2 31.6
      vertex 21 1.2 32.4
      vertex 22.6 1.2 32.4
    endloop
  endfacet
  facet normal 0 1 0
    outer loop
      vertex 21 1.2 32.4
      vertex 21 1.2 31.6
      vertex 20.2 1.2 32.4
    endloop
  endfacet
  facet normal 0 1 0
    outer loop
      vertex 20.2 1.2 32.4
      vertex 20.2 1.2 31.6
      vertex 18.6 1.2 32.4
    endloop
  endfacet
  facet normal 0 1 0
    outer loop
      vertex 18.6 1.2 32.4
      vertex 18.6 1.2 31.6
      vertex 14.7 1.2 32.4
    endloop
  endfacet
  facet normal 0 1 0
    outer loop
      vertex 14.7 1.2 31.6
      vertex 14.7 1.2 32.4
      vertex 18.6 1.2 31.6
    endloop
  endfacet
  facet normal 0 1 0
    outer loop
      vertex 14.7 1.2 32.4
      vertex 14.7 1.2 31.6
      vertex 13.1 1.2 32.4
    endloop
  endfacet
  facet normal 0 1 0
    outer loop
      vertex 13.1 1.2 32.4
      vertex 13.1 1.2 31.6
      vertex 12.3 1.2 32.4
    endloop
  endfacet
  facet normal 0 1 0
    outer loop
      vertex 12.3 1.2 31.6
      vertex 12.3 1.2 32.4
      vertex 13.1 1.2 31.6
    endloop
  endfacet
  facet normal 0 1 0
    outer loop
      vertex 10.7 1.2 31.6
      vertex 10.7 1.2 32.4
      vertex 12.3 1.2 31.6
    endloop
  endfacet
  facet normal 0 1 0
    outer loop
      vertex 10.7 1.2 32.4
      vertex 10.7 1.2 31.6
      vertex 6.8 1.2 32.4
    endloop
  endfacet
  facet normal 0 1 0
    outer loop
      vertex 21 1.2 31.6
      vertex 22.6 1.2 32.4
      vertex 22.6 1.2 31.6
    endloop
  endfacet
  facet normal 0 1 0
    outer loop
      vertex 24.2 1.2 53.8796
      vertex 22.6 1.2 31.6
      vertex 22.6 1.2 32.4
    endloop
  endfacet
  facet normal 0 1 0
    outer loop
      vertex 24.2 1.2 53.8796
      vertex 22.6 1.2 30
      vertex 22.6 1.2 31.6
    endloop
  endfacet
  facet normal 0 1 0
    outer loop
      vertex 21 1.2 22
      vertex 21 1.2 30
      vertex 22.6 1.2 30
    endloop
  endfacet
  facet normal 0 1 0
    outer loop
      vertex 21 1.2 30
      vertex 21 1.2 22
      vertex 20.2 1.2 30
    endloop
  endfacet
  facet normal 0 1 0
    outer loop
      vertex 20.2 1.2 30
      vertex 20.2 1.2 22
      vertex 18.6 1.2 30
    endloop
  endfacet
  facet normal 0 1 0
    outer loop
      vertex 18.6 1.2 30
      vertex 18.6 1.2 22
      vertex 14.7 1.2 30
    endloop
  endfacet
  facet normal 0 1 0
    outer loop
      vertex 14.7 1.2 22
      vertex 14.7 1.2 30
      vertex 18.6 1.2 22
    endloop
  endfacet
  facet normal 0 1 0
    outer loop
      vertex 14.7 1.2 30
      vertex 14.7 1.2 22
      vertex 13.1 1.2 30
    endloop
  endfacet
  facet normal 0 1 0
    outer loop
      vertex 13.1 1.2 30
      vertex 13.1 1.2 22
      vertex 12.3 1.2 30
    endloop
  endfacet
  facet normal 0 1 0
    outer loop
      vertex 12.3 1.2 22
      vertex 12.3 1.2 30
      vertex 13.1 1.2 22
    endloop
  endfacet
  facet normal 0 1 0
    outer loop
      vertex 10.7 1.2 22
      vertex 10.7 1.2 30
      vertex 12.3 1.2 22
    endloop
  endfacet
  facet normal 0 1 0
    outer loop
      vertex 10.7 1.2 30
      vertex 10.7 1.2 22
      vertex 6.8 1.2 30
    endloop
  endfacet
  facet normal 0 1 0
    outer loop
      vertex 21 1.2 22
      vertex 22.6 1.2 30
      vertex 22.6 1.2 22
    endloop
  endfacet
  facet normal 0 1 -0
    outer loop
      vertex 24.2 1.2 1.5
      vertex 22.6 1.2 30
      vertex 24.2 1.2 53.8796
    endloop
  endfacet
  facet normal 0 1 0
    outer loop
      vertex 22.6 1.2 30
      vertex 24.2 1.2 1.5
      vertex 22.6 1.2 22
    endloop
  endfacet
  facet normal 0 1 0
    outer loop
      vertex 21 1.2 19.6
      vertex 21 1.2 20.4
      vertex 22.6 1.2 20.4
    endloop
  endfacet
  facet normal 0 1 0
    outer loop
      vertex 21 1.2 20.4
      vertex 21 1.2 19.6
      vertex 20.2 1.2 20.4
    endloop
  endfacet
  facet normal 0 1 0
    outer loop
      vertex 20.2 1.2 20.4
      vertex 20.2 1.2 19.6
      vertex 18.6 1.2 20.4
    endloop
  endfacet
  facet normal 0 1 0
    outer loop
      vertex 18.6 1.2 20.4
      vertex 18.6 1.2 19.6
      vertex 14.7 1.2 20.4
    endloop
  endfacet
  facet normal 0 1 0
    outer loop
      vertex 14.7 1.2 19.6
      vertex 14.7 1.2 20.4
      vertex 18.6 1.2 19.6
    endloop
  endfacet
  facet normal 0 1 0
    outer loop
      vertex 14.7 1.2 20.4
      vertex 14.7 1.2 19.6
      vertex 13.1 1.2 20.4
    endloop
  endfacet
  facet normal 0 1 0
    outer loop
      vertex 13.1 1.2 20.4
      vertex 13.1 1.2 19.6
      vertex 12.3 1.2 20.4
    endloop
  endfacet
  facet normal 0 1 0
    outer loop
      vertex 12.3 1.2 19.6
      vertex 12.3 1.2 20.4
      vertex 13.1 1.2 19.6
    endloop
  endfacet
  facet normal 0 1 0
    outer loop
      vertex 10.7 1.2 19.6
      vertex 10.7 1.2 20.4
      vertex 12.3 1.2 19.6
    endloop
  endfacet
  facet normal 0 1 0
    outer loop
      vertex 10.7 1.2 20.4
      vertex 10.7 1.2 19.6
      vertex 6.8 1.2 20.4
    endloop
  endfacet
  facet normal 0 1 0
    outer loop
      vertex 21 1.2 19.6
      vertex 22.6 1.2 20.4
      vertex 22.6 1.2 19.6
    endloop
  endfacet
  facet normal 0 1 0
    outer loop
      vertex 22.6 1.2 22
      vertex 24.2 1.2 1.5
      vertex 22.6 1.2 20.4
    endloop
  endfacet
  facet normal 0 1 0
    outer loop
      vertex 22.6 1.2 20.4
      vertex 24.2 1.2 1.5
      vertex 22.6 1.2 19.6
    endloop
  endfacet
  facet normal 0 1 0
    outer loop
      vertex 21 1.2 10
      vertex 21 1.2 18
      vertex 22.6 1.2 18
    endloop
  endfacet
  facet normal 0 1 0
    outer loop
      vertex 21 1.2 18
      vertex 21 1.2 10
      vertex 20.2 1.2 18
    endloop
  endfacet
  facet normal 0 1 0
    outer loop
      vertex 20.2 1.2 18
      vertex 20.2 1.2 10
      vertex 18.6 1.2 18
    endloop
  endfacet
  facet normal 0 1 0
    outer loop
      vertex 18.6 1.2 18
      vertex 18.6 1.2 10
      vertex 14.7 1.2 18
    endloop
  endfacet
  facet normal 0 1 0
    outer loop
      vertex 14.7 1.2 18
      vertex 18.6 1.2 10
      vertex 13.1 1.2 18
    endloop
  endfacet
  facet normal 0 1 0
    outer loop
      vertex 13.1 1.2 18
      vertex 18.6 1.2 10
      vertex 12.3 1.2 18
    endloop
  endfacet
  facet normal 0 1 0
    outer loop
      vertex 6.8 1.2 10
      vertex 12.3 1.2 18
      vertex 18.6 1.2 10
    endloop
  endfacet
  facet normal 0 1 0
    outer loop
      vertex 12.3 1.2 18
      vertex 6.8 1.2 10
      vertex 10.7 1.2 18
    endloop
  endfacet
  facet normal 0 1 0
    outer loop
      vertex 10.7 1.2 18
      vertex 6.8 1.2 10
      vertex 6.8 1.2 18
    endloop
  endfacet
  facet normal 0 1 0
    outer loop
      vertex 6.8 1.2 18
      vertex 6.8 1.2 10
      vertex 5.2 1.2 18
    endloop
  endfacet
  facet normal 0 1 0
    outer loop
      vertex 21 1.2 10
      vertex 22.6 1.2 18
      vertex 22.6 1.2 10
    endloop
  endfacet
  facet normal 0 1 0
    outer loop
      vertex 22.6 1.2 19.6
      vertex 24.2 1.2 1.5
      vertex 22.6 1.2 18
    endloop
  endfacet
  facet normal 0 1 0
    outer loop
      vertex 22.6 1.2 18
      vertex 24.2 1.2 1.5
      vertex 22.6 1.2 10
    endloop
  endfacet
  facet normal 0 1 0
    outer loop
      vertex 21 1.2 7.6
      vertex 21 1.2 8.4
      vertex 22.6 1.2 8.4
    endloop
  endfacet
  facet normal 0 1 0
    outer loop
      vertex 21 1.2 8.4
      vertex 21 1.2 7.6
      vertex 20.2 1.2 8.4
    endloop
  endfacet
  facet normal 0 1 0
    outer loop
      vertex 20.2 1.2 8.4
      vertex 20.2 1.2 7.6
      vertex 18.6 1.2 8.4
    endloop
  endfacet
  facet normal 0 1 0
    outer loop
      vertex 18.6 1.2 8.4
      vertex 18.6 1.2 7.6
      vertex 6.8 1.2 8.4
    endloop
  endfacet
  facet normal 0 1 0
    outer loop
      vertex 6.8 1.2 7.6
      vertex 6.8 1.2 8.4
      vertex 18.6 1.2 7.6
    endloop
  endfacet
  facet normal 0 1 0
    outer loop
      vertex 6.8 1.2 8.4
      vertex 6.8 1.2 7.6
      vertex 5.2 1.2 8.4
    endloop
  endfacet
  facet normal 0 1 0
    outer loop
      vertex 21 1.2 7.6
      vertex 22.6 1.2 8.4
      vertex 22.6 1.2 7.6
    endloop
  endfacet
  facet normal 0 1 0
    outer loop
      vertex 22.6 1.2 10
      vertex 24.2 1.2 1.5
      vertex 22.6 1.2 8.4
    endloop
  endfacet
  facet normal 0 1 0
    outer loop
      vertex 22.6 1.2 8.4
      vertex 24.2 1.2 1.5
      vertex 22.6 1.2 7.6
    endloop
  endfacet
  facet normal 0 1 0
    outer loop
      vertex 24.2 1.2 1.5
      vertex 21 1.2 6
      vertex 22.6 1.2 6
    endloop
  endfacet
  facet normal 0 1 0
    outer loop
      vertex 21 1.2 6
      vertex 24.2 1.2 1.5
      vertex 20.2 1.2 6
    endloop
  endfacet
  facet normal 0 1 0
    outer loop
      vertex 20.2 1.2 6
      vertex 24.2 1.2 1.5
      vertex 18.6 1.2 6
    endloop
  endfacet
  facet normal 0 1 0
    outer loop
      vertex 18.6 1.2 6
      vertex 24.2 1.2 1.5
      vertex 6.8 1.2 6
    endloop
  endfacet
  facet normal 0 1 0
    outer loop
      vertex 1.2 1.2 1.5
      vertex 6.8 1.2 6
      vertex 24.2 1.2 1.5
    endloop
  endfacet
  facet normal 0 1 0
    outer loop
      vertex 6.8 1.2 6
      vertex 1.2 1.2 1.5
      vertex 5.2 1.2 6
    endloop
  endfacet
  facet normal 0 1 0
    outer loop
      vertex 5.2 1.2 6
      vertex 1.2 1.2 1.5
      vertex 4.4 1.2 6
    endloop
  endfacet
  facet normal 0 1 0
    outer loop
      vertex 22.6 1.2 7.6
      vertex 24.2 1.2 1.5
      vertex 22.6 1.2 6
    endloop
  endfacet
  facet normal 0 1 0
    outer loop
      vertex 20.2 1.2 46
      vertex 24.2 1.2 53.8796
      vertex 21 1.2 46
    endloop
  endfacet
  facet normal 0 1 0
    outer loop
      vertex 18.6 1.2 46
      vertex 24.2 1.2 53.8796
      vertex 20.2 1.2 46
    endloop
  endfacet
  facet normal 0 1 0
    outer loop
      vertex 14.7 1.2 46
      vertex 24.2 1.2 53.8796
      vertex 18.6 1.2 46
    endloop
  endfacet
  facet normal 0 1 0
    outer loop
      vertex 12.7 1.2 62.0292
      vertex 14.7 1.2 46
      vertex 13.1 1.2 46
    endloop
  endfacet
  facet normal 0 1 0
    outer loop
      vertex 12.3 1.2 46
      vertex 12.7 1.2 62.0292
      vertex 13.1 1.2 46
    endloop
  endfacet
  facet normal 0 1 0
    outer loop
      vertex 10.7 1.2 46
      vertex 12.7 1.2 62.0292
      vertex 12.3 1.2 46
    endloop
  endfacet
  facet normal 0 1 0
    outer loop
      vertex 12.7 1.2 62.0292
      vertex 10.7 1.2 46
      vertex 1.2 1.2 53.8796
    endloop
  endfacet
  facet normal 0 1 -0
    outer loop
      vertex 6.8 1.2 46
      vertex 1.2 1.2 53.8796
      vertex 10.7 1.2 46
    endloop
  endfacet
  facet normal 0 1 -0
    outer loop
      vertex 5.2 1.2 46
      vertex 1.2 1.2 53.8796
      vertex 6.8 1.2 46
    endloop
  endfacet
  facet normal 0 1 -0
    outer loop
      vertex 4.4 1.2 46
      vertex 1.2 1.2 53.8796
      vertex 5.2 1.2 46
    endloop
  endfacet
  facet normal 0 1 -0
    outer loop
      vertex 2.8 1.2 46
      vertex 1.2 1.2 53.8796
      vertex 4.4 1.2 46
    endloop
  endfacet
  facet normal 0 1 -0
    outer loop
      vertex 2.8 1.2 44.4
      vertex 1.2 1.2 53.8796
      vertex 2.8 1.2 46
    endloop
  endfacet
  facet normal 0 1 0
    outer loop
      vertex 20.2 1.2 44.4
      vertex 21 1.2 43.6
      vertex 20.2 1.2 43.6
    endloop
  endfacet
  facet normal 0 1 0
    outer loop
      vertex 18.6 1.2 44.4
      vertex 20.2 1.2 43.6
      vertex 18.6 1.2 43.6
    endloop
  endfacet
  facet normal 0 1 0
    outer loop
      vertex 13.1 1.2 43.6
      vertex 13.1 1.2 44.4
      vertex 14.7 1.2 43.6
    endloop
  endfacet
  facet normal 0 1 0
    outer loop
      vertex 12.3 1.2 44.4
      vertex 12.3 1.2 43.6
      vertex 10.7 1.2 44.4
    endloop
  endfacet
  facet normal 0 1 0
    outer loop
      vertex 6.8 1.2 43.6
      vertex 6.8 1.2 44.4
      vertex 10.7 1.2 43.6
    endloop
  endfacet
  facet normal 0 1 0
    outer loop
      vertex 6.8 1.2 44.4
      vertex 6.8 1.2 43.6
      vertex 5.2 1.2 44.4
    endloop
  endfacet
  facet normal 0 1 0
    outer loop
      vertex 5.2 1.2 43.6
      vertex 5.2 1.2 44.4
      vertex 6.8 1.2 43.6
    endloop
  endfacet
  facet normal 0 1 0
    outer loop
      vertex 5.2 1.2 44.4
      vertex 5.2 1.2 43.6
      vertex 4.4 1.2 44.4
    endloop
  endfacet
  facet normal 0 1 0
    outer loop
      vertex 4.4 1.2 43.6
      vertex 4.4 1.2 44.4
      vertex 5.2 1.2 43.6
    endloop
  endfacet
  facet normal 0 1 0
    outer loop
      vertex 4.4 1.2 44.4
      vertex 4.4 1.2 43.6
      vertex 2.8 1.2 44.4
    endloop
  endfacet
  facet normal 0 1 0
    outer loop
      vertex 2.8 1.2 43.6
      vertex 2.8 1.2 44.4
      vertex 4.4 1.2 43.6
    endloop
  endfacet
  facet normal 0 1 -0
    outer loop
      vertex 2.8 1.2 43.6
      vertex 1.2 1.2 53.8796
      vertex 2.8 1.2 44.4
    endloop
  endfacet
  facet normal 0 1 -0
    outer loop
      vertex 2.8 1.2 42
      vertex 1.2 1.2 53.8796
      vertex 2.8 1.2 43.6
    endloop
  endfacet
  facet normal 0 1 0
    outer loop
      vertex 20.2 1.2 42
      vertex 21 1.2 34
      vertex 20.2 1.2 34
    endloop
  endfacet
  facet normal 0 1 0
    outer loop
      vertex 18.6 1.2 42
      vertex 20.2 1.2 34
      vertex 18.6 1.2 34
    endloop
  endfacet
  facet normal 0 1 0
    outer loop
      vertex 13.1 1.2 34
      vertex 13.1 1.2 42
      vertex 14.7 1.2 34
    endloop
  endfacet
  facet normal 0 1 0
    outer loop
      vertex 12.3 1.2 42
      vertex 12.3 1.2 34
      vertex 10.7 1.2 42
    endloop
  endfacet
  facet normal 0 1 0
    outer loop
      vertex 6.8 1.2 34
      vertex 6.8 1.2 42
      vertex 10.7 1.2 34
    endloop
  endfacet
  facet normal 0 1 0
    outer loop
      vertex 6.8 1.2 42
      vertex 6.8 1.2 34
      vertex 5.2 1.2 42
    endloop
  endfacet
  facet normal 0 1 0
    outer loop
      vertex 5.2 1.2 34
      vertex 5.2 1.2 42
      vertex 6.8 1.2 34
    endloop
  endfacet
  facet normal 0 1 0
    outer loop
      vertex 5.2 1.2 42
      vertex 5.2 1.2 34
      vertex 4.4 1.2 42
    endloop
  endfacet
  facet normal 0 1 0
    outer loop
      vertex 4.4 1.2 34
      vertex 4.4 1.2 42
      vertex 5.2 1.2 34
    endloop
  endfacet
  facet normal 0 1 0
    outer loop
      vertex 4.4 1.2 42
      vertex 4.4 1.2 34
      vertex 2.8 1.2 42
    endloop
  endfacet
  facet normal 0 1 0
    outer loop
      vertex 2.8 1.2 34
      vertex 2.8 1.2 42
      vertex 4.4 1.2 34
    endloop
  endfacet
  facet normal 0 1 -0
    outer loop
      vertex 2.8 1.2 34
      vertex 1.2 1.2 53.8796
      vertex 2.8 1.2 42
    endloop
  endfacet
  facet normal 0 1 -0
    outer loop
      vertex 2.8 1.2 32.4
      vertex 1.2 1.2 53.8796
      vertex 2.8 1.2 34
    endloop
  endfacet
  facet normal 0 1 0
    outer loop
      vertex 20.2 1.2 32.4
      vertex 21 1.2 31.6
      vertex 20.2 1.2 31.6
    endloop
  endfacet
  facet normal 0 1 0
    outer loop
      vertex 18.6 1.2 32.4
      vertex 20.2 1.2 31.6
      vertex 18.6 1.2 31.6
    endloop
  endfacet
  facet normal 0 1 0
    outer loop
      vertex 13.1 1.2 31.6
      vertex 13.1 1.2 32.4
      vertex 14.7 1.2 31.6
    endloop
  endfacet
  facet normal 0 1 0
    outer loop
      vertex 12.3 1.2 32.4
      vertex 12.3 1.2 31.6
      vertex 10.7 1.2 32.4
    endloop
  endfacet
  facet normal 0 1 0
    outer loop
      vertex 6.8 1.2 31.6
      vertex 6.8 1.2 32.4
      vertex 10.7 1.2 31.6
    endloop
  endfacet
  facet normal 0 1 0
    outer loop
      vertex 6.8 1.2 32.4
      vertex 6.8 1.2 31.6
      vertex 5.2 1.2 32.4
    endloop
  endfacet
  facet normal 0 1 0
    outer loop
      vertex 5.2 1.2 31.6
      vertex 5.2 1.2 32.4
      vertex 6.8 1.2 31.6
    endloop
  endfacet
  facet normal 0 1 0
    outer loop
      vertex 5.2 1.2 32.4
      vertex 5.2 1.2 31.6
      vertex 4.4 1.2 32.4
    endloop
  endfacet
  facet normal 0 1 0
    outer loop
      vertex 4.4 1.2 31.6
      vertex 4.4 1.2 32.4
      vertex 5.2 1.2 31.6
    endloop
  endfacet
  facet normal 0 1 0
    outer loop
      vertex 4.4 1.2 32.4
      vertex 4.4 1.2 31.6
      vertex 2.8 1.2 32.4
    endloop
  endfacet
  facet normal 0 1 0
    outer loop
      vertex 2.8 1.2 31.6
      vertex 2.8 1.2 32.4
      vertex 4.4 1.2 31.6
    endloop
  endfacet
  facet normal 0 1 -0
    outer loop
      vertex 2.8 1.2 31.6
      vertex 1.2 1.2 53.8796
      vertex 2.8 1.2 32.4
    endloop
  endfacet
  facet normal 0 1 -0
    outer loop
      vertex 2.8 1.2 30
      vertex 1.2 1.2 53.8796
      vertex 2.8 1.2 31.6
    endloop
  endfacet
  facet normal 0 1 0
    outer loop
      vertex 20.2 1.2 30
      vertex 21 1.2 22
      vertex 20.2 1.2 22
    endloop
  endfacet
  facet normal 0 1 0
    outer loop
      vertex 18.6 1.2 30
      vertex 20.2 1.2 22
      vertex 18.6 1.2 22
    endloop
  endfacet
  facet normal 0 1 0
    outer loop
      vertex 13.1 1.2 22
      vertex 13.1 1.2 30
      vertex 14.7 1.2 22
    endloop
  endfacet
  facet normal 0 1 0
    outer loop
      vertex 12.3 1.2 30
      vertex 12.3 1.2 22
      vertex 10.7 1.2 30
    endloop
  endfacet
  facet normal 0 1 0
    outer loop
      vertex 6.8 1.2 22
      vertex 6.8 1.2 30
      vertex 10.7 1.2 22
    endloop
  endfacet
  facet normal 0 1 0
    outer loop
      vertex 6.8 1.2 30
      vertex 6.8 1.2 22
      vertex 5.2 1.2 30
    endloop
  endfacet
  facet normal 0 1 0
    outer loop
      vertex 5.2 1.2 22
      vertex 5.2 1.2 30
      vertex 6.8 1.2 22
    endloop
  endfacet
  facet normal 0 1 0
    outer loop
      vertex 5.2 1.2 30
      vertex 5.2 1.2 22
      vertex 4.4 1.2 30
    endloop
  endfacet
  facet normal 0 1 0
    outer loop
      vertex 4.4 1.2 22
      vertex 4.4 1.2 30
      vertex 5.2 1.2 22
    endloop
  endfacet
  facet normal 0 1 0
    outer loop
      vertex 4.4 1.2 30
      vertex 4.4 1.2 22
      vertex 2.8 1.2 30
    endloop
  endfacet
  facet normal 0 1 0
    outer loop
      vertex 2.8 1.2 22
      vertex 2.8 1.2 30
      vertex 4.4 1.2 22
    endloop
  endfacet
  facet normal 0 1 0
    outer loop
      vertex 1.2 1.2 1.5
      vertex 2.8 1.2 30
      vertex 2.8 1.2 22
    endloop
  endfacet
  facet normal 0 1 0
    outer loop
      vertex 1.2 1.2 1.5
      vertex 2.8 1.2 22
      vertex 2.8 1.2 20.4
    endloop
  endfacet
  facet normal 0 1 0
    outer loop
      vertex 20.2 1.2 20.4
      vertex 21 1.2 19.6
      vertex 20.2 1.2 19.6
    endloop
  endfacet
  facet normal 0 1 0
    outer loop
      vertex 18.6 1.2 20.4
      vertex 20.2 1.2 19.6
      vertex 18.6 1.2 19.6
    endloop
  endfacet
  facet normal 0 1 0
    outer loop
      vertex 13.1 1.2 19.6
      vertex 13.1 1.2 20.4
      vertex 14.7 1.2 19.6
    endloop
  endfacet
  facet normal 0 1 0
    outer loop
      vertex 12.3 1.2 20.4
      vertex 12.3 1.2 19.6
      vertex 10.7 1.2 20.4
    endloop
  endfacet
  facet normal 0 1 0
    outer loop
      vertex 6.8 1.2 19.6
      vertex 6.8 1.2 20.4
      vertex 10.7 1.2 19.6
    endloop
  endfacet
  facet normal 0 1 0
    outer loop
      vertex 6.8 1.2 20.4
      vertex 6.8 1.2 19.6
      vertex 5.2 1.2 20.4
    endloop
  endfacet
  facet normal 0 1 0
    outer loop
      vertex 5.2 1.2 19.6
      vertex 5.2 1.2 20.4
      vertex 6.8 1.2 19.6
    endloop
  endfacet
  facet normal 0 1 0
    outer loop
      vertex 5.2 1.2 20.4
      vertex 5.2 1.2 19.6
      vertex 4.4 1.2 20.4
    endloop
  endfacet
  facet normal 0 1 0
    outer loop
      vertex 4.4 1.2 19.6
      vertex 4.4 1.2 20.4
      vertex 5.2 1.2 19.6
    endloop
  endfacet
  facet normal 0 1 0
    outer loop
      vertex 4.4 1.2 20.4
      vertex 4.4 1.2 19.6
      vertex 2.8 1.2 20.4
    endloop
  endfacet
  facet normal 0 1 0
    outer loop
      vertex 2.8 1.2 19.6
      vertex 2.8 1.2 20.4
      vertex 4.4 1.2 19.6
    endloop
  endfacet
  facet normal 0 1 0
    outer loop
      vertex 1.2 1.2 1.5
      vertex 2.8 1.2 20.4
      vertex 2.8 1.2 19.6
    endloop
  endfacet
  facet normal 0 1 0
    outer loop
      vertex 1.2 1.2 1.5
      vertex 2.8 1.2 19.6
      vertex 2.8 1.2 18
    endloop
  endfacet
  facet normal 0 1 0
    outer loop
      vertex 20.2 1.2 18
      vertex 21 1.2 10
      vertex 20.2 1.2 10
    endloop
  endfacet
  facet normal 0 1 0
    outer loop
      vertex 18.6 1.2 18
      vertex 20.2 1.2 10
      vertex 18.6 1.2 10
    endloop
  endfacet
  facet normal 0 1 0
    outer loop
      vertex 5.2 1.2 10
      vertex 5.2 1.2 18
      vertex 6.8 1.2 10
    endloop
  endfacet
  facet normal 0 1 0
    outer loop
      vertex 5.2 1.2 18
      vertex 5.2 1.2 10
      vertex 4.4 1.2 18
    endloop
  endfacet
  facet normal 0 1 0
    outer loop
      vertex 4.4 1.2 10
      vertex 4.4 1.2 18
      vertex 5.2 1.2 10
    endloop
  endfacet
  facet normal 0 1 0
    outer loop
      vertex 4.4 1.2 18
      vertex 4.4 1.2 10
      vertex 2.8 1.2 18
    endloop
  endfacet
  facet normal 0 1 0
    outer loop
      vertex 2.8 1.2 10
      vertex 2.8 1.2 18
      vertex 4.4 1.2 10
    endloop
  endfacet
  facet normal 0 1 0
    outer loop
      vertex 1.2 1.2 1.5
      vertex 2.8 1.2 18
      vertex 2.8 1.2 10
    endloop
  endfacet
  facet normal 0 1 0
    outer loop
      vertex 1.2 1.2 1.5
      vertex 2.8 1.2 10
      vertex 2.8 1.2 8.4
    endloop
  endfacet
  facet normal 0 1 0
    outer loop
      vertex 20.2 1.2 8.4
      vertex 21 1.2 7.6
      vertex 20.2 1.2 7.6
    endloop
  endfacet
  facet normal 0 1 0
    outer loop
      vertex 18.6 1.2 8.4
      vertex 20.2 1.2 7.6
      vertex 18.6 1.2 7.6
    endloop
  endfacet
  facet normal 0 1 0
    outer loop
      vertex 5.2 1.2 7.6
      vertex 5.2 1.2 8.4
      vertex 6.8 1.2 7.6
    endloop
  endfacet
  facet normal 0 1 0
    outer loop
      vertex 5.2 1.2 8.4
      vertex 5.2 1.2 7.6
      vertex 4.4 1.2 8.4
    endloop
  endfacet
  facet normal 0 1 0
    outer loop
      vertex 4.4 1.2 7.6
      vertex 4.4 1.2 8.4
      vertex 5.2 1.2 7.6
    endloop
  endfacet
  facet normal 0 1 0
    outer loop
      vertex 4.4 1.2 8.4
      vertex 4.4 1.2 7.6
      vertex 2.8 1.2 8.4
    endloop
  endfacet
  facet normal 0 1 0
    outer loop
      vertex 2.8 1.2 7.6
      vertex 2.8 1.2 8.4
      vertex 4.4 1.2 7.6
    endloop
  endfacet
  facet normal 0 1 0
    outer loop
      vertex 1.2 1.2 1.5
      vertex 2.8 1.2 8.4
      vertex 2.8 1.2 7.6
    endloop
  endfacet
  facet normal 0 1 0
    outer loop
      vertex 1.2 1.2 1.5
      vertex 2.8 1.2 7.6
      vertex 2.8 1.2 6
    endloop
  endfacet
  facet normal 0 1 0
    outer loop
      vertex 2.8 1.2 30
      vertex 1.2 1.2 1.5
      vertex 1.2 1.2 53.8796
    endloop
  endfacet
  facet normal 0 1 0
    outer loop
      vertex 4.4 1.2 6
      vertex 1.2 1.2 1.5
      vertex 2.8 1.2 6
    endloop
  endfacet
  facet normal 1 -0 0
    outer loop
      vertex 1.2 7.525 8.4
      vertex 1.2 9.125 7.6
      vertex 1.2 9.125 8.4
    endloop
  endfacet
  facet normal 1 0 0
    outer loop
      vertex 1.2 9.125 7.6
      vertex 1.2 7.525 8.4
      vertex 1.2 7.525 7.6
    endloop
  endfacet
  facet normal 1 -0 0
    outer loop
      vertex 1.2 7.525 18
      vertex 1.2 9.125 10
      vertex 1.2 9.125 18
    endloop
  endfacet
  facet normal 1 0 0
    outer loop
      vertex 1.2 9.125 10
      vertex 1.2 7.525 18
      vertex 1.2 7.525 10
    endloop
  endfacet
  facet normal 1 -0 0
    outer loop
      vertex 1.2 7.525 20.4
      vertex 1.2 9.125 19.6
      vertex 1.2 9.125 20.4
    endloop
  endfacet
  facet normal 1 0 0
    outer loop
      vertex 1.2 9.125 19.6
      vertex 1.2 7.525 20.4
      vertex 1.2 7.525 19.6
    endloop
  endfacet
  facet normal 1 -0 0
    outer loop
      vertex 1.2 7.525 30
      vertex 1.2 9.125 22
      vertex 1.2 9.125 30
    endloop
  endfacet
  facet normal 1 0 0
    outer loop
      vertex 1.2 9.125 22
      vertex 1.2 7.525 30
      vertex 1.2 7.525 22
    endloop
  endfacet
  facet normal 1 -0 0
    outer loop
      vertex 1.2 7.525 32.4
      vertex 1.2 9.125 31.6
      vertex 1.2 9.125 32.4
    endloop
  endfacet
  facet normal 1 0 0
    outer loop
      vertex 1.2 9.125 31.6
      vertex 1.2 7.525 32.4
      vertex 1.2 7.525 31.6
    endloop
  endfacet
  facet normal 1 -0 0
    outer loop
      vertex 1.2 7.525 42
      vertex 1.2 9.125 34
      vertex 1.2 9.125 42
    endloop
  endfacet
  facet normal 1 0 0
    outer loop
      vertex 1.2 9.125 34
      vertex 1.2 7.525 42
      vertex 1.2 7.525 34
    endloop
  endfacet
  facet normal 1 -0 0
    outer loop
      vertex 1.2 7.525 44.4
      vertex 1.2 9.125 43.6
      vertex 1.2 9.125 44.4
    endloop
  endfacet
  facet normal 1 0 0
    outer loop
      vertex 1.2 9.125 43.6
      vertex 1.2 7.525 44.4
      vertex 1.2 7.525 43.6
    endloop
  endfacet
  facet normal 1 -0 0
    outer loop
      vertex 1.2 9.925 8.4
      vertex 1.2 11.525 7.6
      vertex 1.2 11.525 8.4
    endloop
  endfacet
  facet normal 1 0 0
    outer loop
      vertex 1.2 11.525 7.6
      vertex 1.2 9.925 8.4
      vertex 1.2 9.925 7.6
    endloop
  endfacet
  facet normal 1 -0 0
    outer loop
      vertex 1.2 9.925 18
      vertex 1.2 11.525 10
      vertex 1.2 11.525 18
    endloop
  endfacet
  facet normal 1 0 0
    outer loop
      vertex 1.2 11.525 10
      vertex 1.2 9.925 18
      vertex 1.2 9.925 10
    endloop
  endfacet
  facet normal 1 -0 0
    outer loop
      vertex 1.2 9.925 20.4
      vertex 1.2 11.525 19.6
      vertex 1.2 11.525 20.4
    endloop
  endfacet
  facet normal 1 0 0
    outer loop
      vertex 1.2 11.525 19.6
      vertex 1.2 9.925 20.4
      vertex 1.2 9.925 19.6
    endloop
  endfacet
  facet normal 1 -0 0
    outer loop
      vertex 1.2 9.925 30
      vertex 1.2 11.525 22
      vertex 1.2 11.525 30
    endloop
  endfacet
  facet normal 1 0 0
    outer loop
      vertex 1.2 11.525 22
      vertex 1.2 9.925 30
      vertex 1.2 9.925 22
    endloop
  endfacet
  facet normal 1 -0 0
    outer loop
      vertex 1.2 9.925 32.4
      vertex 1.2 11.525 31.6
      vertex 1.2 11.525 32.4
    endloop
  endfacet
  facet normal 1 0 0
    outer loop
      vertex 1.2 11.525 31.6
      vertex 1.2 9.925 32.4
      vertex 1.2 9.925 31.6
    endloop
  endfacet
  facet normal 1 -0 0
    outer loop
      vertex 1.2 9.925 42
      vertex 1.2 11.525 34
      vertex 1.2 11.525 42
    endloop
  endfacet
  facet normal 1 0 0
    outer loop
      vertex 1.2 11.525 34
      vertex 1.2 9.925 42
      vertex 1.2 9.925 34
    endloop
  endfacet
  facet normal 1 -0 0
    outer loop
      vertex 1.2 9.925 44.4
      vertex 1.2 11.525 43.6
      vertex 1.2 11.525 44.4
    endloop
  endfacet
  facet normal 1 0 0
    outer loop
      vertex 1.2 11.525 43.6
      vertex 1.2 9.925 44.4
      vertex 1.2 9.925 43.6
    endloop
  endfacet
  facet normal 1 -0 0
    outer loop
      vertex 1.2 11.525 30
      vertex 1.2 17.85 4.15947
      vertex 1.2 17.85 50.1747
    endloop
  endfacet
  facet normal 1 -0 0
    outer loop
      vertex 1.2 11.525 22
      vertex 1.2 17.85 4.15947
      vertex 1.2 11.525 30
    endloop
  endfacet
  facet normal 1 -0 0
    outer loop
      vertex 1.2 11.525 20.4
      vertex 1.2 17.85 4.15947
      vertex 1.2 11.525 22
    endloop
  endfacet
  facet normal 1 -0 0
    outer loop
      vertex 1.2 11.525 19.6
      vertex 1.2 17.85 4.15947
      vertex 1.2 11.525 20.4
    endloop
  endfacet
  facet normal 1 -0 0
    outer loop
      vertex 1.2 11.525 18
      vertex 1.2 17.85 4.15947
      vertex 1.2 11.525 19.6
    endloop
  endfacet
  facet normal 1 0 0
    outer loop
      vertex 1.2 11.525 46
      vertex 1.2 17.85 50.1747
      vertex 1.2 16.5015 53.8796
    endloop
  endfacet
  facet normal 1 0 0
    outer loop
      vertex 1.2 17.85 4.15947
      vertex 1.2 11.525 18
      vertex 1.2 17.8488 4.16021
    endloop
  endfacet
  facet normal 1 0 0
    outer loop
      vertex 1.2 17.8488 4.16021
      vertex 1.2 11.525 18
      vertex 1.2 17.5298 4.29232
    endloop
  endfacet
  facet normal 1 -0 0
    outer loop
      vertex 1.2 11.525 10
      vertex 1.2 17.5298 4.29232
      vertex 1.2 11.525 18
    endloop
  endfacet
  facet normal 1 0 0
    outer loop
      vertex 1.2 17.5298 4.29232
      vertex 1.2 11.525 10
      vertex 1.2 17.1942 4.37291
    endloop
  endfacet
  facet normal 1 0 0
    outer loop
      vertex 1.2 17.1942 4.37291
      vertex 1.2 11.525 10
      vertex 1.2 16.85 4.4
    endloop
  endfacet
  facet normal 1 0 0
    outer loop
      vertex 1.2 16.85 4.4
      vertex 1.2 11.525 10
      vertex 1.2 16.5058 4.37291
    endloop
  endfacet
  facet normal 1 0 0
    outer loop
      vertex 1.2 16.5058 4.37291
      vertex 1.2 11.525 8.4
      vertex 1.2 16.1702 4.29232
    endloop
  endfacet
  facet normal 1 -0 0
    outer loop
      vertex 1.2 11.525 7.6
      vertex 1.2 16.1702 4.29232
      vertex 1.2 11.525 8.4
    endloop
  endfacet
  facet normal 1 0 0
    outer loop
      vertex 1.2 16.1702 4.29232
      vertex 1.2 11.525 7.6
      vertex 1.2 15.8512 4.16021
    endloop
  endfacet
  facet normal 1 -0 0
    outer loop
      vertex 1.2 11.525 6
      vertex 1.2 15.8512 4.16021
      vertex 1.2 11.525 7.6
    endloop
  endfacet
  facet normal 1 0 0
    outer loop
      vertex 1.2 17.85 50.1747
      vertex 1.2 11.525 44.4
      vertex 1.2 11.525 43.6
    endloop
  endfacet
  facet normal 1 0 0
    outer loop
      vertex 1.2 17.85 50.1747
      vertex 1.2 11.525 46
      vertex 1.2 11.525 44.4
    endloop
  endfacet
  facet normal 1 0 0
    outer loop
      vertex 1.2 16.5015 53.8796
      vertex 1.2 9.925 46
      vertex 1.2 11.525 46
    endloop
  endfacet
  facet normal 1 0 0
    outer loop
      vertex 1.2 9.125 44.4
      vertex 1.2 9.925 44.4
      vertex 1.2 9.925 46
    endloop
  endfacet
  facet normal 1 0 0
    outer loop
      vertex 1.2 9.925 44.4
      vertex 1.2 9.125 44.4
      vertex 1.2 9.925 43.6
    endloop
  endfacet
  facet normal 1 0 0
    outer loop
      vertex 1.2 9.925 43.6
      vertex 1.2 9.125 43.6
      vertex 1.2 9.925 42
    endloop
  endfacet
  facet normal 1 0 0
    outer loop
      vertex 1.2 9.925 42
      vertex 1.2 9.125 42
      vertex 1.2 9.925 34
    endloop
  endfacet
  facet normal 1 0 0
    outer loop
      vertex 1.2 9.125 34
      vertex 1.2 9.925 34
      vertex 1.2 9.125 42
    endloop
  endfacet
  facet normal 1 0 0
    outer loop
      vertex 1.2 9.925 34
      vertex 1.2 9.125 34
      vertex 1.2 9.925 32.4
    endloop
  endfacet
  facet normal 1 0 0
    outer loop
      vertex 1.2 9.925 32.4
      vertex 1.2 9.125 32.4
      vertex 1.2 9.925 31.6
    endloop
  endfacet
  facet normal 1 0 0
    outer loop
      vertex 1.2 9.125 31.6
      vertex 1.2 9.925 31.6
      vertex 1.2 9.125 32.4
    endloop
  endfacet
  facet normal 1 0 0
    outer loop
      vertex 1.2 9.125 30
      vertex 1.2 9.925 30
      vertex 1.2 9.125 31.6
    endloop
  endfacet
  facet normal 1 0 0
    outer loop
      vertex 1.2 9.125 22
      vertex 1.2 9.925 22
      vertex 1.2 9.125 30
    endloop
  endfacet
  facet normal 1 0 0
    outer loop
      vertex 1.2 9.925 22
      vertex 1.2 9.125 22
      vertex 1.2 9.925 20.4
    endloop
  endfacet
  facet normal 1 0 0
    outer loop
      vertex 1.2 9.925 20.4
      vertex 1.2 9.125 20.4
      vertex 1.2 9.925 19.6
    endloop
  endfacet
  facet normal 1 0 0
    outer loop
      vertex 1.2 9.125 19.6
      vertex 1.2 9.925 19.6
      vertex 1.2 9.125 20.4
    endloop
  endfacet
  facet normal 1 0 0
    outer loop
      vertex 1.2 9.925 19.6
      vertex 1.2 9.125 19.6
      vertex 1.2 9.925 18
    endloop
  endfacet
  facet normal 1 0 0
    outer loop
      vertex 1.2 9.125 44.4
      vertex 1.2 9.925 46
      vertex 1.2 9.125 46
    endloop
  endfacet
  facet normal 1 0 0
    outer loop
      vertex 1.2 16.5015 53.8796
      vertex 1.2 9.125 46
      vertex 1.2 9.925 46
    endloop
  endfacet
  facet normal 1 -0 0
    outer loop
      vertex 1.2 1.2 53.8796
      vertex 1.2 9.125 46
      vertex 1.2 16.5015 53.8796
    endloop
  endfacet
  facet normal 1 0 0
    outer loop
      vertex 1.2 1.2 53.8796
      vertex 1.2 7.525 44.4
      vertex 1.2 7.525 46
    endloop
  endfacet
  facet normal 1 0 0
    outer loop
      vertex 1.2 7.525 44.4
      vertex 1.2 1.2 53.8796
      vertex 1.2 7.525 43.6
    endloop
  endfacet
  facet normal 1 0 0
    outer loop
      vertex 1.2 7.525 43.6
      vertex 1.2 1.2 53.8796
      vertex 1.2 7.525 42
    endloop
  endfacet
  facet normal 1 0 0
    outer loop
      vertex 1.2 7.525 42
      vertex 1.2 1.2 53.8796
      vertex 1.2 7.525 34
    endloop
  endfacet
  facet normal 1 0 0
    outer loop
      vertex 1.2 7.525 34
      vertex 1.2 1.2 53.8796
      vertex 1.2 7.525 32.4
    endloop
  endfacet
  facet normal 1 0 0
    outer loop
      vertex 1.2 7.525 32.4
      vertex 1.2 1.2 53.8796
      vertex 1.2 7.525 31.6
    endloop
  endfacet
  facet normal 1 0 0
    outer loop
      vertex 1.2 7.525 31.6
      vertex 1.2 1.2 53.8796
      vertex 1.2 7.525 30
    endloop
  endfacet
  facet normal 1 0 0
    outer loop
      vertex 1.2 1.2 1.5
      vertex 1.2 7.525 30
      vertex 1.2 1.2 53.8796
    endloop
  endfacet
  facet normal 1 0 0
    outer loop
      vertex 1.2 7.525 30
      vertex 1.2 1.2 1.5
      vertex 1.2 7.525 22
    endloop
  endfacet
  facet normal 1 0 0
    outer loop
      vertex 1.2 7.525 22
      vertex 1.2 1.2 1.5
      vertex 1.2 7.525 20.4
    endloop
  endfacet
  facet normal 1 0 0
    outer loop
      vertex 1.2 7.525 20.4
      vertex 1.2 1.2 1.5
      vertex 1.2 7.525 19.6
    endloop
  endfacet
  facet normal 1 0 0
    outer loop
      vertex 1.2 7.525 19.6
      vertex 1.2 1.2 1.5
      vertex 1.2 7.525 18
    endloop
  endfacet
  facet normal 1 0 0
    outer loop
      vertex 1.2 7.525 10
      vertex 1.2 1.2 1.5
      vertex 1.2 7.525 8.4
    endloop
  endfacet
  facet normal 1 0 0
    outer loop
      vertex 1.2 7.525 8.4
      vertex 1.2 1.2 1.5
      vertex 1.2 7.525 7.6
    endloop
  endfacet
  facet normal 1 0 0
    outer loop
      vertex 1.2 7.525 18
      vertex 1.2 1.2 1.5
      vertex 1.2 7.525 10
    endloop
  endfacet
  facet normal 1 0 0
    outer loop
      vertex 1.2 9.125 46
      vertex 1.2 1.2 53.8796
      vertex 1.2 7.525 46
    endloop
  endfacet
  facet normal 1 0 0
    outer loop
      vertex 1.2 17.85 50.1747
      vertex 1.2 11.525 43.6
      vertex 1.2 11.525 42
    endloop
  endfacet
  facet normal 1 0 0
    outer loop
      vertex 1.2 17.85 50.1747
      vertex 1.2 11.525 42
      vertex 1.2 11.525 34
    endloop
  endfacet
  facet normal 1 0 0
    outer loop
      vertex 1.2 17.85 50.1747
      vertex 1.2 11.525 34
      vertex 1.2 11.525 32.4
    endloop
  endfacet
  facet normal 1 0 0
    outer loop
      vertex 1.2 17.85 50.1747
      vertex 1.2 11.525 32.4
      vertex 1.2 11.525 31.6
    endloop
  endfacet
  facet normal 1 0 0
    outer loop
      vertex 1.2 17.85 50.1747
      vertex 1.2 11.525 31.6
      vertex 1.2 11.525 30
    endloop
  endfacet
  facet normal 1 -0 0
    outer loop
      vertex 1.2 11.525 8.4
      vertex 1.2 16.5058 4.37291
      vertex 1.2 11.525 10
    endloop
  endfacet
  facet normal 1 0 0
    outer loop
      vertex 1.2 15.8512 4.16021
      vertex 1.2 11.525 6
      vertex 1.2 15.5569 3.97984
    endloop
  endfacet
  facet normal 1 0 0
    outer loop
      vertex 1.2 15.5569 3.97984
      vertex 1.2 11.525 6
      vertex 1.2 15.2944 3.75563
    endloop
  endfacet
  facet normal 1 0 0
    outer loop
      vertex 1.2 15.2944 3.75563
      vertex 1.2 11.525 6
      vertex 1.2 15.0702 3.49313
    endloop
  endfacet
  facet normal 1 0 0
    outer loop
      vertex 1.2 15.0702 3.49313
      vertex 1.2 11.525 6
      vertex 1.2 14.8898 3.19878
    endloop
  endfacet
  facet normal 1 0 -0
    outer loop
      vertex 1.2 13.35 2.2
      vertex 1.2 14.8898 3.19878
      vertex 1.2 11.525 6
    endloop
  endfacet
  facet normal 1 0 0
    outer loop
      vertex 1.2 14.8898 3.19878
      vertex 1.2 13.35 2.2
      vertex 1.2 14.7577 2.87984
    endloop
  endfacet
  facet normal 1 0 0
    outer loop
      vertex 1.2 14.7577 2.87984
      vertex 1.2 13.35 2.2
      vertex 1.2 14.6771 2.54416
    endloop
  endfacet
  facet normal 1 0 0
    outer loop
      vertex 1.2 14.6771 2.54416
      vertex 1.2 13.35 2.2
      vertex 1.2 14.65 2.2
    endloop
  endfacet
  facet normal 1 -0 0
    outer loop
      vertex 1.2 9.925 6
      vertex 1.2 13.35 2.2
      vertex 1.2 11.525 6
    endloop
  endfacet
  facet normal 1 -0 0
    outer loop
      vertex 1.2 9.125 6
      vertex 1.2 13.35 2.2
      vertex 1.2 9.925 6
    endloop
  endfacet
  facet normal 1 0 0
    outer loop
      vertex 1.2 9.925 43.6
      vertex 1.2 9.125 44.4
      vertex 1.2 9.125 43.6
    endloop
  endfacet
  facet normal 1 0 0
    outer loop
      vertex 1.2 9.925 42
      vertex 1.2 9.125 43.6
      vertex 1.2 9.125 42
    endloop
  endfacet
  facet normal 1 0 0
    outer loop
      vertex 1.2 9.125 32.4
      vertex 1.2 9.925 32.4
      vertex 1.2 9.125 34
    endloop
  endfacet
  facet normal 1 0 0
    outer loop
      vertex 1.2 9.925 31.6
      vertex 1.2 9.125 31.6
      vertex 1.2 9.925 30
    endloop
  endfacet
  facet normal 1 0 0
    outer loop
      vertex 1.2 9.925 30
      vertex 1.2 9.125 30
      vertex 1.2 9.925 22
    endloop
  endfacet
  facet normal 1 0 0
    outer loop
      vertex 1.2 9.125 20.4
      vertex 1.2 9.925 20.4
      vertex 1.2 9.125 22
    endloop
  endfacet
  facet normal 1 0 0
    outer loop
      vertex 1.2 9.125 18
      vertex 1.2 9.925 18
      vertex 1.2 9.125 19.6
    endloop
  endfacet
  facet normal 1 0 0
    outer loop
      vertex 1.2 9.925 18
      vertex 1.2 9.125 18
      vertex 1.2 9.925 10
    endloop
  endfacet
  facet normal 1 0 0
    outer loop
      vertex 1.2 9.125 10
      vertex 1.2 9.925 10
      vertex 1.2 9.125 18
    endloop
  endfacet
  facet normal 1 0 0
    outer loop
      vertex 1.2 9.925 10
      vertex 1.2 9.125 10
      vertex 1.2 9.925 8.4
    endloop
  endfacet
  facet normal 1 0 0
    outer loop
      vertex 1.2 9.125 8.4
      vertex 1.2 9.925 8.4
      vertex 1.2 9.125 10
    endloop
  endfacet
  facet normal 1 0 0
    outer loop
      vertex 1.2 9.925 8.4
      vertex 1.2 9.125 8.4
      vertex 1.2 9.925 7.6
    endloop
  endfacet
  facet normal 1 0 0
    outer loop
      vertex 1.2 9.125 7.6
      vertex 1.2 9.925 7.6
      vertex 1.2 9.125 8.4
    endloop
  endfacet
  facet normal 1 0 0
    outer loop
      vertex 1.2 9.925 7.6
      vertex 1.2 9.125 7.6
      vertex 1.2 9.925 6
    endloop
  endfacet
  facet normal 1 0 0
    outer loop
      vertex 1.2 9.125 6
      vertex 1.2 9.925 6
      vertex 1.2 9.125 7.6
    endloop
  endfacet
  facet normal 1 0 0
    outer loop
      vertex 1.2 13.35 2.2
      vertex 1.2 9.125 6
      vertex 1.2 13.35 1.5
    endloop
  endfacet
  facet normal 1 -0 0
    outer loop
      vertex 1.2 7.525 6
      vertex 1.2 13.35 1.5
      vertex 1.2 9.125 6
    endloop
  endfacet
  facet normal 1 0 0
    outer loop
      vertex 1.2 7.525 6
      vertex 1.2 1.2 1.5
      vertex 1.2 13.35 1.5
    endloop
  endfacet
  facet normal 1 0 0
    outer loop
      vertex 1.2 7.525 7.6
      vertex 1.2 1.2 1.5
      vertex 1.2 7.525 6
    endloop
  endfacet
  facet normal 0 0 1
    outer loop
      vertex 19.4 14.35 1.5
      vertex 6 14.35 1.5
      vertex 19.4 13.35 1.5
    endloop
  endfacet
  facet normal -0 0 1
    outer loop
      vertex 19.4 13.35 1.5
      vertex 24.2 1.2 1.5
      vertex 24.2 13.35 1.5
    endloop
  endfacet
  facet normal 0 0 1
    outer loop
      vertex 6 13.35 1.5
      vertex 19.4 13.35 1.5
      vertex 6 14.35 1.5
    endloop
  endfacet
  facet normal 0 0 1
    outer loop
      vertex 19.4 13.35 1.5
      vertex 6 13.35 1.5
      vertex 24.2 1.2 1.5
    endloop
  endfacet
  facet normal 0 0 1
    outer loop
      vertex 1.2 1.2 1.5
      vertex 6 13.35 1.5
      vertex 1.2 13.35 1.5
    endloop
  endfacet
  facet normal 0 0 1
    outer loop
      vertex 6 13.35 1.5
      vertex 1.2 1.2 1.5
      vertex 24.2 1.2 1.5
    endloop
  endfacet
  facet normal -1 0 0
    outer loop
      vertex 24.2 7.525 43.6
      vertex 24.2 9.125 44.4
      vertex 24.2 9.125 43.6
    endloop
  endfacet
  facet normal -1 -0 0
    outer loop
      vertex 24.2 9.125 44.4
      vertex 24.2 7.525 43.6
      vertex 24.2 7.525 44.4
    endloop
  endfacet
  facet normal -1 0 0
    outer loop
      vertex 24.2 7.525 34
      vertex 24.2 9.125 42
      vertex 24.2 9.125 34
    endloop
  endfacet
  facet normal -1 -0 0
    outer loop
      vertex 24.2 9.125 42
      vertex 24.2 7.525 34
      vertex 24.2 7.525 42
    endloop
  endfacet
  facet normal -1 0 0
    outer loop
      vertex 24.2 7.525 31.6
      vertex 24.2 9.125 32.4
      vertex 24.2 9.125 31.6
    endloop
  endfacet
  facet normal -1 -0 0
    outer loop
      vertex 24.2 9.125 32.4
      vertex 24.2 7.525 31.6
      vertex 24.2 7.525 32.4
    endloop
  endfacet
  facet normal -1 0 0
    outer loop
      vertex 24.2 7.525 22
      vertex 24.2 9.125 30
      vertex 24.2 9.125 22
    endloop
  endfacet
  facet normal -1 -0 0
    outer loop
      vertex 24.2 9.125 30
      vertex 24.2 7.525 22
      vertex 24.2 7.525 30
    endloop
  endfacet
  facet normal -1 0 0
    outer loop
      vertex 24.2 7.525 19.6
      vertex 24.2 9.125 20.4
      vertex 24.2 9.125 19.6
    endloop
  endfacet
  facet normal -1 -0 0
    outer loop
      vertex 24.2 9.125 20.4
      vertex 24.2 7.525 19.6
      vertex 24.2 7.525 20.4
    endloop
  endfacet
  facet normal -1 0 0
    outer loop
      vertex 24.2 7.525 10
      vertex 24.2 9.125 18
      vertex 24.2 9.125 10
    endloop
  endfacet
  facet normal -1 -0 0
    outer loop
      vertex 24.2 9.125 18
      vertex 24.2 7.525 10
      vertex 24.2 7.525 18
    endloop
  endfacet
  facet normal -1 0 0
    outer loop
      vertex 24.2 7.525 7.6
      vertex 24.2 9.125 8.4
      vertex 24.2 9.125 7.6
    endloop
  endfacet
  facet normal -1 -0 0
    outer loop
      vertex 24.2 9.125 8.4
      vertex 24.2 7.525 7.6
      vertex 24.2 7.525 8.4
    endloop
  endfacet
  facet normal -1 0 0
    outer loop
      vertex 24.2 9.925 43.6
      vertex 24.2 11.525 44.4
      vertex 24.2 11.525 43.6
    endloop
  endfacet
  facet normal -1 -0 0
    outer loop
      vertex 24.2 11.525 44.4
      vertex 24.2 9.925 43.6
      vertex 24.2 9.925 44.4
    endloop
  endfacet
  facet normal -1 0 0
    outer loop
      vertex 24.2 9.925 34
      vertex 24.2 11.525 42
      vertex 24.2 11.525 34
    endloop
  endfacet
  facet normal -1 -0 0
    outer loop
      vertex 24.2 11.525 42
      vertex 24.2 9.925 34
      vertex 24.2 9.925 42
    endloop
  endfacet
  facet normal -1 0 0
    outer loop
      vertex 24.2 9.925 31.6
      vertex 24.2 11.525 32.4
      vertex 24.2 11.525 31.6
    endloop
  endfacet
  facet normal -1 -0 0
    outer loop
      vertex 24.2 11.525 32.4
      vertex 24.2 9.925 31.6
      vertex 24.2 9.925 32.4
    endloop
  endfacet
  facet normal -1 0 0
    outer loop
      vertex 24.2 9.925 22
      vertex 24.2 11.525 30
      vertex 24.2 11.525 22
    endloop
  endfacet
  facet normal -1 -0 0
    outer loop
      vertex 24.2 11.525 30
      vertex 24.2 9.925 22
      vertex 24.2 9.925 30
    endloop
  endfacet
  facet normal -1 0 0
    outer loop
      vertex 24.2 9.925 19.6
      vertex 24.2 11.525 20.4
      vertex 24.2 11.525 19.6
    endloop
  endfacet
  facet normal -1 -0 0
    outer loop
      vertex 24.2 11.525 20.4
      vertex 24.2 9.925 19.6
      vertex 24.2 9.925 20.4
    endloop
  endfacet
  facet normal -1 0 0
    outer loop
      vertex 24.2 9.925 10
      vertex 24.2 11.525 18
      vertex 24.2 11.525 10
    endloop
  endfacet
  facet normal -1 -0 0
    outer loop
      vertex 24.2 11.525 18
      vertex 24.2 9.925 10
      vertex 24.2 9.925 18
    endloop
  endfacet
  facet normal -1 0 0
    outer loop
      vertex 24.2 9.925 7.6
      vertex 24.2 11.525 8.4
      vertex 24.2 11.525 7.6
    endloop
  endfacet
  facet normal -1 -0 0
    outer loop
      vertex 24.2 11.525 8.4
      vertex 24.2 9.925 7.6
      vertex 24.2 9.925 8.4
    endloop
  endfacet
  facet normal -1 0 0
    outer loop
      vertex 24.2 9.125 6
      vertex 24.2 13.35 2.2
      vertex 24.2 13.35 1.5
    endloop
  endfacet
  facet normal -1 0 0
    outer loop
      vertex 24.2 13.35 2.2
      vertex 24.2 9.925 6
      vertex 24.2 11.525 6
    endloop
  endfacet
  facet normal -1 0 0
    outer loop
      vertex 24.2 9.125 7.6
      vertex 24.2 9.925 7.6
      vertex 24.2 9.925 6
    endloop
  endfacet
  facet normal -1 0 0
    outer loop
      vertex 24.2 9.925 7.6
      vertex 24.2 9.125 7.6
      vertex 24.2 9.925 8.4
    endloop
  endfacet
  facet normal -1 0 0
    outer loop
      vertex 24.2 9.925 8.4
      vertex 24.2 9.125 8.4
      vertex 24.2 9.925 10
    endloop
  endfacet
  facet normal -1 0 0
    outer loop
      vertex 24.2 9.925 10
      vertex 24.2 9.125 10
      vertex 24.2 9.925 18
    endloop
  endfacet
  facet normal -1 0 0
    outer loop
      vertex 24.2 9.125 18
      vertex 24.2 9.925 18
      vertex 24.2 9.125 10
    endloop
  endfacet
  facet normal -1 0 0
    outer loop
      vertex 24.2 9.925 18
      vertex 24.2 9.125 18
      vertex 24.2 9.925 19.6
    endloop
  endfacet
  facet normal -1 0 0
    outer loop
      vertex 24.2 9.925 19.6
      vertex 24.2 9.125 19.6
      vertex 24.2 9.925 20.4
    endloop
  endfacet
  facet normal -1 0 0
    outer loop
      vertex 24.2 9.125 20.4
      vertex 24.2 9.925 20.4
      vertex 24.2 9.125 19.6
    endloop
  endfacet
  facet normal -1 0 0
    outer loop
      vertex 24.2 9.125 22
      vertex 24.2 9.925 22
      vertex 24.2 9.125 20.4
    endloop
  endfacet
  facet normal -1 0 0
    outer loop
      vertex 24.2 9.125 30
      vertex 24.2 9.925 30
      vertex 24.2 9.125 22
    endloop
  endfacet
  facet normal -1 0 0
    outer loop
      vertex 24.2 9.925 30
      vertex 24.2 9.125 30
      vertex 24.2 9.925 31.6
    endloop
  endfacet
  facet normal -1 0 0
    outer loop
      vertex 24.2 9.925 31.6
      vertex 24.2 9.125 31.6
      vertex 24.2 9.925 32.4
    endloop
  endfacet
  facet normal -1 0 0
    outer loop
      vertex 24.2 9.125 32.4
      vertex 24.2 9.925 32.4
      vertex 24.2 9.125 31.6
    endloop
  endfacet
  facet normal -1 0 0
    outer loop
      vertex 24.2 9.925 32.4
      vertex 24.2 9.125 32.4
      vertex 24.2 9.925 34
    endloop
  endfacet
  facet normal -1 0 0
    outer loop
      vertex 24.2 9.125 7.6
      vertex 24.2 9.925 6
      vertex 24.2 9.125 6
    endloop
  endfacet
  facet normal -1 0 0
    outer loop
      vertex 24.2 13.35 2.2
      vertex 24.2 9.125 6
      vertex 24.2 9.925 6
    endloop
  endfacet
  facet normal -1 0 0
    outer loop
      vertex 24.2 13.35 1.5
      vertex 24.2 7.525 6
      vertex 24.2 9.125 6
    endloop
  endfacet
  facet normal -1 0 0
    outer loop
      vertex 24.2 1.2 1.5
      vertex 24.2 7.525 7.6
      vertex 24.2 7.525 6
    endloop
  endfacet
  facet normal -1 -0 0
    outer loop
      vertex 24.2 7.525 7.6
      vertex 24.2 1.2 1.5
      vertex 24.2 7.525 8.4
    endloop
  endfacet
  facet normal -1 -0 0
    outer loop
      vertex 24.2 7.525 8.4
      vertex 24.2 1.2 1.5
      vertex 24.2 7.525 10
    endloop
  endfacet
  facet normal -1 -0 0
    outer loop
      vertex 24.2 7.525 10
      vertex 24.2 1.2 1.5
      vertex 24.2 7.525 18
    endloop
  endfacet
  facet normal -1 -0 0
    outer loop
      vertex 24.2 7.525 18
      vertex 24.2 1.2 1.5
      vertex 24.2 7.525 19.6
    endloop
  endfacet
  facet normal -1 -0 0
    outer loop
      vertex 24.2 7.525 19.6
      vertex 24.2 1.2 1.5
      vertex 24.2 7.525 20.4
    endloop
  endfacet
  facet normal -1 -0 0
    outer loop
      vertex 24.2 7.525 20.4
      vertex 24.2 1.2 1.5
      vertex 24.2 7.525 22
    endloop
  endfacet
  facet normal -1 -0 0
    outer loop
      vertex 24.2 7.525 22
      vertex 24.2 1.2 1.5
      vertex 24.2 7.525 30
    endloop
  endfacet
  facet normal -1 0 0
    outer loop
      vertex 24.2 1.2 53.8796
      vertex 24.2 7.525 30
      vertex 24.2 1.2 1.5
    endloop
  endfacet
  facet normal -1 0 0
    outer loop
      vertex 24.2 7.525 30
      vertex 24.2 1.2 53.8796
      vertex 24.2 7.525 31.6
    endloop
  endfacet
  facet normal -1 0 0
    outer loop
      vertex 24.2 7.525 31.6
      vertex 24.2 1.2 53.8796
      vertex 24.2 7.525 32.4
    endloop
  endfacet
  facet normal -1 0 0
    outer loop
      vertex 24.2 7.525 32.4
      vertex 24.2 1.2 53.8796
      vertex 24.2 7.525 34
    endloop
  endfacet
  facet normal -1 0 0
    outer loop
      vertex 24.2 7.525 34
      vertex 24.2 1.2 53.8796
      vertex 24.2 7.525 42
    endloop
  endfacet
  facet normal -1 0 0
    outer loop
      vertex 24.2 7.525 42
      vertex 24.2 1.2 53.8796
      vertex 24.2 7.525 43.6
    endloop
  endfacet
  facet normal -1 0 0
    outer loop
      vertex 24.2 7.525 43.6
      vertex 24.2 1.2 53.8796
      vertex 24.2 7.525 44.4
    endloop
  endfacet
  facet normal -1 0 0
    outer loop
      vertex 24.2 1.2 1.5
      vertex 24.2 7.525 6
      vertex 24.2 13.35 1.5
    endloop
  endfacet
  facet normal -1 0 0
    outer loop
      vertex 24.2 11.525 18
      vertex 24.2 17.6 4.26326
      vertex 24.2 17.5298 4.29232
    endloop
  endfacet
  facet normal -1 0 0
    outer loop
      vertex 24.2 11.525 10
      vertex 24.2 17.5298 4.29232
      vertex 24.2 17.1942 4.37291
    endloop
  endfacet
  facet normal -1 0 0
    outer loop
      vertex 24.2 11.525 10
      vertex 24.2 17.1942 4.37291
      vertex 24.2 16.85 4.4
    endloop
  endfacet
  facet normal -1 0 0
    outer loop
      vertex 24.2 11.525 10
      vertex 24.2 16.85 4.4
      vertex 24.2 16.5058 4.37291
    endloop
  endfacet
  facet normal -1 0 0
    outer loop
      vertex 24.2 17.6 4.26326
      vertex 24.2 11.525 30
      vertex 24.2 17.6 50.8616
    endloop
  endfacet
  facet normal -1 0 0
    outer loop
      vertex 24.2 11.525 8.4
      vertex 24.2 16.5058 4.37291
      vertex 24.2 16.1702 4.29232
    endloop
  endfacet
  facet normal -1 0 0
    outer loop
      vertex 24.2 11.525 7.6
      vertex 24.2 16.1702 4.29232
      vertex 24.2 15.8512 4.16021
    endloop
  endfacet
  facet normal -1 0 0
    outer loop
      vertex 24.2 11.525 6
      vertex 24.2 15.8512 4.16021
      vertex 24.2 15.5569 3.97984
    endloop
  endfacet
  facet normal -1 0 0
    outer loop
      vertex 24.2 11.525 6
      vertex 24.2 15.5569 3.97984
      vertex 24.2 15.2944 3.75563
    endloop
  endfacet
  facet normal -1 0 0
    outer loop
      vertex 24.2 11.525 6
      vertex 24.2 15.2944 3.75563
      vertex 24.2 15.0702 3.49313
    endloop
  endfacet
  facet normal -1 0 0
    outer loop
      vertex 24.2 11.525 6
      vertex 24.2 15.0702 3.49313
      vertex 24.2 14.8898 3.19878
    endloop
  endfacet
  facet normal -1 0 0
    outer loop
      vertex 24.2 13.35 2.2
      vertex 24.2 14.8898 3.19878
      vertex 24.2 14.7577 2.87984
    endloop
  endfacet
  facet normal -1 0 0
    outer loop
      vertex 24.2 13.35 2.2
      vertex 24.2 14.7577 2.87984
      vertex 24.2 14.6771 2.54416
    endloop
  endfacet
  facet normal -1 0 0
    outer loop
      vertex 24.2 13.35 2.2
      vertex 24.2 14.6771 2.54416
      vertex 24.2 14.65 2.2
    endloop
  endfacet
  facet normal -1 -0 0
    outer loop
      vertex 24.2 14.8898 3.19878
      vertex 24.2 13.35 2.2
      vertex 24.2 11.525 6
    endloop
  endfacet
  facet normal -1 0 0
    outer loop
      vertex 24.2 15.8512 4.16021
      vertex 24.2 11.525 6
      vertex 24.2 11.525 7.6
    endloop
  endfacet
  facet normal -1 0 0
    outer loop
      vertex 24.2 16.1702 4.29232
      vertex 24.2 11.525 7.6
      vertex 24.2 11.525 8.4
    endloop
  endfacet
  facet normal -1 0 0
    outer loop
      vertex 24.2 16.5058 4.37291
      vertex 24.2 11.525 8.4
      vertex 24.2 11.525 10
    endloop
  endfacet
  facet normal -1 0 0
    outer loop
      vertex 24.2 17.5298 4.29232
      vertex 24.2 11.525 10
      vertex 24.2 11.525 18
    endloop
  endfacet
  facet normal -1 0 0
    outer loop
      vertex 24.2 17.6 4.26326
      vertex 24.2 11.525 18
      vertex 24.2 11.525 19.6
    endloop
  endfacet
  facet normal -1 0 0
    outer loop
      vertex 24.2 17.6 4.26326
      vertex 24.2 11.525 19.6
      vertex 24.2 11.525 20.4
    endloop
  endfacet
  facet normal -1 0 0
    outer loop
      vertex 24.2 17.6 4.26326
      vertex 24.2 11.525 20.4
      vertex 24.2 11.525 22
    endloop
  endfacet
  facet normal -1 0 0
    outer loop
      vertex 24.2 17.6 4.26326
      vertex 24.2 11.525 22
      vertex 24.2 11.525 30
    endloop
  endfacet
  facet normal -1 0 0
    outer loop
      vertex 24.2 11.525 31.6
      vertex 24.2 17.6 50.8616
      vertex 24.2 11.525 30
    endloop
  endfacet
  facet normal -1 0 0
    outer loop
      vertex 24.2 11.525 32.4
      vertex 24.2 17.6 50.8616
      vertex 24.2 11.525 31.6
    endloop
  endfacet
  facet normal -1 0 0
    outer loop
      vertex 24.2 11.525 34
      vertex 24.2 17.6 50.8616
      vertex 24.2 11.525 32.4
    endloop
  endfacet
  facet normal -1 0 0
    outer loop
      vertex 24.2 11.525 42
      vertex 24.2 17.6 50.8616
      vertex 24.2 11.525 34
    endloop
  endfacet
  facet normal -1 0 0
    outer loop
      vertex 24.2 11.525 43.6
      vertex 24.2 17.6 50.8616
      vertex 24.2 11.525 42
    endloop
  endfacet
  facet normal -1 0 0
    outer loop
      vertex 24.2 11.525 44.4
      vertex 24.2 17.6 50.8616
      vertex 24.2 11.525 43.6
    endloop
  endfacet
  facet normal -1 0 0
    outer loop
      vertex 24.2 11.525 46
      vertex 24.2 17.6 50.8616
      vertex 24.2 11.525 44.4
    endloop
  endfacet
  facet normal -1 -0 0
    outer loop
      vertex 24.2 17.6 50.8616
      vertex 24.2 11.525 46
      vertex 24.2 16.5015 53.8796
    endloop
  endfacet
  facet normal -1 0 0
    outer loop
      vertex 24.2 9.925 46
      vertex 24.2 16.5015 53.8796
      vertex 24.2 11.525 46
    endloop
  endfacet
  facet normal -1 -0 0
    outer loop
      vertex 24.2 9.925 8.4
      vertex 24.2 9.125 7.6
      vertex 24.2 9.125 8.4
    endloop
  endfacet
  facet normal -1 -0 0
    outer loop
      vertex 24.2 9.925 10
      vertex 24.2 9.125 8.4
      vertex 24.2 9.125 10
    endloop
  endfacet
  facet normal -1 0 0
    outer loop
      vertex 24.2 9.125 19.6
      vertex 24.2 9.925 19.6
      vertex 24.2 9.125 18
    endloop
  endfacet
  facet normal -1 0 0
    outer loop
      vertex 24.2 9.925 20.4
      vertex 24.2 9.125 20.4
      vertex 24.2 9.925 22
    endloop
  endfacet
  facet normal -1 0 0
    outer loop
      vertex 24.2 9.925 22
      vertex 24.2 9.125 22
      vertex 24.2 9.925 30
    endloop
  endfacet
  facet normal -1 0 0
    outer loop
      vertex 24.2 9.125 31.6
      vertex 24.2 9.925 31.6
      vertex 24.2 9.125 30
    endloop
  endfacet
  facet normal -1 0 0
    outer loop
      vertex 24.2 9.125 34
      vertex 24.2 9.925 34
      vertex 24.2 9.125 32.4
    endloop
  endfacet
  facet normal -1 0 0
    outer loop
      vertex 24.2 9.925 34
      vertex 24.2 9.125 34
      vertex 24.2 9.925 42
    endloop
  endfacet
  facet normal -1 0 0
    outer loop
      vertex 24.2 9.125 42
      vertex 24.2 9.925 42
      vertex 24.2 9.125 34
    endloop
  endfacet
  facet normal -1 0 0
    outer loop
      vertex 24.2 9.925 42
      vertex 24.2 9.125 42
      vertex 24.2 9.925 43.6
    endloop
  endfacet
  facet normal -1 0 0
    outer loop
      vertex 24.2 9.125 43.6
      vertex 24.2 9.925 43.6
      vertex 24.2 9.125 42
    endloop
  endfacet
  facet normal -1 0 0
    outer loop
      vertex 24.2 9.925 43.6
      vertex 24.2 9.125 43.6
      vertex 24.2 9.925 44.4
    endloop
  endfacet
  facet normal -1 0 0
    outer loop
      vertex 24.2 9.125 44.4
      vertex 24.2 9.925 44.4
      vertex 24.2 9.125 43.6
    endloop
  endfacet
  facet normal -1 0 0
    outer loop
      vertex 24.2 9.925 44.4
      vertex 24.2 9.125 44.4
      vertex 24.2 9.925 46
    endloop
  endfacet
  facet normal -1 0 0
    outer loop
      vertex 24.2 9.125 46
      vertex 24.2 9.925 46
      vertex 24.2 9.125 44.4
    endloop
  endfacet
  facet normal -1 0 0
    outer loop
      vertex 24.2 9.125 46
      vertex 24.2 16.5015 53.8796
      vertex 24.2 9.925 46
    endloop
  endfacet
  facet normal -1 0 0
    outer loop
      vertex 24.2 1.2 53.8796
      vertex 24.2 9.125 46
      vertex 24.2 7.525 46
    endloop
  endfacet
  facet normal -1 0 0
    outer loop
      vertex 24.2 9.125 46
      vertex 24.2 1.2 53.8796
      vertex 24.2 16.5015 53.8796
    endloop
  endfacet
  facet normal -1 0 0
    outer loop
      vertex 24.2 7.525 44.4
      vertex 24.2 1.2 53.8796
      vertex 24.2 7.525 46
    endloop
  endfacet
  facet normal -0.578136 -0.000239311 0.81594
    outer loop
      vertex 10.1281 12.4594 60.5743
      vertex 12.7 13.4015 62.3969
      vertex 10.1392 12.579 60.5822
    endloop
  endfacet
  facet normal -0.578235 0.000225437 0.81587
    outer loop
      vertex 12.7 13.4015 62.3969
      vertex 10.1281 12.6986 60.5743
      vertex 10.1392 12.579 60.5822
    endloop
  endfacet
  facet normal -0.578073 -0.000668248 0.815985
    outer loop
      vertex 12.7 13.4015 62.3969
      vertex 10.1271 12.7089 60.5736
      vertex 10.1281 12.6986 60.5743
    endloop
  endfacet
  facet normal -0.577676 -0.00286562 0.816261
    outer loop
      vertex 12.7 13.4015 62.3969
      vertex 10.1248 12.7168 60.572
      vertex 10.1271 12.7089 60.5736
    endloop
  endfacet
  facet normal -0.578187 3.80384e-06 0.815904
    outer loop
      vertex 12.7 13.4015 62.3969
      vertex 10.1121 12.7609 60.563
      vertex 10.1248 12.7168 60.572
    endloop
  endfacet
  facet normal -0.578284 0.000591808 0.815836
    outer loop
      vertex 12.7 13.4015 62.3969
      vertex 10.0865 12.8355 60.5448
      vertex 10.1121 12.7609 60.563
    endloop
  endfacet
  facet normal -0.578211 8.68683e-05 0.815887
    outer loop
      vertex 12.7 13.4015 62.3969
      vertex 10.0707 12.8609 60.5336
      vertex 10.0865 12.8355 60.5448
    endloop
  endfacet
  facet normal -0.578137 -0.000449881 0.815939
    outer loop
      vertex 12.7 13.4015 62.3969
      vertex 10.0146 12.9514 60.4939
      vertex 10.0707 12.8609 60.5336
    endloop
  endfacet
  facet normal -0.578222 0.000305424 0.81588
    outer loop
      vertex 12.7 13.4015 62.3969
      vertex 9.98301 12.9831 60.4715
      vertex 10.0146 12.9514 60.4939
    endloop
  endfacet
  facet normal -0.578202 0.000114981 0.815894
    outer loop
      vertex 12.7 13.4015 62.3969
      vertex 9.91642 13.05 60.4243
      vertex 9.98301 12.9831 60.4715
    endloop
  endfacet
  facet normal -0.576906 -0.0145635 0.81668
    outer loop
      vertex 12.7 13.4015 62.3969
      vertex 9.91483 13.0513 60.4232
      vertex 9.91642 13.05 60.4243
    endloop
  endfacet
  facet normal -0.578186 -1.31323e-05 0.815905
    outer loop
      vertex 12.7 13.4015 62.3969
      vertex 9.78331 13.1057 60.33
      vertex 9.91483 13.0513 60.4232
    endloop
  endfacet
  facet normal -0.578192 6.63875e-05 0.815901
    outer loop
      vertex 12.7 13.4015 62.3969
      vertex 5.78331 14.1375 57.4953
      vertex 9.78331 13.1057 60.33
    endloop
  endfacet
  facet normal -0.578198 -1.92994e-05 0.815897
    outer loop
      vertex 1.55656 16.2757 54.5
      vertex 5.78331 14.1375 57.4953
      vertex 12.7 13.4015 62.3969
    endloop
  endfacet
  facet normal -0.57825 -0.000158377 0.81586
    outer loop
      vertex 1.55656 16.2757 54.5
      vertex 5.44607 14.0432 57.2563
      vertex 5.51138 14.0989 57.3026
    endloop
  endfacet
  facet normal -0.578133 0.00014915 0.815943
    outer loop
      vertex 1.55656 16.2757 54.5
      vertex 5.30318 13.834 57.1551
      vertex 5.33665 13.9163 57.1788
    endloop
  endfacet
  facet normal -0.578299 0.000625621 0.815825
    outer loop
      vertex 1.55656 12.8172 54.5
      vertex 5.28588 13.7768 57.1428
      vertex 5.2941 13.8117 57.1486
    endloop
  endfacet
  facet normal -0.577984 -0.00136008 0.816047
    outer loop
      vertex 5.27026 13.7104 57.1318
      vertex 1.55656 12.8172 54.5
      vertex 5.26615 13.657 57.1288
    endloop
  endfacet
  facet normal -0.578347 0.000904784 0.815791
    outer loop
      vertex 5.28588 13.7768 57.1428
      vertex 1.55656 12.8172 54.5
      vertex 5.27026 13.7104 57.1318
    endloop
  endfacet
  facet normal -0.578188 0 0.815903
    outer loop
      vertex 1.55656 12.8172 54.5
      vertex 5.2941 13.8117 57.1486
      vertex 1.55656 16.2757 54.5
    endloop
  endfacet
  facet normal -0.579015 -0.0018873 0.815315
    outer loop
      vertex 5.30318 13.834 57.1551
      vertex 1.55656 16.2757 54.5
      vertex 5.2941 13.8117 57.1486
    endloop
  endfacet
  facet normal -0.574611 0.00856229 0.818382
    outer loop
      vertex 5.33811 13.9187 57.1798
      vertex 1.55656 16.2757 54.5
      vertex 5.33665 13.9163 57.1788
    endloop
  endfacet
  facet normal -0.580649 -0.00595769 0.814132
    outer loop
      vertex 5.34266 13.9262 57.1831
      vertex 1.55656 16.2757 54.5
      vertex 5.33811 13.9187 57.1798
    endloop
  endfacet
  facet normal -0.578052 0.000359744 0.816
    outer loop
      vertex 5.41019 14.0126 57.2309
      vertex 1.55656 16.2757 54.5
      vertex 5.34266 13.9262 57.1831
    endloop
  endfacet
  facet normal -0.578029 0.000420013 0.816016
    outer loop
      vertex 5.44607 14.0432 57.2563
      vertex 1.55656 16.2757 54.5
      vertex 5.41019 14.0126 57.2309
    endloop
  endfacet
  facet normal -0.579157 -0.00263979 0.815212
    outer loop
      vertex 5.51812 14.1025 57.3074
      vertex 1.55656 16.2757 54.5
      vertex 5.51138 14.0989 57.3026
    endloop
  endfacet
  facet normal -0.578289 -0.000257086 0.815832
    outer loop
      vertex 5.5902 14.1257 57.3585
      vertex 1.55656 16.2757 54.5
      vertex 5.51812 14.1025 57.3074
    endloop
  endfacet
  facet normal -0.57796 0.000669176 0.816065
    outer loop
      vertex 5.64218 14.1424 57.3953
      vertex 1.55656 16.2757 54.5
      vertex 5.5902 14.1257 57.3585
    endloop
  endfacet
  facet normal -0.57841 -0.000624824 0.815746
    outer loop
      vertex 5.71382 14.1466 57.4461
      vertex 1.55656 16.2757 54.5
      vertex 5.64218 14.1424 57.3953
    endloop
  endfacet
  facet normal -0.577723 0.00138828 0.816232
    outer loop
      vertex 5.78331 14.1375 57.4953
      vertex 1.55656 16.2757 54.5
      vertex 5.71382 14.1466 57.4461
    endloop
  endfacet
  facet normal -0.578367 0.000711093 0.815776
    outer loop
      vertex 10.1271 12.4491 60.5736
      vertex 12.7 13.4015 62.3969
      vertex 10.1281 12.4594 60.5743
    endloop
  endfacet
  facet normal -0.579041 0.00345935 0.815291
    outer loop
      vertex 10.1248 12.4412 60.572
      vertex 12.7 13.4015 62.3969
      vertex 10.1271 12.4491 60.5736
    endloop
  endfacet
  facet normal -0.578185 -4.58779e-06 0.815906
    outer loop
      vertex 10.1121 12.3971 60.563
      vertex 12.7 13.4015 62.3969
      vertex 10.1248 12.4412 60.572
    endloop
  endfacet
  facet normal -0.577995 -0.000740921 0.81604
    outer loop
      vertex 10.0865 12.3225 60.5448
      vertex 12.7 13.4015 62.3969
      vertex 10.1121 12.3971 60.563
    endloop
  endfacet
  facet normal -0.578198 0 0.815896
    outer loop
      vertex 12.7 13.4015 62.3969
      vertex 10.0865 12.3225 60.5448
      vertex 12.7 9.94291 62.3969
    endloop
  endfacet
  facet normal -0.578236 -6.29279e-05 0.815869
    outer loop
      vertex 10.0707 12.2971 60.5336
      vertex 12.7 9.94291 62.3969
      vertex 10.0865 12.3225 60.5448
    endloop
  endfacet
  facet normal -0.578005 0.000326218 0.816034
    outer loop
      vertex 10.0146 12.2066 60.4939
      vertex 12.7 9.94291 62.3969
      vertex 10.0707 12.2971 60.5336
    endloop
  endfacet
  facet normal -0.578296 -0.0001937 0.815827
    outer loop
      vertex 9.98301 12.1749 60.4715
      vertex 12.7 9.94291 62.3969
      vertex 10.0146 12.2066 60.4939
    endloop
  endfacet
  facet normal -0.57823 -7.29507e-05 0.815874
    outer loop
      vertex 9.91642 12.108 60.4243
      vertex 12.7 9.94291 62.3969
      vertex 9.98301 12.1749 60.4715
    endloop
  endfacet
  facet normal -0.573501 0.00899686 0.819155
    outer loop
      vertex 9.91483 12.1068 60.4232
      vertex 12.7 9.94291 62.3969
      vertex 9.91642 12.108 60.4243
    endloop
  endfacet
  facet normal -0.578184 5.9456e-06 0.815906
    outer loop
      vertex 9.78331 12.0523 60.33
      vertex 12.7 9.94291 62.3969
      vertex 9.91483 12.1068 60.4232
    endloop
  endfacet
  facet normal -0.578559 -0.000772356 0.81564
    outer loop
      vertex 9.71382 12.0432 60.2807
      vertex 12.7 9.94291 62.3969
      vertex 9.78331 12.0523 60.33
    endloop
  endfacet
  facet normal -0.577282 0.00195105 0.816542
    outer loop
      vertex 9.67097 12.0456 60.2504
      vertex 12.7 9.94291 62.3969
      vertex 9.71382 12.0432 60.2807
    endloop
  endfacet
  facet normal -0.578148 8.13618e-05 0.815932
    outer loop
      vertex 9.64218 12.0473 60.23
      vertex 12.7 9.94291 62.3969
      vertex 9.67097 12.0456 60.2504
    endloop
  endfacet
  facet normal -0.578206 -4.57995e-05 0.815891
    outer loop
      vertex 8.17788 12.425 59.1923
      vertex 12.7 9.94291 62.3969
      vertex 9.64218 12.0473 60.23
    endloop
  endfacet
  facet normal -0.578195 6.03835e-05 0.815898
    outer loop
      vertex 1.55656 12.8172 54.5
      vertex 8.17788 12.425 59.1923
      vertex 5.64218 13.0791 57.3953
    endloop
  endfacet
  facet normal -0.578181 -0.000271497 0.815908
    outer loop
      vertex 1.55656 12.8172 54.5
      vertex 5.64218 13.0791 57.3953
      vertex 5.51812 13.1189 57.3074
    endloop
  endfacet
  facet normal -0.578424 0.00224989 0.815733
    outer loop
      vertex 1.55656 12.8172 54.5
      vertex 5.30318 13.3875 57.1551
      vertex 5.2941 13.4098 57.1486
    endloop
  endfacet
  facet normal -0.5781 -0.000817828 0.815965
    outer loop
      vertex 1.55656 12.8172 54.5
      vertex 5.28588 13.4447 57.1428
      vertex 5.27026 13.5111 57.1318
    endloop
  endfacet
  facet normal -0.57827 0.000535857 0.815845
    outer loop
      vertex 5.26615 13.657 57.1288
      vertex 1.55656 12.8172 54.5
      vertex 5.26258 13.6107 57.1263
    endloop
  endfacet
  facet normal -0.578119 -0.000519623 0.815952
    outer loop
      vertex 5.26258 13.6107 57.1263
      vertex 1.55656 12.8172 54.5
      vertex 5.26615 13.5645 57.1288
    endloop
  endfacet
  facet normal -0.578365 0.00131555 0.815777
    outer loop
      vertex 5.26615 13.5645 57.1288
      vertex 1.55656 12.8172 54.5
      vertex 5.27026 13.5111 57.1318
    endloop
  endfacet
  facet normal -0.578128 -0.000565385 0.815946
    outer loop
      vertex 5.28588 13.4447 57.1428
      vertex 1.55656 12.8172 54.5
      vertex 5.2941 13.4098 57.1486
    endloop
  endfacet
  facet normal -0.57818 -0.000177674 0.815909
    outer loop
      vertex 5.30318 13.3875 57.1551
      vertex 1.55656 12.8172 54.5
      vertex 5.33665 13.3052 57.1788
    endloop
  endfacet
  facet normal -0.578461 0.00312892 0.815704
    outer loop
      vertex 5.33665 13.3052 57.1788
      vertex 1.55656 12.8172 54.5
      vertex 5.34266 13.2953 57.1831
    endloop
  endfacet
  facet normal -0.57815 -0.000603619 0.81593
    outer loop
      vertex 5.34266 13.2953 57.1831
      vertex 1.55656 12.8172 54.5
      vertex 5.38774 13.2376 57.215
    endloop
  endfacet
  facet normal -0.578176 -0.000245936 0.815912
    outer loop
      vertex 5.38774 13.2376 57.215
      vertex 1.55656 12.8172 54.5
      vertex 5.41019 13.2089 57.2309
    endloop
  endfacet
  facet normal -0.578226 0.000487958 0.815877
    outer loop
      vertex 5.41019 13.2089 57.2309
      vertex 1.55656 12.8172 54.5
      vertex 5.50339 13.1294 57.297
    endloop
  endfacet
  facet normal -0.578199 -2.56884e-05 0.815896
    outer loop
      vertex 8.17788 12.425 59.1923
      vertex 1.55656 12.8172 54.5
      vertex 12.7 9.94291 62.3969
    endloop
  endfacet
  facet normal -0.578421 0.00457496 0.815726
    outer loop
      vertex 5.51138 13.1226 57.3026
      vertex 1.55656 12.8172 54.5
      vertex 5.51812 13.1189 57.3074
    endloop
  endfacet
  facet normal -0.577827 -0.0068384 0.816131
    outer loop
      vertex 5.50339 13.1294 57.297
      vertex 1.55656 12.8172 54.5
      vertex 5.51138 13.1226 57.3026
    endloop
  endfacet
  facet normal 0.578192 0 0.8159
    outer loop
      vertex 20.1059 13.8117 57.1486
      vertex 23.8434 12.8172 54.5
      vertex 23.8434 16.2757 54.5
    endloop
  endfacet
  facet normal 0.578208 8.61271e-05 0.815889
    outer loop
      vertex 23.8434 12.8172 54.5
      vertex 20.1333 13.6638 57.1292
      vertex 20.1374 13.6107 57.1263
    endloop
  endfacet
  facet normal 0.578062 -0.000870268 0.815992
    outer loop
      vertex 23.8434 12.8172 54.5
      vertex 20.1297 13.7104 57.1318
      vertex 20.1333 13.6638 57.1292
    endloop
  endfacet
  facet normal 0.578336 0.000837505 0.815798
    outer loop
      vertex 23.8434 12.8172 54.5
      vertex 20.1209 13.7479 57.138
      vertex 20.1297 13.7104 57.1318
    endloop
  endfacet
  facet normal 0.578264 0.000406948 0.815849
    outer loop
      vertex 23.8434 12.8172 54.5
      vertex 20.1059 13.8117 57.1486
      vertex 20.1209 13.7479 57.138
    endloop
  endfacet
  facet normal 0.578273 -0.00018441 0.815843
    outer loop
      vertex 23.8434 16.2757 54.5
      vertex 20.0653 13.9114 57.1774
      vertex 20.1059 13.8117 57.1486
    endloop
  endfacet
  facet normal 0.577236 0.00229991 0.816574
    outer loop
      vertex 23.8434 16.2757 54.5
      vertex 20.0633 13.9163 57.1788
      vertex 20.0653 13.9114 57.1774
    endloop
  endfacet
  facet normal 0.579008 -0.00196197 0.81532
    outer loop
      vertex 23.8434 16.2757 54.5
      vertex 20.0619 13.9187 57.1798
      vertex 20.0633 13.9163 57.1788
    endloop
  endfacet
  facet normal 0.579501 -0.00315709 0.814965
    outer loop
      vertex 23.8434 16.2757 54.5
      vertex 20.0573 13.9262 57.1831
      vertex 20.0619 13.9187 57.1798
    endloop
  endfacet
  facet normal 0.578108 0.000224556 0.81596
    outer loop
      vertex 23.8434 16.2757 54.5
      vertex 19.9898 14.0126 57.2309
      vertex 20.0573 13.9262 57.1831
    endloop
  endfacet
  facet normal 0.577943 0.00064687 0.816077
    outer loop
      vertex 23.8434 16.2757 54.5
      vertex 19.9539 14.0432 57.2563
      vertex 19.9898 14.0126 57.2309
    endloop
  endfacet
  facet normal 0.578274 -0.000219387 0.815843
    outer loop
      vertex 23.8434 16.2757 54.5
      vertex 19.8886 14.0989 57.3026
      vertex 19.9539 14.0432 57.2563
    endloop
  endfacet
  facet normal 0.580311 -0.00580989 0.814374
    outer loop
      vertex 23.8434 16.2757 54.5
      vertex 19.8819 14.1025 57.3074
      vertex 19.8886 14.0989 57.3026
    endloop
  endfacet
  facet normal 0.578224 -6.27183e-05 0.815878
    outer loop
      vertex 23.8434 16.2757 54.5
      vertex 19.8098 14.1257 57.3585
      vertex 19.8819 14.1025 57.3074
    endloop
  endfacet
  facet normal 0.577869 0.000936201 0.816129
    outer loop
      vertex 23.8434 16.2757 54.5
      vertex 19.7578 14.1424 57.3953
      vertex 19.8098 14.1257 57.3585
    endloop
  endfacet
  facet normal 0.578603 -0.0011761 0.815609
    outer loop
      vertex 23.8434 16.2757 54.5
      vertex 19.6862 14.1466 57.4461
      vertex 19.7578 14.1424 57.3953
    endloop
  endfacet
  facet normal 0.577646 0.00162832 0.816285
    outer loop
      vertex 23.8434 16.2757 54.5
      vertex 19.6167 14.1375 57.4953
      vertex 19.6862 14.1466 57.4461
    endloop
  endfacet
  facet normal 0.578196 -8.4535e-08 0.815898
    outer loop
      vertex 12.7 13.4015 62.3969
      vertex 19.6167 14.1375 57.4953
      vertex 23.8434 16.2757 54.5
    endloop
  endfacet
  facet normal 0.578178 -8.24617e-05 0.815911
    outer loop
      vertex 12.7 13.4015 62.3969
      vertex 15.2623 12.5955 60.5811
      vertex 15.2729 12.7089 60.5736
    endloop
  endfacet
  facet normal 0.578566 0.00177861 0.815633
    outer loop
      vertex 15.2623 12.5955 60.5811
      vertex 12.7 13.4015 62.3969
      vertex 15.2608 12.579 60.5822
    endloop
  endfacet
  facet normal 0.577676 -0.00286562 0.816261
    outer loop
      vertex 15.2752 12.7168 60.572
      vertex 12.7 13.4015 62.3969
      vertex 15.2729 12.7089 60.5736
    endloop
  endfacet
  facet normal 0.578187 3.80384e-06 0.815904
    outer loop
      vertex 15.2879 12.7609 60.563
      vertex 12.7 13.4015 62.3969
      vertex 15.2752 12.7168 60.572
    endloop
  endfacet
  facet normal 0.578284 0.000591808 0.815836
    outer loop
      vertex 15.3135 12.8355 60.5448
      vertex 12.7 13.4015 62.3969
      vertex 15.2879 12.7609 60.563
    endloop
  endfacet
  facet normal 0.578211 8.68683e-05 0.815887
    outer loop
      vertex 15.3293 12.8609 60.5336
      vertex 12.7 13.4015 62.3969
      vertex 15.3135 12.8355 60.5448
    endloop
  endfacet
  facet normal 0.578137 -0.000449881 0.815939
    outer loop
      vertex 15.3854 12.9514 60.4939
      vertex 12.7 13.4015 62.3969
      vertex 15.3293 12.8609 60.5336
    endloop
  endfacet
  facet normal 0.578204 0.000149135 0.815892
    outer loop
      vertex 15.417 12.9831 60.4715
      vertex 12.7 13.4015 62.3969
      vertex 15.3854 12.9514 60.4939
    endloop
  endfacet
  facet normal 0.578193 4.18784e-05 0.8159
    outer loop
      vertex 15.4836 13.05 60.4243
      vertex 12.7 13.4015 62.3969
      vertex 15.417 12.9831 60.4715
    endloop
  endfacet
  facet normal 0.576544 -0.0184039 0.816859
    outer loop
      vertex 15.4852 13.0513 60.4232
      vertex 12.7 13.4015 62.3969
      vertex 15.4836 13.05 60.4243
    endloop
  endfacet
  facet normal 0.578197 0.000161432 0.815897
    outer loop
      vertex 15.6167 13.1057 60.33
      vertex 12.7 13.4015 62.3969
      vertex 15.4852 13.0513 60.4232
    endloop
  endfacet
  facet normal 0.578191 7.19038e-05 0.815902
    outer loop
      vertex 19.6167 14.1375 57.4953
      vertex 12.7 13.4015 62.3969
      vertex 15.6167 13.1057 60.33
    endloop
  endfacet
  facet normal 0.578184 -8.3482e-05 0.815907
    outer loop
      vertex 20.1333 13.5577 57.1292
      vertex 23.8434 12.8172 54.5
      vertex 20.1374 13.6107 57.1263
    endloop
  endfacet
  facet normal 0.578307 0.000841766 0.815819
    outer loop
      vertex 20.1297 13.5111 57.1318
      vertex 23.8434 12.8172 54.5
      vertex 20.1333 13.5577 57.1292
    endloop
  endfacet
  facet normal 0.578108 -0.000757192 0.81596
    outer loop
      vertex 20.1209 13.4736 57.138
      vertex 23.8434 12.8172 54.5
      vertex 20.1297 13.5111 57.1318
    endloop
  endfacet
  facet normal 0.578154 -0.000367815 0.815928
    outer loop
      vertex 20.1059 13.4098 57.1486
      vertex 23.8434 12.8172 54.5
      vertex 20.1209 13.4736 57.138
    endloop
  endfacet
  facet normal 0.578216 0.000219742 0.815884
    outer loop
      vertex 20.0653 13.3101 57.1774
      vertex 23.8434 12.8172 54.5
      vertex 20.1059 13.4098 57.1486
    endloop
  endfacet
  facet normal 0.577956 -0.00273967 0.816063
    outer loop
      vertex 20.0633 13.3052 57.1788
      vertex 23.8434 12.8172 54.5
      vertex 20.0653 13.3101 57.1774
    endloop
  endfacet
  facet normal 0.578406 0.00249019 0.815745
    outer loop
      vertex 20.0619 13.3028 57.1798
      vertex 23.8434 12.8172 54.5
      vertex 20.0633 13.3052 57.1788
    endloop
  endfacet
  facet normal 0.578536 0.00404877 0.815646
    outer loop
      vertex 20.0573 13.2953 57.1831
      vertex 23.8434 12.8172 54.5
      vertex 20.0619 13.3028 57.1798
    endloop
  endfacet
  facet normal 0.578211 0.000126103 0.815887
    outer loop
      vertex 20.0123 13.2376 57.215
      vertex 23.8434 12.8172 54.5
      vertex 20.0573 13.2953 57.1831
    endloop
  endfacet
  facet normal 0.578116 -0.0011822 0.815954
    outer loop
      vertex 19.9898 13.2089 57.2309
      vertex 23.8434 12.8172 54.5
      vertex 20.0123 13.2376 57.215
    endloop
  endfacet
  facet normal 0.578229 0.000483241 0.815875
    outer loop
      vertex 19.8966 13.1294 57.297
      vertex 23.8434 12.8172 54.5
      vertex 19.9898 13.2089 57.2309
    endloop
  endfacet
  facet normal 0.577785 -0.00762074 0.816153
    outer loop
      vertex 19.8886 13.1226 57.3026
      vertex 23.8434 12.8172 54.5
      vertex 19.8966 13.1294 57.297
    endloop
  endfacet
  facet normal 0.578681 0.0100535 0.815492
    outer loop
      vertex 19.8819 13.1189 57.3074
      vertex 23.8434 12.8172 54.5
      vertex 19.8886 13.1226 57.3026
    endloop
  endfacet
  facet normal 0.578162 -0.000763152 0.815922
    outer loop
      vertex 19.7578 13.0791 57.3953
      vertex 23.8434 12.8172 54.5
      vertex 19.8819 13.1189 57.3074
    endloop
  endfacet
  facet normal 0.578196 2.24879e-05 0.815898
    outer loop
      vertex 17.2222 12.425 59.1922
      vertex 23.8434 12.8172 54.5
      vertex 19.7578 13.0791 57.3953
    endloop
  endfacet
  facet normal 0.578222 -7.47307e-05 0.81588
    outer loop
      vertex 12.7 9.94291 62.3969
      vertex 17.2222 12.425 59.1922
      vertex 15.7578 12.0473 60.23
    endloop
  endfacet
  facet normal 0.577772 0.00090277 0.816198
    outer loop
      vertex 12.7 9.94291 62.3969
      vertex 15.729 12.0456 60.2504
      vertex 15.6862 12.0432 60.2807
    endloop
  endfacet
  facet normal 0.578241 -9.45752e-05 0.815866
    outer loop
      vertex 12.7 9.94291 62.3969
      vertex 15.417 12.1749 60.4715
      vertex 15.3854 12.2066 60.4939
    endloop
  endfacet
  facet normal 0.57778 -0.00189875 0.81619
    outer loop
      vertex 12.7 13.4015 62.3969
      vertex 15.2623 12.5626 60.5811
      vertex 15.2608 12.579 60.5822
    endloop
  endfacet
  facet normal 0.578214 8.74838e-05 0.815885
    outer loop
      vertex 15.2623 12.5626 60.5811
      vertex 12.7 13.4015 62.3969
      vertex 15.2729 12.4491 60.5736
    endloop
  endfacet
  facet normal 0.579041 0.00345935 0.815291
    outer loop
      vertex 12.7 13.4015 62.3969
      vertex 15.2752 12.4412 60.572
      vertex 15.2729 12.4491 60.5736
    endloop
  endfacet
  facet normal 0.578185 -4.58779e-06 0.815906
    outer loop
      vertex 12.7 13.4015 62.3969
      vertex 15.2879 12.3971 60.563
      vertex 15.2752 12.4412 60.572
    endloop
  endfacet
  facet normal 0.577995 -0.000740921 0.81604
    outer loop
      vertex 12.7 13.4015 62.3969
      vertex 15.3135 12.3225 60.5448
      vertex 15.2879 12.3971 60.563
    endloop
  endfacet
  facet normal 0.578198 -0 0.815896
    outer loop
      vertex 12.7 9.94291 62.3969
      vertex 15.3135 12.3225 60.5448
      vertex 12.7 13.4015 62.3969
    endloop
  endfacet
  facet normal 0.578236 -6.29279e-05 0.815869
    outer loop
      vertex 15.3135 12.3225 60.5448
      vertex 12.7 9.94291 62.3969
      vertex 15.3293 12.2971 60.5336
    endloop
  endfacet
  facet normal 0.578005 0.000326218 0.816034
    outer loop
      vertex 15.3293 12.2971 60.5336
      vertex 12.7 9.94291 62.3969
      vertex 15.3854 12.2066 60.4939
    endloop
  endfacet
  facet normal 0.578203 -2.65694e-05 0.815893
    outer loop
      vertex 15.417 12.1749 60.4715
      vertex 12.7 9.94291 62.3969
      vertex 15.4836 12.108 60.4243
    endloop
  endfacet
  facet normal 0.578197 -5.96585e-06 0.815897
    outer loop
      vertex 17.2222 12.425 59.1922
      vertex 12.7 9.94291 62.3969
      vertex 23.8434 12.8172 54.5
    endloop
  endfacet
  facet normal 0.578001 0.000406485 0.816036
    outer loop
      vertex 15.729 12.0456 60.2504
      vertex 12.7 9.94291 62.3969
      vertex 15.7578 12.0473 60.23
    endloop
  endfacet
  facet normal 0.578512 -0.000677245 0.815674
    outer loop
      vertex 15.6167 12.0523 60.33
      vertex 12.7 9.94291 62.3969
      vertex 15.6862 12.0432 60.2807
    endloop
  endfacet
  facet normal 0.578221 -7.30907e-05 0.81588
    outer loop
      vertex 15.4852 12.1068 60.4232
      vertex 12.7 9.94291 62.3969
      vertex 15.6167 12.0523 60.33
    endloop
  endfacet
  facet normal 0.57226 0.0113519 0.819994
    outer loop
      vertex 15.4836 12.108 60.4243
      vertex 12.7 9.94291 62.3969
      vertex 15.4852 12.1068 60.4232
    endloop
  endfacet
  facet normal -0 0 1
    outer loop
      vertex 0.11324 16.2757 54.5
      vertex 1.55656 12.8172 54.5
      vertex 1.55656 16.2757 54.5
    endloop
  endfacet
  facet normal 0 0 1
    outer loop
      vertex 1.55656 12.8172 54.5
      vertex 0.11324 16.2757 54.5
      vertex 0.11324 12.8172 54.5
    endloop
  endfacet
  facet normal -0 0 1
    outer loop
      vertex 23.8434 16.2757 54.5
      vertex 25.2868 12.8172 54.5
      vertex 25.2868 16.2757 54.5
    endloop
  endfacet
  facet normal 0 0 1
    outer loop
      vertex 25.2868 12.8172 54.5
      vertex 23.8434 16.2757 54.5
      vertex 23.8434 12.8172 54.5
    endloop
  endfacet
  facet normal 0 0.939696 0.342012
    outer loop
      vertex 12.9547 9.60712 63.3195
      vertex 12.7 9.94291 62.3969
      vertex 12.4453 9.60712 63.3195
    endloop
  endfacet
  facet normal -8.65994e-06 0.939695 0.342014
    outer loop
      vertex 16.8741 10.6181 60.5419
      vertex 12.7 9.94291 62.3969
      vertex 12.9547 9.60712 63.3195
    endloop
  endfacet
  facet normal 1.28112e-05 0.939686 0.342037
    outer loop
      vertex 23.8434 12.8172 54.5
      vertex 16.8741 10.6181 60.5419
      vertex 25.2213 12.7711 54.6266
    endloop
  endfacet
  facet normal -0 0.939642 0.34216
    outer loop
      vertex 23.8434 12.8172 54.5
      vertex 25.2213 12.7711 54.6266
      vertex 25.2868 12.8172 54.5
    endloop
  endfacet
  facet normal -7.64213e-06 0.939694 0.342016
    outer loop
      vertex 16.8741 10.6181 60.5419
      vertex 23.8434 12.8172 54.5
      vertex 12.7 9.94291 62.3969
    endloop
  endfacet
  facet normal 8.65985e-06 0.939695 0.342014
    outer loop
      vertex 12.7 9.94291 62.3969
      vertex 8.52585 10.6181 60.5419
      vertex 12.4453 9.60712 63.3195
    endloop
  endfacet
  facet normal 7.64193e-06 0.939694 0.342016
    outer loop
      vertex 1.55656 12.8172 54.5
      vertex 8.52585 10.6181 60.5419
      vertex 12.7 9.94291 62.3969
    endloop
  endfacet
  facet normal -1.28117e-05 0.939686 0.342037
    outer loop
      vertex 8.52585 10.6181 60.5419
      vertex 1.55656 12.8172 54.5
      vertex 0.178711 12.7711 54.6266
    endloop
  endfacet
  facet normal 0 0.939642 0.34216
    outer loop
      vertex 0.178711 12.7711 54.6266
      vertex 1.55656 12.8172 54.5
      vertex 0.11324 12.8172 54.5
    endloop
  endfacet
  facet normal -9.50075e-06 0.93969 0.342027
    outer loop
      vertex 1.2 19.05 46.8778
      vertex 0 18.25 49.0757
      vertex 1.2 17.85 50.1747
    endloop
  endfacet
  facet normal 0 0.939689 0.342031
    outer loop
      vertex 0 18.25 49.0757
      vertex 1.2 19.05 46.8778
      vertex 0.800003 19.05 46.8778
    endloop
  endfacet
  facet normal -0 0.939694 0.342016
    outer loop
      vertex 23.3246 16.2757 54.5
      vertex 12.7 13.4015 62.3969
      vertex 23.8434 16.2757 54.5
    endloop
  endfacet
  facet normal -0 0.939694 0.342016
    outer loop
      vertex 21.768 16.2757 54.5
      vertex 12.7 13.4015 62.3969
      vertex 23.3246 16.2757 54.5
    endloop
  endfacet
  facet normal -1.14697e-05 0.939698 0.342005
    outer loop
      vertex 12.7 13.4015 62.3969
      vertex 21.768 16.2757 54.5
      vertex 12.7 13.9368 60.9261
    endloop
  endfacet
  facet normal 1.14696e-05 0.939698 0.342005
    outer loop
      vertex 3.63198 16.2757 54.5
      vertex 12.7 13.4015 62.3969
      vertex 12.7 13.9368 60.9261
    endloop
  endfacet
  facet normal -0 0.939694 0.342016
    outer loop
      vertex 2.07542 16.2757 54.5
      vertex 12.7 13.4015 62.3969
      vertex 3.63198 16.2757 54.5
    endloop
  endfacet
  facet normal 0 0.939694 0.342016
    outer loop
      vertex 2.07542 16.2757 54.5
      vertex 1.55656 16.2757 54.5
      vertex 12.7 13.4015 62.3969
    endloop
  endfacet
  facet normal 0 0.939696 0.342011
    outer loop
      vertex 1.2 16.5015 53.8796
      vertex 1.55656 16.2757 54.5
      vertex 2.07542 16.2757 54.5
    endloop
  endfacet
  facet normal 0 0.939696 0.342011
    outer loop
      vertex 1.55656 16.2757 54.5
      vertex 1.2 16.5015 53.8796
      vertex 0.11324 16.2757 54.5
    endloop
  endfacet
  facet normal -1.31694e-05 0.939704 0.34199
    outer loop
      vertex 0.11324 16.2757 54.5
      vertex 1.2 16.5015 53.8796
      vertex 0 16.3554 54.281
    endloop
  endfacet
  facet normal 4.24838e-07 0.93969 0.342026
    outer loop
      vertex 1.2 17.85 50.1747
      vertex 0 16.3554 54.281
      vertex 1.2 16.5015 53.8796
    endloop
  endfacet
  facet normal -6.82989e-06 0.939691 0.342024
    outer loop
      vertex 0 16.3554 54.281
      vertex 1.2 17.85 50.1747
      vertex 0 18.25 49.0757
    endloop
  endfacet
  facet normal 0 0.939696 0.342011
    outer loop
      vertex 24.2 16.5015 53.8796
      vertex 23.8434 16.2757 54.5
      vertex 25.2868 16.2757 54.5
    endloop
  endfacet
  facet normal 1.31701e-05 0.939704 0.34199
    outer loop
      vertex 24.2 16.5015 53.8796
      vertex 25.2868 16.2757 54.5
      vertex 25.4 16.3554 54.281
    endloop
  endfacet
  facet normal 0 0.939696 0.342011
    outer loop
      vertex 23.8434 16.2757 54.5
      vertex 24.2 16.5015 53.8796
      vertex 23.3246 16.2757 54.5
    endloop
  endfacet
  facet normal -2.10169e-06 0.939689 0.342031
    outer loop
      vertex 25.4 16.3554 54.281
      vertex 24.2 17.6 50.8616
      vertex 24.2 16.5015 53.8796
    endloop
  endfacet
  facet normal 1.82241e-05 0.939691 0.342024
    outer loop
      vertex 25.4 18.25 49.0757
      vertex 24.2 17.6 50.8616
      vertex 25.4 16.3554 54.281
    endloop
  endfacet
  facet normal -0 0.939689 0.342031
    outer loop
      vertex 24.2 19.05 46.8778
      vertex 25.4 18.25 49.0757
      vertex 24.6 19.05 46.8778
    endloop
  endfacet
  facet normal 1.6708e-05 0.939691 0.342023
    outer loop
      vertex 25.4 18.25 49.0757
      vertex 24.2 19.05 46.8778
      vertex 24.2 17.6 50.8616
    endloop
  endfacet
  facet normal 1 0 0
    outer loop
      vertex 1.2 19.05 46.8778
      vertex 1.2 19.0229 2.54416
      vertex 1.2 19.05 2.2
    endloop
  endfacet
  facet normal 1 0 0
    outer loop
      vertex 1.2 19.05 46.8778
      vertex 1.2 18.9423 2.87984
      vertex 1.2 19.0229 2.54416
    endloop
  endfacet
  facet normal 1 0 0
    outer loop
      vertex 1.2 19.05 46.8778
      vertex 1.2 18.8102 3.19878
      vertex 1.2 18.9423 2.87984
    endloop
  endfacet
  facet normal 1 0 0
    outer loop
      vertex 1.2 19.05 46.8778
      vertex 1.2 18.6298 3.49313
      vertex 1.2 18.8102 3.19878
    endloop
  endfacet
  facet normal 1 0 0
    outer loop
      vertex 1.2 19.05 46.8778
      vertex 1.2 18.4056 3.75563
      vertex 1.2 18.6298 3.49313
    endloop
  endfacet
  facet normal 1 0 0
    outer loop
      vertex 1.2 19.05 46.8778
      vertex 1.2 18.1431 3.97984
      vertex 1.2 18.4056 3.75563
    endloop
  endfacet
  facet normal 1 0 0
    outer loop
      vertex 1.2 17.85 4.15947
      vertex 1.2 19.05 46.8778
      vertex 1.2 17.85 50.1747
    endloop
  endfacet
  facet normal 1 0 0
    outer loop
      vertex 1.2 19.05 46.8778
      vertex 1.2 17.85 4.15947
      vertex 1.2 18.1431 3.97984
    endloop
  endfacet
  facet normal 0 -0 0
    outer loop
      vertex 1.2 19.05 2.19985
      vertex 1.2 19.05 0.800003
      vertex 1.2 19.05 2.2
    endloop
  endfacet
  facet normal -0 0 0
    outer loop
      vertex 1.2 19.05 0.800003
      vertex 1.2 19.05 2.19985
      vertex 1.2 19.05 0.799992
    endloop
  endfacet
  facet normal -1 0 0
    outer loop
      vertex 24.2 19.0229 2.54416
      vertex 24.2 19.05 46.8778
      vertex 24.2 19.05 2.2
    endloop
  endfacet
  facet normal -1 0 0
    outer loop
      vertex 24.2 18.9423 2.87984
      vertex 24.2 19.05 46.8778
      vertex 24.2 19.0229 2.54416
    endloop
  endfacet
  facet normal -1 0 0
    outer loop
      vertex 24.2 18.8102 3.19878
      vertex 24.2 19.05 46.8778
      vertex 24.2 18.9423 2.87984
    endloop
  endfacet
  facet normal -1 0 0
    outer loop
      vertex 24.2 18.6298 3.49313
      vertex 24.2 19.05 46.8778
      vertex 24.2 18.8102 3.19878
    endloop
  endfacet
  facet normal -1 0 0
    outer loop
      vertex 24.2 18.4056 3.75563
      vertex 24.2 19.05 46.8778
      vertex 24.2 18.6298 3.49313
    endloop
  endfacet
  facet normal -1 0 0
    outer loop
      vertex 24.2 18.1431 3.97984
      vertex 24.2 19.05 46.8778
      vertex 24.2 18.4056 3.75563
    endloop
  endfacet
  facet normal -1 0 0
    outer loop
      vertex 24.2 17.8488 4.16021
      vertex 24.2 19.05 46.8778
      vertex 24.2 18.1431 3.97984
    endloop
  endfacet
  facet normal -1 0 0
    outer loop
      vertex 24.2 17.6 4.26326
      vertex 24.2 19.05 46.8778
      vertex 24.2 17.8488 4.16021
    endloop
  endfacet
  facet normal -1 -0 0
    outer loop
      vertex 24.2 19.05 46.8778
      vertex 24.2 17.6 4.26326
      vertex 24.2 17.6 50.8616
    endloop
  endfacet
  facet normal 0 0 0
    outer loop
      vertex 24.2 19.05 2.19985
      vertex 24.2 19.05 0.800003
      vertex 24.2 19.05 0.799992
    endloop
  endfacet
  facet normal 0 0 0
    outer loop
      vertex 24.2 19.05 0.800003
      vertex 24.2 19.05 2.19985
      vertex 24.2 19.05 2.2
    endloop
  endfacet
  facet normal 0 1 -0
    outer loop
      vertex 19.4 14.35 0
      vertex 6 14.35 1.5
      vertex 19.4 14.35 1.5
    endloop
  endfacet
  facet normal 0 1 0
    outer loop
      vertex 6 14.35 1.5
      vertex 19.4 14.35 0
      vertex 6 14.35 0
    endloop
  endfacet
  facet normal -0 0.0784616 0.996917
    outer loop
      vertex 1.2 17.1942 4.37291
      vertex 6 16.85 4.4
      vertex 6 17.1942 4.37291
    endloop
  endfacet
  facet normal 0 0.0784616 0.996917
    outer loop
      vertex 6 16.85 4.4
      vertex 1.2 17.1942 4.37291
      vertex 1.2 16.85 4.4
    endloop
  endfacet
  facet normal 0 0.996914 0.0784995
    outer loop
      vertex 6 19.05 2.2
      vertex 1.2 19.0229 2.54416
      vertex 6 19.0229 2.54416
    endloop
  endfacet
  facet normal 0 0.996914 0.0784995
    outer loop
      vertex 1.2 19.0229 2.54416
      vertex 6 19.05 2.2
      vertex 1.2 19.05 2.2
    endloop
  endfacet
  facet normal 0 0.760401 0.649454
    outer loop
      vertex 6 18.6298 3.49313
      vertex 1.2 18.4056 3.75563
      vertex 6 18.4056 3.75563
    endloop
  endfacet
  facet normal 0 0.760401 0.649454
    outer loop
      vertex 1.2 18.4056 3.75563
      vertex 6 18.6298 3.49313
      vertex 1.2 18.6298 3.49313
    endloop
  endfacet
  facet normal 0 0.923889 0.382661
    outer loop
      vertex 6 18.9423 2.87984
      vertex 1.2 18.8102 3.19878
      vertex 6 18.8102 3.19878
    endloop
  endfacet
  facet normal 0 0.923889 0.382661
    outer loop
      vertex 1.2 18.8102 3.19878
      vertex 6 18.9423 2.87984
      vertex 1.2 18.9423 2.87984
    endloop
  endfacet
  facet normal 0 1 -0
    outer loop
      vertex 6 19.05 2.19985
      vertex 1.2 19.05 2.2
      vertex 6 19.05 2.2
    endloop
  endfacet
  facet normal 0 1 0
    outer loop
      vertex 1.2 19.05 2.2
      vertex 6 19.05 2.19985
      vertex 1.2 19.05 2.19985
    endloop
  endfacet
  facet normal -0 0.382624 0.923904
    outer loop
      vertex 1.2 17.8488 4.16021
      vertex 6 17.5298 4.29232
      vertex 6 17.8488 4.16021
    endloop
  endfacet
  facet normal 0 0.382624 0.923904
    outer loop
      vertex 6 17.5298 4.29232
      vertex 1.2 17.8488 4.16021
      vertex 1.2 17.5298 4.29232
    endloop
  endfacet
  facet normal -0 0.649471 0.760386
    outer loop
      vertex 1.2 18.4056 3.75563
      vertex 6 18.1431 3.97984
      vertex 6 18.4056 3.75563
    endloop
  endfacet
  facet normal 0 0.649471 0.760386
    outer loop
      vertex 6 18.1431 3.97984
      vertex 1.2 18.4056 3.75563
      vertex 1.2 18.1431 3.97984
    endloop
  endfacet
  facet normal -0 0.233499 0.972357
    outer loop
      vertex 1.2 17.5298 4.29232
      vertex 6 17.1942 4.37291
      vertex 6 17.5298 4.29232
    endloop
  endfacet
  facet normal 0 0.233499 0.972357
    outer loop
      vertex 6 17.1942 4.37291
      vertex 1.2 17.5298 4.29232
      vertex 1.2 17.1942 4.37291
    endloop
  endfacet
  facet normal 0 0.852612 0.522545
    outer loop
      vertex 6 18.8102 3.19878
      vertex 1.2 18.6298 3.49313
      vertex 6 18.6298 3.49313
    endloop
  endfacet
  facet normal 0 0.852612 0.522545
    outer loop
      vertex 1.2 18.6298 3.49313
      vertex 6 18.8102 3.19878
      vertex 1.2 18.8102 3.19878
    endloop
  endfacet
  facet normal 0 0.972363 0.233474
    outer loop
      vertex 6 19.0229 2.54416
      vertex 1.2 18.9423 2.87984
      vertex 6 18.9423 2.87984
    endloop
  endfacet
  facet normal 0 0.972363 0.233474
    outer loop
      vertex 1.2 18.9423 2.87984
      vertex 6 19.0229 2.54416
      vertex 1.2 19.0229 2.54416
    endloop
  endfacet
  facet normal 0 -0.382624 0.923904
    outer loop
      vertex 1.2 16.1702 4.29232
      vertex 6 15.8512 4.16021
      vertex 6 16.1702 4.29232
    endloop
  endfacet
  facet normal 0 -0.382624 0.923904
    outer loop
      vertex 6 15.8512 4.16021
      vertex 1.2 16.1702 4.29232
      vertex 1.2 15.8512 4.16021
    endloop
  endfacet
  facet normal -0 0.522546 0.852611
    outer loop
      vertex 1.2 18.1431 3.97984
      vertex 6 17.8488 4.16021
      vertex 6 18.1431 3.97984
    endloop
  endfacet
  facet normal -8.10873e-07 0.522537 0.852617
    outer loop
      vertex 1.2 17.85 4.15947
      vertex 6 17.8488 4.16021
      vertex 1.2 18.1431 3.97984
    endloop
  endfacet
  facet normal 0 0.524889 0.851171
    outer loop
      vertex 1.2 17.85 4.15947
      vertex 1.2 17.8488 4.16021
      vertex 6 17.8488 4.16021
    endloop
  endfacet
  facet normal 1 -0 0
    outer loop
      vertex 6 13.35 2.2
      vertex 6 14.35 1.5
      vertex 6 14.65 2.2
    endloop
  endfacet
  facet normal 1 0 0
    outer loop
      vertex 6 14.35 1.5
      vertex 6 13.35 2.2
      vertex 6 13.35 1.5
    endloop
  endfacet
  facet normal 1 0 0
    outer loop
      vertex 6 19.0229 2.54416
      vertex 6 18.1834 2.41119
      vertex 6 18.2 2.2
    endloop
  endfacet
  facet normal 1 0 0
    outer loop
      vertex 6 17.8046 3.15459
      vertex 6 18.4056 3.75563
      vertex 6 18.1431 3.97984
    endloop
  endfacet
  facet normal 1 0 0
    outer loop
      vertex 6 18.6298 3.49313
      vertex 6 18.1339 2.61717
      vertex 6 18.1834 2.41119
    endloop
  endfacet
  facet normal 1 0 0
    outer loop
      vertex 6 18.6298 3.49313
      vertex 6 18.0529 2.81289
      vertex 6 18.1339 2.61717
    endloop
  endfacet
  facet normal 1 0 0
    outer loop
      vertex 6 18.6298 3.49313
      vertex 6 17.9422 2.99351
      vertex 6 18.0529 2.81289
    endloop
  endfacet
  facet normal 1 0 0
    outer loop
      vertex 6 17.6435 3.29217
      vertex 6 18.1431 3.97984
      vertex 6 17.8488 4.16021
    endloop
  endfacet
  facet normal 1 0 0
    outer loop
      vertex 6 18.4056 3.75563
      vertex 6 17.8046 3.15459
      vertex 6 17.9422 2.99351
    endloop
  endfacet
  facet normal 1 0 0
    outer loop
      vertex 6 18.1431 3.97984
      vertex 6 17.6435 3.29217
      vertex 6 17.8046 3.15459
    endloop
  endfacet
  facet normal 1 0 0
    outer loop
      vertex 6 17.4629 3.40286
      vertex 6 17.8488 4.16021
      vertex 6 17.5298 4.29232
    endloop
  endfacet
  facet normal 1 0 0
    outer loop
      vertex 6 17.8488 4.16021
      vertex 6 17.4629 3.40286
      vertex 6 17.6435 3.29217
    endloop
  endfacet
  facet normal 1 0 0
    outer loop
      vertex 6 17.5298 4.29232
      vertex 6 17.2672 3.48393
      vertex 6 17.4629 3.40286
    endloop
  endfacet
  facet normal 1 0 0
    outer loop
      vertex 6 17.1942 4.37291
      vertex 6 17.2672 3.48393
      vertex 6 17.5298 4.29232
    endloop
  endfacet
  facet normal 1 0 0
    outer loop
      vertex 6 17.1942 4.37291
      vertex 6 17.0612 3.53338
      vertex 6 17.2672 3.48393
    endloop
  endfacet
  facet normal 1 0 0
    outer loop
      vertex 6 16.85 4.4
      vertex 6 17.0612 3.53338
      vertex 6 17.1942 4.37291
    endloop
  endfacet
  facet normal 1 0 0
    outer loop
      vertex 6 16.85 4.4
      vertex 6 16.85 3.55
      vertex 6 17.0612 3.53338
    endloop
  endfacet
  facet normal 1 0 0
    outer loop
      vertex 6 16.85 4.4
      vertex 6 16.6388 3.53338
      vertex 6 16.85 3.55
    endloop
  endfacet
  facet normal 1 -0 0
    outer loop
      vertex 6 16.5058 4.37291
      vertex 6 16.6388 3.53338
      vertex 6 16.85 4.4
    endloop
  endfacet
  facet normal 1 0 0
    outer loop
      vertex 6 16.5058 4.37291
      vertex 6 16.4328 3.48393
      vertex 6 16.6388 3.53338
    endloop
  endfacet
  facet normal 1 -0 0
    outer loop
      vertex 6 16.1702 4.29232
      vertex 6 16.4328 3.48393
      vertex 6 16.5058 4.37291
    endloop
  endfacet
  facet normal 1 0 0
    outer loop
      vertex 6 16.4328 3.48393
      vertex 6 16.1702 4.29232
      vertex 6 16.2371 3.40286
    endloop
  endfacet
  facet normal 1 -0 0
    outer loop
      vertex 6 15.8512 4.16021
      vertex 6 16.2371 3.40286
      vertex 6 16.1702 4.29232
    endloop
  endfacet
  facet normal 1 0 0
    outer loop
      vertex 6 16.2371 3.40286
      vertex 6 15.8512 4.16021
      vertex 6 16.0565 3.29217
    endloop
  endfacet
  facet normal 1 -0 0
    outer loop
      vertex 6 15.5569 3.97984
      vertex 6 16.0565 3.29217
      vertex 6 15.8512 4.16021
    endloop
  endfacet
  facet normal 1 0 0
    outer loop
      vertex 6 16.0565 3.29217
      vertex 6 15.5569 3.97984
      vertex 6 15.8954 3.15459
    endloop
  endfacet
  facet normal 1 -0 0
    outer loop
      vertex 6 15.2944 3.75563
      vertex 6 15.8954 3.15459
      vertex 6 15.5569 3.97984
    endloop
  endfacet
  facet normal 1 0 0
    outer loop
      vertex 6 15.8954 3.15459
      vertex 6 15.2944 3.75563
      vertex 6 15.7578 2.99351
    endloop
  endfacet
  facet normal 1 -0 0
    outer loop
      vertex 6 15.0702 3.49313
      vertex 6 15.7578 2.99351
      vertex 6 15.2944 3.75563
    endloop
  endfacet
  facet normal 1 0 0
    outer loop
      vertex 6 15.7578 2.99351
      vertex 6 15.0702 3.49313
      vertex 6 15.6471 2.81289
    endloop
  endfacet
  facet normal 1 -0 0
    outer loop
      vertex 6 14.8898 3.19878
      vertex 6 15.6471 2.81289
      vertex 6 15.0702 3.49313
    endloop
  endfacet
  facet normal 1 0 0
    outer loop
      vertex 6 15.6471 2.81289
      vertex 6 14.8898 3.19878
      vertex 6 15.5661 2.61717
    endloop
  endfacet
  facet normal 1 0 0
    outer loop
      vertex 6 18.2 2.2
      vertex 6 19.05 2.2
      vertex 6 19.0229 2.54416
    endloop
  endfacet
  facet normal 1 0 0
    outer loop
      vertex 6 19.05 2.2
      vertex 6 18.2 2.2
      vertex 6 19.05 2.19985
    endloop
  endfacet
  facet normal 1 0 0
    outer loop
      vertex 6 18.1834 2.41119
      vertex 6 19.0229 2.54416
      vertex 6 18.9423 2.87984
    endloop
  endfacet
  facet normal 1 0 0
    outer loop
      vertex 6 18.1834 2.41119
      vertex 6 18.9423 2.87984
      vertex 6 18.8102 3.19878
    endloop
  endfacet
  facet normal 1 0 0
    outer loop
      vertex 6 19.05 2.19985
      vertex 6 18.1834 1.98881
      vertex 6 18.1339 1.78283
    endloop
  endfacet
  facet normal 1 0 0
    outer loop
      vertex 6 18.1834 2.41119
      vertex 6 18.8102 3.19878
      vertex 6 18.6298 3.49313
    endloop
  endfacet
  facet normal 1 0 0
    outer loop
      vertex 6 17.9422 2.99351
      vertex 6 18.6298 3.49313
      vertex 6 18.4056 3.75563
    endloop
  endfacet
  facet normal 1 0 0
    outer loop
      vertex 6 19.05 2.19985
      vertex 6 18.2 2.2
      vertex 6 18.1834 1.98881
    endloop
  endfacet
  facet normal 1 0 0
    outer loop
      vertex 6 18.0529 1.58711
      vertex 6 19.05 2.19985
      vertex 6 18.1339 1.78283
    endloop
  endfacet
  facet normal 1 0 0
    outer loop
      vertex 6 19.05 2.19985
      vertex 6 18.0529 1.58711
      vertex 6 19.05 0.399994
    endloop
  endfacet
  facet normal 1 -0 0
    outer loop
      vertex 6 17.9422 1.40649
      vertex 6 19.05 0.399994
      vertex 6 18.0529 1.58711
    endloop
  endfacet
  facet normal 1 -0 0
    outer loop
      vertex 6 17.8046 1.24541
      vertex 6 19.05 0.399994
      vertex 6 17.9422 1.40649
    endloop
  endfacet
  facet normal 1 0 0
    outer loop
      vertex 6 19.05 0.399994
      vertex 6 17.8046 1.24541
      vertex 6 18.65 0
    endloop
  endfacet
  facet normal 1 -0 0
    outer loop
      vertex 6 17.6435 1.10783
      vertex 6 18.65 0
      vertex 6 17.8046 1.24541
    endloop
  endfacet
  facet normal 1 -0 0
    outer loop
      vertex 6 17.4629 0.997141
      vertex 6 18.65 0
      vertex 6 17.6435 1.10783
    endloop
  endfacet
  facet normal 1 -0 0
    outer loop
      vertex 6 17.2672 0.916073
      vertex 6 18.65 0
      vertex 6 17.4629 0.997141
    endloop
  endfacet
  facet normal 1 -0 0
    outer loop
      vertex 6 17.0612 0.86662
      vertex 6 18.65 0
      vertex 6 17.2672 0.916073
    endloop
  endfacet
  facet normal 1 -0 0
    outer loop
      vertex 6 16.85 0.849999
      vertex 6 18.65 0
      vertex 6 17.0612 0.86662
    endloop
  endfacet
  facet normal 1 0 0
    outer loop
      vertex 6 16.6388 0.86662
      vertex 6 18.65 0
      vertex 6 16.85 0.849999
    endloop
  endfacet
  facet normal 1 0 0
    outer loop
      vertex 6 14.35 0
      vertex 6 16.6388 0.86662
      vertex 6 16.4328 0.916073
    endloop
  endfacet
  facet normal 1 -0 0
    outer loop
      vertex 6 14.7577 2.87984
      vertex 6 15.5661 2.61717
      vertex 6 14.8898 3.19878
    endloop
  endfacet
  facet normal 1 0 0
    outer loop
      vertex 6 15.5661 2.61717
      vertex 6 14.7577 2.87984
      vertex 6 15.5166 2.41119
    endloop
  endfacet
  facet normal 1 -0 0
    outer loop
      vertex 6 14.6771 2.54416
      vertex 6 15.5166 2.41119
      vertex 6 14.7577 2.87984
    endloop
  endfacet
  facet normal 1 0 0
    outer loop
      vertex 6 15.5166 2.41119
      vertex 6 14.6771 2.54416
      vertex 6 15.5 2.2
    endloop
  endfacet
  facet normal 1 0 0
    outer loop
      vertex 6 14.65 2.2
      vertex 6 15.5 2.2
      vertex 6 14.6771 2.54416
    endloop
  endfacet
  facet normal 1 0 0
    outer loop
      vertex 6 15.5 2.2
      vertex 6 14.65 2.2
      vertex 6 15.5166 1.98881
    endloop
  endfacet
  facet normal 1 0 0
    outer loop
      vertex 6 15.5166 1.98881
      vertex 6 14.65 2.2
      vertex 6 15.5661 1.78283
    endloop
  endfacet
  facet normal 1 0 0
    outer loop
      vertex 6 14.35 1.5
      vertex 6 15.5661 1.78283
      vertex 6 14.65 2.2
    endloop
  endfacet
  facet normal 1 0 0
    outer loop
      vertex 6 15.5661 1.78283
      vertex 6 14.35 1.5
      vertex 6 15.6471 1.58711
    endloop
  endfacet
  facet normal 1 0 0
    outer loop
      vertex 6 15.6471 1.58711
      vertex 6 14.35 1.5
      vertex 6 15.7578 1.40649
    endloop
  endfacet
  facet normal 1 0 0
    outer loop
      vertex 6 14.35 0
      vertex 6 15.7578 1.40649
      vertex 6 14.35 1.5
    endloop
  endfacet
  facet normal 1 0 0
    outer loop
      vertex 6 15.7578 1.40649
      vertex 6 14.35 0
      vertex 6 15.8954 1.24541
    endloop
  endfacet
  facet normal 1 0 0
    outer loop
      vertex 6 15.8954 1.24541
      vertex 6 14.35 0
      vertex 6 16.0565 1.10783
    endloop
  endfacet
  facet normal 1 0 0
    outer loop
      vertex 6 16.0565 1.10783
      vertex 6 14.35 0
      vertex 6 16.2371 0.997141
    endloop
  endfacet
  facet normal 1 0 0
    outer loop
      vertex 6 16.2371 0.997141
      vertex 6 14.35 0
      vertex 6 16.4328 0.916073
    endloop
  endfacet
  facet normal 1 0 0
    outer loop
      vertex 6 16.6388 0.86662
      vertex 6 14.35 0
      vertex 6 18.65 0
    endloop
  endfacet
  facet normal 0 -0.996914 0.0784995
    outer loop
      vertex 1.2 14.65 2.2
      vertex 6 14.6771 2.54416
      vertex 1.2 14.6771 2.54416
    endloop
  endfacet
  facet normal 0 -0.996914 0.0784995
    outer loop
      vertex 6 14.6771 2.54416
      vertex 1.2 14.65 2.2
      vertex 6 14.65 2.2
    endloop
  endfacet
  facet normal 0 -0.852612 0.522545
    outer loop
      vertex 1.2 14.8898 3.19878
      vertex 6 15.0702 3.49313
      vertex 1.2 15.0702 3.49313
    endloop
  endfacet
  facet normal 0 -0.852612 0.522545
    outer loop
      vertex 6 15.0702 3.49313
      vertex 1.2 14.8898 3.19878
      vertex 6 14.8898 3.19878
    endloop
  endfacet
  facet normal 0 -0.972363 0.233474
    outer loop
      vertex 1.2 14.6771 2.54416
      vertex 6 14.7577 2.87984
      vertex 1.2 14.7577 2.87984
    endloop
  endfacet
  facet normal 0 -0.972363 0.233474
    outer loop
      vertex 6 14.7577 2.87984
      vertex 1.2 14.6771 2.54416
      vertex 6 14.6771 2.54416
    endloop
  endfacet
  facet normal 0 -0.760401 0.649454
    outer loop
      vertex 1.2 15.0702 3.49313
      vertex 6 15.2944 3.75563
      vertex 1.2 15.2944 3.75563
    endloop
  endfacet
  facet normal 0 -0.760401 0.649454
    outer loop
      vertex 6 15.2944 3.75563
      vertex 1.2 15.0702 3.49313
      vertex 6 15.0702 3.49313
    endloop
  endfacet
  facet normal 0 -0.522546 0.852611
    outer loop
      vertex 1.2 15.8512 4.16021
      vertex 6 15.5569 3.97984
      vertex 6 15.8512 4.16021
    endloop
  endfacet
  facet normal 0 -0.522546 0.852611
    outer loop
      vertex 6 15.5569 3.97984
      vertex 1.2 15.8512 4.16021
      vertex 1.2 15.5569 3.97984
    endloop
  endfacet
  facet normal 0 -0.923889 0.382661
    outer loop
      vertex 1.2 14.7577 2.87984
      vertex 6 14.8898 3.19878
      vertex 1.2 14.8898 3.19878
    endloop
  endfacet
  facet normal 0 -0.923889 0.382661
    outer loop
      vertex 6 14.8898 3.19878
      vertex 1.2 14.7577 2.87984
      vertex 6 14.7577 2.87984
    endloop
  endfacet
  facet normal 0 -0.649471 0.760386
    outer loop
      vertex 1.2 15.5569 3.97984
      vertex 6 15.2944 3.75563
      vertex 6 15.5569 3.97984
    endloop
  endfacet
  facet normal 0 -0.649471 0.760386
    outer loop
      vertex 6 15.2944 3.75563
      vertex 1.2 15.5569 3.97984
      vertex 1.2 15.2944 3.75563
    endloop
  endfacet
  facet normal 0 -0.233499 0.972357
    outer loop
      vertex 1.2 16.5058 4.37291
      vertex 6 16.1702 4.29232
      vertex 6 16.5058 4.37291
    endloop
  endfacet
  facet normal 0 -0.233499 0.972357
    outer loop
      vertex 6 16.1702 4.29232
      vertex 1.2 16.5058 4.37291
      vertex 1.2 16.1702 4.29232
    endloop
  endfacet
  facet normal 0 -0.0784616 0.996917
    outer loop
      vertex 1.2 16.85 4.4
      vertex 6 16.5058 4.37291
      vertex 6 16.85 4.4
    endloop
  endfacet
  facet normal 0 -0.0784616 0.996917
    outer loop
      vertex 6 16.5058 4.37291
      vertex 1.2 16.85 4.4
      vertex 1.2 16.5058 4.37291
    endloop
  endfacet
  facet normal -0 0 1
    outer loop
      vertex 1.2 14.65 2.2
      vertex 6 13.35 2.2
      vertex 6 14.65 2.2
    endloop
  endfacet
  facet normal 0 0 1
    outer loop
      vertex 6 13.35 2.2
      vertex 1.2 14.65 2.2
      vertex 1.2 13.35 2.2
    endloop
  endfacet
  facet normal 0 -1 0
    outer loop
      vertex 1.2 13.35 1.5
      vertex 6 13.35 2.2
      vertex 1.2 13.35 2.2
    endloop
  endfacet
  facet normal 0 -1 -0
    outer loop
      vertex 6 13.35 2.2
      vertex 1.2 13.35 1.5
      vertex 6 13.35 1.5
    endloop
  endfacet
  facet normal -0 0.0784616 0.996917
    outer loop
      vertex 19.4 17.1942 4.37291
      vertex 24.2 16.85 4.4
      vertex 24.2 17.1942 4.37291
    endloop
  endfacet
  facet normal 0 0.0784616 0.996917
    outer loop
      vertex 24.2 16.85 4.4
      vertex 19.4 17.1942 4.37291
      vertex 19.4 16.85 4.4
    endloop
  endfacet
  facet normal 0 0.996914 0.0784995
    outer loop
      vertex 24.2 19.05 2.2
      vertex 19.4 19.0229 2.54416
      vertex 24.2 19.0229 2.54416
    endloop
  endfacet
  facet normal 0 0.996914 0.0784995
    outer loop
      vertex 19.4 19.0229 2.54416
      vertex 24.2 19.05 2.2
      vertex 19.4 19.05 2.2
    endloop
  endfacet
  facet normal 0 0.760401 0.649454
    outer loop
      vertex 24.2 18.6298 3.49313
      vertex 19.4 18.4056 3.75563
      vertex 24.2 18.4056 3.75563
    endloop
  endfacet
  facet normal 0 0.760401 0.649454
    outer loop
      vertex 19.4 18.4056 3.75563
      vertex 24.2 18.6298 3.49313
      vertex 19.4 18.6298 3.49313
    endloop
  endfacet
  facet normal 0 0.923889 0.382661
    outer loop
      vertex 24.2 18.9423 2.87984
      vertex 19.4 18.8102 3.19878
      vertex 24.2 18.8102 3.19878
    endloop
  endfacet
  facet normal 0 0.923889 0.382661
    outer loop
      vertex 19.4 18.8102 3.19878
      vertex 24.2 18.9423 2.87984
      vertex 19.4 18.9423 2.87984
    endloop
  endfacet
  facet normal 0 1 -0
    outer loop
      vertex 24.2 19.05 2.19985
      vertex 19.4 19.05 2.2
      vertex 24.2 19.05 2.2
    endloop
  endfacet
  facet normal 0 1 0
    outer loop
      vertex 19.4 19.05 2.2
      vertex 24.2 19.05 2.19985
      vertex 19.4 19.05 2.19985
    endloop
  endfacet
  facet normal -0 0.382663 0.923888
    outer loop
      vertex 19.4 17.8488 4.16021
      vertex 24.2 17.6 4.26326
      vertex 24.2 17.8488 4.16021
    endloop
  endfacet
  facet normal -2.40268e-06 0.382624 0.923904
    outer loop
      vertex 19.4 17.5298 4.29232
      vertex 24.2 17.6 4.26326
      vertex 19.4 17.8488 4.16021
    endloop
  endfacet
  facet normal 0 0.382484 0.923962
    outer loop
      vertex 24.2 17.6 4.26326
      vertex 19.4 17.5298 4.29232
      vertex 24.2 17.5298 4.29232
    endloop
  endfacet
  facet normal -0 0.649471 0.760386
    outer loop
      vertex 19.4 18.4056 3.75563
      vertex 24.2 18.1431 3.97984
      vertex 24.2 18.4056 3.75563
    endloop
  endfacet
  facet normal 0 0.649471 0.760386
    outer loop
      vertex 24.2 18.1431 3.97984
      vertex 19.4 18.4056 3.75563
      vertex 19.4 18.1431 3.97984
    endloop
  endfacet
  facet normal -0 0.233499 0.972357
    outer loop
      vertex 19.4 17.5298 4.29232
      vertex 24.2 17.1942 4.37291
      vertex 24.2 17.5298 4.29232
    endloop
  endfacet
  facet normal 0 0.233499 0.972357
    outer loop
      vertex 24.2 17.1942 4.37291
      vertex 19.4 17.5298 4.29232
      vertex 19.4 17.1942 4.37291
    endloop
  endfacet
  facet normal 0 0.852612 0.522545
    outer loop
      vertex 24.2 18.8102 3.19878
      vertex 19.4 18.6298 3.49313
      vertex 24.2 18.6298 3.49313
    endloop
  endfacet
  facet normal 0 0.852612 0.522545
    outer loop
      vertex 19.4 18.6298 3.49313
      vertex 24.2 18.8102 3.19878
      vertex 19.4 18.8102 3.19878
    endloop
  endfacet
  facet normal 0 0.972363 0.233474
    outer loop
      vertex 24.2 19.0229 2.54416
      vertex 19.4 18.9423 2.87984
      vertex 24.2 18.9423 2.87984
    endloop
  endfacet
  facet normal 0 0.972363 0.233474
    outer loop
      vertex 19.4 18.9423 2.87984
      vertex 24.2 19.0229 2.54416
      vertex 19.4 19.0229 2.54416
    endloop
  endfacet
  facet normal 0 -0.382624 0.923904
    outer loop
      vertex 19.4 16.1702 4.29232
      vertex 24.2 15.8512 4.16021
      vertex 24.2 16.1702 4.29232
    endloop
  endfacet
  facet normal 0 -0.382624 0.923904
    outer loop
      vertex 24.2 15.8512 4.16021
      vertex 19.4 16.1702 4.29232
      vertex 19.4 15.8512 4.16021
    endloop
  endfacet
  facet normal -0 0.522546 0.852611
    outer loop
      vertex 19.4 18.1431 3.97984
      vertex 24.2 17.8488 4.16021
      vertex 24.2 18.1431 3.97984
    endloop
  endfacet
  facet normal 0 0.522546 0.852611
    outer loop
      vertex 24.2 17.8488 4.16021
      vertex 19.4 18.1431 3.97984
      vertex 19.4 17.8488 4.16021
    endloop
  endfacet
  facet normal 0 -0.996914 0.0784995
    outer loop
      vertex 19.4 14.65 2.2
      vertex 24.2 14.6771 2.54416
      vertex 19.4 14.6771 2.54416
    endloop
  endfacet
  facet normal 0 -0.996914 0.0784995
    outer loop
      vertex 24.2 14.6771 2.54416
      vertex 19.4 14.65 2.2
      vertex 24.2 14.65 2.2
    endloop
  endfacet
  facet normal -1 0 0
    outer loop
      vertex 19.4 18.0529 1.58711
      vertex 19.4 19.05 2.19985
      vertex 19.4 19.05 0.399994
    endloop
  endfacet
  facet normal -1 0 -0
    outer loop
      vertex 19.4 18.1834 1.98881
      vertex 19.4 19.05 2.19985
      vertex 19.4 18.1339 1.78283
    endloop
  endfacet
  facet normal -1 0 0
    outer loop
      vertex 19.4 19.05 2.19985
      vertex 19.4 18.2 2.2
      vertex 19.4 19.0229 2.54416
    endloop
  endfacet
  facet normal -1 0 0
    outer loop
      vertex 19.4 17.8046 1.24541
      vertex 19.4 19.05 0.399994
      vertex 19.4 18.65 0
    endloop
  endfacet
  facet normal -1 0 0
    outer loop
      vertex 19.4 18.1834 2.41119
      vertex 19.4 19.0229 2.54416
      vertex 19.4 18.2 2.2
    endloop
  endfacet
  facet normal -1 -0 0
    outer loop
      vertex 19.4 19.0229 2.54416
      vertex 19.4 18.1834 2.41119
      vertex 19.4 18.9423 2.87984
    endloop
  endfacet
  facet normal -1 -0 0
    outer loop
      vertex 19.4 18.9423 2.87984
      vertex 19.4 18.1339 2.61717
      vertex 19.4 18.8102 3.19878
    endloop
  endfacet
  facet normal -1 0 0
    outer loop
      vertex 19.4 18.1339 2.61717
      vertex 19.4 18.9423 2.87984
      vertex 19.4 18.1834 2.41119
    endloop
  endfacet
  facet normal -1 0 -0
    outer loop
      vertex 19.4 18.2 2.2
      vertex 19.4 19.05 2.19985
      vertex 19.4 18.1834 1.98881
    endloop
  endfacet
  facet normal -1 0 0
    outer loop
      vertex 19.4 19.05 2.19985
      vertex 19.4 18.0529 1.58711
      vertex 19.4 18.1339 1.78283
    endloop
  endfacet
  facet normal -1 0 0
    outer loop
      vertex 19.4 19.05 0.399994
      vertex 19.4 17.9422 1.40649
      vertex 19.4 18.0529 1.58711
    endloop
  endfacet
  facet normal -1 0 0
    outer loop
      vertex 19.4 19.05 0.399994
      vertex 19.4 17.8046 1.24541
      vertex 19.4 17.9422 1.40649
    endloop
  endfacet
  facet normal -1 0 0
    outer loop
      vertex 19.4 18.65 0
      vertex 19.4 17.6435 1.10783
      vertex 19.4 17.8046 1.24541
    endloop
  endfacet
  facet normal -1 0 0
    outer loop
      vertex 19.4 18.65 0
      vertex 19.4 17.4629 0.997141
      vertex 19.4 17.6435 1.10783
    endloop
  endfacet
  facet normal -1 0 0
    outer loop
      vertex 19.4 18.65 0
      vertex 19.4 17.2672 0.916073
      vertex 19.4 17.4629 0.997141
    endloop
  endfacet
  facet normal -1 0 0
    outer loop
      vertex 19.4 18.65 0
      vertex 19.4 17.0612 0.86662
      vertex 19.4 17.2672 0.916073
    endloop
  endfacet
  facet normal -1 0 0
    outer loop
      vertex 19.4 18.65 0
      vertex 19.4 16.85 0.849999
      vertex 19.4 17.0612 0.86662
    endloop
  endfacet
  facet normal -1 0 0
    outer loop
      vertex 19.4 18.65 0
      vertex 19.4 16.6388 0.86662
      vertex 19.4 16.85 0.849999
    endloop
  endfacet
  facet normal -1 0 0
    outer loop
      vertex 19.4 14.35 0
      vertex 19.4 16.6388 0.86662
      vertex 19.4 18.65 0
    endloop
  endfacet
  facet normal -1 0 0
    outer loop
      vertex 19.4 14.65 2.2
      vertex 19.4 15.5 2.2
      vertex 19.4 15.5166 1.98881
    endloop
  endfacet
  facet normal -1 0 0
    outer loop
      vertex 19.4 15.5 2.2
      vertex 19.4 15.0702 3.49313
      vertex 19.4 15.2944 3.75563
    endloop
  endfacet
  facet normal -1 0 0
    outer loop
      vertex 19.4 14.65 2.2
      vertex 19.4 15.5166 1.98881
      vertex 19.4 15.5661 1.78283
    endloop
  endfacet
  facet normal -1 0 0
    outer loop
      vertex 19.4 15.5 2.2
      vertex 19.4 14.8898 3.19878
      vertex 19.4 15.0702 3.49313
    endloop
  endfacet
  facet normal -1 0 0
    outer loop
      vertex 19.4 14.35 1.5
      vertex 19.4 15.5661 1.78283
      vertex 19.4 15.6471 1.58711
    endloop
  endfacet
  facet normal -1 0 0
    outer loop
      vertex 19.4 15.5 2.2
      vertex 19.4 14.7577 2.87984
      vertex 19.4 14.8898 3.19878
    endloop
  endfacet
  facet normal -1 0 0
    outer loop
      vertex 19.4 14.35 1.5
      vertex 19.4 15.6471 1.58711
      vertex 19.4 15.7578 1.40649
    endloop
  endfacet
  facet normal -1 0 0
    outer loop
      vertex 19.4 15.5 2.2
      vertex 19.4 14.6771 2.54416
      vertex 19.4 14.7577 2.87984
    endloop
  endfacet
  facet normal -1 0 0
    outer loop
      vertex 19.4 14.35 0
      vertex 19.4 15.7578 1.40649
      vertex 19.4 15.8954 1.24541
    endloop
  endfacet
  facet normal -1 0 0
    outer loop
      vertex 19.4 15.5 2.2
      vertex 19.4 14.65 2.2
      vertex 19.4 14.6771 2.54416
    endloop
  endfacet
  facet normal -1 0 0
    outer loop
      vertex 19.4 14.35 0
      vertex 19.4 15.8954 1.24541
      vertex 19.4 16.0565 1.10783
    endloop
  endfacet
  facet normal -1 -0 0
    outer loop
      vertex 19.4 16.6388 0.86662
      vertex 19.4 14.35 0
      vertex 19.4 16.4328 0.916073
    endloop
  endfacet
  facet normal -1 0 0
    outer loop
      vertex 19.4 14.35 0
      vertex 19.4 16.2371 0.997141
      vertex 19.4 16.4328 0.916073
    endloop
  endfacet
  facet normal -1 0 0
    outer loop
      vertex 19.4 14.35 0
      vertex 19.4 16.0565 1.10783
      vertex 19.4 16.2371 0.997141
    endloop
  endfacet
  facet normal -1 -0 0
    outer loop
      vertex 19.4 15.7578 1.40649
      vertex 19.4 14.35 0
      vertex 19.4 14.35 1.5
    endloop
  endfacet
  facet normal -1 -0 0
    outer loop
      vertex 19.4 15.5661 1.78283
      vertex 19.4 14.35 1.5
      vertex 19.4 14.65 2.2
    endloop
  endfacet
  facet normal -1 0 0
    outer loop
      vertex 19.4 13.35 2.2
      vertex 19.4 14.35 1.5
      vertex 19.4 13.35 1.5
    endloop
  endfacet
  facet normal -1 0 0
    outer loop
      vertex 19.4 14.35 1.5
      vertex 19.4 13.35 2.2
      vertex 19.4 14.65 2.2
    endloop
  endfacet
  facet normal -1 -0 -0
    outer loop
      vertex 19.4 19.05 2.2
      vertex 19.4 19.05 2.19985
      vertex 19.4 19.0229 2.54416
    endloop
  endfacet
  facet normal -1 0 0
    outer loop
      vertex 19.4 18.0529 2.81289
      vertex 19.4 18.8102 3.19878
      vertex 19.4 18.1339 2.61717
    endloop
  endfacet
  facet normal -1 -0 0
    outer loop
      vertex 19.4 18.8102 3.19878
      vertex 19.4 18.0529 2.81289
      vertex 19.4 18.6298 3.49313
    endloop
  endfacet
  facet normal -1 0 0
    outer loop
      vertex 19.4 17.9422 2.99351
      vertex 19.4 18.6298 3.49313
      vertex 19.4 18.0529 2.81289
    endloop
  endfacet
  facet normal -1 -0 0
    outer loop
      vertex 19.4 18.6298 3.49313
      vertex 19.4 17.9422 2.99351
      vertex 19.4 18.4056 3.75563
    endloop
  endfacet
  facet normal -1 0 0
    outer loop
      vertex 19.4 17.8046 3.15459
      vertex 19.4 18.4056 3.75563
      vertex 19.4 17.9422 2.99351
    endloop
  endfacet
  facet normal -1 -0 0
    outer loop
      vertex 19.4 18.4056 3.75563
      vertex 19.4 17.8046 3.15459
      vertex 19.4 18.1431 3.97984
    endloop
  endfacet
  facet normal -1 0 0
    outer loop
      vertex 19.4 17.6435 3.29217
      vertex 19.4 18.1431 3.97984
      vertex 19.4 17.8046 3.15459
    endloop
  endfacet
  facet normal -1 -0 0
    outer loop
      vertex 19.4 18.1431 3.97984
      vertex 19.4 17.6435 3.29217
      vertex 19.4 17.8488 4.16021
    endloop
  endfacet
  facet normal -1 0 0
    outer loop
      vertex 19.4 17.4629 3.40286
      vertex 19.4 17.8488 4.16021
      vertex 19.4 17.6435 3.29217
    endloop
  endfacet
  facet normal -1 -0 0
    outer loop
      vertex 19.4 17.8488 4.16021
      vertex 19.4 17.4629 3.40286
      vertex 19.4 17.5298 4.29232
    endloop
  endfacet
  facet normal -1 0 0
    outer loop
      vertex 19.4 17.2672 3.48393
      vertex 19.4 17.5298 4.29232
      vertex 19.4 17.4629 3.40286
    endloop
  endfacet
  facet normal -1 0 0
    outer loop
      vertex 19.4 17.2672 3.48393
      vertex 19.4 17.1942 4.37291
      vertex 19.4 17.5298 4.29232
    endloop
  endfacet
  facet normal -1 0 0
    outer loop
      vertex 19.4 17.0612 3.53338
      vertex 19.4 17.1942 4.37291
      vertex 19.4 17.2672 3.48393
    endloop
  endfacet
  facet normal -1 0 0
    outer loop
      vertex 19.4 16.85 3.55
      vertex 19.4 17.1942 4.37291
      vertex 19.4 17.0612 3.53338
    endloop
  endfacet
  facet normal -1 0 0
    outer loop
      vertex 19.4 16.85 3.55
      vertex 19.4 16.85 4.4
      vertex 19.4 17.1942 4.37291
    endloop
  endfacet
  facet normal -1 0 0
    outer loop
      vertex 19.4 16.6388 3.53338
      vertex 19.4 16.85 4.4
      vertex 19.4 16.85 3.55
    endloop
  endfacet
  facet normal -1 0 0
    outer loop
      vertex 19.4 16.6388 3.53338
      vertex 19.4 16.5058 4.37291
      vertex 19.4 16.85 4.4
    endloop
  endfacet
  facet normal -1 0 0
    outer loop
      vertex 19.4 16.4328 3.48393
      vertex 19.4 16.5058 4.37291
      vertex 19.4 16.6388 3.53338
    endloop
  endfacet
  facet normal -1 0 0
    outer loop
      vertex 19.4 16.1702 4.29232
      vertex 19.4 16.4328 3.48393
      vertex 19.4 16.2371 3.40286
    endloop
  endfacet
  facet normal -1 0 0
    outer loop
      vertex 19.4 16.4328 3.48393
      vertex 19.4 16.1702 4.29232
      vertex 19.4 16.5058 4.37291
    endloop
  endfacet
  facet normal -1 0 0
    outer loop
      vertex 19.4 15.8512 4.16021
      vertex 19.4 16.2371 3.40286
      vertex 19.4 16.0565 3.29217
    endloop
  endfacet
  facet normal -1 0 0
    outer loop
      vertex 19.4 15.5569 3.97984
      vertex 19.4 16.0565 3.29217
      vertex 19.4 15.8954 3.15459
    endloop
  endfacet
  facet normal -1 0 0
    outer loop
      vertex 19.4 16.2371 3.40286
      vertex 19.4 15.8512 4.16021
      vertex 19.4 16.1702 4.29232
    endloop
  endfacet
  facet normal -1 0 0
    outer loop
      vertex 19.4 15.2944 3.75563
      vertex 19.4 15.8954 3.15459
      vertex 19.4 15.7578 2.99351
    endloop
  endfacet
  facet normal -1 0 0
    outer loop
      vertex 19.4 15.2944 3.75563
      vertex 19.4 15.7578 2.99351
      vertex 19.4 15.6471 2.81289
    endloop
  endfacet
  facet normal -1 0 0
    outer loop
      vertex 19.4 15.2944 3.75563
      vertex 19.4 15.6471 2.81289
      vertex 19.4 15.5661 2.61717
    endloop
  endfacet
  facet normal -1 0 0
    outer loop
      vertex 19.4 16.0565 3.29217
      vertex 19.4 15.5569 3.97984
      vertex 19.4 15.8512 4.16021
    endloop
  endfacet
  facet normal -1 0 0
    outer loop
      vertex 19.4 15.2944 3.75563
      vertex 19.4 15.5661 2.61717
      vertex 19.4 15.5166 2.41119
    endloop
  endfacet
  facet normal -1 0 0
    outer loop
      vertex 19.4 15.2944 3.75563
      vertex 19.4 15.5166 2.41119
      vertex 19.4 15.5 2.2
    endloop
  endfacet
  facet normal -1 0 0
    outer loop
      vertex 19.4 15.8954 3.15459
      vertex 19.4 15.2944 3.75563
      vertex 19.4 15.5569 3.97984
    endloop
  endfacet
  facet normal 0 -0.852612 0.522545
    outer loop
      vertex 19.4 14.8898 3.19878
      vertex 24.2 15.0702 3.49313
      vertex 19.4 15.0702 3.49313
    endloop
  endfacet
  facet normal 0 -0.852612 0.522545
    outer loop
      vertex 24.2 15.0702 3.49313
      vertex 19.4 14.8898 3.19878
      vertex 24.2 14.8898 3.19878
    endloop
  endfacet
  facet normal 0 -0.972363 0.233474
    outer loop
      vertex 19.4 14.6771 2.54416
      vertex 24.2 14.7577 2.87984
      vertex 19.4 14.7577 2.87984
    endloop
  endfacet
  facet normal 0 -0.972363 0.233474
    outer loop
      vertex 24.2 14.7577 2.87984
      vertex 19.4 14.6771 2.54416
      vertex 24.2 14.6771 2.54416
    endloop
  endfacet
  facet normal 0 -0.760401 0.649454
    outer loop
      vertex 19.4 15.0702 3.49313
      vertex 24.2 15.2944 3.75563
      vertex 19.4 15.2944 3.75563
    endloop
  endfacet
  facet normal 0 -0.760401 0.649454
    outer loop
      vertex 24.2 15.2944 3.75563
      vertex 19.4 15.0702 3.49313
      vertex 24.2 15.0702 3.49313
    endloop
  endfacet
  facet normal 0 -0.522546 0.852611
    outer loop
      vertex 19.4 15.8512 4.16021
      vertex 24.2 15.5569 3.97984
      vertex 24.2 15.8512 4.16021
    endloop
  endfacet
  facet normal 0 -0.522546 0.852611
    outer loop
      vertex 24.2 15.5569 3.97984
      vertex 19.4 15.8512 4.16021
      vertex 19.4 15.5569 3.97984
    endloop
  endfacet
  facet normal 0 -0.923889 0.382661
    outer loop
      vertex 19.4 14.7577 2.87984
      vertex 24.2 14.8898 3.19878
      vertex 19.4 14.8898 3.19878
    endloop
  endfacet
  facet normal 0 -0.923889 0.382661
    outer loop
      vertex 24.2 14.8898 3.19878
      vertex 19.4 14.7577 2.87984
      vertex 24.2 14.7577 2.87984
    endloop
  endfacet
  facet normal 0 -0.649471 0.760386
    outer loop
      vertex 19.4 15.5569 3.97984
      vertex 24.2 15.2944 3.75563
      vertex 24.2 15.5569 3.97984
    endloop
  endfacet
  facet normal 0 -0.649471 0.760386
    outer loop
      vertex 24.2 15.2944 3.75563
      vertex 19.4 15.5569 3.97984
      vertex 19.4 15.2944 3.75563
    endloop
  endfacet
  facet normal 0 -0.233499 0.972357
    outer loop
      vertex 19.4 16.5058 4.37291
      vertex 24.2 16.1702 4.29232
      vertex 24.2 16.5058 4.37291
    endloop
  endfacet
  facet normal 0 -0.233499 0.972357
    outer loop
      vertex 24.2 16.1702 4.29232
      vertex 19.4 16.5058 4.37291
      vertex 19.4 16.1702 4.29232
    endloop
  endfacet
  facet normal 0 -0.0784616 0.996917
    outer loop
      vertex 19.4 16.85 4.4
      vertex 24.2 16.5058 4.37291
      vertex 24.2 16.85 4.4
    endloop
  endfacet
  facet normal 0 -0.0784616 0.996917
    outer loop
      vertex 24.2 16.5058 4.37291
      vertex 19.4 16.85 4.4
      vertex 19.4 16.5058 4.37291
    endloop
  endfacet
  facet normal -0 0 1
    outer loop
      vertex 19.4 14.65 2.2
      vertex 24.2 13.35 2.2
      vertex 24.2 14.65 2.2
    endloop
  endfacet
  facet normal 0 0 1
    outer loop
      vertex 24.2 13.35 2.2
      vertex 19.4 14.65 2.2
      vertex 19.4 13.35 2.2
    endloop
  endfacet
  facet normal 0 -1 0
    outer loop
      vertex 19.4 13.35 1.5
      vertex 24.2 13.35 2.2
      vertex 19.4 13.35 2.2
    endloop
  endfacet
  facet normal 0 -1 -0
    outer loop
      vertex 24.2 13.35 2.2
      vertex 19.4 13.35 1.5
      vertex 24.2 13.35 1.5
    endloop
  endfacet
  facet normal 0.578192 0 -0.815901
    outer loop
      vertex 3.63198 11.753 54.5
      vertex 12.7 13.9368 60.9261
      vertex 12.7 9.41405 60.9261
    endloop
  endfacet
  facet normal 0.578192 0 -0.815901
    outer loop
      vertex 12.7 13.9368 60.9261
      vertex 3.63198 11.753 54.5
      vertex 3.63198 16.2757 54.5
    endloop
  endfacet
  facet normal -0.578193 -0 -0.8159
    outer loop
      vertex 12.7 13.9368 60.9261
      vertex 21.768 11.753 54.5
      vertex 12.7 9.41405 60.9261
    endloop
  endfacet
  facet normal -0.578193 0 -0.8159
    outer loop
      vertex 21.768 11.753 54.5
      vertex 12.7 13.9368 60.9261
      vertex 21.768 16.2757 54.5
    endloop
  endfacet
  facet normal 0 0 -1
    outer loop
      vertex 2.07542 11.753 54.5
      vertex 3.63198 16.2757 54.5
      vertex 3.63198 11.753 54.5
    endloop
  endfacet
  facet normal -0 0 -1
    outer loop
      vertex 3.63198 16.2757 54.5
      vertex 2.07542 11.753 54.5
      vertex 2.07542 16.2757 54.5
    endloop
  endfacet
  facet normal 0 0 -1
    outer loop
      vertex 21.768 11.753 54.5
      vertex 23.3246 16.2757 54.5
      vertex 23.3246 11.753 54.5
    endloop
  endfacet
  facet normal -0 0 -1
    outer loop
      vertex 23.3246 16.2757 54.5
      vertex 21.768 11.753 54.5
      vertex 21.768 16.2757 54.5
    endloop
  endfacet
  facet normal -0 -0.939691 -0.342024
    outer loop
      vertex 3.63198 11.753 54.5
      vertex 12.7 9.01256 62.0292
      vertex 2.07542 11.753 54.5
    endloop
  endfacet
  facet normal -7.59576e-06 -0.939694 -0.342016
    outer loop
      vertex 12.7 9.01256 62.0292
      vertex 3.63198 11.753 54.5
      vertex 12.7 9.41405 60.9261
    endloop
  endfacet
  facet normal 7.59578e-06 -0.939694 -0.342016
    outer loop
      vertex 21.768 11.753 54.5
      vertex 12.7 9.01256 62.0292
      vertex 12.7 9.41405 60.9261
    endloop
  endfacet
  facet normal 0 -0.939691 -0.342024
    outer loop
      vertex 12.7 9.01256 62.0292
      vertex 21.768 11.753 54.5
      vertex 23.3246 11.753 54.5
    endloop
  endfacet
  facet normal 0 -0.0784553 0.996918
    outer loop
      vertex 1 17.0612 0.86662
      vertex 6 16.85 0.849999
      vertex 6 17.0612 0.86662
    endloop
  endfacet
  facet normal 0 -0.0784553 0.996918
    outer loop
      vertex 6 16.85 0.849999
      vertex 1 17.0612 0.86662
      vertex 1 16.85 0.849999
    endloop
  endfacet
  facet normal 0 -0.0784506 -0.996918
    outer loop
      vertex 1 16.85 3.55
      vertex 6 17.0612 3.53338
      vertex 6 16.85 3.55
    endloop
  endfacet
  facet normal -0 -0.0784506 -0.996918
    outer loop
      vertex 6 17.0612 3.53338
      vertex 1 16.85 3.55
      vertex 1 17.0612 3.53338
    endloop
  endfacet
  facet normal 0 -0.996925 -0.0783605
    outer loop
      vertex 1 18.2 2.2
      vertex 6 18.1834 2.41119
      vertex 1 18.1834 2.41119
    endloop
  endfacet
  facet normal 0 -0.996925 -0.0783605
    outer loop
      vertex 6 18.1834 2.41119
      vertex 1 18.2 2.2
      vertex 6 18.2 2.2
    endloop
  endfacet
  facet normal 0 0.996925 0.0783605
    outer loop
      vertex 6 15.5166 1.98881
      vertex 1 15.5 2.2
      vertex 6 15.5 2.2
    endloop
  endfacet
  facet normal 0 0.996925 0.0783605
    outer loop
      vertex 1 15.5 2.2
      vertex 6 15.5166 1.98881
      vertex 1 15.5166 1.98881
    endloop
  endfacet
  facet normal -0 0.649414 0.760435
    outer loop
      vertex 1 16.0565 1.10783
      vertex 6 15.8954 1.24541
      vertex 6 16.0565 1.10783
    endloop
  endfacet
  facet normal 0 0.649414 0.760435
    outer loop
      vertex 6 15.8954 1.24541
      vertex 1 16.0565 1.10783
      vertex 1 15.8954 1.24541
    endloop
  endfacet
  facet normal 0 -0.649414 -0.760435
    outer loop
      vertex 1 17.6435 3.29217
      vertex 6 17.8046 3.15459
      vertex 6 17.6435 3.29217
    endloop
  endfacet
  facet normal -0 -0.649414 -0.760435
    outer loop
      vertex 6 17.8046 3.15459
      vertex 1 17.6435 3.29217
      vertex 1 17.8046 3.15459
    endloop
  endfacet
  facet normal 0 -0.923996 -0.382402
    outer loop
      vertex 1 18.1339 2.61717
      vertex 6 18.0529 2.81289
      vertex 1 18.0529 2.81289
    endloop
  endfacet
  facet normal 0 -0.923996 -0.382402
    outer loop
      vertex 6 18.0529 2.81289
      vertex 1 18.1339 2.61717
      vertex 6 18.1339 2.61717
    endloop
  endfacet
  facet normal 0 -0.522558 0.852604
    outer loop
      vertex 1 17.6435 1.10783
      vertex 6 17.4629 0.997141
      vertex 6 17.6435 1.10783
    endloop
  endfacet
  facet normal 0 -0.522558 0.852604
    outer loop
      vertex 6 17.4629 0.997141
      vertex 1 17.6435 1.10783
      vertex 1 17.4629 0.997141
    endloop
  endfacet
  facet normal 0 -0.233431 0.972373
    outer loop
      vertex 1 17.2672 0.916073
      vertex 6 17.0612 0.86662
      vertex 6 17.2672 0.916073
    endloop
  endfacet
  facet normal 0 -0.233431 0.972373
    outer loop
      vertex 6 17.0612 0.86662
      vertex 1 17.2672 0.916073
      vertex 1 17.0612 0.86662
    endloop
  endfacet
  facet normal 0 -0.649414 0.760435
    outer loop
      vertex 1 17.8046 1.24541
      vertex 6 17.6435 1.10783
      vertex 6 17.8046 1.24541
    endloop
  endfacet
  facet normal 0 -0.649414 0.760435
    outer loop
      vertex 6 17.6435 1.10783
      vertex 1 17.8046 1.24541
      vertex 1 17.6435 1.10783
    endloop
  endfacet
  facet normal 0 -0.972318 0.233662
    outer loop
      vertex 1 18.1339 1.78283
      vertex 6 18.1834 1.98881
      vertex 1 18.1834 1.98881
    endloop
  endfacet
  facet normal 0 -0.972318 0.233662
    outer loop
      vertex 6 18.1834 1.98881
      vertex 1 18.1339 1.78283
      vertex 6 18.1339 1.78283
    endloop
  endfacet
  facet normal 0 -0.996925 0.0783605
    outer loop
      vertex 1 18.1834 1.98881
      vertex 6 18.2 2.2
      vertex 1 18.2 2.2
    endloop
  endfacet
  facet normal 0 -0.996925 0.0783605
    outer loop
      vertex 6 18.2 2.2
      vertex 1 18.1834 1.98881
      vertex 6 18.1834 1.98881
    endloop
  endfacet
  facet normal 0 -0.852607 0.522553
    outer loop
      vertex 1 17.9422 1.40649
      vertex 6 18.0529 1.58711
      vertex 1 18.0529 1.58711
    endloop
  endfacet
  facet normal 0 -0.852607 0.522553
    outer loop
      vertex 6 18.0529 1.58711
      vertex 1 17.9422 1.40649
      vertex 6 17.9422 1.40649
    endloop
  endfacet
  facet normal 0 -0.382717 -0.923866
    outer loop
      vertex 1 17.2672 3.48393
      vertex 6 17.4629 3.40286
      vertex 6 17.2672 3.48393
    endloop
  endfacet
  facet normal -0 -0.382717 -0.923866
    outer loop
      vertex 6 17.4629 3.40286
      vertex 1 17.2672 3.48393
      vertex 1 17.4629 3.40286
    endloop
  endfacet
  facet normal 0 -0.522561 -0.852602
    outer loop
      vertex 1 17.4629 3.40286
      vertex 6 17.6435 3.29217
      vertex 6 17.4629 3.40286
    endloop
  endfacet
  facet normal -0 -0.522561 -0.852602
    outer loop
      vertex 6 17.6435 3.29217
      vertex 1 17.4629 3.40286
      vertex 1 17.6435 3.29217
    endloop
  endfacet
  facet normal 0 -0.233418 -0.972377
    outer loop
      vertex 1 17.0612 3.53338
      vertex 6 17.2672 3.48393
      vertex 6 17.0612 3.53338
    endloop
  endfacet
  facet normal -0 -0.233418 -0.972377
    outer loop
      vertex 6 17.2672 3.48393
      vertex 1 17.0612 3.53338
      vertex 1 17.2672 3.48393
    endloop
  endfacet
  facet normal 0 -0.972318 -0.233662
    outer loop
      vertex 1 18.1834 2.41119
      vertex 6 18.1339 2.61717
      vertex 1 18.1339 2.61717
    endloop
  endfacet
  facet normal 0 -0.972318 -0.233662
    outer loop
      vertex 6 18.1339 2.61717
      vertex 1 18.1834 2.41119
      vertex 6 18.1834 2.41119
    endloop
  endfacet
  facet normal -0 0.382709 0.923869
    outer loop
      vertex 1 16.4328 0.916073
      vertex 6 16.2371 0.997141
      vertex 6 16.4328 0.916073
    endloop
  endfacet
  facet normal 0 0.382709 0.923869
    outer loop
      vertex 6 16.2371 0.997141
      vertex 1 16.4328 0.916073
      vertex 1 16.2371 0.997141
    endloop
  endfacet
  facet normal -0 0.233431 0.972373
    outer loop
      vertex 1 16.6388 0.86662
      vertex 6 16.4328 0.916073
      vertex 6 16.6388 0.86662
    endloop
  endfacet
  facet normal 0 0.233431 0.972373
    outer loop
      vertex 6 16.4328 0.916073
      vertex 1 16.6388 0.86662
      vertex 1 16.4328 0.916073
    endloop
  endfacet
  facet normal 0 0.972318 0.233662
    outer loop
      vertex 6 15.5661 1.78283
      vertex 1 15.5166 1.98881
      vertex 6 15.5166 1.98881
    endloop
  endfacet
  facet normal 0 0.972318 0.233662
    outer loop
      vertex 1 15.5166 1.98881
      vertex 6 15.5661 1.78283
      vertex 1 15.5661 1.78283
    endloop
  endfacet
  facet normal 0 -0.382709 0.923869
    outer loop
      vertex 1 17.4629 0.997141
      vertex 6 17.2672 0.916073
      vertex 6 17.4629 0.997141
    endloop
  endfacet
  facet normal 0 -0.382709 0.923869
    outer loop
      vertex 6 17.2672 0.916073
      vertex 1 17.4629 0.997141
      vertex 1 17.2672 0.916073
    endloop
  endfacet
  facet normal 0 -0.760348 0.649515
    outer loop
      vertex 1 17.8046 1.24541
      vertex 6 17.9422 1.40649
      vertex 1 17.9422 1.40649
    endloop
  endfacet
  facet normal 0 -0.760348 0.649515
    outer loop
      vertex 6 17.9422 1.40649
      vertex 1 17.8046 1.24541
      vertex 6 17.8046 1.24541
    endloop
  endfacet
  facet normal 0 -0.923996 0.382402
    outer loop
      vertex 1 18.0529 1.58711
      vertex 6 18.1339 1.78283
      vertex 1 18.1339 1.78283
    endloop
  endfacet
  facet normal 0 -0.923996 0.382402
    outer loop
      vertex 6 18.1339 1.78283
      vertex 1 18.0529 1.58711
      vertex 6 18.0529 1.58711
    endloop
  endfacet
  facet normal 0 -0.852607 -0.522553
    outer loop
      vertex 1 18.0529 2.81289
      vertex 6 17.9422 2.99351
      vertex 1 17.9422 2.99351
    endloop
  endfacet
  facet normal 0 -0.852607 -0.522553
    outer loop
      vertex 6 17.9422 2.99351
      vertex 1 18.0529 2.81289
      vertex 6 18.0529 2.81289
    endloop
  endfacet
  facet normal 0 -0.760348 -0.649515
    outer loop
      vertex 1 17.9422 2.99351
      vertex 6 17.8046 3.15459
      vertex 1 17.8046 3.15459
    endloop
  endfacet
  facet normal 0 -0.760348 -0.649515
    outer loop
      vertex 6 17.8046 3.15459
      vertex 1 17.9422 2.99351
      vertex 6 17.9422 2.99351
    endloop
  endfacet
  facet normal -0 0.522558 0.852604
    outer loop
      vertex 1 16.2371 0.997141
      vertex 6 16.0565 1.10783
      vertex 6 16.2371 0.997141
    endloop
  endfacet
  facet normal 0 0.522558 0.852604
    outer loop
      vertex 6 16.0565 1.10783
      vertex 1 16.2371 0.997141
      vertex 1 16.0565 1.10783
    endloop
  endfacet
  facet normal -0 0.0784553 0.996918
    outer loop
      vertex 1 16.85 0.849999
      vertex 6 16.6388 0.86662
      vertex 6 16.85 0.849999
    endloop
  endfacet
  facet normal 0 0.0784553 0.996918
    outer loop
      vertex 6 16.6388 0.86662
      vertex 1 16.85 0.849999
      vertex 1 16.6388 0.86662
    endloop
  endfacet
  facet normal 0 0.522561 -0.852602
    outer loop
      vertex 1 16.0565 3.29217
      vertex 6 16.2371 3.40286
      vertex 6 16.0565 3.29217
    endloop
  endfacet
  facet normal 0 0.522561 -0.852602
    outer loop
      vertex 6 16.2371 3.40286
      vertex 1 16.0565 3.29217
      vertex 1 16.2371 3.40286
    endloop
  endfacet
  facet normal 0 0.852607 0.522553
    outer loop
      vertex 6 15.7578 1.40649
      vertex 1 15.6471 1.58711
      vertex 6 15.6471 1.58711
    endloop
  endfacet
  facet normal 0 0.852607 0.522553
    outer loop
      vertex 1 15.6471 1.58711
      vertex 6 15.7578 1.40649
      vertex 1 15.7578 1.40649
    endloop
  endfacet
  facet normal 0 0.923996 0.382402
    outer loop
      vertex 6 15.6471 1.58711
      vertex 1 15.5661 1.78283
      vertex 6 15.5661 1.78283
    endloop
  endfacet
  facet normal 0 0.923996 0.382402
    outer loop
      vertex 1 15.5661 1.78283
      vertex 6 15.6471 1.58711
      vertex 1 15.6471 1.58711
    endloop
  endfacet
  facet normal 0 0.649414 -0.760435
    outer loop
      vertex 1 15.8954 3.15459
      vertex 6 16.0565 3.29217
      vertex 6 15.8954 3.15459
    endloop
  endfacet
  facet normal 0 0.649414 -0.760435
    outer loop
      vertex 6 16.0565 3.29217
      vertex 1 15.8954 3.15459
      vertex 1 16.0565 3.29217
    endloop
  endfacet
  facet normal 0 0.0784506 -0.996918
    outer loop
      vertex 1 16.6388 3.53338
      vertex 6 16.85 3.55
      vertex 6 16.6388 3.53338
    endloop
  endfacet
  facet normal 0 0.0784506 -0.996918
    outer loop
      vertex 6 16.85 3.55
      vertex 1 16.6388 3.53338
      vertex 1 16.85 3.55
    endloop
  endfacet
  facet normal 0 0.382717 -0.923866
    outer loop
      vertex 1 16.2371 3.40286
      vertex 6 16.4328 3.48393
      vertex 6 16.2371 3.40286
    endloop
  endfacet
  facet normal 0 0.382717 -0.923866
    outer loop
      vertex 6 16.4328 3.48393
      vertex 1 16.2371 3.40286
      vertex 1 16.4328 3.48393
    endloop
  endfacet
  facet normal 0 0.760348 0.649515
    outer loop
      vertex 6 15.8954 1.24541
      vertex 1 15.7578 1.40649
      vertex 6 15.7578 1.40649
    endloop
  endfacet
  facet normal 0 0.760348 0.649515
    outer loop
      vertex 1 15.7578 1.40649
      vertex 6 15.8954 1.24541
      vertex 1 15.8954 1.24541
    endloop
  endfacet
  facet normal 0 0.996925 -0.0783605
    outer loop
      vertex 6 15.5 2.2
      vertex 1 15.5166 2.41119
      vertex 6 15.5166 2.41119
    endloop
  endfacet
  facet normal 0 0.996925 -0.0783605
    outer loop
      vertex 1 15.5166 2.41119
      vertex 6 15.5 2.2
      vertex 1 15.5 2.2
    endloop
  endfacet
  facet normal 1 0 0
    outer loop
      vertex 1 18.1834 2.41119
      vertex 1 18.1834 1.98881
      vertex 1 18.2 2.2
    endloop
  endfacet
  facet normal 1 0 0
    outer loop
      vertex 1 18.1339 2.61717
      vertex 1 18.1834 1.98881
      vertex 1 18.1834 2.41119
    endloop
  endfacet
  facet normal 1 0 0
    outer loop
      vertex 1 18.1339 2.61717
      vertex 1 18.1339 1.78283
      vertex 1 18.1834 1.98881
    endloop
  endfacet
  facet normal 1 0 0
    outer loop
      vertex 1 18.0529 2.81289
      vertex 1 18.1339 1.78283
      vertex 1 18.1339 2.61717
    endloop
  endfacet
  facet normal 1 0 0
    outer loop
      vertex 1 18.0529 2.81289
      vertex 1 18.0529 1.58711
      vertex 1 18.1339 1.78283
    endloop
  endfacet
  facet normal 1 0 0
    outer loop
      vertex 1 17.9422 2.99351
      vertex 1 18.0529 1.58711
      vertex 1 18.0529 2.81289
    endloop
  endfacet
  facet normal 1 0 0
    outer loop
      vertex 1 17.9422 2.99351
      vertex 1 17.9422 1.40649
      vertex 1 18.0529 1.58711
    endloop
  endfacet
  facet normal 1 0 0
    outer loop
      vertex 1 17.8046 3.15459
      vertex 1 17.9422 1.40649
      vertex 1 17.9422 2.99351
    endloop
  endfacet
  facet normal 1 0 0
    outer loop
      vertex 1 17.8046 3.15459
      vertex 1 17.8046 1.24541
      vertex 1 17.9422 1.40649
    endloop
  endfacet
  facet normal 1 0 0
    outer loop
      vertex 1 17.6435 3.29217
      vertex 1 17.8046 1.24541
      vertex 1 17.8046 3.15459
    endloop
  endfacet
  facet normal 1 0 0
    outer loop
      vertex 1 17.6435 3.29217
      vertex 1 17.6435 1.10783
      vertex 1 17.8046 1.24541
    endloop
  endfacet
  facet normal 1 0 0
    outer loop
      vertex 1 17.4629 3.40286
      vertex 1 17.6435 1.10783
      vertex 1 17.6435 3.29217
    endloop
  endfacet
  facet normal 1 0 0
    outer loop
      vertex 1 17.4629 3.40286
      vertex 1 17.4629 0.997141
      vertex 1 17.6435 1.10783
    endloop
  endfacet
  facet normal 1 0 0
    outer loop
      vertex 1 17.2672 3.48393
      vertex 1 17.4629 0.997141
      vertex 1 17.4629 3.40286
    endloop
  endfacet
  facet normal 1 0 0
    outer loop
      vertex 1 17.2672 3.48393
      vertex 1 17.2672 0.916073
      vertex 1 17.4629 0.997141
    endloop
  endfacet
  facet normal 1 0 0
    outer loop
      vertex 1 17.0612 3.53338
      vertex 1 17.2672 0.916073
      vertex 1 17.2672 3.48393
    endloop
  endfacet
  facet normal 1 0 0
    outer loop
      vertex 1 17.0612 3.53338
      vertex 1 17.0612 0.86662
      vertex 1 17.2672 0.916073
    endloop
  endfacet
  facet normal 1 0 0
    outer loop
      vertex 1 16.85 3.55
      vertex 1 17.0612 0.86662
      vertex 1 17.0612 3.53338
    endloop
  endfacet
  facet normal 1 0 0
    outer loop
      vertex 1 16.85 3.55
      vertex 1 16.85 0.849999
      vertex 1 17.0612 0.86662
    endloop
  endfacet
  facet normal 1 -0 0
    outer loop
      vertex 1 16.6388 3.53338
      vertex 1 16.85 0.849999
      vertex 1 16.85 3.55
    endloop
  endfacet
  facet normal 1 0 0
    outer loop
      vertex 1 16.6388 3.53338
      vertex 1 16.6388 0.86662
      vertex 1 16.85 0.849999
    endloop
  endfacet
  facet normal 1 -0 0
    outer loop
      vertex 1 16.4328 3.48393
      vertex 1 16.6388 0.86662
      vertex 1 16.6388 3.53338
    endloop
  endfacet
  facet normal 1 0 0
    outer loop
      vertex 1 16.4328 3.48393
      vertex 1 16.4328 0.916073
      vertex 1 16.6388 0.86662
    endloop
  endfacet
  facet normal 1 -0 0
    outer loop
      vertex 1 16.2371 3.40286
      vertex 1 16.4328 0.916073
      vertex 1 16.4328 3.48393
    endloop
  endfacet
  facet normal 1 0 0
    outer loop
      vertex 1 16.2371 3.40286
      vertex 1 16.2371 0.997141
      vertex 1 16.4328 0.916073
    endloop
  endfacet
  facet normal 1 -0 0
    outer loop
      vertex 1 16.0565 3.29217
      vertex 1 16.2371 0.997141
      vertex 1 16.2371 3.40286
    endloop
  endfacet
  facet normal 1 0 0
    outer loop
      vertex 1 16.0565 3.29217
      vertex 1 16.0565 1.10783
      vertex 1 16.2371 0.997141
    endloop
  endfacet
  facet normal 1 -0 0
    outer loop
      vertex 1 15.8954 3.15459
      vertex 1 16.0565 1.10783
      vertex 1 16.0565 3.29217
    endloop
  endfacet
  facet normal 1 0 0
    outer loop
      vertex 1 15.8954 3.15459
      vertex 1 15.8954 1.24541
      vertex 1 16.0565 1.10783
    endloop
  endfacet
  facet normal 1 -0 0
    outer loop
      vertex 1 15.7578 2.99351
      vertex 1 15.8954 1.24541
      vertex 1 15.8954 3.15459
    endloop
  endfacet
  facet normal 1 0 0
    outer loop
      vertex 1 15.7578 2.99351
      vertex 1 15.7578 1.40649
      vertex 1 15.8954 1.24541
    endloop
  endfacet
  facet normal 1 -0 0
    outer loop
      vertex 1 15.6471 2.81289
      vertex 1 15.7578 1.40649
      vertex 1 15.7578 2.99351
    endloop
  endfacet
  facet normal 1 0 0
    outer loop
      vertex 1 15.6471 2.81289
      vertex 1 15.6471 1.58711
      vertex 1 15.7578 1.40649
    endloop
  endfacet
  facet normal 1 -0 0
    outer loop
      vertex 1 15.5661 2.61717
      vertex 1 15.6471 1.58711
      vertex 1 15.6471 2.81289
    endloop
  endfacet
  facet normal 1 0 0
    outer loop
      vertex 1 15.5661 2.61717
      vertex 1 15.5661 1.78283
      vertex 1 15.6471 1.58711
    endloop
  endfacet
  facet normal 1 -0 0
    outer loop
      vertex 1 15.5166 2.41119
      vertex 1 15.5661 1.78283
      vertex 1 15.5661 2.61717
    endloop
  endfacet
  facet normal 1 0 0
    outer loop
      vertex 1 15.5166 2.41119
      vertex 1 15.5166 1.98881
      vertex 1 15.5661 1.78283
    endloop
  endfacet
  facet normal 1 0 -0
    outer loop
      vertex 1 15.5166 1.98881
      vertex 1 15.5166 2.41119
      vertex 1 15.5 2.2
    endloop
  endfacet
  facet normal 0 0.923996 -0.382402
    outer loop
      vertex 6 15.5661 2.61717
      vertex 1 15.6471 2.81289
      vertex 6 15.6471 2.81289
    endloop
  endfacet
  facet normal 0 0.923996 -0.382402
    outer loop
      vertex 1 15.6471 2.81289
      vertex 6 15.5661 2.61717
      vertex 1 15.5661 2.61717
    endloop
  endfacet
  facet normal 0 0.852607 -0.522553
    outer loop
      vertex 6 15.6471 2.81289
      vertex 1 15.7578 2.99351
      vertex 6 15.7578 2.99351
    endloop
  endfacet
  facet normal 0 0.852607 -0.522553
    outer loop
      vertex 1 15.7578 2.99351
      vertex 6 15.6471 2.81289
      vertex 1 15.6471 2.81289
    endloop
  endfacet
  facet normal 0 0.972318 -0.233662
    outer loop
      vertex 6 15.5166 2.41119
      vertex 1 15.5661 2.61717
      vertex 6 15.5661 2.61717
    endloop
  endfacet
  facet normal 0 0.972318 -0.233662
    outer loop
      vertex 1 15.5661 2.61717
      vertex 6 15.5166 2.41119
      vertex 1 15.5166 2.41119
    endloop
  endfacet
  facet normal 0 0.760348 -0.649515
    outer loop
      vertex 6 15.7578 2.99351
      vertex 1 15.8954 3.15459
      vertex 6 15.8954 3.15459
    endloop
  endfacet
  facet normal 0 0.760348 -0.649515
    outer loop
      vertex 1 15.8954 3.15459
      vertex 6 15.7578 2.99351
      vertex 1 15.7578 2.99351
    endloop
  endfacet
  facet normal 0 0.233418 -0.972377
    outer loop
      vertex 1 16.4328 3.48393
      vertex 6 16.6388 3.53338
      vertex 6 16.4328 3.48393
    endloop
  endfacet
  facet normal 0 0.233418 -0.972377
    outer loop
      vertex 6 16.6388 3.53338
      vertex 1 16.4328 3.48393
      vertex 1 16.6388 3.53338
    endloop
  endfacet
  facet normal 0 -0.0784553 0.996918
    outer loop
      vertex 19.4 17.0612 0.86662
      vertex 24.4 16.85 0.849999
      vertex 24.4 17.0612 0.86662
    endloop
  endfacet
  facet normal 0 -0.0784553 0.996918
    outer loop
      vertex 24.4 16.85 0.849999
      vertex 19.4 17.0612 0.86662
      vertex 19.4 16.85 0.849999
    endloop
  endfacet
  facet normal 0 -0.0784506 -0.996918
    outer loop
      vertex 19.4 16.85 3.55
      vertex 24.4 17.0612 3.53338
      vertex 24.4 16.85 3.55
    endloop
  endfacet
  facet normal -0 -0.0784506 -0.996918
    outer loop
      vertex 24.4 17.0612 3.53338
      vertex 19.4 16.85 3.55
      vertex 19.4 17.0612 3.53338
    endloop
  endfacet
  facet normal 0 -0.996925 -0.0783605
    outer loop
      vertex 19.4 18.2 2.2
      vertex 24.4 18.1834 2.41119
      vertex 19.4 18.1834 2.41119
    endloop
  endfacet
  facet normal 0 -0.996925 -0.0783605
    outer loop
      vertex 24.4 18.1834 2.41119
      vertex 19.4 18.2 2.2
      vertex 24.4 18.2 2.2
    endloop
  endfacet
  facet normal 0 0.996925 0.0783605
    outer loop
      vertex 24.4 15.5166 1.98881
      vertex 19.4 15.5 2.2
      vertex 24.4 15.5 2.2
    endloop
  endfacet
  facet normal 0 0.996925 0.0783605
    outer loop
      vertex 19.4 15.5 2.2
      vertex 24.4 15.5166 1.98881
      vertex 19.4 15.5166 1.98881
    endloop
  endfacet
  facet normal -0 0.649414 0.760435
    outer loop
      vertex 19.4 16.0565 1.10783
      vertex 24.4 15.8954 1.24541
      vertex 24.4 16.0565 1.10783
    endloop
  endfacet
  facet normal 0 0.649414 0.760435
    outer loop
      vertex 24.4 15.8954 1.24541
      vertex 19.4 16.0565 1.10783
      vertex 19.4 15.8954 1.24541
    endloop
  endfacet
  facet normal 0 -0.649414 -0.760435
    outer loop
      vertex 19.4 17.6435 3.29217
      vertex 24.4 17.8046 3.15459
      vertex 24.4 17.6435 3.29217
    endloop
  endfacet
  facet normal -0 -0.649414 -0.760435
    outer loop
      vertex 24.4 17.8046 3.15459
      vertex 19.4 17.6435 3.29217
      vertex 19.4 17.8046 3.15459
    endloop
  endfacet
  facet normal 0 -0.923996 -0.382402
    outer loop
      vertex 19.4 18.1339 2.61717
      vertex 24.4 18.0529 2.81289
      vertex 19.4 18.0529 2.81289
    endloop
  endfacet
  facet normal 0 -0.923996 -0.382402
    outer loop
      vertex 24.4 18.0529 2.81289
      vertex 19.4 18.1339 2.61717
      vertex 24.4 18.1339 2.61717
    endloop
  endfacet
  facet normal 0 -0.522558 0.852604
    outer loop
      vertex 19.4 17.6435 1.10783
      vertex 24.4 17.4629 0.997141
      vertex 24.4 17.6435 1.10783
    endloop
  endfacet
  facet normal 0 -0.522558 0.852604
    outer loop
      vertex 24.4 17.4629 0.997141
      vertex 19.4 17.6435 1.10783
      vertex 19.4 17.4629 0.997141
    endloop
  endfacet
  facet normal 0 -0.233431 0.972373
    outer loop
      vertex 19.4 17.2672 0.916073
      vertex 24.4 17.0612 0.86662
      vertex 24.4 17.2672 0.916073
    endloop
  endfacet
  facet normal 0 -0.233431 0.972373
    outer loop
      vertex 24.4 17.0612 0.86662
      vertex 19.4 17.2672 0.916073
      vertex 19.4 17.0612 0.86662
    endloop
  endfacet
  facet normal 0 -0.649414 0.760435
    outer loop
      vertex 19.4 17.8046 1.24541
      vertex 24.4 17.6435 1.10783
      vertex 24.4 17.8046 1.24541
    endloop
  endfacet
  facet normal 0 -0.649414 0.760435
    outer loop
      vertex 24.4 17.6435 1.10783
      vertex 19.4 17.8046 1.24541
      vertex 19.4 17.6435 1.10783
    endloop
  endfacet
  facet normal 0 -0.972318 0.233662
    outer loop
      vertex 19.4 18.1339 1.78283
      vertex 24.4 18.1834 1.98881
      vertex 19.4 18.1834 1.98881
    endloop
  endfacet
  facet normal 0 -0.972318 0.233662
    outer loop
      vertex 24.4 18.1834 1.98881
      vertex 19.4 18.1339 1.78283
      vertex 24.4 18.1339 1.78283
    endloop
  endfacet
  facet normal 0 -0.996925 0.0783605
    outer loop
      vertex 19.4 18.1834 1.98881
      vertex 24.4 18.2 2.2
      vertex 19.4 18.2 2.2
    endloop
  endfacet
  facet normal 0 -0.996925 0.0783605
    outer loop
      vertex 24.4 18.2 2.2
      vertex 19.4 18.1834 1.98881
      vertex 24.4 18.1834 1.98881
    endloop
  endfacet
  facet normal 0 -0.852607 0.522553
    outer loop
      vertex 19.4 17.9422 1.40649
      vertex 24.4 18.0529 1.58711
      vertex 19.4 18.0529 1.58711
    endloop
  endfacet
  facet normal 0 -0.852607 0.522553
    outer loop
      vertex 24.4 18.0529 1.58711
      vertex 19.4 17.9422 1.40649
      vertex 24.4 17.9422 1.40649
    endloop
  endfacet
  facet normal 0 -0.382717 -0.923866
    outer loop
      vertex 19.4 17.2672 3.48393
      vertex 24.4 17.4629 3.40286
      vertex 24.4 17.2672 3.48393
    endloop
  endfacet
  facet normal -0 -0.382717 -0.923866
    outer loop
      vertex 24.4 17.4629 3.40286
      vertex 19.4 17.2672 3.48393
      vertex 19.4 17.4629 3.40286
    endloop
  endfacet
  facet normal 0 -0.522561 -0.852602
    outer loop
      vertex 19.4 17.4629 3.40286
      vertex 24.4 17.6435 3.29217
      vertex 24.4 17.4629 3.40286
    endloop
  endfacet
  facet normal -0 -0.522561 -0.852602
    outer loop
      vertex 24.4 17.6435 3.29217
      vertex 19.4 17.4629 3.40286
      vertex 19.4 17.6435 3.29217
    endloop
  endfacet
  facet normal 0 -0.233418 -0.972377
    outer loop
      vertex 19.4 17.0612 3.53338
      vertex 24.4 17.2672 3.48393
      vertex 24.4 17.0612 3.53338
    endloop
  endfacet
  facet normal -0 -0.233418 -0.972377
    outer loop
      vertex 24.4 17.2672 3.48393
      vertex 19.4 17.0612 3.53338
      vertex 19.4 17.2672 3.48393
    endloop
  endfacet
  facet normal 0 -0.972318 -0.233662
    outer loop
      vertex 19.4 18.1834 2.41119
      vertex 24.4 18.1339 2.61717
      vertex 19.4 18.1339 2.61717
    endloop
  endfacet
  facet normal 0 -0.972318 -0.233662
    outer loop
      vertex 24.4 18.1339 2.61717
      vertex 19.4 18.1834 2.41119
      vertex 24.4 18.1834 2.41119
    endloop
  endfacet
  facet normal -0 0.382709 0.923869
    outer loop
      vertex 19.4 16.4328 0.916073
      vertex 24.4 16.2371 0.997141
      vertex 24.4 16.4328 0.916073
    endloop
  endfacet
  facet normal 0 0.382709 0.923869
    outer loop
      vertex 24.4 16.2371 0.997141
      vertex 19.4 16.4328 0.916073
      vertex 19.4 16.2371 0.997141
    endloop
  endfacet
  facet normal -0 0.233431 0.972373
    outer loop
      vertex 19.4 16.6388 0.86662
      vertex 24.4 16.4328 0.916073
      vertex 24.4 16.6388 0.86662
    endloop
  endfacet
  facet normal 0 0.233431 0.972373
    outer loop
      vertex 24.4 16.4328 0.916073
      vertex 19.4 16.6388 0.86662
      vertex 19.4 16.4328 0.916073
    endloop
  endfacet
  facet normal 0 0.972318 0.233662
    outer loop
      vertex 24.4 15.5661 1.78283
      vertex 19.4 15.5166 1.98881
      vertex 24.4 15.5166 1.98881
    endloop
  endfacet
  facet normal 0 0.972318 0.233662
    outer loop
      vertex 19.4 15.5166 1.98881
      vertex 24.4 15.5661 1.78283
      vertex 19.4 15.5661 1.78283
    endloop
  endfacet
  facet normal 0 -0.382709 0.923869
    outer loop
      vertex 19.4 17.4629 0.997141
      vertex 24.4 17.2672 0.916073
      vertex 24.4 17.4629 0.997141
    endloop
  endfacet
  facet normal 0 -0.382709 0.923869
    outer loop
      vertex 24.4 17.2672 0.916073
      vertex 19.4 17.4629 0.997141
      vertex 19.4 17.2672 0.916073
    endloop
  endfacet
  facet normal 0 -0.760348 0.649515
    outer loop
      vertex 19.4 17.8046 1.24541
      vertex 24.4 17.9422 1.40649
      vertex 19.4 17.9422 1.40649
    endloop
  endfacet
  facet normal 0 -0.760348 0.649515
    outer loop
      vertex 24.4 17.9422 1.40649
      vertex 19.4 17.8046 1.24541
      vertex 24.4 17.8046 1.24541
    endloop
  endfacet
  facet normal 0 -0.923996 0.382402
    outer loop
      vertex 19.4 18.0529 1.58711
      vertex 24.4 18.1339 1.78283
      vertex 19.4 18.1339 1.78283
    endloop
  endfacet
  facet normal 0 -0.923996 0.382402
    outer loop
      vertex 24.4 18.1339 1.78283
      vertex 19.4 18.0529 1.58711
      vertex 24.4 18.0529 1.58711
    endloop
  endfacet
  facet normal 0 -0.852607 -0.522553
    outer loop
      vertex 19.4 18.0529 2.81289
      vertex 24.4 17.9422 2.99351
      vertex 19.4 17.9422 2.99351
    endloop
  endfacet
  facet normal 0 -0.852607 -0.522553
    outer loop
      vertex 24.4 17.9422 2.99351
      vertex 19.4 18.0529 2.81289
      vertex 24.4 18.0529 2.81289
    endloop
  endfacet
  facet normal 0 -0.760348 -0.649515
    outer loop
      vertex 19.4 17.9422 2.99351
      vertex 24.4 17.8046 3.15459
      vertex 19.4 17.8046 3.15459
    endloop
  endfacet
  facet normal 0 -0.760348 -0.649515
    outer loop
      vertex 24.4 17.8046 3.15459
      vertex 19.4 17.9422 2.99351
      vertex 24.4 17.9422 2.99351
    endloop
  endfacet
  facet normal -0 0.522558 0.852604
    outer loop
      vertex 19.4 16.2371 0.997141
      vertex 24.4 16.0565 1.10783
      vertex 24.4 16.2371 0.997141
    endloop
  endfacet
  facet normal 0 0.522558 0.852604
    outer loop
      vertex 24.4 16.0565 1.10783
      vertex 19.4 16.2371 0.997141
      vertex 19.4 16.0565 1.10783
    endloop
  endfacet
  facet normal -0 0.0784553 0.996918
    outer loop
      vertex 19.4 16.85 0.849999
      vertex 24.4 16.6388 0.86662
      vertex 24.4 16.85 0.849999
    endloop
  endfacet
  facet normal 0 0.0784553 0.996918
    outer loop
      vertex 24.4 16.6388 0.86662
      vertex 19.4 16.85 0.849999
      vertex 19.4 16.6388 0.86662
    endloop
  endfacet
  facet normal 0 0.522561 -0.852602
    outer loop
      vertex 19.4 16.0565 3.29217
      vertex 24.4 16.2371 3.40286
      vertex 24.4 16.0565 3.29217
    endloop
  endfacet
  facet normal 0 0.522561 -0.852602
    outer loop
      vertex 24.4 16.2371 3.40286
      vertex 19.4 16.0565 3.29217
      vertex 19.4 16.2371 3.40286
    endloop
  endfacet
  facet normal 0 0.852607 0.522553
    outer loop
      vertex 24.4 15.7578 1.40649
      vertex 19.4 15.6471 1.58711
      vertex 24.4 15.6471 1.58711
    endloop
  endfacet
  facet normal 0 0.852607 0.522553
    outer loop
      vertex 19.4 15.6471 1.58711
      vertex 24.4 15.7578 1.40649
      vertex 19.4 15.7578 1.40649
    endloop
  endfacet
  facet normal 0 0.923996 0.382402
    outer loop
      vertex 24.4 15.6471 1.58711
      vertex 19.4 15.5661 1.78283
      vertex 24.4 15.5661 1.78283
    endloop
  endfacet
  facet normal 0 0.923996 0.382402
    outer loop
      vertex 19.4 15.5661 1.78283
      vertex 24.4 15.6471 1.58711
      vertex 19.4 15.6471 1.58711
    endloop
  endfacet
  facet normal 0 0.649414 -0.760435
    outer loop
      vertex 19.4 15.8954 3.15459
      vertex 24.4 16.0565 3.29217
      vertex 24.4 15.8954 3.15459
    endloop
  endfacet
  facet normal 0 0.649414 -0.760435
    outer loop
      vertex 24.4 16.0565 3.29217
      vertex 19.4 15.8954 3.15459
      vertex 19.4 16.0565 3.29217
    endloop
  endfacet
  facet normal 0 0.0784506 -0.996918
    outer loop
      vertex 19.4 16.6388 3.53338
      vertex 24.4 16.85 3.55
      vertex 24.4 16.6388 3.53338
    endloop
  endfacet
  facet normal 0 0.0784506 -0.996918
    outer loop
      vertex 24.4 16.85 3.55
      vertex 19.4 16.6388 3.53338
      vertex 19.4 16.85 3.55
    endloop
  endfacet
  facet normal 0 0.382717 -0.923866
    outer loop
      vertex 19.4 16.2371 3.40286
      vertex 24.4 16.4328 3.48393
      vertex 24.4 16.2371 3.40286
    endloop
  endfacet
  facet normal 0 0.382717 -0.923866
    outer loop
      vertex 24.4 16.4328 3.48393
      vertex 19.4 16.2371 3.40286
      vertex 19.4 16.4328 3.48393
    endloop
  endfacet
  facet normal 0 0.760348 0.649515
    outer loop
      vertex 24.4 15.8954 1.24541
      vertex 19.4 15.7578 1.40649
      vertex 24.4 15.7578 1.40649
    endloop
  endfacet
  facet normal 0 0.760348 0.649515
    outer loop
      vertex 19.4 15.7578 1.40649
      vertex 24.4 15.8954 1.24541
      vertex 19.4 15.8954 1.24541
    endloop
  endfacet
  facet normal 0 0.996925 -0.0783605
    outer loop
      vertex 24.4 15.5 2.2
      vertex 19.4 15.5166 2.41119
      vertex 24.4 15.5166 2.41119
    endloop
  endfacet
  facet normal 0 0.996925 -0.0783605
    outer loop
      vertex 19.4 15.5166 2.41119
      vertex 24.4 15.5 2.2
      vertex 19.4 15.5 2.2
    endloop
  endfacet
  facet normal 0 0.923996 -0.382402
    outer loop
      vertex 24.4 15.5661 2.61717
      vertex 19.4 15.6471 2.81289
      vertex 24.4 15.6471 2.81289
    endloop
  endfacet
  facet normal 0 0.923996 -0.382402
    outer loop
      vertex 19.4 15.6471 2.81289
      vertex 24.4 15.5661 2.61717
      vertex 19.4 15.5661 2.61717
    endloop
  endfacet
  facet normal 0 0.852607 -0.522553
    outer loop
      vertex 24.4 15.6471 2.81289
      vertex 19.4 15.7578 2.99351
      vertex 24.4 15.7578 2.99351
    endloop
  endfacet
  facet normal 0 0.852607 -0.522553
    outer loop
      vertex 19.4 15.7578 2.99351
      vertex 24.4 15.6471 2.81289
      vertex 19.4 15.6471 2.81289
    endloop
  endfacet
  facet normal 0 0.972318 -0.233662
    outer loop
      vertex 24.4 15.5166 2.41119
      vertex 19.4 15.5661 2.61717
      vertex 24.4 15.5661 2.61717
    endloop
  endfacet
  facet normal 0 0.972318 -0.233662
    outer loop
      vertex 19.4 15.5661 2.61717
      vertex 24.4 15.5166 2.41119
      vertex 19.4 15.5166 2.41119
    endloop
  endfacet
  facet normal -1 0 0
    outer loop
      vertex 24.4 18.1834 1.98881
      vertex 24.4 18.1834 2.41119
      vertex 24.4 18.2 2.2
    endloop
  endfacet
  facet normal -1 0 0
    outer loop
      vertex 24.4 18.1339 1.78283
      vertex 24.4 18.1834 2.41119
      vertex 24.4 18.1834 1.98881
    endloop
  endfacet
  facet normal -1 0 0
    outer loop
      vertex 24.4 18.1339 1.78283
      vertex 24.4 18.1339 2.61717
      vertex 24.4 18.1834 2.41119
    endloop
  endfacet
  facet normal -1 0 0
    outer loop
      vertex 24.4 18.0529 1.58711
      vertex 24.4 18.1339 2.61717
      vertex 24.4 18.1339 1.78283
    endloop
  endfacet
  facet normal -1 0 0
    outer loop
      vertex 24.4 18.0529 1.58711
      vertex 24.4 18.0529 2.81289
      vertex 24.4 18.1339 2.61717
    endloop
  endfacet
  facet normal -1 0 0
    outer loop
      vertex 24.4 17.9422 1.40649
      vertex 24.4 18.0529 2.81289
      vertex 24.4 18.0529 1.58711
    endloop
  endfacet
  facet normal -1 0 0
    outer loop
      vertex 24.4 17.9422 1.40649
      vertex 24.4 17.9422 2.99351
      vertex 24.4 18.0529 2.81289
    endloop
  endfacet
  facet normal -1 0 0
    outer loop
      vertex 24.4 17.8046 1.24541
      vertex 24.4 17.9422 2.99351
      vertex 24.4 17.9422 1.40649
    endloop
  endfacet
  facet normal -1 0 0
    outer loop
      vertex 24.4 17.8046 1.24541
      vertex 24.4 17.8046 3.15459
      vertex 24.4 17.9422 2.99351
    endloop
  endfacet
  facet normal -1 0 0
    outer loop
      vertex 24.4 17.6435 1.10783
      vertex 24.4 17.8046 3.15459
      vertex 24.4 17.8046 1.24541
    endloop
  endfacet
  facet normal -1 0 0
    outer loop
      vertex 24.4 17.6435 1.10783
      vertex 24.4 17.6435 3.29217
      vertex 24.4 17.8046 3.15459
    endloop
  endfacet
  facet normal -1 0 0
    outer loop
      vertex 24.4 17.4629 0.997141
      vertex 24.4 17.6435 3.29217
      vertex 24.4 17.6435 1.10783
    endloop
  endfacet
  facet normal -1 0 0
    outer loop
      vertex 24.4 17.4629 0.997141
      vertex 24.4 17.4629 3.40286
      vertex 24.4 17.6435 3.29217
    endloop
  endfacet
  facet normal -1 0 0
    outer loop
      vertex 24.4 17.2672 0.916073
      vertex 24.4 17.4629 3.40286
      vertex 24.4 17.4629 0.997141
    endloop
  endfacet
  facet normal -1 0 0
    outer loop
      vertex 24.4 17.2672 0.916073
      vertex 24.4 17.2672 3.48393
      vertex 24.4 17.4629 3.40286
    endloop
  endfacet
  facet normal -1 0 0
    outer loop
      vertex 24.4 17.0612 0.86662
      vertex 24.4 17.2672 3.48393
      vertex 24.4 17.2672 0.916073
    endloop
  endfacet
  facet normal -1 0 0
    outer loop
      vertex 24.4 17.0612 0.86662
      vertex 24.4 17.0612 3.53338
      vertex 24.4 17.2672 3.48393
    endloop
  endfacet
  facet normal -1 0 0
    outer loop
      vertex 24.4 16.85 0.849999
      vertex 24.4 17.0612 3.53338
      vertex 24.4 17.0612 0.86662
    endloop
  endfacet
  facet normal -1 0 0
    outer loop
      vertex 24.4 16.85 0.849999
      vertex 24.4 16.85 3.55
      vertex 24.4 17.0612 3.53338
    endloop
  endfacet
  facet normal -1 0 0
    outer loop
      vertex 24.4 16.6388 0.86662
      vertex 24.4 16.85 3.55
      vertex 24.4 16.85 0.849999
    endloop
  endfacet
  facet normal -1 0 0
    outer loop
      vertex 24.4 16.6388 0.86662
      vertex 24.4 16.6388 3.53338
      vertex 24.4 16.85 3.55
    endloop
  endfacet
  facet normal -1 0 0
    outer loop
      vertex 24.4 16.4328 0.916073
      vertex 24.4 16.6388 3.53338
      vertex 24.4 16.6388 0.86662
    endloop
  endfacet
  facet normal -1 0 0
    outer loop
      vertex 24.4 16.4328 0.916073
      vertex 24.4 16.4328 3.48393
      vertex 24.4 16.6388 3.53338
    endloop
  endfacet
  facet normal -1 0 0
    outer loop
      vertex 24.4 16.2371 0.997141
      vertex 24.4 16.4328 3.48393
      vertex 24.4 16.4328 0.916073
    endloop
  endfacet
  facet normal -1 0 0
    outer loop
      vertex 24.4 16.2371 0.997141
      vertex 24.4 16.2371 3.40286
      vertex 24.4 16.4328 3.48393
    endloop
  endfacet
  facet normal -1 0 0
    outer loop
      vertex 24.4 16.0565 1.10783
      vertex 24.4 16.2371 3.40286
      vertex 24.4 16.2371 0.997141
    endloop
  endfacet
  facet normal -1 0 0
    outer loop
      vertex 24.4 16.0565 1.10783
      vertex 24.4 16.0565 3.29217
      vertex 24.4 16.2371 3.40286
    endloop
  endfacet
  facet normal -1 0 0
    outer loop
      vertex 24.4 15.8954 1.24541
      vertex 24.4 16.0565 3.29217
      vertex 24.4 16.0565 1.10783
    endloop
  endfacet
  facet normal -1 0 0
    outer loop
      vertex 24.4 15.8954 1.24541
      vertex 24.4 15.8954 3.15459
      vertex 24.4 16.0565 3.29217
    endloop
  endfacet
  facet normal -1 0 0
    outer loop
      vertex 24.4 15.7578 1.40649
      vertex 24.4 15.8954 3.15459
      vertex 24.4 15.8954 1.24541
    endloop
  endfacet
  facet normal -1 0 0
    outer loop
      vertex 24.4 15.7578 1.40649
      vertex 24.4 15.7578 2.99351
      vertex 24.4 15.8954 3.15459
    endloop
  endfacet
  facet normal -1 0 0
    outer loop
      vertex 24.4 15.6471 1.58711
      vertex 24.4 15.7578 2.99351
      vertex 24.4 15.7578 1.40649
    endloop
  endfacet
  facet normal -1 0 0
    outer loop
      vertex 24.4 15.6471 1.58711
      vertex 24.4 15.6471 2.81289
      vertex 24.4 15.7578 2.99351
    endloop
  endfacet
  facet normal -1 0 0
    outer loop
      vertex 24.4 15.5661 1.78283
      vertex 24.4 15.6471 2.81289
      vertex 24.4 15.6471 1.58711
    endloop
  endfacet
  facet normal -1 0 0
    outer loop
      vertex 24.4 15.5661 1.78283
      vertex 24.4 15.5661 2.61717
      vertex 24.4 15.6471 2.81289
    endloop
  endfacet
  facet normal -1 0 0
    outer loop
      vertex 24.4 15.5166 1.98881
      vertex 24.4 15.5661 2.61717
      vertex 24.4 15.5661 1.78283
    endloop
  endfacet
  facet normal -1 0 0
    outer loop
      vertex 24.4 15.5166 1.98881
      vertex 24.4 15.5166 2.41119
      vertex 24.4 15.5661 2.61717
    endloop
  endfacet
  facet normal -1 0 -0
    outer loop
      vertex 24.4 15.5166 2.41119
      vertex 24.4 15.5166 1.98881
      vertex 24.4 15.5 2.2
    endloop
  endfacet
  facet normal 0 0.760348 -0.649515
    outer loop
      vertex 24.4 15.7578 2.99351
      vertex 19.4 15.8954 3.15459
      vertex 24.4 15.8954 3.15459
    endloop
  endfacet
  facet normal 0 0.760348 -0.649515
    outer loop
      vertex 19.4 15.8954 3.15459
      vertex 24.4 15.7578 2.99351
      vertex 19.4 15.7578 2.99351
    endloop
  endfacet
  facet normal 0 0.233418 -0.972377
    outer loop
      vertex 19.4 16.4328 3.48393
      vertex 24.4 16.6388 3.53338
      vertex 24.4 16.4328 3.48393
    endloop
  endfacet
  facet normal 0 0.233418 -0.972377
    outer loop
      vertex 24.4 16.6388 3.53338
      vertex 19.4 16.4328 3.48393
      vertex 19.4 16.6388 3.53338
    endloop
  endfacet
  facet normal -0.801328 0.333837 -0.496413
    outer loop
      vertex 10.1271 12.4491 60.5736
      vertex 10.133 12.4475 60.563
      vertex 10.1248 12.4412 60.572
    endloop
  endfacet
  facet normal -0.892727 0.370198 -0.256887
    outer loop
      vertex 10.1144 12.3064 60.4243
      vertex 10.1121 12.3971 60.563
      vertex 10.133 12.4475 60.563
    endloop
  endfacet
  facet normal -0.893398 0.369078 -0.256166
    outer loop
      vertex 10.1121 12.3971 60.563
      vertex 10.1144 12.3064 60.4243
      vertex 10.0865 12.3225 60.5448
    endloop
  endfacet
  facet normal 0.12592 0.958381 0.256222
    outer loop
      vertex 5.64218 13.0791 57.3953
      vertex 5.64218 13.1026 57.3074
      vertex 5.51812 13.1189 57.3074
    endloop
  endfacet
  facet normal -0.113511 0.860322 0.496952
    outer loop
      vertex 5.75511 13.1893 57.1831
      vertex 5.64218 13.1744 57.1831
      vertex 5.64218 13.1026 57.3074
    endloop
  endfacet
  facet normal -0.766092 0.589488 -0.256139
    outer loop
      vertex 10.1144 12.3064 60.4243
      vertex 10.0707 12.2971 60.5336
      vertex 10.0865 12.3225 60.5448
    endloop
  endfacet
  facet normal -0.767126 0.587903 -0.256687
    outer loop
      vertex 10.0707 12.2971 60.5336
      vertex 10.1144 12.3064 60.4243
      vertex 10.0278 12.1934 60.4243
    endloop
  endfacet
  facet normal -0.528024 -0.688564 0.497062
    outer loop
      vertex 5.95072 13.9193 57.1831
      vertex 5.89625 14.0508 57.3074
      vertex 5.86035 13.9886 57.1831
    endloop
  endfacet
  facet normal -0.860116 -0.117245 -0.496441
    outer loop
      vertex 10.133 12.7105 60.563
      vertex 10.1281 12.6986 60.5743
      vertex 10.1271 12.7089 60.5736
    endloop
  endfacet
  facet normal -0.126033 0.958072 0.25732
    outer loop
      vertex 9.64218 12.0709 60.1421
      vertex 9.67097 12.0456 60.2504
      vertex 9.77369 12.0882 60.1421
    endloop
  endfacet
  facet normal -0.125703 0.958135 0.257247
    outer loop
      vertex 9.67097 12.0456 60.2504
      vertex 9.64218 12.0709 60.1421
      vertex 9.64218 12.0473 60.23
    endloop
  endfacet
  facet normal -0.60847 0.793577 0
    outer loop
      vertex 10.0278 12.1934 60.2807
      vertex 9.91642 12.108 60.4243
      vertex 10.0278 12.1934 60.4243
    endloop
  endfacet
  facet normal -0.608386 0.793641 0.000104204
    outer loop
      vertex 9.91483 12.1068 60.2807
      vertex 9.91642 12.108 60.4243
      vertex 10.0278 12.1934 60.2807
    endloop
  endfacet
  facet normal -0.602407 0.798189 0
    outer loop
      vertex 9.91642 12.108 60.4243
      vertex 9.91483 12.1068 60.2807
      vertex 9.91483 12.1068 60.4232
    endloop
  endfacet
  facet normal -0.793719 0.608284 0
    outer loop
      vertex 10.0278 12.1934 60.2807
      vertex 10.1144 12.3064 60.4243
      vertex 10.1144 12.3064 60.2807
    endloop
  endfacet
  facet normal -0.793719 0.608284 0
    outer loop
      vertex 10.1144 12.3064 60.4243
      vertex 10.0278 12.1934 60.2807
      vertex 10.0278 12.1934 60.4243
    endloop
  endfacet
  facet normal -0.099594 -0.240733 0.965468
    outer loop
      vertex 5.74742 13.793 57.0097
      vertex 5.69666 13.814 57.0097
      vertex 5.67807 13.6729 56.9726
    endloop
  endfacet
  facet normal 0.656887 -0.271082 0.703572
    outer loop
      vertex 5.31877 13.6974 57.0815
      vertex 5.28588 13.7768 57.1428
      vertex 5.27026 13.7104 57.1318
    endloop
  endfacet
  facet normal 0.0929377 0.704393 0.7037
    outer loop
      vertex 5.64218 13.1744 57.1831
      vertex 5.64218 13.2759 57.0815
      vertex 5.52925 13.1893 57.1831
    endloop
  endfacet
  facet normal -0.588017 0.766899 0.257102
    outer loop
      vertex 10.0278 12.1934 60.2807
      vertex 10.0015 12.2197 60.1421
      vertex 9.89625 12.139 60.1421
    endloop
  endfacet
  facet normal -0.80131 0.332289 -0.49748
    outer loop
      vertex 10.1248 12.4412 60.572
      vertex 10.133 12.4475 60.563
      vertex 10.1121 12.3971 60.563
    endloop
  endfacet
  facet normal -0.801328 -0.333837 -0.496413
    outer loop
      vertex 10.133 12.7105 60.563
      vertex 10.1271 12.7089 60.5736
      vertex 10.1248 12.7168 60.572
    endloop
  endfacet
  facet normal -0.766872 0.588106 -0.256979
    outer loop
      vertex 10.0707 12.2971 60.5336
      vertex 10.0278 12.1934 60.4243
      vertex 10.0146 12.2066 60.4939
    endloop
  endfacet
  facet normal -0.991423 0.130691 0
    outer loop
      vertex 10.1689 12.4379 60.2807
      vertex 10.1875 12.579 60.4243
      vertex 10.1875 12.579 60.2807
    endloop
  endfacet
  facet normal -0.991423 0.130691 0
    outer loop
      vertex 10.1875 12.579 60.4243
      vertex 10.1689 12.4379 60.2807
      vertex 10.1689 12.4379 60.4243
    endloop
  endfacet
  facet normal -0.958142 0.126304 0.256925
    outer loop
      vertex 10.1689 12.4379 60.2807
      vertex 10.1875 12.579 60.2807
      vertex 10.133 12.4475 60.1421
    endloop
  endfacet
  facet normal -0.399214 0.306525 0.864101
    outer loop
      vertex 5.87893 13.374 57.0815
      vertex 5.93214 13.4433 57.0815
      vertex 5.79101 13.4619 57.0097
    endloop
  endfacet
  facet normal -0.37004 0.892757 0.257014
    outer loop
      vertex 9.91483 12.1068 60.2807
      vertex 9.89625 12.139 60.1421
      vertex 9.77369 12.0882 60.1421
    endloop
  endfacet
  facet normal 0.27193 -0.656374 0.703724
    outer loop
      vertex 5.47477 13.9007 57.0815
      vertex 5.52925 14.0322 57.1831
      vertex 5.42401 13.9886 57.1831
    endloop
  endfacet
  facet normal -0.601932 -0.2495 0.75857
    outer loop
      vertex 9.93214 12.7464 59.9162
      vertex 5.96559 13.6974 57.0815
      vertex 9.96559 12.6657 59.9162
    endloop
  endfacet
  facet normal -0.601931 -0.24919 0.758672
    outer loop
      vertex 5.96559 13.6974 57.0815
      vertex 9.93214 12.7464 59.9162
      vertex 5.93214 13.7782 57.0815
    endloop
  endfacet
  facet normal -0.408736 -0.875378 0.258164
    outer loop
      vertex 9.89625 13.0191 60.1421
      vertex 9.91483 13.0513 60.2807
      vertex 5.89625 14.0508 57.3074
    endloop
  endfacet
  facet normal 0.704413 -0.0937426 0.703573
    outer loop
      vertex 5.31877 13.6974 57.0815
      vertex 5.27026 13.7104 57.1318
      vertex 5.26615 13.657 57.1288
    endloop
  endfacet
  facet normal -0.113162 0.860224 0.497201
    outer loop
      vertex 5.77369 13.1199 57.3074
      vertex 5.75511 13.1893 57.1831
      vertex 5.64218 13.1026 57.3074
    endloop
  endfacet
  facet normal 0.432471 0.563675 0.703733
    outer loop
      vertex 5.42401 13.2329 57.1831
      vertex 5.47477 13.3208 57.0815
      vertex 5.40543 13.374 57.0815
    endloop
  endfacet
  facet normal -0.0656435 0.499006 0.864109
    outer loop
      vertex 5.72884 13.2873 57.0815
      vertex 5.69666 13.4074 57.0097
      vertex 5.64218 13.2759 57.0815
    endloop
  endfacet
  facet normal -0.991423 -0.130691 0
    outer loop
      vertex 10.1875 12.579 60.2807
      vertex 10.1689 12.7201 60.4243
      vertex 10.1689 12.7201 60.2807
    endloop
  endfacet
  facet normal -0.991423 -0.130691 0
    outer loop
      vertex 10.1689 12.7201 60.4243
      vertex 10.1875 12.579 60.2807
      vertex 10.1875 12.579 60.4243
    endloop
  endfacet
  facet normal -0.958114 0.126048 0.257156
    outer loop
      vertex 10.1875 12.579 60.2807
      vertex 10.1503 12.579 60.1421
      vertex 10.133 12.4475 60.1421
    endloop
  endfacet
  facet normal -0.860525 0.11321 0.496669
    outer loop
      vertex 10.133 12.4475 60.1421
      vertex 10.1503 12.579 60.1421
      vertex 10.0785 12.579 60.0177
    endloop
  endfacet
  facet normal -0.587674 0.76721 -0.256961
    outer loop
      vertex 10.0146 12.2066 60.4939
      vertex 10.0278 12.1934 60.4243
      vertex 9.98301 12.1749 60.4715
    endloop
  endfacet
  facet normal 0.65622 0.271665 0.703969
    outer loop
      vertex 5.28588 13.4447 57.1428
      vertex 5.35222 13.4433 57.0815
      vertex 5.31877 13.5241 57.0815
    endloop
  endfacet
  facet normal 0.656239 0.27156 0.703992
    outer loop
      vertex 5.35222 13.4433 57.0815
      vertex 5.28588 13.4447 57.1428
      vertex 5.2941 13.4098 57.1486
    endloop
  endfacet
  facet normal 0.0652175 0.96374 0.258752
    outer loop
      vertex 9.64218 12.0709 60.1421
      vertex 8.17788 12.425 59.1923
      vertex 9.64218 12.0473 60.23
    endloop
  endfacet
  facet normal 0.0653909 0.963794 0.258505
    outer loop
      vertex 8.17788 12.425 59.1923
      vertex 9.64218 12.0709 60.1421
      vertex 5.64218 13.1026 57.3074
    endloop
  endfacet
  facet normal -0.114527 0.870605 0.478467
    outer loop
      vertex 5.77369 13.1199 57.3074
      vertex 9.64218 12.0709 60.1421
      vertex 9.77369 12.0882 60.1421
    endloop
  endfacet
  facet normal -0.114527 0.870605 0.478467
    outer loop
      vertex 9.64218 12.0709 60.1421
      vertex 5.77369 13.1199 57.3074
      vertex 5.64218 13.1026 57.3074
    endloop
  endfacet
  facet normal 0.0660231 0.963963 0.257715
    outer loop
      vertex 8.17788 12.425 59.1923
      vertex 5.64218 13.1026 57.3074
      vertex 5.64218 13.0791 57.3953
    endloop
  endfacet
  facet normal -0.287846 0.694793 0.659096
    outer loop
      vertex 9.75511 12.1575 60.0177
      vertex 9.86035 12.2011 60.0177
      vertex 5.86035 13.2329 57.1831
    endloop
  endfacet
  facet normal -0.688177 0.528745 0.496832
    outer loop
      vertex 10.0015 12.2197 60.1421
      vertex 10.0201 12.3608 60.0177
      vertex 9.95072 12.2705 60.0177
    endloop
  endfacet
  facet normal -0.58795 0.766983 0.257006
    outer loop
      vertex 9.91483 12.1068 60.2807
      vertex 10.0278 12.1934 60.2807
      vertex 9.89625 12.139 60.1421
    endloop
  endfacet
  facet normal -0.399162 -0.306485 0.864139
    outer loop
      vertex 5.93214 13.7782 57.0815
      vertex 5.87893 13.8475 57.0815
      vertex 5.82446 13.716 57.0097
    endloop
  endfacet
  facet normal 0.306395 0.399351 0.864084
    outer loop
      vertex 5.47477 13.3208 57.0815
      vertex 5.49335 13.4619 57.0097
      vertex 5.40543 13.374 57.0815
    endloop
  endfacet
  facet normal 0.704245 -0.0923106 0.70393
    outer loop
      vertex 5.30736 13.6107 57.0815
      vertex 5.26615 13.657 57.1288
      vertex 5.26258 13.6107 57.1263
    endloop
  endfacet
  facet normal 0.704041 -0.0926541 0.704089
    outer loop
      vertex 5.26615 13.657 57.1288
      vertex 5.30736 13.6107 57.0815
      vertex 5.31877 13.6974 57.0815
    endloop
  endfacet
  facet normal 0.330564 0.801653 0.498077
    outer loop
      vertex 5.50339 13.1294 57.297
      vertex 5.42401 13.2329 57.1831
      vertex 5.41019 13.2089 57.2309
    endloop
  endfacet
  facet normal -0.332285 0.802057 0.496277
    outer loop
      vertex 9.89625 12.139 60.1421
      vertex 9.86035 12.2011 60.0177
      vertex 9.75511 12.1575 60.0177
    endloop
  endfacet
  facet normal 0.527769 -0.688045 0.498051
    outer loop
      vertex 5.42401 13.9886 57.1831
      vertex 5.41019 14.0126 57.2309
      vertex 5.34266 13.9262 57.1831
    endloop
  endfacet
  facet normal -0.40863 -0.875479 0.257987
    outer loop
      vertex 9.91483 13.0513 60.2807
      vertex 5.91483 14.083 57.4461
      vertex 5.89625 14.0508 57.3074
    endloop
  endfacet
  facet normal 0.113511 -0.860322 0.496952
    outer loop
      vertex 5.64218 14.0471 57.1831
      vertex 5.64218 14.1189 57.3074
      vertex 5.52925 14.0322 57.1831
    endloop
  endfacet
  facet normal 0.0656041 -0.498706 0.864285
    outer loop
      vertex 5.5877 13.814 57.0097
      vertex 5.64218 13.9456 57.0815
      vertex 5.55552 13.9342 57.0815
    endloop
  endfacet
  facet normal 0.498946 -0.0657327 0.864137
    outer loop
      vertex 5.4317 13.6107 57.0097
      vertex 5.43888 13.6652 57.0097
      vertex 5.31877 13.6974 57.0815
    endloop
  endfacet
  facet normal 0.113511 0.860322 0.496952
    outer loop
      vertex 5.64218 13.1026 57.3074
      vertex 5.64218 13.1744 57.1831
      vertex 5.52925 13.1893 57.1831
    endloop
  endfacet
  facet normal -0.399266 0.306318 0.86415
    outer loop
      vertex 5.93214 13.4433 57.0815
      vertex 5.82446 13.5055 57.0097
      vertex 5.79101 13.4619 57.0097
    endloop
  endfacet
  facet normal 0.704232 0.0925087 0.703917
    outer loop
      vertex 5.26615 13.5645 57.1288
      vertex 5.30736 13.6107 57.0815
      vertex 5.26258 13.6107 57.1263
    endloop
  endfacet
  facet normal 0.704079 0.0927661 0.704036
    outer loop
      vertex 5.30736 13.6107 57.0815
      vertex 5.26615 13.5645 57.1288
      vertex 5.31877 13.5241 57.0815
    endloop
  endfacet
  facet normal -0.099978 0.240516 0.965483
    outer loop
      vertex 5.69666 13.4074 57.0097
      vertex 5.74742 13.4285 57.0097
      vertex 5.67807 13.5486 56.9726
    endloop
  endfacet
  facet normal 0.113018 0.860184 0.497304
    outer loop
      vertex 5.52925 13.1893 57.1831
      vertex 5.51812 13.1189 57.3074
      vertex 5.64218 13.1026 57.3074
    endloop
  endfacet
  facet normal 0.117655 0.859534 0.497351
    outer loop
      vertex 5.51812 13.1189 57.3074
      vertex 5.52925 13.1893 57.1831
      vertex 5.51138 13.1226 57.3026
    endloop
  endfacet
  facet normal -0.860116 0.117245 -0.496441
    outer loop
      vertex 10.1281 12.4594 60.5743
      vertex 10.133 12.4475 60.563
      vertex 10.1271 12.4491 60.5736
    endloop
  endfacet
  facet normal -0.587674 -0.76721 -0.256961
    outer loop
      vertex 10.0278 12.9646 60.4243
      vertex 10.0146 12.9514 60.4939
      vertex 9.98301 12.9831 60.4715
    endloop
  endfacet
  facet normal -0.80131 -0.332289 -0.49748
    outer loop
      vertex 10.133 12.7105 60.563
      vertex 10.1248 12.7168 60.572
      vertex 10.1121 12.7609 60.563
    endloop
  endfacet
  facet normal -0.129845 0.991534 0
    outer loop
      vertex 9.78331 12.0523 60.33
      vertex 9.78331 12.0523 60.2807
      vertex 9.71382 12.0432 60.2807
    endloop
  endfacet
  facet normal -0.125487 0.958252 0.256915
    outer loop
      vertex 9.77369 12.0882 60.1421
      vertex 9.71382 12.0432 60.2807
      vertex 9.78331 12.0523 60.2807
    endloop
  endfacet
  facet normal -0.127407 0.958224 0.256077
    outer loop
      vertex 9.71382 12.0432 60.2807
      vertex 9.77369 12.0882 60.1421
      vertex 9.67097 12.0456 60.2504
    endloop
  endfacet
  facet normal -0.766872 -0.588106 -0.256979
    outer loop
      vertex 10.0278 12.9646 60.4243
      vertex 10.0707 12.8609 60.5336
      vertex 10.0146 12.9514 60.4939
    endloop
  endfacet
  facet normal -0.892845 0.370038 -0.256709
    outer loop
      vertex 10.133 12.4475 60.563
      vertex 10.1689 12.4379 60.4243
      vertex 10.1144 12.3064 60.4243
    endloop
  endfacet
  facet normal -0.474181 0.364086 0.80162
    outer loop
      vertex 5.93214 13.4433 57.0815
      vertex 9.87893 12.3423 59.9162
      vertex 9.93214 12.4116 59.9162
    endloop
  endfacet
  facet normal -0.474181 0.364086 0.80162
    outer loop
      vertex 9.87893 12.3423 59.9162
      vertex 5.93214 13.4433 57.0815
      vertex 5.87893 13.374 57.0815
    endloop
  endfacet
  facet normal -0.802035 0.332087 0.496446
    outer loop
      vertex 10.133 12.4475 60.1421
      vertex 10.0637 12.4661 60.0177
      vertex 10.0201 12.3608 60.0177
    endloop
  endfacet
  facet normal -0.958188 -0.12631 -0.256752
    outer loop
      vertex 10.1689 12.7201 60.4243
      vertex 10.1875 12.579 60.4243
      vertex 10.133 12.7105 60.563
    endloop
  endfacet
  facet normal -0.892849 0.369957 0.256811
    outer loop
      vertex 10.1144 12.3064 60.2807
      vertex 10.133 12.4475 60.1421
      vertex 10.0822 12.3249 60.1421
    endloop
  endfacet
  facet normal -0.862361 -0.113451 -0.493419
    outer loop
      vertex 10.1503 12.579 60.563
      vertex 10.1281 12.6986 60.5743
      vertex 10.133 12.7105 60.563
    endloop
  endfacet
  facet normal -0.860221 -0.112686 -0.497315
    outer loop
      vertex 10.1281 12.6986 60.5743
      vertex 10.1503 12.579 60.563
      vertex 10.1392 12.579 60.5822
    endloop
  endfacet
  facet normal -0.860221 0.112686 -0.497315
    outer loop
      vertex 10.1503 12.579 60.563
      vertex 10.1281 12.4594 60.5743
      vertex 10.1392 12.579 60.5822
    endloop
  endfacet
  facet normal -0.862361 0.113451 -0.493419
    outer loop
      vertex 10.1281 12.4594 60.5743
      vertex 10.1503 12.579 60.563
      vertex 10.133 12.4475 60.563
    endloop
  endfacet
  facet normal 0.272314 0.656399 0.703552
    outer loop
      vertex 5.52925 13.1893 57.1831
      vertex 5.55552 13.2873 57.0815
      vertex 5.47477 13.3208 57.0815
    endloop
  endfacet
  facet normal 0.432404 -0.563719 0.703738
    outer loop
      vertex 5.34266 13.9262 57.1831
      vertex 5.47477 13.9007 57.0815
      vertex 5.42401 13.9886 57.1831
    endloop
  endfacet
  facet normal 0.429446 -0.569074 0.701235
    outer loop
      vertex 5.47477 13.9007 57.0815
      vertex 5.34266 13.9262 57.1831
      vertex 5.33811 13.9187 57.1798
    endloop
  endfacet
  facet normal -0.332113 -0.801642 0.497063
    outer loop
      vertex 5.86035 13.9886 57.1831
      vertex 5.89625 14.0508 57.3074
      vertex 5.75511 14.0322 57.1831
    endloop
  endfacet
  facet normal -0.52807 0.688716 0.496802
    outer loop
      vertex 10.0015 12.2197 60.1421
      vertex 9.95072 12.2705 60.0177
      vertex 9.89625 12.139 60.1421
    endloop
  endfacet
  facet normal -0.70389 0.0922726 0.70429
    outer loop
      vertex 10.0637 12.4661 60.0177
      vertex 10.0785 12.579 60.0177
      vertex 9.96559 12.4924 59.9162
    endloop
  endfacet
  facet normal -0.113162 -0.860224 0.497201
    outer loop
      vertex 5.75511 14.0322 57.1831
      vertex 5.77369 14.1016 57.3074
      vertex 5.64218 14.1189 57.3074
    endloop
  endfacet
  facet normal -0.129845 -0.991534 0
    outer loop
      vertex 5.78331 14.1375 57.4461
      vertex 5.78331 14.1375 57.4953
      vertex 5.71382 14.1466 57.4461
    endloop
  endfacet
  facet normal 0.498982 0.0657435 0.864115
    outer loop
      vertex 5.31877 13.5241 57.0815
      vertex 5.4317 13.6107 57.0097
      vertex 5.30736 13.6107 57.0815
    endloop
  endfacet
  facet normal 0.498985 -0.065668 0.864119
    outer loop
      vertex 5.4317 13.6107 57.0097
      vertex 5.31877 13.6974 57.0815
      vertex 5.30736 13.6107 57.0815
    endloop
  endfacet
  facet normal 0.0656435 0.499006 0.864109
    outer loop
      vertex 5.64218 13.2759 57.0815
      vertex 5.5877 13.4074 57.0097
      vertex 5.55552 13.2873 57.0815
    endloop
  endfacet
  facet normal 0.704413 0.0937426 0.703573
    outer loop
      vertex 5.27026 13.5111 57.1318
      vertex 5.31877 13.5241 57.0815
      vertex 5.26615 13.5645 57.1288
    endloop
  endfacet
  facet normal 0.192872 0.464908 0.864096
    outer loop
      vertex 5.55552 13.2873 57.0815
      vertex 5.5877 13.4074 57.0097
      vertex 5.47477 13.3208 57.0815
    endloop
  endfacet
  facet normal 0.498919 0.0658499 0.864143
    outer loop
      vertex 5.43888 13.5563 57.0097
      vertex 5.4317 13.6107 57.0097
      vertex 5.31877 13.5241 57.0815
    endloop
  endfacet
  facet normal 0.527278 0.688396 0.498085
    outer loop
      vertex 5.41019 13.2089 57.2309
      vertex 5.42401 13.2329 57.1831
      vertex 5.38774 13.2376 57.215
    endloop
  endfacet
  facet normal 0.0926843 0.704563 0.703563
    outer loop
      vertex 5.64218 13.2759 57.0815
      vertex 5.55552 13.2873 57.0815
      vertex 5.52925 13.1893 57.1831
    endloop
  endfacet
  facet normal 0.656887 0.271082 0.703572
    outer loop
      vertex 5.28588 13.4447 57.1428
      vertex 5.31877 13.5241 57.0815
      vertex 5.27026 13.5111 57.1318
    endloop
  endfacet
  facet normal -0.958142 -0.126304 0.256925
    outer loop
      vertex 10.1875 12.579 60.2807
      vertex 10.1689 12.7201 60.2807
      vertex 10.133 12.7105 60.1421
    endloop
  endfacet
  facet normal -0.793459 -0.608623 0
    outer loop
      vertex 10.1144 12.8517 60.2807
      vertex 10.0278 12.9646 60.4243
      vertex 10.0278 12.9646 60.2807
    endloop
  endfacet
  facet normal -0.793459 -0.608623 0
    outer loop
      vertex 10.0278 12.9646 60.4243
      vertex 10.1144 12.8517 60.2807
      vertex 10.1144 12.8517 60.4243
    endloop
  endfacet
  facet normal -0.19239 -0.465033 0.864136
    outer loop
      vertex 5.74742 13.793 57.0097
      vertex 5.80959 13.9007 57.0815
      vertex 5.69666 13.814 57.0097
    endloop
  endfacet
  facet normal -0.0656041 -0.498706 0.864285
    outer loop
      vertex 5.69666 13.814 57.0097
      vertex 5.72884 13.9342 57.0815
      vertex 5.64218 13.9456 57.0815
    endloop
  endfacet
  facet normal -0.923906 -0.38262 0
    outer loop
      vertex 10.1689 12.7201 60.2807
      vertex 10.1144 12.8517 60.4243
      vertex 10.1144 12.8517 60.2807
    endloop
  endfacet
  facet normal -0.923906 -0.38262 0
    outer loop
      vertex 10.1144 12.8517 60.4243
      vertex 10.1689 12.7201 60.2807
      vertex 10.1689 12.7201 60.4243
    endloop
  endfacet
  facet normal -0.332398 0.801942 0.496387
    outer loop
      vertex 9.77369 12.0882 60.1421
      vertex 9.89625 12.139 60.1421
      vertex 9.75511 12.1575 60.0177
    endloop
  endfacet
  facet normal -0.432201 0.563323 0.70418
    outer loop
      vertex 9.95072 12.2705 60.0177
      vertex 9.87893 12.3423 59.9162
      vertex 9.80959 12.2891 59.9162
    endloop
  endfacet
  facet normal -0.58797 0.76684 -0.257387
    outer loop
      vertex 9.98301 12.1749 60.4715
      vertex 10.0278 12.1934 60.4243
      vertex 9.91642 12.108 60.4243
    endloop
  endfacet
  facet normal -0.369968 0.89281 0.256933
    outer loop
      vertex 9.78331 12.0523 60.2807
      vertex 9.91483 12.1068 60.2807
      vertex 9.77369 12.0882 60.1421
    endloop
  endfacet
  facet normal -0.382819 0.923823 0
    outer loop
      vertex 9.91483 12.1068 60.2807
      vertex 9.78331 12.0523 60.33
      vertex 9.91483 12.1068 60.4232
    endloop
  endfacet
  facet normal -0.382819 0.923823 0
    outer loop
      vertex 9.78331 12.0523 60.33
      vertex 9.91483 12.1068 60.2807
      vertex 9.78331 12.0523 60.2807
    endloop
  endfacet
  facet normal -0.860747 0.112835 0.49637
    outer loop
      vertex 10.133 12.4475 60.1421
      vertex 10.0785 12.579 60.0177
      vertex 10.0637 12.4661 60.0177
    endloop
  endfacet
  facet normal -0.563054 0.432325 0.704319
    outer loop
      vertex 10.0201 12.3608 60.0177
      vertex 9.93214 12.4116 59.9162
      vertex 9.87893 12.3423 59.9162
    endloop
  endfacet
  facet normal -0.892803 0.370021 0.256882
    outer loop
      vertex 10.1689 12.4379 60.2807
      vertex 10.133 12.4475 60.1421
      vertex 10.1144 12.3064 60.2807
    endloop
  endfacet
  facet normal -0.923803 0.382869 0
    outer loop
      vertex 10.1144 12.3064 60.2807
      vertex 10.1689 12.4379 60.4243
      vertex 10.1689 12.4379 60.2807
    endloop
  endfacet
  facet normal -0.923803 0.382869 0
    outer loop
      vertex 10.1689 12.4379 60.4243
      vertex 10.1144 12.3064 60.2807
      vertex 10.1144 12.3064 60.4243
    endloop
  endfacet
  facet normal -0.95816 0.126054 -0.256983
    outer loop
      vertex 10.1503 12.579 60.563
      vertex 10.1875 12.579 60.4243
      vertex 10.133 12.4475 60.563
    endloop
  endfacet
  facet normal -0.498982 0.0657435 0.864115
    outer loop
      vertex 5.96559 13.5241 57.0815
      vertex 5.977 13.6107 57.0815
      vertex 5.85266 13.6107 57.0097
    endloop
  endfacet
  facet normal -0.158428 -0.206763 0.965479
    outer loop
      vertex 5.79101 13.7596 57.0097
      vertex 5.74742 13.793 57.0097
      vertex 5.67807 13.6729 56.9726
    endloop
  endfacet
  facet normal -0.703935 -0.0922785 0.704244
    outer loop
      vertex 10.0785 12.579 60.0177
      vertex 10.0637 12.6919 60.0177
      vertex 9.96559 12.6657 59.9162
    endloop
  endfacet
  facet normal -0.498919 0.0658499 0.864143
    outer loop
      vertex 5.96559 13.5241 57.0815
      vertex 5.85266 13.6107 57.0097
      vertex 5.84548 13.5563 57.0097
    endloop
  endfacet
  facet normal -0.563781 0.0742811 0.822577
    outer loop
      vertex 5.96559 13.5241 57.0815
      vertex 9.977 12.579 59.9162
      vertex 5.977 13.6107 57.0815
    endloop
  endfacet
  facet normal -0.563781 0.0742811 0.822577
    outer loop
      vertex 9.977 12.579 59.9162
      vertex 5.96559 13.5241 57.0815
      vertex 9.96559 12.4924 59.9162
    endloop
  endfacet
  facet normal -0.287846 0.694793 0.659096
    outer loop
      vertex 9.75511 12.1575 60.0177
      vertex 5.86035 13.2329 57.1831
      vertex 5.75511 13.1893 57.1831
    endloop
  endfacet
  facet normal -0.13126 0.857571 0.497335
    outer loop
      vertex 9.75511 12.1575 60.0177
      vertex 5.77369 13.1199 57.3074
      vertex 9.77369 12.0882 60.1421
    endloop
  endfacet
  facet normal -0.131992 0.85696 0.498194
    outer loop
      vertex 5.77369 13.1199 57.3074
      vertex 9.75511 12.1575 60.0177
      vertex 5.75511 13.1893 57.1831
    endloop
  endfacet
  facet normal -0.528765 0.688538 0.496309
    outer loop
      vertex 9.89625 12.139 60.1421
      vertex 9.95072 12.2705 60.0177
      vertex 9.86035 12.2011 60.0177
    endloop
  endfacet
  facet normal -0.341649 0.618805 0.707359
    outer loop
      vertex 9.86035 12.2011 60.0177
      vertex 9.80959 12.2891 59.9162
      vertex 5.86035 13.2329 57.1831
    endloop
  endfacet
  facet normal 0.33093 -0.801487 0.498099
    outer loop
      vertex 5.42401 13.9886 57.1831
      vertex 5.44607 14.0432 57.2563
      vertex 5.41019 14.0126 57.2309
    endloop
  endfacet
  facet normal 0.331982 -0.801325 0.497661
    outer loop
      vertex 5.44607 14.0432 57.2563
      vertex 5.42401 13.9886 57.1831
      vertex 5.52925 14.0322 57.1831
    endloop
  endfacet
  facet normal -0.655769 -0.271815 0.704332
    outer loop
      vertex 9.96559 12.6657 59.9162
      vertex 10.0201 12.7972 60.0177
      vertex 9.93214 12.7464 59.9162
    endloop
  endfacet
  facet normal -0.375098 -0.905192 0.199823
    outer loop
      vertex 5.91483 14.083 57.4461
      vertex 9.78331 13.1057 60.2807
      vertex 5.78331 14.1375 57.4461
    endloop
  endfacet
  facet normal -0.374577 -0.905595 0.198972
    outer loop
      vertex 9.78331 13.1057 60.2807
      vertex 5.91483 14.083 57.4461
      vertex 9.91483 13.0513 60.2807
    endloop
  endfacet
  facet normal -0.249774 -0.968304 0
    outer loop
      vertex 5.78331 14.1375 57.4953
      vertex 9.78331 13.1057 60.2807
      vertex 9.78331 13.1057 60.33
    endloop
  endfacet
  facet normal -0.249774 -0.968304 0
    outer loop
      vertex 9.78331 13.1057 60.2807
      vertex 5.78331 14.1375 57.4953
      vertex 5.78331 14.1375 57.4461
    endloop
  endfacet
  facet normal 0.126674 -0.958242 0.256371
    outer loop
      vertex 5.64218 14.1189 57.3074
      vertex 5.5902 14.1257 57.3585
      vertex 5.51812 14.1025 57.3074
    endloop
  endfacet
  facet normal 0.106358 -0.861384 0.496694
    outer loop
      vertex 5.52925 14.0322 57.1831
      vertex 5.51812 14.1025 57.3074
      vertex 5.51138 14.0989 57.3026
    endloop
  endfacet
  facet normal 0.113738 -0.860386 0.49679
    outer loop
      vertex 5.51812 14.1025 57.3074
      vertex 5.52925 14.0322 57.1831
      vertex 5.64218 14.1189 57.3074
    endloop
  endfacet
  facet normal -0.193139 0.464633 0.864184
    outer loop
      vertex 5.80959 13.3208 57.0815
      vertex 5.74742 13.4285 57.0097
      vertex 5.69666 13.4074 57.0097
    endloop
  endfacet
  facet normal -0.27193 0.656374 0.703724
    outer loop
      vertex 5.86035 13.2329 57.1831
      vertex 5.80959 13.3208 57.0815
      vertex 5.75511 13.1893 57.1831
    endloop
  endfacet
  facet normal 0.432252 -0.56339 0.704095
    outer loop
      vertex 5.33811 13.9187 57.1798
      vertex 5.40543 13.8475 57.0815
      vertex 5.47477 13.9007 57.0815
    endloop
  endfacet
  facet normal 0.436989 -0.559336 0.704403
    outer loop
      vertex 5.40543 13.8475 57.0815
      vertex 5.33811 13.9187 57.1798
      vertex 5.33665 13.9163 57.1788
    endloop
  endfacet
  facet normal 0.192764 -0.464648 0.864259
    outer loop
      vertex 5.5877 13.814 57.0097
      vertex 5.55552 13.9342 57.0815
      vertex 5.47477 13.9007 57.0815
    endloop
  endfacet
  facet normal 0.27193 0.656374 0.703724
    outer loop
      vertex 5.52925 13.1893 57.1831
      vertex 5.47477 13.3208 57.0815
      vertex 5.42401 13.2329 57.1831
    endloop
  endfacet
  facet normal 0.333455 0.801115 0.497014
    outer loop
      vertex 5.52925 13.1893 57.1831
      vertex 5.50339 13.1294 57.297
      vertex 5.51138 13.1226 57.3026
    endloop
  endfacet
  facet normal 0.332126 0.801672 0.497005
    outer loop
      vertex 5.50339 13.1294 57.297
      vertex 5.52925 13.1893 57.1831
      vertex 5.42401 13.2329 57.1831
    endloop
  endfacet
  facet normal 0.158428 0.206763 0.965479
    outer loop
      vertex 5.53694 13.4285 57.0097
      vertex 5.60629 13.5486 56.9726
      vertex 5.49335 13.4619 57.0097
    endloop
  endfacet
  facet normal -0.860525 -0.11321 0.496669
    outer loop
      vertex 10.1503 12.579 60.1421
      vertex 10.133 12.7105 60.1421
      vertex 10.0785 12.579 60.0177
    endloop
  endfacet
  facet normal -0.958114 -0.126048 0.257156
    outer loop
      vertex 10.1503 12.579 60.1421
      vertex 10.1875 12.579 60.2807
      vertex 10.133 12.7105 60.1421
    endloop
  endfacet
  facet normal -0.766763 -0.588192 0.257109
    outer loop
      vertex 10.0822 12.8331 60.1421
      vertex 10.0278 12.9646 60.2807
      vertex 10.0015 12.9383 60.1421
    endloop
  endfacet
  facet normal -0.8929 -0.36978 0.25689
    outer loop
      vertex 10.133 12.7105 60.1421
      vertex 10.1689 12.7201 60.2807
      vertex 10.1144 12.8517 60.2807
    endloop
  endfacet
  facet normal -0.95816 -0.126054 -0.256983
    outer loop
      vertex 10.1875 12.579 60.4243
      vertex 10.1503 12.579 60.563
      vertex 10.133 12.7105 60.563
    endloop
  endfacet
  facet normal -0.58797 -0.76684 -0.257387
    outer loop
      vertex 10.0278 12.9646 60.4243
      vertex 9.98301 12.9831 60.4715
      vertex 9.91642 13.05 60.4243
    endloop
  endfacet
  facet normal -0.432327 -0.563771 0.703744
    outer loop
      vertex 5.95072 13.9193 57.1831
      vertex 5.86035 13.9886 57.1831
      vertex 5.80959 13.9007 57.0815
    endloop
  endfacet
  facet normal -0.0926843 -0.704563 0.703563
    outer loop
      vertex 5.72884 13.9342 57.0815
      vertex 5.75511 14.0322 57.1831
      vertex 5.64218 13.9456 57.0815
    endloop
  endfacet
  facet normal -0.767124 0.587902 0.256693
    outer loop
      vertex 10.1144 12.3064 60.2807
      vertex 10.0822 12.3249 60.1421
      vertex 10.0278 12.1934 60.2807
    endloop
  endfacet
  facet normal -0.766763 0.588192 0.257109
    outer loop
      vertex 10.0278 12.1934 60.2807
      vertex 10.0822 12.3249 60.1421
      vertex 10.0015 12.2197 60.1421
    endloop
  endfacet
  facet normal -0.958188 0.12631 -0.256752
    outer loop
      vertex 10.1875 12.579 60.4243
      vertex 10.1689 12.4379 60.4243
      vertex 10.133 12.4475 60.563
    endloop
  endfacet
  facet normal -0.240742 0.0996139 0.965464
    outer loop
      vertex 5.82446 13.5055 57.0097
      vertex 5.84548 13.5563 57.0097
      vertex 5.70435 13.5748 56.9726
    endloop
  endfacet
  facet normal -0.240697 -0.0995954 0.965477
    outer loop
      vertex 5.84548 13.6652 57.0097
      vertex 5.82446 13.716 57.0097
      vertex 5.71152 13.6293 56.9726
    endloop
  endfacet
  facet normal 0.464996 0.192406 0.864152
    outer loop
      vertex 5.4599 13.5055 57.0097
      vertex 5.43888 13.5563 57.0097
      vertex 5.31877 13.5241 57.0815
    endloop
  endfacet
  facet normal 0.258267 0.0340874 0.965472
    outer loop
      vertex 5.43888 13.5563 57.0097
      vertex 5.57039 13.6107 56.9726
      vertex 5.4317 13.6107 57.0097
    endloop
  endfacet
  facet normal -0.704065 -0.0926572 0.704065
    outer loop
      vertex 9.977 12.579 59.9162
      vertex 10.0785 12.579 60.0177
      vertex 9.96559 12.6657 59.9162
    endloop
  endfacet
  facet normal -0.704058 0.0927633 0.704058
    outer loop
      vertex 10.0785 12.579 60.0177
      vertex 9.977 12.579 59.9162
      vertex 9.96559 12.4924 59.9162
    endloop
  endfacet
  facet normal -0.860747 -0.112835 0.49637
    outer loop
      vertex 10.0785 12.579 60.0177
      vertex 10.133 12.7105 60.1421
      vertex 10.0637 12.6919 60.0177
    endloop
  endfacet
  facet normal -0.563629 -0.432386 0.703821
    outer loop
      vertex 6.02007 13.8289 57.1831
      vertex 5.95072 13.9193 57.1831
      vertex 5.87893 13.8475 57.0815
    endloop
  endfacet
  facet normal -0.306395 0.399351 0.864084
    outer loop
      vertex 5.80959 13.3208 57.0815
      vertex 5.87893 13.374 57.0815
      vertex 5.79101 13.4619 57.0097
    endloop
  endfacet
  facet normal -0.0929377 0.704393 0.7037
    outer loop
      vertex 5.75511 13.1893 57.1831
      vertex 5.64218 13.2759 57.0815
      vertex 5.64218 13.1744 57.1831
    endloop
  endfacet
  facet normal -0.192872 0.464908 0.864096
    outer loop
      vertex 5.72884 13.2873 57.0815
      vertex 5.80959 13.3208 57.0815
      vertex 5.69666 13.4074 57.0097
    endloop
  endfacet
  facet normal -0.563005 0.432573 0.704206
    outer loop
      vertex 9.95072 12.2705 60.0177
      vertex 10.0201 12.3608 60.0177
      vertex 9.87893 12.3423 59.9162
    endloop
  endfacet
  facet normal -0.432359 0.563001 0.704341
    outer loop
      vertex 9.86035 12.2011 60.0177
      vertex 9.95072 12.2705 60.0177
      vertex 9.80959 12.2891 59.9162
    endloop
  endfacet
  facet normal 0.272314 -0.656399 0.703552
    outer loop
      vertex 5.55552 13.9342 57.0815
      vertex 5.52925 14.0322 57.1831
      vertex 5.47477 13.9007 57.0815
    endloop
  endfacet
  facet normal -0.27193 -0.656374 0.703724
    outer loop
      vertex 5.80959 13.9007 57.0815
      vertex 5.86035 13.9886 57.1831
      vertex 5.75511 14.0322 57.1831
    endloop
  endfacet
  facet normal -0.113511 -0.860322 0.496952
    outer loop
      vertex 5.75511 14.0322 57.1831
      vertex 5.64218 14.1189 57.3074
      vertex 5.64218 14.0471 57.1831
    endloop
  endfacet
  facet normal 0.0926843 -0.704563 0.703563
    outer loop
      vertex 5.55552 13.9342 57.0815
      vertex 5.64218 13.9456 57.0815
      vertex 5.52925 14.0322 57.1831
    endloop
  endfacet
  facet normal -0.382219 -0.924072 0
    outer loop
      vertex 9.91483 13.0513 60.2807
      vertex 9.78331 13.1057 60.33
      vertex 9.78331 13.1057 60.2807
    endloop
  endfacet
  facet normal -0.382219 -0.924072 0
    outer loop
      vertex 9.78331 13.1057 60.33
      vertex 9.91483 13.0513 60.2807
      vertex 9.91483 13.0513 60.4232
    endloop
  endfacet
  facet normal -0.632973 -0.774174 0
    outer loop
      vertex 9.91483 13.0513 60.2807
      vertex 9.91642 13.05 60.4243
      vertex 9.91483 13.0513 60.4232
    endloop
  endfacet
  facet normal -0.608828 -0.793302 -0.000440504
    outer loop
      vertex 9.91642 13.05 60.4243
      vertex 9.91483 13.0513 60.2807
      vertex 10.0278 12.9646 60.2807
    endloop
  endfacet
  facet normal -0.60847 -0.793577 0
    outer loop
      vertex 9.91642 13.05 60.4243
      vertex 10.0278 12.9646 60.2807
      vertex 10.0278 12.9646 60.4243
    endloop
  endfacet
  facet normal -0.125508 -0.958432 0.256236
    outer loop
      vertex 5.64218 14.1189 57.3074
      vertex 5.71382 14.1466 57.4461
      vertex 5.64218 14.1424 57.3953
    endloop
  endfacet
  facet normal -0.12551 -0.958431 0.256237
    outer loop
      vertex 5.71382 14.1466 57.4461
      vertex 5.64218 14.1189 57.3074
      vertex 5.78331 14.1375 57.4461
    endloop
  endfacet
  facet normal 0.1265 -0.95831 0.256203
    outer loop
      vertex 5.64218 14.1189 57.3074
      vertex 5.64218 14.1424 57.3953
      vertex 5.5902 14.1257 57.3585
    endloop
  endfacet
  facet normal -0.126053 -0.95822 0.256761
    outer loop
      vertex 5.77369 14.1016 57.3074
      vertex 5.78331 14.1375 57.4461
      vertex 5.64218 14.1189 57.3074
    endloop
  endfacet
  facet normal -0.39988 0.521197 0.753956
    outer loop
      vertex 5.87893 13.374 57.0815
      vertex 9.80959 12.2891 59.9162
      vertex 9.87893 12.3423 59.9162
    endloop
  endfacet
  facet normal -0.39988 0.521197 0.753956
    outer loop
      vertex 9.80959 12.2891 59.9162
      vertex 5.87893 13.374 57.0815
      vertex 5.80959 13.3208 57.0815
    endloop
  endfacet
  facet normal -0.34091 0.619971 0.706694
    outer loop
      vertex 5.86035 13.2329 57.1831
      vertex 9.80959 12.2891 59.9162
      vertex 5.80959 13.3208 57.0815
    endloop
  endfacet
  facet normal 0.563753 0.43199 0.703965
    outer loop
      vertex 5.33665 13.3052 57.1788
      vertex 5.40543 13.374 57.0815
      vertex 5.30318 13.3875 57.1551
    endloop
  endfacet
  facet normal 0 0 1
    outer loop
      vertex 5.71152 13.6293 56.9726
      vertex 5.71152 13.5922 56.9726
      vertex 5.71397 13.6107 56.9726
    endloop
  endfacet
  facet normal 0 0 1
    outer loop
      vertex 5.70435 13.6466 56.9726
      vertex 5.71152 13.5922 56.9726
      vertex 5.71152 13.6293 56.9726
    endloop
  endfacet
  facet normal 0 0 1
    outer loop
      vertex 5.70435 13.6466 56.9726
      vertex 5.70435 13.5748 56.9726
      vertex 5.71152 13.5922 56.9726
    endloop
  endfacet
  facet normal 0 0 1
    outer loop
      vertex 5.69294 13.6615 56.9726
      vertex 5.70435 13.5748 56.9726
      vertex 5.70435 13.6466 56.9726
    endloop
  endfacet
  facet normal 0 0 1
    outer loop
      vertex 5.69294 13.6615 56.9726
      vertex 5.69294 13.56 56.9726
      vertex 5.70435 13.5748 56.9726
    endloop
  endfacet
  facet normal 0 0 1
    outer loop
      vertex 5.67807 13.6729 56.9726
      vertex 5.69294 13.56 56.9726
      vertex 5.69294 13.6615 56.9726
    endloop
  endfacet
  facet normal 0 0 1
    outer loop
      vertex 5.67807 13.6729 56.9726
      vertex 5.67807 13.5486 56.9726
      vertex 5.69294 13.56 56.9726
    endloop
  endfacet
  facet normal 0 0 1
    outer loop
      vertex 5.66076 13.6801 56.9726
      vertex 5.67807 13.5486 56.9726
      vertex 5.67807 13.6729 56.9726
    endloop
  endfacet
  facet normal 0 0 1
    outer loop
      vertex 5.66076 13.6801 56.9726
      vertex 5.66076 13.5414 56.9726
      vertex 5.67807 13.5486 56.9726
    endloop
  endfacet
  facet normal 0 0 1
    outer loop
      vertex 5.64218 13.6825 56.9726
      vertex 5.66076 13.5414 56.9726
      vertex 5.66076 13.6801 56.9726
    endloop
  endfacet
  facet normal 0 0 1
    outer loop
      vertex 5.64218 13.6825 56.9726
      vertex 5.64218 13.539 56.9726
      vertex 5.66076 13.5414 56.9726
    endloop
  endfacet
  facet normal -0 0 1
    outer loop
      vertex 5.6236 13.6801 56.9726
      vertex 5.64218 13.539 56.9726
      vertex 5.64218 13.6825 56.9726
    endloop
  endfacet
  facet normal 0 0 1
    outer loop
      vertex 5.6236 13.6801 56.9726
      vertex 5.6236 13.5414 56.9726
      vertex 5.64218 13.539 56.9726
    endloop
  endfacet
  facet normal -0 0 1
    outer loop
      vertex 5.60629 13.6729 56.9726
      vertex 5.6236 13.5414 56.9726
      vertex 5.6236 13.6801 56.9726
    endloop
  endfacet
  facet normal 0 0 1
    outer loop
      vertex 5.60629 13.6729 56.9726
      vertex 5.60629 13.5486 56.9726
      vertex 5.6236 13.5414 56.9726
    endloop
  endfacet
  facet normal -0 0 1
    outer loop
      vertex 5.59142 13.6615 56.9726
      vertex 5.60629 13.5486 56.9726
      vertex 5.60629 13.6729 56.9726
    endloop
  endfacet
  facet normal 0 0 1
    outer loop
      vertex 5.59142 13.6615 56.9726
      vertex 5.59142 13.56 56.9726
      vertex 5.60629 13.5486 56.9726
    endloop
  endfacet
  facet normal -0 0 1
    outer loop
      vertex 5.58001 13.6466 56.9726
      vertex 5.59142 13.56 56.9726
      vertex 5.59142 13.6615 56.9726
    endloop
  endfacet
  facet normal 0 0 1
    outer loop
      vertex 5.58001 13.6466 56.9726
      vertex 5.58001 13.5748 56.9726
      vertex 5.59142 13.56 56.9726
    endloop
  endfacet
  facet normal -0 0 1
    outer loop
      vertex 5.57284 13.6293 56.9726
      vertex 5.58001 13.5748 56.9726
      vertex 5.58001 13.6466 56.9726
    endloop
  endfacet
  facet normal 0 0 1
    outer loop
      vertex 5.57284 13.6293 56.9726
      vertex 5.57284 13.5922 56.9726
      vertex 5.58001 13.5748 56.9726
    endloop
  endfacet
  facet normal 0 -0 1
    outer loop
      vertex 5.57284 13.5922 56.9726
      vertex 5.57284 13.6293 56.9726
      vertex 5.57039 13.6107 56.9726
    endloop
  endfacet
  facet normal 0.258269 -0.0340194 0.965474
    outer loop
      vertex 5.57039 13.6107 56.9726
      vertex 5.57284 13.6293 56.9726
      vertex 5.43888 13.6652 57.0097
    endloop
  endfacet
  facet normal 0.563753 -0.43199 0.703965
    outer loop
      vertex 5.40543 13.8475 57.0815
      vertex 5.33665 13.9163 57.1788
      vertex 5.30318 13.834 57.1551
    endloop
  endfacet
  facet normal 0.432383 0.563692 0.703772
    outer loop
      vertex 5.40543 13.374 57.0815
      vertex 5.34266 13.2953 57.1831
      vertex 5.42401 13.2329 57.1831
    endloop
  endfacet
  facet normal 0.429171 0.566197 0.703728
    outer loop
      vertex 5.34266 13.2953 57.1831
      vertex 5.40543 13.374 57.0815
      vertex 5.33665 13.3052 57.1788
    endloop
  endfacet
  facet normal 0.527599 0.687824 0.498535
    outer loop
      vertex 5.38774 13.2376 57.215
      vertex 5.42401 13.2329 57.1831
      vertex 5.34266 13.2953 57.1831
    endloop
  endfacet
  facet normal -0.802035 -0.332087 0.496446
    outer loop
      vertex 10.0637 12.6919 60.0177
      vertex 10.133 12.7105 60.1421
      vertex 10.0201 12.7972 60.0177
    endloop
  endfacet
  facet normal -0.655995 -0.271618 0.704198
    outer loop
      vertex 10.0637 12.6919 60.0177
      vertex 10.0201 12.7972 60.0177
      vertex 9.96559 12.6657 59.9162
    endloop
  endfacet
  facet normal -0.332225 -0.801526 0.497174
    outer loop
      vertex 5.89625 14.0508 57.3074
      vertex 5.77369 14.1016 57.3074
      vertex 5.75511 14.0322 57.1831
    endloop
  endfacet
  facet normal -0.588472 -0.766544 0.257121
    outer loop
      vertex 10.0015 12.9383 60.1421
      vertex 10.0278 12.9646 60.2807
      vertex 9.89625 13.0191 60.1421
    endloop
  endfacet
  facet normal -0.892788 -0.369932 0.25706
    outer loop
      vertex 10.133 12.7105 60.1421
      vertex 10.1144 12.8517 60.2807
      vertex 10.0822 12.8331 60.1421
    endloop
  endfacet
  facet normal -0.766792 -0.588168 0.257075
    outer loop
      vertex 10.0822 12.8331 60.1421
      vertex 10.1144 12.8517 60.2807
      vertex 10.0278 12.9646 60.2807
    endloop
  endfacet
  facet normal -0.529288 -0.688025 0.496464
    outer loop
      vertex 6.00148 13.97 57.3074
      vertex 9.95072 12.8876 60.0177
      vertex 10.0015 12.9383 60.1421
    endloop
  endfacet
  facet normal -0.529389 -0.687767 0.496714
    outer loop
      vertex 9.95072 12.8876 60.0177
      vertex 6.00148 13.97 57.3074
      vertex 5.95072 13.9193 57.1831
    endloop
  endfacet
  facet normal -0.464997 -0.192502 0.86413
    outer loop
      vertex 5.96559 13.6974 57.0815
      vertex 5.93214 13.7782 57.0815
      vertex 5.82446 13.716 57.0097
    endloop
  endfacet
  facet normal -0.158472 -0.206708 0.965483
    outer loop
      vertex 5.69294 13.6615 56.9726
      vertex 5.79101 13.7596 57.0097
      vertex 5.67807 13.6729 56.9726
    endloop
  endfacet
  facet normal -0.498985 -0.065668 0.864119
    outer loop
      vertex 5.977 13.6107 57.0815
      vertex 5.96559 13.6974 57.0815
      vertex 5.85266 13.6107 57.0097
    endloop
  endfacet
  facet normal 0.099594 -0.240733 0.965468
    outer loop
      vertex 5.60629 13.6729 56.9726
      vertex 5.5877 13.814 57.0097
      vertex 5.53694 13.793 57.0097
    endloop
  endfacet
  facet normal -0.206713 0.158591 0.965463
    outer loop
      vertex 5.79101 13.4619 57.0097
      vertex 5.82446 13.5055 57.0097
      vertex 5.70435 13.5748 56.9726
    endloop
  endfacet
  facet normal -0.655907 0.271536 0.704311
    outer loop
      vertex 10.0201 12.3608 60.0177
      vertex 9.96559 12.4924 59.9162
      vertex 9.93214 12.4116 59.9162
    endloop
  endfacet
  facet normal -0.655871 0.271567 0.704332
    outer loop
      vertex 10.0201 12.3608 60.0177
      vertex 10.0637 12.4661 60.0177
      vertex 9.96559 12.4924 59.9162
    endloop
  endfacet
  facet normal -0.526282 0.217873 0.821924
    outer loop
      vertex 5.96559 13.5241 57.0815
      vertex 9.93214 12.4116 59.9162
      vertex 9.96559 12.4924 59.9162
    endloop
  endfacet
  facet normal -0.526282 0.217873 0.821924
    outer loop
      vertex 9.93214 12.4116 59.9162
      vertex 5.96559 13.5241 57.0815
      vertex 5.93214 13.4433 57.0815
    endloop
  endfacet
  facet normal 0.306162 -0.399569 0.864066
    outer loop
      vertex 5.49335 13.7596 57.0097
      vertex 5.53694 13.793 57.0097
      vertex 5.40543 13.8475 57.0815
    endloop
  endfacet
  facet normal 0.0659202 -0.498796 0.864209
    outer loop
      vertex 5.64218 13.8212 57.0097
      vertex 5.64218 13.9456 57.0815
      vertex 5.5877 13.814 57.0097
    endloop
  endfacet
  facet normal 0.331447 -0.801872 0.497136
    outer loop
      vertex 5.52925 14.0322 57.1831
      vertex 5.51138 14.0989 57.3026
      vertex 5.44607 14.0432 57.2563
    endloop
  endfacet
  facet normal -0.0929377 -0.704393 0.7037
    outer loop
      vertex 5.75511 14.0322 57.1831
      vertex 5.64218 14.0471 57.1831
      vertex 5.64218 13.9456 57.0815
    endloop
  endfacet
  facet normal 0.0929377 -0.704393 0.7037
    outer loop
      vertex 5.64218 13.9456 57.0815
      vertex 5.64218 14.0471 57.1831
      vertex 5.52925 14.0322 57.1831
    endloop
  endfacet
  facet normal -0.58838 -0.766659 0.256988
    outer loop
      vertex 10.0278 12.9646 60.2807
      vertex 9.91483 13.0513 60.2807
      vertex 9.89625 13.0191 60.1421
    endloop
  endfacet
  facet normal -0.432412 -0.563598 0.70383
    outer loop
      vertex 5.87893 13.8475 57.0815
      vertex 5.95072 13.9193 57.1831
      vertex 5.80959 13.9007 57.0815
    endloop
  endfacet
  facet normal -0.370066 -0.89282 0.256757
    outer loop
      vertex 5.89625 14.0508 57.3074
      vertex 5.78331 14.1375 57.4461
      vertex 5.77369 14.1016 57.3074
    endloop
  endfacet
  facet normal -0.369977 -0.892833 0.256838
    outer loop
      vertex 5.89625 14.0508 57.3074
      vertex 5.91483 14.083 57.4461
      vertex 5.78331 14.1375 57.4461
    endloop
  endfacet
  facet normal -0.272314 0.656399 0.703552
    outer loop
      vertex 5.75511 13.1893 57.1831
      vertex 5.80959 13.3208 57.0815
      vertex 5.72884 13.2873 57.0815
    endloop
  endfacet
  facet normal -0.0926843 0.704563 0.703563
    outer loop
      vertex 5.75511 13.1893 57.1831
      vertex 5.72884 13.2873 57.0815
      vertex 5.64218 13.2759 57.0815
    endloop
  endfacet
  facet normal 0.240742 0.0996139 0.965464
    outer loop
      vertex 5.4599 13.5055 57.0097
      vertex 5.58001 13.5748 56.9726
      vertex 5.43888 13.5563 57.0097
    endloop
  endfacet
  facet normal 0.206713 0.158591 0.965463
    outer loop
      vertex 5.49335 13.4619 57.0097
      vertex 5.58001 13.5748 56.9726
      vertex 5.4599 13.5055 57.0097
    endloop
  endfacet
  facet normal 0.0650085 0.498826 0.864261
    outer loop
      vertex 5.64218 13.2759 57.0815
      vertex 5.64218 13.4003 57.0097
      vertex 5.5877 13.4074 57.0097
    endloop
  endfacet
  facet normal -0.100037 0.240507 0.965479
    outer loop
      vertex 5.69666 13.4074 57.0097
      vertex 5.67807 13.5486 56.9726
      vertex 5.66076 13.5414 56.9726
    endloop
  endfacet
  facet normal 0.656239 -0.27156 0.703992
    outer loop
      vertex 5.28588 13.7768 57.1428
      vertex 5.35222 13.7782 57.0815
      vertex 5.2941 13.8117 57.1486
    endloop
  endfacet
  facet normal 0.65622 -0.271665 0.703969
    outer loop
      vertex 5.35222 13.7782 57.0815
      vertex 5.28588 13.7768 57.1428
      vertex 5.31877 13.6974 57.0815
    endloop
  endfacet
  facet normal 0.563604 -0.432747 0.70362
    outer loop
      vertex 5.30318 13.834 57.1551
      vertex 5.35222 13.7782 57.0815
      vertex 5.40543 13.8475 57.0815
    endloop
  endfacet
  facet normal 0.562327 -0.43411 0.703802
    outer loop
      vertex 5.35222 13.7782 57.0815
      vertex 5.30318 13.834 57.1551
      vertex 5.2941 13.8117 57.1486
    endloop
  endfacet
  facet normal 0.563604 0.432747 0.70362
    outer loop
      vertex 5.35222 13.4433 57.0815
      vertex 5.30318 13.3875 57.1551
      vertex 5.40543 13.374 57.0815
    endloop
  endfacet
  facet normal 0.562327 0.43411 0.703802
    outer loop
      vertex 5.30318 13.3875 57.1551
      vertex 5.35222 13.4433 57.0815
      vertex 5.2941 13.4098 57.1486
    endloop
  endfacet
  facet normal 0.399214 0.306525 0.864101
    outer loop
      vertex 5.40543 13.374 57.0815
      vertex 5.49335 13.4619 57.0097
      vertex 5.35222 13.4433 57.0815
    endloop
  endfacet
  facet normal -0.802038 -0.332329 0.496279
    outer loop
      vertex 10.133 12.7105 60.1421
      vertex 10.0822 12.8331 60.1421
      vertex 10.0201 12.7972 60.0177
    endloop
  endfacet
  facet normal -0.306331 -0.399267 0.864145
    outer loop
      vertex 5.87893 13.8475 57.0815
      vertex 5.80959 13.9007 57.0815
      vertex 5.74742 13.793 57.0097
    endloop
  endfacet
  facet normal -0.766793 -0.588169 -0.25707
    outer loop
      vertex 10.1144 12.8517 60.4243
      vertex 10.0707 12.8609 60.5336
      vertex 10.0278 12.9646 60.4243
    endloop
  endfacet
  facet normal -0.765886 -0.589559 -0.25659
    outer loop
      vertex 10.0707 12.8609 60.5336
      vertex 10.1144 12.8517 60.4243
      vertex 10.0865 12.8355 60.5448
    endloop
  endfacet
  facet normal -0.8933 -0.369115 -0.256454
    outer loop
      vertex 10.1144 12.8517 60.4243
      vertex 10.1121 12.7609 60.563
      vertex 10.0865 12.8355 60.5448
    endloop
  endfacet
  facet normal -0.892666 -0.370173 -0.257137
    outer loop
      vertex 10.1121 12.7609 60.563
      vertex 10.1144 12.8517 60.4243
      vertex 10.133 12.7105 60.563
    endloop
  endfacet
  facet normal -0.272314 -0.656399 0.703552
    outer loop
      vertex 5.80959 13.9007 57.0815
      vertex 5.75511 14.0322 57.1831
      vertex 5.72884 13.9342 57.0815
    endloop
  endfacet
  facet normal -0.192764 -0.464648 0.864259
    outer loop
      vertex 5.80959 13.9007 57.0815
      vertex 5.72884 13.9342 57.0815
      vertex 5.69666 13.814 57.0097
    endloop
  endfacet
  facet normal -0.258267 -0.0340249 0.965474
    outer loop
      vertex 5.85266 13.6107 57.0097
      vertex 5.84548 13.6652 57.0097
      vertex 5.71397 13.6107 56.9726
    endloop
  endfacet
  facet normal -0.206817 -0.158375 0.965476
    outer loop
      vertex 5.70435 13.6466 56.9726
      vertex 5.79101 13.7596 57.0097
      vertex 5.69294 13.6615 56.9726
    endloop
  endfacet
  facet normal -0.464996 -0.192406 0.864152
    outer loop
      vertex 5.84548 13.6652 57.0097
      vertex 5.96559 13.6974 57.0815
      vertex 5.82446 13.716 57.0097
    endloop
  endfacet
  facet normal -0.498946 -0.0657327 0.864137
    outer loop
      vertex 5.85266 13.6107 57.0097
      vertex 5.96559 13.6974 57.0815
      vertex 5.84548 13.6652 57.0097
    endloop
  endfacet
  facet normal 0.206628 -0.158525 0.965492
    outer loop
      vertex 5.58001 13.6466 56.9726
      vertex 5.49335 13.7596 57.0097
      vertex 5.4599 13.716 57.0097
    endloop
  endfacet
  facet normal 0.306331 -0.399267 0.864145
    outer loop
      vertex 5.53694 13.793 57.0097
      vertex 5.47477 13.9007 57.0815
      vertex 5.40543 13.8475 57.0815
    endloop
  endfacet
  facet normal -0.0336612 0.25829 0.965481
    outer loop
      vertex 5.69666 13.4074 57.0097
      vertex 5.66076 13.5414 56.9726
      vertex 5.64218 13.4003 57.0097
    endloop
  endfacet
  facet normal 0.099978 0.240516 0.965483
    outer loop
      vertex 5.5877 13.4074 57.0097
      vertex 5.60629 13.5486 56.9726
      vertex 5.53694 13.4285 57.0097
    endloop
  endfacet
  facet normal -0.258267 0.0340874 0.965472
    outer loop
      vertex 5.84548 13.5563 57.0097
      vertex 5.85266 13.6107 57.0097
      vertex 5.71397 13.6107 56.9726
    endloop
  endfacet
  facet normal -0.158428 0.206763 0.965479
    outer loop
      vertex 5.74742 13.4285 57.0097
      vertex 5.79101 13.4619 57.0097
      vertex 5.67807 13.5486 56.9726
    endloop
  endfacet
  facet normal -0.30606 0.399436 0.864164
    outer loop
      vertex 5.80959 13.3208 57.0815
      vertex 5.79101 13.4619 57.0097
      vertex 5.74742 13.4285 57.0097
    endloop
  endfacet
  facet normal -0.206219 0.158984 0.965504
    outer loop
      vertex 5.79101 13.4619 57.0097
      vertex 5.70435 13.5748 56.9726
      vertex 5.69294 13.56 56.9726
    endloop
  endfacet
  facet normal -0.158472 0.206708 0.965483
    outer loop
      vertex 5.79101 13.4619 57.0097
      vertex 5.69294 13.56 56.9726
      vertex 5.67807 13.5486 56.9726
    endloop
  endfacet
  facet normal -0.802038 0.332329 0.496279
    outer loop
      vertex 10.0822 12.3249 60.1421
      vertex 10.133 12.4475 60.1421
      vertex 10.0201 12.3608 60.0177
    endloop
  endfacet
  facet normal -0.688807 0.528391 0.496335
    outer loop
      vertex 10.0822 12.3249 60.1421
      vertex 10.0201 12.3608 60.0177
      vertex 10.0015 12.2197 60.1421
    endloop
  endfacet
  facet normal 0.193139 0.464633 0.864184
    outer loop
      vertex 5.5877 13.4074 57.0097
      vertex 5.53694 13.4285 57.0097
      vertex 5.47477 13.3208 57.0815
    endloop
  endfacet
  facet normal 0.30606 0.399436 0.864164
    outer loop
      vertex 5.53694 13.4285 57.0097
      vertex 5.49335 13.4619 57.0097
      vertex 5.47477 13.3208 57.0815
    endloop
  endfacet
  facet normal 0.0336563 0.258253 0.965491
    outer loop
      vertex 5.64218 13.4003 57.0097
      vertex 5.64218 13.539 56.9726
      vertex 5.5877 13.4074 57.0097
    endloop
  endfacet
  facet normal -0.0650085 0.498826 0.864261
    outer loop
      vertex 5.69666 13.4074 57.0097
      vertex 5.64218 13.4003 57.0097
      vertex 5.64218 13.2759 57.0815
    endloop
  endfacet
  facet normal -0.528596 -0.688418 0.496656
    outer loop
      vertex 5.95072 13.9193 57.1831
      vertex 6.00148 13.97 57.3074
      vertex 5.89625 14.0508 57.3074
    endloop
  endfacet
  facet normal -0.528941 -0.688867 0.495664
    outer loop
      vertex 6.00148 13.97 57.3074
      vertex 9.89625 13.0191 60.1421
      vertex 5.89625 14.0508 57.3074
    endloop
  endfacet
  facet normal -0.528905 -0.688951 0.495587
    outer loop
      vertex 9.89625 13.0191 60.1421
      vertex 6.00148 13.97 57.3074
      vertex 10.0015 12.9383 60.1421
    endloop
  endfacet
  facet normal -0.688616 -0.528498 0.496485
    outer loop
      vertex 10.0201 12.7972 60.0177
      vertex 10.0015 12.9383 60.1421
      vertex 9.95072 12.8876 60.0177
    endloop
  endfacet
  facet normal -0.688807 -0.528391 0.496335
    outer loop
      vertex 10.0201 12.7972 60.0177
      vertex 10.0822 12.8331 60.1421
      vertex 10.0015 12.9383 60.1421
    endloop
  endfacet
  facet normal -0.892942 -0.369798 -0.256717
    outer loop
      vertex 10.1689 12.7201 60.4243
      vertex 10.133 12.7105 60.563
      vertex 10.1144 12.8517 60.4243
    endloop
  endfacet
  facet normal -0.589707 -0.0776073 0.80388
    outer loop
      vertex 9.96559 12.6657 59.9162
      vertex 5.977 13.6107 57.0815
      vertex 9.977 12.579 59.9162
    endloop
  endfacet
  facet normal -0.589707 -0.0776073 0.80388
    outer loop
      vertex 5.977 13.6107 57.0815
      vertex 9.96559 12.6657 59.9162
      vertex 5.96559 13.6974 57.0815
    endloop
  endfacet
  facet normal -0.258269 -0.0340194 0.965474
    outer loop
      vertex 5.71397 13.6107 56.9726
      vertex 5.84548 13.6652 57.0097
      vertex 5.71152 13.6293 56.9726
    endloop
  endfacet
  facet normal -0.240605 -0.099719 0.965487
    outer loop
      vertex 5.71152 13.6293 56.9726
      vertex 5.82446 13.716 57.0097
      vertex 5.70435 13.6466 56.9726
    endloop
  endfacet
  facet normal -0.206628 -0.158525 0.965492
    outer loop
      vertex 5.82446 13.716 57.0097
      vertex 5.79101 13.7596 57.0097
      vertex 5.70435 13.6466 56.9726
    endloop
  endfacet
  facet normal 0.158428 -0.206763 0.965479
    outer loop
      vertex 5.60629 13.6729 56.9726
      vertex 5.53694 13.793 57.0097
      vertex 5.49335 13.7596 57.0097
    endloop
  endfacet
  facet normal 0.19239 -0.465033 0.864136
    outer loop
      vertex 5.53694 13.793 57.0097
      vertex 5.5877 13.814 57.0097
      vertex 5.47477 13.9007 57.0815
    endloop
  endfacet
  facet normal 0.158472 -0.206708 0.965483
    outer loop
      vertex 5.59142 13.6615 56.9726
      vertex 5.60629 13.6729 56.9726
      vertex 5.49335 13.7596 57.0097
    endloop
  endfacet
  facet normal 0.206219 0.158984 0.965504
    outer loop
      vertex 5.59142 13.56 56.9726
      vertex 5.58001 13.5748 56.9726
      vertex 5.49335 13.4619 57.0097
    endloop
  endfacet
  facet normal -0.464996 0.192406 0.864152
    outer loop
      vertex 5.96559 13.5241 57.0815
      vertex 5.84548 13.5563 57.0097
      vertex 5.82446 13.5055 57.0097
    endloop
  endfacet
  facet normal -0.464997 0.192502 0.86413
    outer loop
      vertex 5.93214 13.4433 57.0815
      vertex 5.96559 13.5241 57.0815
      vertex 5.82446 13.5055 57.0097
    endloop
  endfacet
  facet normal -0.258224 0.0341972 0.96548
    outer loop
      vertex 5.84548 13.5563 57.0097
      vertex 5.71397 13.6107 56.9726
      vertex 5.71152 13.5922 56.9726
    endloop
  endfacet
  facet normal -0.240799 0.0992259 0.96549
    outer loop
      vertex 5.84548 13.5563 57.0097
      vertex 5.71152 13.5922 56.9726
      vertex 5.70435 13.5748 56.9726
    endloop
  endfacet
  facet normal 0.100037 0.240507 0.965479
    outer loop
      vertex 5.6236 13.5414 56.9726
      vertex 5.60629 13.5486 56.9726
      vertex 5.5877 13.4074 57.0097
    endloop
  endfacet
  facet normal -0.399349 -0.306381 0.86409
    outer loop
      vertex 5.82446 13.716 57.0097
      vertex 5.87893 13.8475 57.0815
      vertex 5.79101 13.7596 57.0097
    endloop
  endfacet
  facet normal -0.306162 -0.399569 0.864066
    outer loop
      vertex 5.79101 13.7596 57.0097
      vertex 5.87893 13.8475 57.0815
      vertex 5.74742 13.793 57.0097
    endloop
  endfacet
  facet normal -0.0659202 -0.498796 0.864209
    outer loop
      vertex 5.69666 13.814 57.0097
      vertex 5.64218 13.9456 57.0815
      vertex 5.64218 13.8212 57.0097
    endloop
  endfacet
  facet normal 0.0341298 -0.258249 0.965475
    outer loop
      vertex 5.64218 13.6825 56.9726
      vertex 5.64218 13.8212 57.0097
      vertex 5.5877 13.814 57.0097
    endloop
  endfacet
  facet normal 0.464997 -0.192502 0.86413
    outer loop
      vertex 5.4599 13.716 57.0097
      vertex 5.35222 13.7782 57.0815
      vertex 5.31877 13.6974 57.0815
    endloop
  endfacet
  facet normal 0.399162 -0.306485 0.864139
    outer loop
      vertex 5.4599 13.716 57.0097
      vertex 5.40543 13.8475 57.0815
      vertex 5.35222 13.7782 57.0815
    endloop
  endfacet
  facet normal 0.0333957 -0.258539 0.965424
    outer loop
      vertex 5.6236 13.6801 56.9726
      vertex 5.64218 13.6825 56.9726
      vertex 5.5877 13.814 57.0097
    endloop
  endfacet
  facet normal 0.399266 0.306318 0.86415
    outer loop
      vertex 5.49335 13.4619 57.0097
      vertex 5.4599 13.5055 57.0097
      vertex 5.35222 13.4433 57.0815
    endloop
  endfacet
  facet normal 0.464997 0.192502 0.86413
    outer loop
      vertex 5.35222 13.4433 57.0815
      vertex 5.4599 13.5055 57.0097
      vertex 5.31877 13.5241 57.0815
    endloop
  endfacet
  facet normal 0.240799 0.0992259 0.96549
    outer loop
      vertex 5.58001 13.5748 56.9726
      vertex 5.57284 13.5922 56.9726
      vertex 5.43888 13.5563 57.0097
    endloop
  endfacet
  facet normal 0.258224 0.0341972 0.96548
    outer loop
      vertex 5.57284 13.5922 56.9726
      vertex 5.57039 13.6107 56.9726
      vertex 5.43888 13.5563 57.0097
    endloop
  endfacet
  facet normal 0.158472 0.206708 0.965483
    outer loop
      vertex 5.60629 13.5486 56.9726
      vertex 5.59142 13.56 56.9726
      vertex 5.49335 13.4619 57.0097
    endloop
  endfacet
  facet normal -0.0333592 0.258256 0.9655
    outer loop
      vertex 5.66076 13.5414 56.9726
      vertex 5.64218 13.539 56.9726
      vertex 5.64218 13.4003 57.0097
    endloop
  endfacet
  facet normal 0.0333733 0.258365 0.965471
    outer loop
      vertex 5.64218 13.539 56.9726
      vertex 5.6236 13.5414 56.9726
      vertex 5.5877 13.4074 57.0097
    endloop
  endfacet
  facet normal -0.59028 -0.453027 0.668084
    outer loop
      vertex 9.95072 12.8876 60.0177
      vertex 6.02007 13.8289 57.1831
      vertex 10.0201 12.7972 60.0177
    endloop
  endfacet
  facet normal -0.590307 -0.452852 0.668179
    outer loop
      vertex 6.02007 13.8289 57.1831
      vertex 9.95072 12.8876 60.0177
      vertex 5.95072 13.9193 57.1831
    endloop
  endfacet
  facet normal -0.598295 -0.376881 0.707109
    outer loop
      vertex 9.93214 12.7464 59.9162
      vertex 10.0201 12.7972 60.0177
      vertex 6.02007 13.8289 57.1831
    endloop
  endfacet
  facet normal 0.206817 -0.158375 0.965476
    outer loop
      vertex 5.58001 13.6466 56.9726
      vertex 5.59142 13.6615 56.9726
      vertex 5.49335 13.7596 57.0097
    endloop
  endfacet
  facet normal 0.399349 -0.306381 0.86409
    outer loop
      vertex 5.4599 13.716 57.0097
      vertex 5.49335 13.7596 57.0097
      vertex 5.40543 13.8475 57.0815
    endloop
  endfacet
  facet normal 0.464996 -0.192406 0.864152
    outer loop
      vertex 5.43888 13.6652 57.0097
      vertex 5.4599 13.716 57.0097
      vertex 5.31877 13.6974 57.0815
    endloop
  endfacet
  facet normal -0.0333592 -0.258256 0.9655
    outer loop
      vertex 5.66076 13.6801 56.9726
      vertex 5.64218 13.8212 57.0097
      vertex 5.64218 13.6825 56.9726
    endloop
  endfacet
  facet normal -0.563564 -0.432716 0.70367
    outer loop
      vertex 5.93214 13.7782 57.0815
      vertex 6.02007 13.8289 57.1831
      vertex 5.87893 13.8475 57.0815
    endloop
  endfacet
  facet normal -0.598214 -0.378219 0.706463
    outer loop
      vertex 9.93214 12.7464 59.9162
      vertex 6.02007 13.8289 57.1831
      vertex 5.93214 13.7782 57.0815
    endloop
  endfacet
  facet normal 0.240697 -0.0995954 0.965477
    outer loop
      vertex 5.57284 13.6293 56.9726
      vertex 5.4599 13.716 57.0097
      vertex 5.43888 13.6652 57.0097
    endloop
  endfacet
  facet normal 0.258267 -0.0340249 0.965474
    outer loop
      vertex 5.57039 13.6107 56.9726
      vertex 5.43888 13.6652 57.0097
      vertex 5.4317 13.6107 57.0097
    endloop
  endfacet
  facet normal 0.1001 -0.240657 0.965435
    outer loop
      vertex 5.60629 13.6729 56.9726
      vertex 5.6236 13.6801 56.9726
      vertex 5.5877 13.814 57.0097
    endloop
  endfacet
  facet normal -0.0341426 -0.258345 0.965449
    outer loop
      vertex 5.66076 13.6801 56.9726
      vertex 5.69666 13.814 57.0097
      vertex 5.64218 13.8212 57.0097
    endloop
  endfacet
  facet normal -0.1001 -0.240657 0.965435
    outer loop
      vertex 5.67807 13.6729 56.9726
      vertex 5.69666 13.814 57.0097
      vertex 5.66076 13.6801 56.9726
    endloop
  endfacet
  facet normal 0.240605 -0.099719 0.965487
    outer loop
      vertex 5.57284 13.6293 56.9726
      vertex 5.58001 13.6466 56.9726
      vertex 5.4599 13.716 57.0097
    endloop
  endfacet
  facet normal 0.474202 0.364034 0.801631
    outer loop
      vertex 19.4679 13.4433 57.0815
      vertex 15.5211 12.3423 59.9162
      vertex 19.5211 13.374 57.0815
    endloop
  endfacet
  facet normal 0.474202 0.364034 0.801631
    outer loop
      vertex 15.5211 12.3423 59.9162
      vertex 19.4679 13.4433 57.0815
      vertex 15.4679 12.4116 59.9162
    endloop
  endfacet
  facet normal -0.271995 -0.656282 0.703785
    outer loop
      vertex 19.9252 13.9007 57.0815
      vertex 19.976 13.9886 57.1831
      vertex 19.8708 14.0322 57.1831
    endloop
  endfacet
  facet normal 0.113169 -0.860215 0.497215
    outer loop
      vertex 19.6449 14.0322 57.1831
      vertex 19.7578 14.1189 57.3074
      vertex 19.6263 14.1016 57.3074
    endloop
  endfacet
  facet normal 0.527894 0.688813 0.496855
    outer loop
      vertex 15.5038 12.139 60.1421
      vertex 15.4493 12.2705 60.0177
      vertex 15.3985 12.2197 60.1421
    endloop
  endfacet
  facet normal 0.37462 -0.905561 0.199045
    outer loop
      vertex 19.4852 14.083 57.4461
      vertex 15.6167 13.1057 60.2807
      vertex 15.4852 13.0513 60.2807
    endloop
  endfacet
  facet normal 0.375141 -0.905158 0.199896
    outer loop
      vertex 15.6167 13.1057 60.2807
      vertex 19.4852 14.083 57.4461
      vertex 19.6167 14.1375 57.4461
    endloop
  endfacet
  facet normal 0.131275 0.857559 0.497352
    outer loop
      vertex 19.6263 13.1199 57.3074
      vertex 15.6449 12.1575 60.0177
      vertex 15.6263 12.0882 60.1421
    endloop
  endfacet
  facet normal 0.132007 0.856948 0.49821
    outer loop
      vertex 15.6449 12.1575 60.0177
      vertex 19.6263 13.1199 57.3074
      vertex 19.6449 13.1893 57.1831
    endloop
  endfacet
  facet normal 0.528818 -0.689165 0.495382
    outer loop
      vertex 19.3985 13.97 57.3074
      vertex 15.5038 13.0191 60.1421
      vertex 15.3985 12.9383 60.1421
    endloop
  endfacet
  facet normal 0.528818 -0.689165 0.495382
    outer loop
      vertex 15.5038 13.0191 60.1421
      vertex 19.3985 13.97 57.3074
      vertex 19.5038 14.0508 57.3074
    endloop
  endfacet
  facet normal 0.370226 -0.892769 0.256702
    outer loop
      vertex 19.6263 14.1016 57.3074
      vertex 19.6167 14.1375 57.4461
      vertex 19.5038 14.0508 57.3074
    endloop
  endfacet
  facet normal 0.70385 0.0926546 0.70428
    outer loop
      vertex 15.4344 12.4924 59.9162
      vertex 15.423 12.579 59.9162
      vertex 15.3363 12.4661 60.0177
    endloop
  endfacet
  facet normal 0.332357 -0.801452 0.497205
    outer loop
      vertex 19.6449 14.0322 57.1831
      vertex 19.6263 14.1016 57.3074
      vertex 19.5038 14.0508 57.3074
    endloop
  endfacet
  facet normal 0.6 0.8 -0
    outer loop
      vertex 15.4852 12.1068 60.2807
      vertex 15.4836 12.108 60.4243
      vertex 15.4852 12.1068 60.4232
    endloop
  endfacet
  facet normal 0.608284 0.793719 0.000144786
    outer loop
      vertex 15.4836 12.108 60.4243
      vertex 15.4852 12.1068 60.2807
      vertex 15.3722 12.1934 60.2807
    endloop
  endfacet
  facet normal 0.608402 0.793629 0
    outer loop
      vertex 15.4836 12.108 60.4243
      vertex 15.3722 12.1934 60.2807
      vertex 15.3722 12.1934 60.4243
    endloop
  endfacet
  facet normal 0.766763 -0.588192 0.257109
    outer loop
      vertex 15.3985 12.9383 60.1421
      vertex 15.3722 12.9646 60.2807
      vertex 15.3178 12.8331 60.1421
    endloop
  endfacet
  facet normal 0.192802 0.465026 0.864047
    outer loop
      vertex 19.6712 13.2873 57.0815
      vertex 19.7033 13.4074 57.0097
      vertex 19.5904 13.3208 57.0815
    endloop
  endfacet
  facet normal 0.528336 -0.688537 0.496768
    outer loop
      vertex 19.4493 13.9193 57.1831
      vertex 19.5038 14.0508 57.3074
      vertex 19.3985 13.97 57.3074
    endloop
  endfacet
  facet normal 0.408662 -0.875448 0.258043
    outer loop
      vertex 19.5038 14.0508 57.3074
      vertex 19.4852 14.083 57.4461
      vertex 15.4852 13.0513 60.2807
    endloop
  endfacet
  facet normal 0.601937 -0.249565 0.758544
    outer loop
      vertex 15.4679 12.7464 59.9162
      vertex 19.4344 13.6974 57.0815
      vertex 19.4679 13.7782 57.0815
    endloop
  endfacet
  facet normal 0.601938 -0.249875 0.758442
    outer loop
      vertex 19.4344 13.6974 57.0815
      vertex 15.4679 12.7464 59.9162
      vertex 15.4344 12.6657 59.9162
    endloop
  endfacet
  facet normal -0.0928806 -0.704397 0.703703
    outer loop
      vertex 19.8708 14.0322 57.1831
      vertex 19.7578 14.0471 57.1831
      vertex 19.7578 13.9456 57.0815
    endloop
  endfacet
  facet normal 0.114535 0.870599 0.478476
    outer loop
      vertex 19.6263 13.1199 57.3074
      vertex 15.7578 12.0709 60.1421
      vertex 19.7578 13.1026 57.3074
    endloop
  endfacet
  facet normal 0.114535 0.870599 0.478476
    outer loop
      vertex 15.7578 12.0709 60.1421
      vertex 19.6263 13.1199 57.3074
      vertex 15.6263 12.0882 60.1421
    endloop
  endfacet
  facet normal 0.34099 0.619849 0.706762
    outer loop
      vertex 19.5396 13.2329 57.1831
      vertex 19.5904 13.3208 57.0815
      vertex 15.5904 12.2891 59.9162
    endloop
  endfacet
  facet normal -0.0651955 0.963741 0.258752
    outer loop
      vertex 17.2222 12.425 59.1922
      vertex 15.7578 12.0709 60.1421
      vertex 15.7578 12.0473 60.23
    endloop
  endfacet
  facet normal -0.0651246 0.963719 0.258853
    outer loop
      vertex 15.7578 12.0709 60.1421
      vertex 17.2222 12.425 59.1922
      vertex 19.7578 13.1026 57.3074
    endloop
  endfacet
  facet normal 0.432496 -0.563556 0.703813
    outer loop
      vertex 19.5904 13.9007 57.0815
      vertex 19.5396 13.9886 57.1831
      vertex 19.4493 13.9193 57.1831
    endloop
  endfacet
  facet normal -0.499096 -0.0659357 0.864034
    outer loop
      vertex 19.9683 13.6107 57.0097
      vertex 20.0926 13.6107 57.0815
      vertex 19.9611 13.6652 57.0097
    endloop
  endfacet
  facet normal 0.125661 0.95814 0.257248
    outer loop
      vertex 15.7578 12.0709 60.1421
      vertex 15.729 12.0456 60.2504
      vertex 15.7578 12.0473 60.23
    endloop
  endfacet
  facet normal 0.126042 0.958067 0.257333
    outer loop
      vertex 15.729 12.0456 60.2504
      vertex 15.7578 12.0709 60.1421
      vertex 15.6263 12.0882 60.1421
    endloop
  endfacet
  facet normal -0.0660358 0.963962 0.257714
    outer loop
      vertex 19.7578 13.0791 57.3953
      vertex 19.7578 13.1026 57.3074
      vertex 17.2222 12.425 59.1922
    endloop
  endfacet
  facet normal 0.608402 -0.793629 0
    outer loop
      vertex 15.3722 12.9646 60.2807
      vertex 15.4836 13.05 60.4243
      vertex 15.3722 12.9646 60.4243
    endloop
  endfacet
  facet normal 0.608726 -0.79338 -0.000399946
    outer loop
      vertex 15.4852 13.0513 60.2807
      vertex 15.4836 13.05 60.4243
      vertex 15.3722 12.9646 60.2807
    endloop
  endfacet
  facet normal 0.630593 -0.776114 0
    outer loop
      vertex 15.4836 13.05 60.4243
      vertex 15.4852 13.0513 60.2807
      vertex 15.4852 13.0513 60.4232
    endloop
  endfacet
  facet normal 0.587571 -0.76729 -0.256956
    outer loop
      vertex 15.417 12.9831 60.4715
      vertex 15.3854 12.9514 60.4939
      vertex 15.3722 12.9646 60.4243
    endloop
  endfacet
  facet normal 0.408768 -0.875347 0.25822
    outer loop
      vertex 15.5038 13.0191 60.1421
      vertex 19.5038 14.0508 57.3074
      vertex 15.4852 13.0513 60.2807
    endloop
  endfacet
  facet normal 0.192694 -0.464766 0.864211
    outer loop
      vertex 19.7033 13.814 57.0097
      vertex 19.6712 13.9342 57.0815
      vertex 19.5904 13.9007 57.0815
    endloop
  endfacet
  facet normal 0.598249 -0.377763 0.706678
    outer loop
      vertex 19.4679 13.7782 57.0815
      vertex 19.3799 13.8289 57.1831
      vertex 15.4679 12.7464 59.9162
    endloop
  endfacet
  facet normal 0.341729 0.618682 0.707427
    outer loop
      vertex 19.5396 13.2329 57.1831
      vertex 15.5904 12.2891 59.9162
      vertex 15.5396 12.2011 60.0177
    endloop
  endfacet
  facet normal 0.28774 0.694932 0.658996
    outer loop
      vertex 15.6449 12.1575 60.0177
      vertex 19.5396 13.2329 57.1831
      vertex 15.5396 12.2011 60.0177
    endloop
  endfacet
  facet normal 0.33253 0.801868 0.496419
    outer loop
      vertex 15.6263 12.0882 60.1421
      vertex 15.6449 12.1575 60.0177
      vertex 15.5038 12.139 60.1421
    endloop
  endfacet
  facet normal 0.587838 0.767041 0.257089
    outer loop
      vertex 15.4852 12.1068 60.2807
      vertex 15.5038 12.139 60.1421
      vertex 15.3722 12.1934 60.2807
    endloop
  endfacet
  facet normal -0.657144 -0.270529 0.703546
    outer loop
      vertex 20.1209 13.7479 57.138
      vertex 20.0812 13.6974 57.0815
      vertex 20.1297 13.7104 57.1318
    endloop
  endfacet
  facet normal -0.656487 -0.27137 0.703835
    outer loop
      vertex 20.0812 13.6974 57.0815
      vertex 20.1209 13.7479 57.138
      vertex 20.0478 13.7782 57.0815
    endloop
  endfacet
  facet normal 0.305978 -0.399421 0.864199
    outer loop
      vertex 19.609 13.7596 57.0097
      vertex 19.6526 13.793 57.0097
      vertex 19.5904 13.9007 57.0815
    endloop
  endfacet
  facet normal 0.113169 0.860215 0.497215
    outer loop
      vertex 19.7578 13.1026 57.3074
      vertex 19.6449 13.1893 57.1831
      vertex 19.6263 13.1199 57.3074
    endloop
  endfacet
  facet normal 0.241067 -0.0989351 0.965452
    outer loop
      vertex 19.6885 13.6293 56.9726
      vertex 19.6956 13.6466 56.9726
      vertex 19.5755 13.716 57.0097
    endloop
  endfacet
  facet normal -0.272447 -0.656312 0.703582
    outer loop
      vertex 19.9252 13.9007 57.0815
      vertex 19.8708 14.0322 57.1831
      vertex 19.8445 13.9342 57.0815
    endloop
  endfacet
  facet normal -0.258502 0.0335354 0.965428
    outer loop
      vertex 19.9611 13.5563 57.0097
      vertex 19.8296 13.6107 56.9726
      vertex 19.8272 13.5922 56.9726
    endloop
  endfacet
  facet normal 0.272151 -0.656413 0.703602
    outer loop
      vertex 19.6712 13.9342 57.0815
      vertex 19.6449 14.0322 57.1831
      vertex 19.5904 13.9007 57.0815
    endloop
  endfacet
  facet normal 0.86078 -0.113279 -0.496212
    outer loop
      vertex 15.2623 12.5955 60.5811
      vertex 15.267 12.7105 60.563
      vertex 15.2729 12.7089 60.5736
    endloop
  endfacet
  facet normal 0.86088 -0.113257 -0.496042
    outer loop
      vertex 15.267 12.7105 60.563
      vertex 15.2623 12.5955 60.5811
      vertex 15.2497 12.579 60.563
    endloop
  endfacet
  facet normal 0.370189 0.892679 0.257069
    outer loop
      vertex 15.6263 12.0882 60.1421
      vertex 15.5038 12.139 60.1421
      vertex 15.4852 12.1068 60.2807
    endloop
  endfacet
  facet normal -0.240755 0.0996228 0.96546
    outer loop
      vertex 19.9401 13.5055 57.0097
      vertex 19.8272 13.5922 56.9726
      vertex 19.82 13.5748 56.9726
    endloop
  endfacet
  facet normal -0.126452 -0.958316 0.256205
    outer loop
      vertex 19.8098 14.1257 57.3585
      vertex 19.7578 14.1424 57.3953
      vertex 19.7578 14.1189 57.3074
    endloop
  endfacet
  facet normal 0.249774 -0.968304 0
    outer loop
      vertex 15.6167 13.1057 60.2807
      vertex 19.6167 14.1375 57.4953
      vertex 15.6167 13.1057 60.33
    endloop
  endfacet
  facet normal 0.249774 -0.968304 0
    outer loop
      vertex 19.6167 14.1375 57.4953
      vertex 15.6167 13.1057 60.2807
      vertex 19.6167 14.1375 57.4461
    endloop
  endfacet
  facet normal 0.52932 -0.687951 0.496532
    outer loop
      vertex 15.4493 12.8876 60.0177
      vertex 19.3985 13.97 57.3074
      vertex 15.3985 12.9383 60.1421
    endloop
  endfacet
  facet normal 0.529448 -0.687623 0.49685
    outer loop
      vertex 19.3985 13.97 57.3074
      vertex 15.4493 12.8876 60.0177
      vertex 19.4493 13.9193 57.1831
    endloop
  endfacet
  facet normal 0.382269 -0.924051 0
    outer loop
      vertex 15.4852 13.0513 60.2807
      vertex 15.6167 13.1057 60.33
      vertex 15.4852 13.0513 60.4232
    endloop
  endfacet
  facet normal 0.382269 -0.924051 0
    outer loop
      vertex 15.6167 13.1057 60.33
      vertex 15.4852 13.0513 60.2807
      vertex 15.6167 13.1057 60.2807
    endloop
  endfacet
  facet normal 0.590266 -0.453147 0.668014
    outer loop
      vertex 15.4493 12.8876 60.0177
      vertex 19.3799 13.8289 57.1831
      vertex 19.4493 13.9193 57.1831
    endloop
  endfacet
  facet normal 0.590266 -0.453147 0.668014
    outer loop
      vertex 19.3799 13.8289 57.1831
      vertex 15.4493 12.8876 60.0177
      vertex 15.3799 12.7972 60.0177
    endloop
  endfacet
  facet normal 0.598318 -0.376615 0.707232
    outer loop
      vertex 15.4679 12.7464 59.9162
      vertex 19.3799 13.8289 57.1831
      vertex 15.3799 12.7972 60.0177
    endloop
  endfacet
  facet normal 0.528399 -0.68852 0.496723
    outer loop
      vertex 19.5396 13.9886 57.1831
      vertex 19.5038 14.0508 57.3074
      vertex 19.4493 13.9193 57.1831
    endloop
  endfacet
  facet normal 0.331998 -0.80182 0.496852
    outer loop
      vertex 19.5396 13.9886 57.1831
      vertex 19.6449 14.0322 57.1831
      vertex 19.5038 14.0508 57.3074
    endloop
  endfacet
  facet normal 0.56344 -0.432553 0.70387
    outer loop
      vertex 19.4679 13.7782 57.0815
      vertex 19.4493 13.9193 57.1831
      vertex 19.3799 13.8289 57.1831
    endloop
  endfacet
  facet normal 0.8929 -0.36978 0.25689
    outer loop
      vertex 15.267 12.7105 60.1421
      vertex 15.2856 12.8517 60.2807
      vertex 15.2311 12.7201 60.2807
    endloop
  endfacet
  facet normal 0.892942 -0.369798 -0.256717
    outer loop
      vertex 15.2856 12.8517 60.4243
      vertex 15.267 12.7105 60.563
      vertex 15.2311 12.7201 60.4243
    endloop
  endfacet
  facet normal 0.432337 0.563176 0.704215
    outer loop
      vertex 15.5904 12.2891 59.9162
      vertex 15.5211 12.3423 59.9162
      vertex 15.4493 12.2705 60.0177
    endloop
  endfacet
  facet normal 0.526193 0.218162 0.821904
    outer loop
      vertex 19.4344 13.5241 57.0815
      vertex 15.4679 12.4116 59.9162
      vertex 19.4679 13.4433 57.0815
    endloop
  endfacet
  facet normal 0.526193 0.218162 0.821904
    outer loop
      vertex 15.4679 12.4116 59.9162
      vertex 19.4344 13.5241 57.0815
      vertex 15.4344 12.4924 59.9162
    endloop
  endfacet
  facet normal 0.688502 -0.528562 0.496576
    outer loop
      vertex 15.4493 12.8876 60.0177
      vertex 15.3985 12.9383 60.1421
      vertex 15.3799 12.7972 60.0177
    endloop
  endfacet
  facet normal 0.498988 0.0656866 0.864116
    outer loop
      vertex 19.4344 13.5241 57.0815
      vertex 19.5545 13.5563 57.0097
      vertex 19.423 13.6107 57.0815
    endloop
  endfacet
  facet normal 0.464919 0.192757 0.864115
    outer loop
      vertex 19.4679 13.4433 57.0815
      vertex 19.5545 13.5563 57.0097
      vertex 19.4344 13.5241 57.0815
    endloop
  endfacet
  facet normal 0.563176 0.432337 0.704215
    outer loop
      vertex 15.5211 12.3423 59.9162
      vertex 15.4679 12.4116 59.9162
      vertex 15.4493 12.2705 60.0177
    endloop
  endfacet
  facet normal 0.306521 0.399284 0.86407
    outer loop
      vertex 19.5904 13.3208 57.0815
      vertex 19.609 13.4619 57.0097
      vertex 19.5211 13.374 57.0815
    endloop
  endfacet
  facet normal 0.432528 0.562785 0.704409
    outer loop
      vertex 15.5396 12.2011 60.0177
      vertex 15.5904 12.2891 59.9162
      vertex 15.4493 12.2705 60.0177
    endloop
  endfacet
  facet normal 0.33217 0.802236 0.496065
    outer loop
      vertex 15.6449 12.1575 60.0177
      vertex 15.5396 12.2011 60.0177
      vertex 15.5038 12.139 60.1421
    endloop
  endfacet
  facet normal 0.24098 0.0983309 0.965536
    outer loop
      vertex 19.6956 13.5748 56.9726
      vertex 19.6885 13.5922 56.9726
      vertex 19.5545 13.5563 57.0097
    endloop
  endfacet
  facet normal 0.499092 0.0660563 0.864027
    outer loop
      vertex 19.5545 13.5563 57.0097
      vertex 19.5473 13.6107 57.0097
      vertex 19.423 13.6107 57.0815
    endloop
  endfacet
  facet normal -0.56452 -0.431466 0.703672
    outer loop
      vertex 19.9946 13.8475 57.0815
      vertex 20.0653 13.9114 57.1774
      vertex 20.0633 13.9163 57.1788
    endloop
  endfacet
  facet normal -0.563553 -0.432627 0.703734
    outer loop
      vertex 20.0653 13.9114 57.1774
      vertex 19.9946 13.8475 57.0815
      vertex 20.0478 13.7782 57.0815
    endloop
  endfacet
  facet normal 0.100087 0.240493 0.965477
    outer loop
      vertex 19.7033 13.4074 57.0097
      vertex 19.7392 13.5414 56.9726
      vertex 19.6526 13.4285 57.0097
    endloop
  endfacet
  facet normal 0.113541 -0.860319 0.49695
    outer loop
      vertex 19.7578 14.0471 57.1831
      vertex 19.7578 14.1189 57.3074
      vertex 19.6449 14.0322 57.1831
    endloop
  endfacet
  facet normal -0.113442 -0.860329 0.496956
    outer loop
      vertex 19.8708 14.0322 57.1831
      vertex 19.7578 14.1189 57.3074
      vertex 19.7578 14.0471 57.1831
    endloop
  endfacet
  facet normal -0.192146 -0.464811 0.864309
    outer loop
      vertex 19.8631 13.793 57.0097
      vertex 19.8445 13.9342 57.0815
      vertex 19.8123 13.814 57.0097
    endloop
  endfacet
  facet normal -0.528036 -0.68797 0.49787
    outer loop
      vertex 20.0573 13.9262 57.1831
      vertex 19.9898 14.0126 57.2309
      vertex 19.976 13.9886 57.1831
    endloop
  endfacet
  facet normal -0.526791 0.688861 0.497958
    outer loop
      vertex 19.9898 13.2089 57.2309
      vertex 20.0123 13.2376 57.215
      vertex 19.976 13.2329 57.1831
    endloop
  endfacet
  facet normal 0.0341173 -0.258249 0.965476
    outer loop
      vertex 19.7578 13.6825 56.9726
      vertex 19.7578 13.8212 57.0097
      vertex 19.7033 13.814 57.0097
    endloop
  endfacet
  facet normal -0.0341173 -0.258249 0.965476
    outer loop
      vertex 19.8123 13.814 57.0097
      vertex 19.7578 13.8212 57.0097
      vertex 19.7578 13.6825 56.9726
    endloop
  endfacet
  facet normal -0.398946 -0.30653 0.864223
    outer loop
      vertex 19.9401 13.716 57.0097
      vertex 19.9946 13.8475 57.0815
      vertex 19.9066 13.7596 57.0097
    endloop
  endfacet
  facet normal 0.80131 0.332289 -0.49748
    outer loop
      vertex 15.2752 12.4412 60.572
      vertex 15.2879 12.3971 60.563
      vertex 15.267 12.4475 60.563
    endloop
  endfacet
  facet normal 0.588269 -0.766717 0.257071
    outer loop
      vertex 15.5038 13.0191 60.1421
      vertex 15.4852 13.0513 60.2807
      vertex 15.3722 12.9646 60.2807
    endloop
  endfacet
  facet normal 0.766872 0.588106 -0.256979
    outer loop
      vertex 15.3854 12.2066 60.4939
      vertex 15.3722 12.1934 60.4243
      vertex 15.3293 12.2971 60.5336
    endloop
  endfacet
  facet normal 0.766092 0.589488 -0.256139
    outer loop
      vertex 15.3293 12.2971 60.5336
      vertex 15.2856 12.3064 60.4243
      vertex 15.3135 12.3225 60.5448
    endloop
  endfacet
  facet normal 0.767126 0.587903 -0.256687
    outer loop
      vertex 15.2856 12.3064 60.4243
      vertex 15.3293 12.2971 60.5336
      vertex 15.3722 12.1934 60.4243
    endloop
  endfacet
  facet normal 0.370021 0.892803 0.256882
    outer loop
      vertex 15.6167 12.0523 60.2807
      vertex 15.6263 12.0882 60.1421
      vertex 15.4852 12.1068 60.2807
    endloop
  endfacet
  facet normal -0.527606 0.68741 0.499099
    outer loop
      vertex 20.0123 13.2376 57.215
      vertex 20.0573 13.2953 57.1831
      vertex 19.976 13.2329 57.1831
    endloop
  endfacet
  facet normal -0.0999102 0.240542 0.965483
    outer loop
      vertex 19.8123 13.4074 57.0097
      vertex 19.8631 13.4285 57.0097
      vertex 19.7764 13.5414 56.9726
    endloop
  endfacet
  facet normal -0.704043 0.0929868 0.704043
    outer loop
      vertex 20.1333 13.5577 57.1292
      vertex 20.1374 13.6107 57.1263
      vertex 20.0926 13.6107 57.0815
    endloop
  endfacet
  facet normal 0.37002 -0.892801 0.256889
    outer loop
      vertex 19.5038 14.0508 57.3074
      vertex 19.6167 14.1375 57.4461
      vertex 19.4852 14.083 57.4461
    endloop
  endfacet
  facet normal 0.588298 -0.76668 0.257113
    outer loop
      vertex 15.3985 12.9383 60.1421
      vertex 15.5038 13.0191 60.1421
      vertex 15.3722 12.9646 60.2807
    endloop
  endfacet
  facet normal 0.802038 -0.332329 0.496279
    outer loop
      vertex 15.3799 12.7972 60.0177
      vertex 15.3178 12.8331 60.1421
      vertex 15.267 12.7105 60.1421
    endloop
  endfacet
  facet normal 0.271781 -0.656388 0.703769
    outer loop
      vertex 19.5904 13.9007 57.0815
      vertex 19.6449 14.0322 57.1831
      vertex 19.5396 13.9886 57.1831
    endloop
  endfacet
  facet normal -0.0926408 -0.704558 0.703574
    outer loop
      vertex 19.8445 13.9342 57.0815
      vertex 19.8708 14.0322 57.1831
      vertex 19.7578 13.9456 57.0815
    endloop
  endfacet
  facet normal 0.529141 0.688493 0.49597
    outer loop
      vertex 15.5038 12.139 60.1421
      vertex 15.5396 12.2011 60.0177
      vertex 15.4493 12.2705 60.0177
    endloop
  endfacet
  facet normal 0.587842 0.767036 0.257094
    outer loop
      vertex 15.5038 12.139 60.1421
      vertex 15.3985 12.2197 60.1421
      vertex 15.3722 12.1934 60.2807
    endloop
  endfacet
  facet normal 0.655484 -0.272103 0.704487
    outer loop
      vertex 15.4344 12.6657 59.9162
      vertex 15.4679 12.7464 59.9162
      vertex 15.3799 12.7972 60.0177
    endloop
  endfacet
  facet normal 0.589698 -0.0775381 0.803893
    outer loop
      vertex 15.4344 12.6657 59.9162
      vertex 19.423 13.6107 57.0815
      vertex 19.4344 13.6974 57.0815
    endloop
  endfacet
  facet normal 0.589698 -0.0775381 0.803893
    outer loop
      vertex 19.423 13.6107 57.0815
      vertex 15.4344 12.6657 59.9162
      vertex 15.423 12.579 59.9162
    endloop
  endfacet
  facet normal 0.465071 -0.192254 0.864145
    outer loop
      vertex 19.5545 13.6652 57.0097
      vertex 19.5755 13.716 57.0097
      vertex 19.4344 13.6974 57.0815
    endloop
  endfacet
  facet normal 0.499005 -0.0656131 0.864112
    outer loop
      vertex 19.5545 13.6652 57.0097
      vertex 19.4344 13.6974 57.0815
      vertex 19.423 13.6107 57.0815
    endloop
  endfacet
  facet normal 0.563795 0.0742178 0.822574
    outer loop
      vertex 15.423 12.579 59.9162
      vertex 19.4344 13.5241 57.0815
      vertex 19.423 13.6107 57.0815
    endloop
  endfacet
  facet normal 0.563795 0.0742178 0.822574
    outer loop
      vertex 19.4344 13.5241 57.0815
      vertex 15.423 12.579 59.9162
      vertex 15.4344 12.4924 59.9162
    endloop
  endfacet
  facet normal 0.766763 0.588192 0.257109
    outer loop
      vertex 15.3722 12.1934 60.2807
      vertex 15.3985 12.2197 60.1421
      vertex 15.3178 12.3249 60.1421
    endloop
  endfacet
  facet normal 0.305978 0.399421 0.864199
    outer loop
      vertex 19.6526 13.4285 57.0097
      vertex 19.609 13.4619 57.0097
      vertex 19.5904 13.3208 57.0815
    endloop
  endfacet
  facet normal 0.399227 0.306746 0.864017
    outer loop
      vertex 19.609 13.4619 57.0097
      vertex 19.5755 13.5055 57.0097
      vertex 19.4679 13.4433 57.0815
    endloop
  endfacet
  facet normal 0.272151 0.656413 0.703602
    outer loop
      vertex 19.6449 13.1893 57.1831
      vertex 19.6712 13.2873 57.0815
      vertex 19.5904 13.3208 57.0815
    endloop
  endfacet
  facet normal 0.399976 0.521021 0.754027
    outer loop
      vertex 19.5211 13.374 57.0815
      vertex 15.5904 12.2891 59.9162
      vertex 19.5904 13.3208 57.0815
    endloop
  endfacet
  facet normal 0.399976 0.521021 0.754027
    outer loop
      vertex 15.5904 12.2891 59.9162
      vertex 19.5211 13.374 57.0815
      vertex 15.5211 12.3423 59.9162
    endloop
  endfacet
  facet normal -0.113703 -0.860402 0.496769
    outer loop
      vertex 19.8708 14.0322 57.1831
      vertex 19.8819 14.1025 57.3074
      vertex 19.7578 14.1189 57.3074
    endloop
  endfacet
  facet normal -0.106963 -0.861315 0.496684
    outer loop
      vertex 19.8819 14.1025 57.3074
      vertex 19.8708 14.0322 57.1831
      vertex 19.8886 14.0989 57.3026
    endloop
  endfacet
  facet normal -0.126633 -0.958245 0.25638
    outer loop
      vertex 19.8819 14.1025 57.3074
      vertex 19.8098 14.1257 57.3585
      vertex 19.7578 14.1189 57.3074
    endloop
  endfacet
  facet normal -0.12588 0.958386 0.256224
    outer loop
      vertex 19.8819 13.1189 57.3074
      vertex 19.7578 13.1026 57.3074
      vertex 19.7578 13.0791 57.3953
    endloop
  endfacet
  facet normal 0.159036 -0.206467 0.965442
    outer loop
      vertex 19.7071 13.6615 56.9726
      vertex 19.7219 13.6729 56.9726
      vertex 19.6526 13.793 57.0097
    endloop
  endfacet
  facet normal 0.587571 0.76729 -0.256956
    outer loop
      vertex 15.3854 12.2066 60.4939
      vertex 15.417 12.1749 60.4715
      vertex 15.3722 12.1934 60.4243
    endloop
  endfacet
  facet normal 0.923906 -0.38262 0
    outer loop
      vertex 15.2311 12.7201 60.4243
      vertex 15.2856 12.8517 60.2807
      vertex 15.2856 12.8517 60.4243
    endloop
  endfacet
  facet normal 0.923906 -0.38262 0
    outer loop
      vertex 15.2856 12.8517 60.2807
      vertex 15.2311 12.7201 60.4243
      vertex 15.2311 12.7201 60.2807
    endloop
  endfacet
  facet normal 0.802038 0.332329 0.496279
    outer loop
      vertex 15.3178 12.3249 60.1421
      vertex 15.3799 12.3608 60.0177
      vertex 15.267 12.4475 60.1421
    endloop
  endfacet
  facet normal 0.766793 -0.588169 -0.25707
    outer loop
      vertex 15.3293 12.8609 60.5336
      vertex 15.2856 12.8517 60.4243
      vertex 15.3722 12.9646 60.4243
    endloop
  endfacet
  facet normal 0.765886 -0.589559 -0.25659
    outer loop
      vertex 15.2856 12.8517 60.4243
      vertex 15.3293 12.8609 60.5336
      vertex 15.3135 12.8355 60.5448
    endloop
  endfacet
  facet normal 0.587897 0.766883 -0.257425
    outer loop
      vertex 15.417 12.1749 60.4715
      vertex 15.4836 12.108 60.4243
      vertex 15.3722 12.1934 60.4243
    endloop
  endfacet
  facet normal -0.0928806 0.704397 0.703703
    outer loop
      vertex 19.8708 13.1893 57.1831
      vertex 19.7578 13.2759 57.0815
      vertex 19.7578 13.1744 57.1831
    endloop
  endfacet
  facet normal -0.399035 0.306598 0.864158
    outer loop
      vertex 20.0478 13.4433 57.0815
      vertex 19.9401 13.5055 57.0097
      vertex 19.9066 13.4619 57.0097
    endloop
  endfacet
  facet normal -0.428437 0.570927 0.700346
    outer loop
      vertex 19.9252 13.3208 57.0815
      vertex 20.0573 13.2953 57.1831
      vertex 20.0619 13.3028 57.1798
    endloop
  endfacet
  facet normal -0.432528 0.563534 0.70381
    outer loop
      vertex 20.0573 13.2953 57.1831
      vertex 19.9252 13.3208 57.0815
      vertex 19.976 13.2329 57.1831
    endloop
  endfacet
  facet normal 0.125494 -0.958444 0.256195
    outer loop
      vertex 19.7578 14.1189 57.3074
      vertex 19.6862 14.1466 57.4461
      vertex 19.6167 14.1375 57.4461
    endloop
  endfacet
  facet normal 0.125577 -0.958423 0.256234
    outer loop
      vertex 19.6862 14.1466 57.4461
      vertex 19.7578 14.1189 57.3074
      vertex 19.7578 14.1424 57.3953
    endloop
  endfacet
  facet normal 0.126063 -0.958223 0.256744
    outer loop
      vertex 19.6263 14.1016 57.3074
      vertex 19.7578 14.1189 57.3074
      vertex 19.6167 14.1375 57.4461
    endloop
  endfacet
  facet normal -0.33213 -0.801379 0.497475
    outer loop
      vertex 19.976 13.9886 57.1831
      vertex 19.9539 14.0432 57.2563
      vertex 19.8708 14.0322 57.1831
    endloop
  endfacet
  facet normal -0.330893 -0.80157 0.497992
    outer loop
      vertex 19.9539 14.0432 57.2563
      vertex 19.976 13.9886 57.1831
      vertex 19.9898 14.0126 57.2309
    endloop
  endfacet
  facet normal 0.092745 -0.704537 0.703581
    outer loop
      vertex 19.6712 13.9342 57.0815
      vertex 19.7578 13.9456 57.0815
      vertex 19.6449 14.0322 57.1831
    endloop
  endfacet
  facet normal 0.0929622 -0.704391 0.703698
    outer loop
      vertex 19.7578 13.9456 57.0815
      vertex 19.7578 14.0471 57.1831
      vertex 19.6449 14.0322 57.1831
    endloop
  endfacet
  facet normal 0.399227 -0.306746 0.864017
    outer loop
      vertex 19.5755 13.716 57.0097
      vertex 19.609 13.7596 57.0097
      vertex 19.4679 13.7782 57.0815
    endloop
  endfacet
  facet normal 0.258249 -0.0341173 0.965476
    outer loop
      vertex 19.686 13.6107 56.9726
      vertex 19.5545 13.6652 57.0097
      vertex 19.5473 13.6107 57.0097
    endloop
  endfacet
  facet normal 0.958142 0.126304 0.256925
    outer loop
      vertex 15.2311 12.4379 60.2807
      vertex 15.267 12.4475 60.1421
      vertex 15.2125 12.579 60.2807
    endloop
  endfacet
  facet normal 0.656025 -0.27163 0.704165
    outer loop
      vertex 15.4344 12.6657 59.9162
      vertex 15.3799 12.7972 60.0177
      vertex 15.3363 12.6919 60.0177
    endloop
  endfacet
  facet normal 0.703915 -0.0925564 0.704227
    outer loop
      vertex 15.423 12.579 59.9162
      vertex 15.4344 12.6657 59.9162
      vertex 15.3363 12.6919 60.0177
    endloop
  endfacet
  facet normal 0.499096 -0.0659357 0.864034
    outer loop
      vertex 19.5473 13.6107 57.0097
      vertex 19.5545 13.6652 57.0097
      vertex 19.423 13.6107 57.0815
    endloop
  endfacet
  facet normal 0 0 1
    outer loop
      vertex 19.8272 13.6293 56.9726
      vertex 19.8272 13.5922 56.9726
      vertex 19.8296 13.6107 56.9726
    endloop
  endfacet
  facet normal 0 0 1
    outer loop
      vertex 19.82 13.6466 56.9726
      vertex 19.8272 13.5922 56.9726
      vertex 19.8272 13.6293 56.9726
    endloop
  endfacet
  facet normal 0 0 1
    outer loop
      vertex 19.82 13.6466 56.9726
      vertex 19.82 13.5748 56.9726
      vertex 19.8272 13.5922 56.9726
    endloop
  endfacet
  facet normal 0 0 1
    outer loop
      vertex 19.8086 13.6615 56.9726
      vertex 19.82 13.5748 56.9726
      vertex 19.82 13.6466 56.9726
    endloop
  endfacet
  facet normal 0 0 1
    outer loop
      vertex 19.8086 13.6615 56.9726
      vertex 19.8086 13.56 56.9726
      vertex 19.82 13.5748 56.9726
    endloop
  endfacet
  facet normal 0 0 1
    outer loop
      vertex 19.7937 13.6729 56.9726
      vertex 19.8086 13.56 56.9726
      vertex 19.8086 13.6615 56.9726
    endloop
  endfacet
  facet normal 0 0 1
    outer loop
      vertex 19.7937 13.6729 56.9726
      vertex 19.7937 13.5486 56.9726
      vertex 19.8086 13.56 56.9726
    endloop
  endfacet
  facet normal 0 0 1
    outer loop
      vertex 19.7764 13.6801 56.9726
      vertex 19.7937 13.5486 56.9726
      vertex 19.7937 13.6729 56.9726
    endloop
  endfacet
  facet normal 0 0 1
    outer loop
      vertex 19.7764 13.6801 56.9726
      vertex 19.7764 13.5414 56.9726
      vertex 19.7937 13.5486 56.9726
    endloop
  endfacet
  facet normal 0 0 1
    outer loop
      vertex 19.7578 13.6825 56.9726
      vertex 19.7764 13.5414 56.9726
      vertex 19.7764 13.6801 56.9726
    endloop
  endfacet
  facet normal 0 0 1
    outer loop
      vertex 19.7578 13.6825 56.9726
      vertex 19.7578 13.539 56.9726
      vertex 19.7764 13.5414 56.9726
    endloop
  endfacet
  facet normal -0 0 1
    outer loop
      vertex 19.7392 13.6801 56.9726
      vertex 19.7578 13.539 56.9726
      vertex 19.7578 13.6825 56.9726
    endloop
  endfacet
  facet normal 0 0 1
    outer loop
      vertex 19.7392 13.6801 56.9726
      vertex 19.7392 13.5414 56.9726
      vertex 19.7578 13.539 56.9726
    endloop
  endfacet
  facet normal -0 0 1
    outer loop
      vertex 19.7219 13.6729 56.9726
      vertex 19.7392 13.5414 56.9726
      vertex 19.7392 13.6801 56.9726
    endloop
  endfacet
  facet normal 0 0 1
    outer loop
      vertex 19.7219 13.6729 56.9726
      vertex 19.7219 13.5486 56.9726
      vertex 19.7392 13.5414 56.9726
    endloop
  endfacet
  facet normal -0 0 1
    outer loop
      vertex 19.7071 13.6615 56.9726
      vertex 19.7219 13.5486 56.9726
      vertex 19.7219 13.6729 56.9726
    endloop
  endfacet
  facet normal 0 0 1
    outer loop
      vertex 19.7071 13.6615 56.9726
      vertex 19.7071 13.56 56.9726
      vertex 19.7219 13.5486 56.9726
    endloop
  endfacet
  facet normal -0 0 1
    outer loop
      vertex 19.6956 13.6466 56.9726
      vertex 19.7071 13.56 56.9726
      vertex 19.7071 13.6615 56.9726
    endloop
  endfacet
  facet normal 0 0 1
    outer loop
      vertex 19.6956 13.6466 56.9726
      vertex 19.6956 13.5748 56.9726
      vertex 19.7071 13.56 56.9726
    endloop
  endfacet
  facet normal -0 0 1
    outer loop
      vertex 19.6885 13.6293 56.9726
      vertex 19.6956 13.5748 56.9726
      vertex 19.6956 13.6466 56.9726
    endloop
  endfacet
  facet normal 0 0 1
    outer loop
      vertex 19.6885 13.6293 56.9726
      vertex 19.6885 13.5922 56.9726
      vertex 19.6956 13.5748 56.9726
    endloop
  endfacet
  facet normal 0 -0 1
    outer loop
      vertex 19.6885 13.5922 56.9726
      vertex 19.6885 13.6293 56.9726
      vertex 19.686 13.6107 56.9726
    endloop
  endfacet
  facet normal -0.704232 0.0927049 0.703891
    outer loop
      vertex 20.0812 13.5241 57.0815
      vertex 20.1333 13.5577 57.1292
      vertex 20.0926 13.6107 57.0815
    endloop
  endfacet
  facet normal -0.704497 0.0936756 0.703497
    outer loop
      vertex 20.1333 13.5577 57.1292
      vertex 20.0812 13.5241 57.0815
      vertex 20.1297 13.5111 57.1318
    endloop
  endfacet
  facet normal 0.0333385 0.258374 0.96547
    outer loop
      vertex 19.7578 13.539 56.9726
      vertex 19.7392 13.5414 56.9726
      vertex 19.7033 13.4074 57.0097
    endloop
  endfacet
  facet normal 0.465328 0.19236 0.863984
    outer loop
      vertex 19.5755 13.5055 57.0097
      vertex 19.5545 13.5563 57.0097
      vertex 19.4679 13.4433 57.0815
    endloop
  endfacet
  facet normal 0.28774 0.694932 0.658996
    outer loop
      vertex 19.6449 13.1893 57.1831
      vertex 19.5396 13.2329 57.1831
      vertex 15.6449 12.1575 60.0177
    endloop
  endfacet
  facet normal 0.271781 0.656388 0.703769
    outer loop
      vertex 19.6449 13.1893 57.1831
      vertex 19.5904 13.3208 57.0815
      vertex 19.5396 13.2329 57.1831
    endloop
  endfacet
  facet normal 0.193313 0.4645 0.864216
    outer loop
      vertex 19.7033 13.4074 57.0097
      vertex 19.6526 13.4285 57.0097
      vertex 19.5904 13.3208 57.0815
    endloop
  endfacet
  facet normal -0.444459 -0.552929 0.704788
    outer loop
      vertex 20.0619 13.9187 57.1798
      vertex 19.9946 13.8475 57.0815
      vertex 20.0633 13.9163 57.1788
    endloop
  endfacet
  facet normal -0.432053 -0.563617 0.704036
    outer loop
      vertex 19.9946 13.8475 57.0815
      vertex 20.0619 13.9187 57.1798
      vertex 19.9252 13.9007 57.0815
    endloop
  endfacet
  facet normal -0.192956 -0.464823 0.864122
    outer loop
      vertex 19.8631 13.793 57.0097
      vertex 19.9252 13.9007 57.0815
      vertex 19.8445 13.9342 57.0815
    endloop
  endfacet
  facet normal -0.432528 -0.563534 0.70381
    outer loop
      vertex 19.9252 13.9007 57.0815
      vertex 20.0573 13.9262 57.1831
      vertex 19.976 13.9886 57.1831
    endloop
  endfacet
  facet normal -0.428437 -0.570927 0.700346
    outer loop
      vertex 20.0573 13.9262 57.1831
      vertex 19.9252 13.9007 57.0815
      vertex 20.0619 13.9187 57.1798
    endloop
  endfacet
  facet normal -0.331627 -0.801894 0.496981
    outer loop
      vertex 19.9539 14.0432 57.2563
      vertex 19.8886 14.0989 57.3026
      vertex 19.8708 14.0322 57.1831
    endloop
  endfacet
  facet normal -0.240429 -0.100063 0.965495
    outer loop
      vertex 19.8272 13.6293 56.9726
      vertex 19.9401 13.716 57.0097
      vertex 19.82 13.6466 56.9726
    endloop
  endfacet
  facet normal -0.306231 -0.399481 0.864082
    outer loop
      vertex 19.9946 13.8475 57.0815
      vertex 19.9252 13.9007 57.0815
      vertex 19.8631 13.793 57.0097
    endloop
  endfacet
  facet normal -0.30644 -0.399106 0.864181
    outer loop
      vertex 19.9066 13.7596 57.0097
      vertex 19.9946 13.8475 57.0815
      vertex 19.8631 13.793 57.0097
    endloop
  endfacet
  facet normal 0.892845 0.370038 -0.256709
    outer loop
      vertex 15.267 12.4475 60.563
      vertex 15.2856 12.3064 60.4243
      vertex 15.2311 12.4379 60.4243
    endloop
  endfacet
  facet normal 0.802035 0.332087 0.496446
    outer loop
      vertex 15.3799 12.3608 60.0177
      vertex 15.3363 12.4661 60.0177
      vertex 15.267 12.4475 60.1421
    endloop
  endfacet
  facet normal 0.562785 0.432528 0.704409
    outer loop
      vertex 15.4493 12.2705 60.0177
      vertex 15.4679 12.4116 59.9162
      vertex 15.3799 12.3608 60.0177
    endloop
  endfacet
  facet normal 0.688807 0.528391 0.496335
    outer loop
      vertex 15.3985 12.2197 60.1421
      vertex 15.3799 12.3608 60.0177
      vertex 15.3178 12.3249 60.1421
    endloop
  endfacet
  facet normal 0.688062 0.52881 0.496922
    outer loop
      vertex 15.3985 12.2197 60.1421
      vertex 15.4493 12.2705 60.0177
      vertex 15.3799 12.3608 60.0177
    endloop
  endfacet
  facet normal 0.991423 0.130691 0
    outer loop
      vertex 15.2311 12.4379 60.4243
      vertex 15.2125 12.579 60.2807
      vertex 15.2125 12.579 60.4243
    endloop
  endfacet
  facet normal 0.991423 0.130691 0
    outer loop
      vertex 15.2125 12.579 60.2807
      vertex 15.2311 12.4379 60.4243
      vertex 15.2311 12.4379 60.2807
    endloop
  endfacet
  facet normal 0.958188 0.12631 -0.256752
    outer loop
      vertex 15.267 12.4475 60.563
      vertex 15.2311 12.4379 60.4243
      vertex 15.2125 12.579 60.4243
    endloop
  endfacet
  facet normal 0.688807 -0.528391 0.496335
    outer loop
      vertex 15.3799 12.7972 60.0177
      vertex 15.3985 12.9383 60.1421
      vertex 15.3178 12.8331 60.1421
    endloop
  endfacet
  facet normal 0.860682 0.11323 0.496393
    outer loop
      vertex 15.267 12.4475 60.1421
      vertex 15.3363 12.4661 60.0177
      vertex 15.2497 12.579 60.1421
    endloop
  endfacet
  facet normal 0.382869 0.923803 0
    outer loop
      vertex 15.4852 12.1068 60.2807
      vertex 15.6167 12.0523 60.33
      vertex 15.6167 12.0523 60.2807
    endloop
  endfacet
  facet normal 0.382869 0.923803 0
    outer loop
      vertex 15.6167 12.0523 60.33
      vertex 15.4852 12.1068 60.2807
      vertex 15.4852 12.1068 60.4232
    endloop
  endfacet
  facet normal -0.499092 0.0660563 0.864027
    outer loop
      vertex 20.0926 13.6107 57.0815
      vertex 19.9683 13.6107 57.0097
      vertex 19.9611 13.5563 57.0097
    endloop
  endfacet
  facet normal -0.330655 0.801677 0.497977
    outer loop
      vertex 19.9898 13.2089 57.2309
      vertex 19.976 13.2329 57.1831
      vertex 19.8966 13.1294 57.297
    endloop
  endfacet
  facet normal 0.801328 0.333837 -0.496413
    outer loop
      vertex 15.2729 12.4491 60.5736
      vertex 15.2752 12.4412 60.572
      vertex 15.267 12.4475 60.563
    endloop
  endfacet
  facet normal 0.129827 -0.991537 0
    outer loop
      vertex 19.6862 14.1466 57.4461
      vertex 19.6167 14.1375 57.4953
      vertex 19.6167 14.1375 57.4461
    endloop
  endfacet
  facet normal 0.0656524 -0.498728 0.864269
    outer loop
      vertex 19.7033 13.814 57.0097
      vertex 19.7578 13.9456 57.0815
      vertex 19.6712 13.9342 57.0815
    endloop
  endfacet
  facet normal 0.0658961 -0.498797 0.86421
    outer loop
      vertex 19.7578 13.8212 57.0097
      vertex 19.7578 13.9456 57.0815
      vertex 19.7033 13.814 57.0097
    endloop
  endfacet
  facet normal 0.46508 -0.192824 0.864014
    outer loop
      vertex 19.5755 13.716 57.0097
      vertex 19.4679 13.7782 57.0815
      vertex 19.4344 13.6974 57.0815
    endloop
  endfacet
  facet normal 0.158383 -0.206751 0.965489
    outer loop
      vertex 19.7071 13.6615 56.9726
      vertex 19.6526 13.793 57.0097
      vertex 19.609 13.7596 57.0097
    endloop
  endfacet
  facet normal 0.655794 0.271895 0.704278
    outer loop
      vertex 15.4679 12.4116 59.9162
      vertex 15.4344 12.4924 59.9162
      vertex 15.3363 12.4661 60.0177
    endloop
  endfacet
  facet normal 0.802035 -0.332087 0.496446
    outer loop
      vertex 15.3363 12.6919 60.0177
      vertex 15.3799 12.7972 60.0177
      vertex 15.267 12.7105 60.1421
    endloop
  endfacet
  facet normal -0.100063 0.240429 0.965495
    outer loop
      vertex 19.8631 13.4285 57.0097
      vertex 19.7937 13.5486 56.9726
      vertex 19.7764 13.5414 56.9726
    endloop
  endfacet
  facet normal -0.193067 0.464824 0.864097
    outer loop
      vertex 19.8445 13.2873 57.0815
      vertex 19.8631 13.4285 57.0097
      vertex 19.8123 13.4074 57.0097
    endloop
  endfacet
  facet normal -0.113442 0.860329 0.496956
    outer loop
      vertex 19.8708 13.1893 57.1831
      vertex 19.7578 13.1744 57.1831
      vertex 19.7578 13.1026 57.3074
    endloop
  endfacet
  facet normal 0.399284 0.306521 0.86407
    outer loop
      vertex 19.5211 13.374 57.0815
      vertex 19.609 13.4619 57.0097
      vertex 19.4679 13.4433 57.0815
    endloop
  endfacet
  facet normal 0.206628 0.158763 0.965453
    outer loop
      vertex 19.609 13.4619 57.0097
      vertex 19.6956 13.5748 56.9726
      vertex 19.5755 13.5055 57.0097
    endloop
  endfacet
  facet normal 0.2408 0.0995433 0.965457
    outer loop
      vertex 19.5755 13.5055 57.0097
      vertex 19.6956 13.5748 56.9726
      vertex 19.5545 13.5563 57.0097
    endloop
  endfacet
  facet normal -0.258547 -0.033361 0.965422
    outer loop
      vertex 19.8296 13.6107 56.9726
      vertex 19.9611 13.6652 57.0097
      vertex 19.8272 13.6293 56.9726
    endloop
  endfacet
  facet normal -0.158235 -0.206816 0.965499
    outer loop
      vertex 19.8086 13.6615 56.9726
      vertex 19.8631 13.793 57.0097
      vertex 19.7937 13.6729 56.9726
    endloop
  endfacet
  facet normal -0.158656 -0.206633 0.965469
    outer loop
      vertex 19.9066 13.7596 57.0097
      vertex 19.8631 13.793 57.0097
      vertex 19.8086 13.6615 56.9726
    endloop
  endfacet
  facet normal 0.100089 -0.240492 0.965477
    outer loop
      vertex 19.7219 13.6729 56.9726
      vertex 19.7392 13.6801 56.9726
      vertex 19.6526 13.793 57.0097
    endloop
  endfacet
  facet normal 0.033361 -0.258547 0.965422
    outer loop
      vertex 19.7392 13.6801 56.9726
      vertex 19.7578 13.6825 56.9726
      vertex 19.7033 13.814 57.0097
    endloop
  endfacet
  facet normal -0.033361 -0.258547 0.965422
    outer loop
      vertex 19.7764 13.6801 56.9726
      vertex 19.8123 13.814 57.0097
      vertex 19.7578 13.6825 56.9726
    endloop
  endfacet
  facet normal -0.0658961 -0.498797 0.86421
    outer loop
      vertex 19.8123 13.814 57.0097
      vertex 19.7578 13.9456 57.0815
      vertex 19.7578 13.8212 57.0097
    endloop
  endfacet
  facet normal -0.0655737 -0.498705 0.864288
    outer loop
      vertex 19.8123 13.814 57.0097
      vertex 19.8445 13.9342 57.0815
      vertex 19.7578 13.9456 57.0815
    endloop
  endfacet
  facet normal 0.958114 0.126048 0.257156
    outer loop
      vertex 15.267 12.4475 60.1421
      vertex 15.2497 12.579 60.1421
      vertex 15.2125 12.579 60.2807
    endloop
  endfacet
  facet normal 0.655769 0.271524 0.704444
    outer loop
      vertex 15.3799 12.3608 60.0177
      vertex 15.4679 12.4116 59.9162
      vertex 15.3363 12.4661 60.0177
    endloop
  endfacet
  facet normal 0.892849 0.369957 0.256811
    outer loop
      vertex 15.2856 12.3064 60.2807
      vertex 15.3178 12.3249 60.1421
      vertex 15.267 12.4475 60.1421
    endloop
  endfacet
  facet normal 0.767124 0.587902 0.256693
    outer loop
      vertex 15.3722 12.1934 60.2807
      vertex 15.3178 12.3249 60.1421
      vertex 15.2856 12.3064 60.2807
    endloop
  endfacet
  facet normal 0.860349 -0.111373 -0.497389
    outer loop
      vertex 15.2623 12.5955 60.5811
      vertex 15.2608 12.579 60.5822
      vertex 15.2497 12.579 60.563
    endloop
  endfacet
  facet normal 0.893398 0.369078 -0.256166
    outer loop
      vertex 15.2856 12.3064 60.4243
      vertex 15.2879 12.3971 60.563
      vertex 15.3135 12.3225 60.5448
    endloop
  endfacet
  facet normal 0.892727 0.370198 -0.256887
    outer loop
      vertex 15.2879 12.3971 60.563
      vertex 15.2856 12.3064 60.4243
      vertex 15.267 12.4475 60.563
    endloop
  endfacet
  facet normal 0.80131 -0.332289 -0.49748
    outer loop
      vertex 15.2879 12.7609 60.563
      vertex 15.2752 12.7168 60.572
      vertex 15.267 12.7105 60.563
    endloop
  endfacet
  facet normal 0.892788 -0.369932 0.25706
    outer loop
      vertex 15.3178 12.8331 60.1421
      vertex 15.2856 12.8517 60.2807
      vertex 15.267 12.7105 60.1421
    endloop
  endfacet
  facet normal 0.766792 -0.588168 0.257075
    outer loop
      vertex 15.3178 12.8331 60.1421
      vertex 15.3722 12.9646 60.2807
      vertex 15.2856 12.8517 60.2807
    endloop
  endfacet
  facet normal 0.127507 0.958229 0.256008
    outer loop
      vertex 15.6263 12.0882 60.1421
      vertex 15.6862 12.0432 60.2807
      vertex 15.729 12.0456 60.2504
    endloop
  endfacet
  facet normal 0.12547 0.958259 0.256898
    outer loop
      vertex 15.6862 12.0432 60.2807
      vertex 15.6263 12.0882 60.1421
      vertex 15.6167 12.0523 60.2807
    endloop
  endfacet
  facet normal -0.158656 0.206633 0.965469
    outer loop
      vertex 19.8631 13.4285 57.0097
      vertex 19.9066 13.4619 57.0097
      vertex 19.8086 13.56 56.9726
    endloop
  endfacet
  facet normal -0.399148 -0.306417 0.86417
    outer loop
      vertex 20.0478 13.7782 57.0815
      vertex 19.9946 13.8475 57.0815
      vertex 19.9401 13.716 57.0097
    endloop
  endfacet
  facet normal -0.657144 0.270529 0.703546
    outer loop
      vertex 20.0812 13.5241 57.0815
      vertex 20.1209 13.4736 57.138
      vertex 20.1297 13.5111 57.1318
    endloop
  endfacet
  facet normal -0.656487 0.27137 0.703835
    outer loop
      vertex 20.1209 13.4736 57.138
      vertex 20.0812 13.5241 57.0815
      vertex 20.0478 13.4433 57.0815
    endloop
  endfacet
  facet normal 0.801328 -0.333837 -0.496413
    outer loop
      vertex 15.2752 12.7168 60.572
      vertex 15.2729 12.7089 60.5736
      vertex 15.267 12.7105 60.563
    endloop
  endfacet
  facet normal 0.0997239 -0.240762 0.965447
    outer loop
      vertex 19.7392 13.6801 56.9726
      vertex 19.7033 13.814 57.0097
      vertex 19.6526 13.793 57.0097
    endloop
  endfacet
  facet normal 0.192563 -0.464901 0.864168
    outer loop
      vertex 19.6526 13.793 57.0097
      vertex 19.7033 13.814 57.0097
      vertex 19.5904 13.9007 57.0815
    endloop
  endfacet
  facet normal 0.56345 -0.432548 0.703865
    outer loop
      vertex 19.4679 13.7782 57.0815
      vertex 19.5211 13.8475 57.0815
      vertex 19.4493 13.9193 57.1831
    endloop
  endfacet
  facet normal 0.432548 -0.56345 0.703865
    outer loop
      vertex 19.5211 13.8475 57.0815
      vertex 19.5904 13.9007 57.0815
      vertex 19.4493 13.9193 57.1831
    endloop
  endfacet
  facet normal 0.25798 0.0348621 0.965521
    outer loop
      vertex 19.6885 13.5922 56.9726
      vertex 19.686 13.6107 56.9726
      vertex 19.5545 13.5563 57.0097
    endloop
  endfacet
  facet normal 0.258249 0.03418 0.965474
    outer loop
      vertex 19.5545 13.5563 57.0097
      vertex 19.686 13.6107 56.9726
      vertex 19.5473 13.6107 57.0097
    endloop
  endfacet
  facet normal -0.192956 0.464823 0.864122
    outer loop
      vertex 19.9252 13.3208 57.0815
      vertex 19.8631 13.4285 57.0097
      vertex 19.8445 13.2873 57.0815
    endloop
  endfacet
  facet normal -0.0926408 0.704558 0.703574
    outer loop
      vertex 19.8708 13.1893 57.1831
      vertex 19.8445 13.2873 57.0815
      vertex 19.7578 13.2759 57.0815
    endloop
  endfacet
  facet normal -0.118323 0.859452 0.497335
    outer loop
      vertex 19.8708 13.1893 57.1831
      vertex 19.8819 13.1189 57.3074
      vertex 19.8886 13.1226 57.3026
    endloop
  endfacet
  facet normal -0.112984 0.8602 0.497283
    outer loop
      vertex 19.8819 13.1189 57.3074
      vertex 19.8708 13.1893 57.1831
      vertex 19.7578 13.1026 57.3074
    endloop
  endfacet
  facet normal -0.563553 0.432627 0.703734
    outer loop
      vertex 19.9946 13.374 57.0815
      vertex 20.0653 13.3101 57.1774
      vertex 20.0478 13.4433 57.0815
    endloop
  endfacet
  facet normal -0.56452 0.431466 0.703672
    outer loop
      vertex 20.0653 13.3101 57.1774
      vertex 19.9946 13.374 57.0815
      vertex 20.0633 13.3052 57.1788
    endloop
  endfacet
  facet normal 0.092745 0.704537 0.703581
    outer loop
      vertex 19.7578 13.2759 57.0815
      vertex 19.6712 13.2873 57.0815
      vertex 19.6449 13.1893 57.1831
    endloop
  endfacet
  facet normal 0.0656918 0.499027 0.864093
    outer loop
      vertex 19.7578 13.2759 57.0815
      vertex 19.7033 13.4074 57.0097
      vertex 19.6712 13.2873 57.0815
    endloop
  endfacet
  facet normal -0.0995478 -0.240811 0.965453
    outer loop
      vertex 19.8631 13.793 57.0097
      vertex 19.8123 13.814 57.0097
      vertex 19.7764 13.6801 56.9726
    endloop
  endfacet
  facet normal -0.100063 -0.240429 0.965495
    outer loop
      vertex 19.7937 13.6729 56.9726
      vertex 19.8631 13.793 57.0097
      vertex 19.7764 13.6801 56.9726
    endloop
  endfacet
  facet normal 0.958114 -0.126048 0.257156
    outer loop
      vertex 15.2497 12.579 60.1421
      vertex 15.267 12.7105 60.1421
      vertex 15.2125 12.579 60.2807
    endloop
  endfacet
  facet normal 0.860564 0.112811 0.496692
    outer loop
      vertex 15.3363 12.4661 60.0177
      vertex 15.3215 12.579 60.0177
      vertex 15.2497 12.579 60.1421
    endloop
  endfacet
  facet normal 0.958142 -0.126304 0.256925
    outer loop
      vertex 15.267 12.7105 60.1421
      vertex 15.2311 12.7201 60.2807
      vertex 15.2125 12.579 60.2807
    endloop
  endfacet
  facet normal 0.991423 -0.130691 0
    outer loop
      vertex 15.2125 12.579 60.4243
      vertex 15.2311 12.7201 60.2807
      vertex 15.2311 12.7201 60.4243
    endloop
  endfacet
  facet normal 0.991423 -0.130691 0
    outer loop
      vertex 15.2311 12.7201 60.2807
      vertex 15.2125 12.579 60.4243
      vertex 15.2125 12.579 60.2807
    endloop
  endfacet
  facet normal 0.860682 -0.11323 0.496393
    outer loop
      vertex 15.3363 12.6919 60.0177
      vertex 15.267 12.7105 60.1421
      vertex 15.2497 12.579 60.1421
    endloop
  endfacet
  facet normal 0.704088 0.0922986 0.704088
    outer loop
      vertex 15.3363 12.4661 60.0177
      vertex 15.423 12.579 59.9162
      vertex 15.3215 12.579 60.0177
    endloop
  endfacet
  facet normal 0.95816 -0.126054 -0.256983
    outer loop
      vertex 15.267 12.7105 60.563
      vertex 15.2497 12.579 60.563
      vertex 15.2125 12.579 60.4243
    endloop
  endfacet
  facet normal 0.958188 -0.12631 -0.256752
    outer loop
      vertex 15.2311 12.7201 60.4243
      vertex 15.267 12.7105 60.563
      vertex 15.2125 12.579 60.4243
    endloop
  endfacet
  facet normal 0.793719 0.608284 0
    outer loop
      vertex 15.3722 12.1934 60.4243
      vertex 15.2856 12.3064 60.2807
      vertex 15.2856 12.3064 60.4243
    endloop
  endfacet
  facet normal 0.793719 0.608284 0
    outer loop
      vertex 15.2856 12.3064 60.2807
      vertex 15.3722 12.1934 60.4243
      vertex 15.3722 12.1934 60.2807
    endloop
  endfacet
  facet normal 0.892803 0.370021 0.256882
    outer loop
      vertex 15.2856 12.3064 60.2807
      vertex 15.267 12.4475 60.1421
      vertex 15.2311 12.4379 60.2807
    endloop
  endfacet
  facet normal 0.923803 0.382869 0
    outer loop
      vertex 15.2856 12.3064 60.4243
      vertex 15.2311 12.4379 60.2807
      vertex 15.2311 12.4379 60.4243
    endloop
  endfacet
  facet normal 0.923803 0.382869 0
    outer loop
      vertex 15.2311 12.4379 60.2807
      vertex 15.2856 12.3064 60.4243
      vertex 15.2856 12.3064 60.2807
    endloop
  endfacet
  facet normal 0.95816 0.126054 -0.256983
    outer loop
      vertex 15.2497 12.579 60.563
      vertex 15.267 12.4475 60.563
      vertex 15.2125 12.579 60.4243
    endloop
  endfacet
  facet normal 0.793459 -0.608623 0
    outer loop
      vertex 15.2856 12.8517 60.4243
      vertex 15.3722 12.9646 60.2807
      vertex 15.3722 12.9646 60.4243
    endloop
  endfacet
  facet normal 0.793459 -0.608623 0
    outer loop
      vertex 15.3722 12.9646 60.2807
      vertex 15.2856 12.8517 60.4243
      vertex 15.2856 12.8517 60.2807
    endloop
  endfacet
  facet normal 0.129827 0.991537 0
    outer loop
      vertex 15.6167 12.0523 60.33
      vertex 15.6862 12.0432 60.2807
      vertex 15.6167 12.0523 60.2807
    endloop
  endfacet
  facet normal -0.206816 -0.158235 0.965499
    outer loop
      vertex 19.82 13.6466 56.9726
      vertex 19.9401 13.716 57.0097
      vertex 19.8086 13.6615 56.9726
    endloop
  endfacet
  facet normal -0.206597 -0.158738 0.965464
    outer loop
      vertex 19.9401 13.716 57.0097
      vertex 19.9066 13.7596 57.0097
      vertex 19.8086 13.6615 56.9726
    endloop
  endfacet
  facet normal -0.563355 -0.432724 0.703833
    outer loop
      vertex 20.1059 13.8117 57.1486
      vertex 20.0653 13.9114 57.1774
      vertex 20.0478 13.7782 57.0815
    endloop
  endfacet
  facet normal -0.704497 -0.0936756 0.703497
    outer loop
      vertex 20.0812 13.6974 57.0815
      vertex 20.1333 13.6638 57.1292
      vertex 20.1297 13.7104 57.1318
    endloop
  endfacet
  facet normal -0.704202 -0.092594 0.703936
    outer loop
      vertex 20.1333 13.6638 57.1292
      vertex 20.0812 13.6974 57.0815
      vertex 20.0926 13.6107 57.0815
    endloop
  endfacet
  facet normal 0.399284 -0.306521 0.86407
    outer loop
      vertex 19.609 13.7596 57.0097
      vertex 19.5211 13.8475 57.0815
      vertex 19.4679 13.7782 57.0815
    endloop
  endfacet
  facet normal 0.306521 -0.399284 0.86407
    outer loop
      vertex 19.609 13.7596 57.0097
      vertex 19.5904 13.9007 57.0815
      vertex 19.5211 13.8475 57.0815
    endloop
  endfacet
  facet normal 0.100089 0.240492 0.965477
    outer loop
      vertex 19.7392 13.5414 56.9726
      vertex 19.7219 13.5486 56.9726
      vertex 19.6526 13.4285 57.0097
    endloop
  endfacet
  facet normal 0.258027 -0.034681 0.965515
    outer loop
      vertex 19.686 13.6107 56.9726
      vertex 19.6885 13.6293 56.9726
      vertex 19.5545 13.6652 57.0097
    endloop
  endfacet
  facet normal -0.0656131 0.499005 0.864112
    outer loop
      vertex 19.8445 13.2873 57.0815
      vertex 19.8123 13.4074 57.0097
      vertex 19.7578 13.2759 57.0815
    endloop
  endfacet
  facet normal -0.158235 0.206816 0.965499
    outer loop
      vertex 19.8631 13.4285 57.0097
      vertex 19.8086 13.56 56.9726
      vertex 19.7937 13.5486 56.9726
    endloop
  endfacet
  facet normal -0.498988 0.0656866 0.864116
    outer loop
      vertex 20.0812 13.5241 57.0815
      vertex 20.0926 13.6107 57.0815
      vertex 19.9611 13.5563 57.0097
    endloop
  endfacet
  facet normal -0.27236 0.656102 0.703811
    outer loop
      vertex 19.976 13.2329 57.1831
      vertex 19.9252 13.3208 57.0815
      vertex 19.8445 13.2873 57.0815
    endloop
  endfacet
  facet normal -0.272062 0.656443 0.703609
    outer loop
      vertex 19.8708 13.1893 57.1831
      vertex 19.976 13.2329 57.1831
      vertex 19.8445 13.2873 57.0815
    endloop
  endfacet
  facet normal -0.332262 0.801697 0.496874
    outer loop
      vertex 19.8708 13.1893 57.1831
      vertex 19.8966 13.1294 57.297
      vertex 19.976 13.2329 57.1831
    endloop
  endfacet
  facet normal -0.333268 0.801275 0.496881
    outer loop
      vertex 19.8966 13.1294 57.297
      vertex 19.8708 13.1893 57.1831
      vertex 19.8886 13.1226 57.3026
    endloop
  endfacet
  facet normal 0.860564 -0.112811 0.496692
    outer loop
      vertex 15.3215 12.579 60.0177
      vertex 15.3363 12.6919 60.0177
      vertex 15.2497 12.579 60.1421
    endloop
  endfacet
  facet normal 0.704088 -0.0922986 0.704088
    outer loop
      vertex 15.423 12.579 59.9162
      vertex 15.3363 12.6919 60.0177
      vertex 15.3215 12.579 60.0177
    endloop
  endfacet
  facet normal 0.766872 -0.588106 -0.256979
    outer loop
      vertex 15.3722 12.9646 60.4243
      vertex 15.3854 12.9514 60.4939
      vertex 15.3293 12.8609 60.5336
    endloop
  endfacet
  facet normal 0.8933 -0.369115 -0.256454
    outer loop
      vertex 15.2879 12.7609 60.563
      vertex 15.2856 12.8517 60.4243
      vertex 15.3135 12.8355 60.5448
    endloop
  endfacet
  facet normal 0.892666 -0.370173 -0.257137
    outer loop
      vertex 15.2856 12.8517 60.4243
      vertex 15.2879 12.7609 60.563
      vertex 15.267 12.7105 60.563
    endloop
  endfacet
  facet normal 0.587897 -0.766883 -0.257425
    outer loop
      vertex 15.4836 13.05 60.4243
      vertex 15.417 12.9831 60.4715
      vertex 15.3722 12.9646 60.4243
    endloop
  endfacet
  facet normal -0.240811 -0.0995478 0.965453
    outer loop
      vertex 19.9611 13.6652 57.0097
      vertex 19.9401 13.716 57.0097
      vertex 19.8272 13.6293 56.9726
    endloop
  endfacet
  facet normal -0.499005 -0.0656131 0.864112
    outer loop
      vertex 20.0926 13.6107 57.0815
      vertex 20.0812 13.6974 57.0815
      vertex 19.9611 13.6652 57.0097
    endloop
  endfacet
  facet normal -0.465071 -0.192254 0.864145
    outer loop
      vertex 19.9611 13.6652 57.0097
      vertex 20.0812 13.6974 57.0815
      vertex 19.9401 13.716 57.0097
    endloop
  endfacet
  facet normal -0.465071 -0.192245 0.864147
    outer loop
      vertex 20.0812 13.6974 57.0815
      vertex 20.0478 13.7782 57.0815
      vertex 19.9401 13.716 57.0097
    endloop
  endfacet
  facet normal -0.0333385 0.258374 0.96547
    outer loop
      vertex 19.8123 13.4074 57.0097
      vertex 19.7764 13.5414 56.9726
      vertex 19.7578 13.539 56.9726
    endloop
  endfacet
  facet normal 0.159036 0.206467 0.965442
    outer loop
      vertex 19.7219 13.5486 56.9726
      vertex 19.7071 13.56 56.9726
      vertex 19.6526 13.4285 57.0097
    endloop
  endfacet
  facet normal 0.158383 0.206751 0.965489
    outer loop
      vertex 19.6526 13.4285 57.0097
      vertex 19.7071 13.56 56.9726
      vertex 19.609 13.4619 57.0097
    endloop
  endfacet
  facet normal 0.24066 -0.0994854 0.965498
    outer loop
      vertex 19.6885 13.6293 56.9726
      vertex 19.5755 13.716 57.0097
      vertex 19.5545 13.6652 57.0097
    endloop
  endfacet
  facet normal -0.0649847 0.498827 0.864262
    outer loop
      vertex 19.8123 13.4074 57.0097
      vertex 19.7578 13.4003 57.0097
      vertex 19.7578 13.2759 57.0815
    endloop
  endfacet
  facet normal 0.0649847 0.498827 0.864262
    outer loop
      vertex 19.7578 13.2759 57.0815
      vertex 19.7578 13.4003 57.0097
      vertex 19.7033 13.4074 57.0097
    endloop
  endfacet
  facet normal -0.399092 0.306374 0.864211
    outer loop
      vertex 19.9946 13.374 57.0815
      vertex 20.0478 13.4433 57.0815
      vertex 19.9066 13.4619 57.0097
    endloop
  endfacet
  facet normal -0.465074 0.192246 0.864146
    outer loop
      vertex 20.0478 13.4433 57.0815
      vertex 20.0812 13.5241 57.0815
      vertex 19.9611 13.5563 57.0097
    endloop
  endfacet
  facet normal -0.206467 0.159036 0.965442
    outer loop
      vertex 19.9401 13.5055 57.0097
      vertex 19.82 13.5748 56.9726
      vertex 19.8086 13.56 56.9726
    endloop
  endfacet
  facet normal -0.465067 0.192252 0.864148
    outer loop
      vertex 20.0478 13.4433 57.0815
      vertex 19.9611 13.5563 57.0097
      vertex 19.9401 13.5055 57.0097
    endloop
  endfacet
  facet normal -0.240811 0.0995478 0.965453
    outer loop
      vertex 19.9401 13.5055 57.0097
      vertex 19.9611 13.5563 57.0097
      vertex 19.8272 13.5922 56.9726
    endloop
  endfacet
  facet normal 0.113541 0.860319 0.49695
    outer loop
      vertex 19.7578 13.1026 57.3074
      vertex 19.7578 13.1744 57.1831
      vertex 19.6449 13.1893 57.1831
    endloop
  endfacet
  facet normal 0.0929622 0.704391 0.703698
    outer loop
      vertex 19.7578 13.1744 57.1831
      vertex 19.7578 13.2759 57.0815
      vertex 19.6449 13.1893 57.1831
    endloop
  endfacet
  facet normal 0.860284 0.112043 -0.497351
    outer loop
      vertex 15.2608 12.579 60.5822
      vertex 15.2623 12.5626 60.5811
      vertex 15.2497 12.579 60.563
    endloop
  endfacet
  facet normal 0.860796 0.11318 -0.496206
    outer loop
      vertex 15.267 12.4475 60.563
      vertex 15.2623 12.5626 60.5811
      vertex 15.2729 12.4491 60.5736
    endloop
  endfacet
  facet normal 0.860613 0.113221 -0.496514
    outer loop
      vertex 15.2623 12.5626 60.5811
      vertex 15.267 12.4475 60.563
      vertex 15.2497 12.579 60.563
    endloop
  endfacet
  facet normal -0.704055 -0.0928132 0.704055
    outer loop
      vertex 20.1374 13.6107 57.1263
      vertex 20.1333 13.6638 57.1292
      vertex 20.0926 13.6107 57.0815
    endloop
  endfacet
  facet normal 0.205487 0.159669 0.965547
    outer loop
      vertex 19.7071 13.56 56.9726
      vertex 19.6956 13.5748 56.9726
      vertex 19.609 13.4619 57.0097
    endloop
  endfacet
  facet normal 0.206543 -0.158697 0.965482
    outer loop
      vertex 19.6956 13.6466 56.9726
      vertex 19.609 13.7596 57.0097
      vertex 19.5755 13.716 57.0097
    endloop
  endfacet
  facet normal 0.206086 -0.15906 0.96552
    outer loop
      vertex 19.6956 13.6466 56.9726
      vertex 19.7071 13.6615 56.9726
      vertex 19.609 13.7596 57.0097
    endloop
  endfacet
  facet normal -0.033644 0.258253 0.965491
    outer loop
      vertex 19.8123 13.4074 57.0097
      vertex 19.7578 13.539 56.9726
      vertex 19.7578 13.4003 57.0097
    endloop
  endfacet
  facet normal 0.033644 0.258253 0.965491
    outer loop
      vertex 19.7578 13.4003 57.0097
      vertex 19.7578 13.539 56.9726
      vertex 19.7033 13.4074 57.0097
    endloop
  endfacet
  facet normal -0.206597 0.158738 0.965464
    outer loop
      vertex 19.9066 13.4619 57.0097
      vertex 19.9401 13.5055 57.0097
      vertex 19.8086 13.56 56.9726
    endloop
  endfacet
  facet normal -0.444459 0.552929 0.704788
    outer loop
      vertex 19.9946 13.374 57.0815
      vertex 20.0619 13.3028 57.1798
      vertex 20.0633 13.3052 57.1788
    endloop
  endfacet
  facet normal -0.432053 0.563617 0.704036
    outer loop
      vertex 20.0619 13.3028 57.1798
      vertex 19.9946 13.374 57.0815
      vertex 19.9252 13.3208 57.0815
    endloop
  endfacet
  facet normal -0.306151 0.399377 0.864158
    outer loop
      vertex 19.9252 13.3208 57.0815
      vertex 19.9946 13.374 57.0815
      vertex 19.9066 13.4619 57.0097
    endloop
  endfacet
  facet normal -0.306568 0.399272 0.864059
    outer loop
      vertex 19.9252 13.3208 57.0815
      vertex 19.9066 13.4619 57.0097
      vertex 19.8631 13.4285 57.0097
    endloop
  endfacet
  facet normal -0.656481 0.271289 0.703871
    outer loop
      vertex 20.1059 13.4098 57.1486
      vertex 20.1209 13.4736 57.138
      vertex 20.0478 13.4433 57.0815
    endloop
  endfacet
  facet normal -0.563355 0.432724 0.703833
    outer loop
      vertex 20.0653 13.3101 57.1774
      vertex 20.1059 13.4098 57.1486
      vertex 20.0478 13.4433 57.0815
    endloop
  endfacet
  facet normal -0.258249 0.03418 0.965474
    outer loop
      vertex 19.9611 13.5563 57.0097
      vertex 19.9683 13.6107 57.0097
      vertex 19.8296 13.6107 56.9726
    endloop
  endfacet
  facet normal -0.258249 -0.0341173 0.965476
    outer loop
      vertex 19.9683 13.6107 57.0097
      vertex 19.9611 13.6652 57.0097
      vertex 19.8296 13.6107 56.9726
    endloop
  endfacet
  facet normal -0.656481 -0.271289 0.703871
    outer loop
      vertex 20.1209 13.7479 57.138
      vertex 20.1059 13.8117 57.1486
      vertex 20.0478 13.7782 57.0815
    endloop
  endfacet
  facet normal 0 0 -1
    outer loop
      vertex 0 7.525 10
      vertex 1.2 9.125 10
      vertex 1.2 7.525 10
    endloop
  endfacet
  facet normal -0 0 -1
    outer loop
      vertex 1.2 9.125 10
      vertex 0 7.525 10
      vertex 0 9.125 10
    endloop
  endfacet
  facet normal 0 0 -1
    outer loop
      vertex 0 9.925 10
      vertex 1.2 11.525 10
      vertex 1.2 9.925 10
    endloop
  endfacet
  facet normal -0 0 -1
    outer loop
      vertex 1.2 11.525 10
      vertex 0 9.925 10
      vertex 0 11.525 10
    endloop
  endfacet
  facet normal 0 -1 0
    outer loop
      vertex 0 11.525 6
      vertex 1.2 11.525 7.6
      vertex 0 11.525 7.6
    endloop
  endfacet
  facet normal 0 -1 -0
    outer loop
      vertex 1.2 11.525 7.6
      vertex 0 11.525 6
      vertex 1.2 11.525 6
    endloop
  endfacet
  facet normal 0 -1 0
    outer loop
      vertex 0 11.525 8.4
      vertex 1.2 11.525 10
      vertex 0 11.525 10
    endloop
  endfacet
  facet normal 0 -1 -0
    outer loop
      vertex 1.2 11.525 10
      vertex 0 11.525 8.4
      vertex 1.2 11.525 8.4
    endloop
  endfacet
  facet normal -0 0 1
    outer loop
      vertex 0 9.125 6
      vertex 1.2 7.525 6
      vertex 1.2 9.125 6
    endloop
  endfacet
  facet normal 0 0 1
    outer loop
      vertex 1.2 7.525 6
      vertex 0 9.125 6
      vertex 0 7.525 6
    endloop
  endfacet
  facet normal -0 0 1
    outer loop
      vertex 0 11.525 6
      vertex 1.2 9.925 6
      vertex 1.2 11.525 6
    endloop
  endfacet
  facet normal 0 0 1
    outer loop
      vertex 1.2 9.925 6
      vertex 0 11.525 6
      vertex 0 9.925 6
    endloop
  endfacet
  facet normal 0 1 -0
    outer loop
      vertex 1.2 7.525 8.4
      vertex 0 7.525 10
      vertex 1.2 7.525 10
    endloop
  endfacet
  facet normal 0 1 0
    outer loop
      vertex 0 7.525 10
      vertex 1.2 7.525 8.4
      vertex 0 7.525 8.4
    endloop
  endfacet
  facet normal 0 1 -0
    outer loop
      vertex 1.2 7.525 6
      vertex 0 7.525 7.6
      vertex 1.2 7.525 7.6
    endloop
  endfacet
  facet normal 0 1 0
    outer loop
      vertex 0 7.525 7.6
      vertex 1.2 7.525 6
      vertex 0 7.525 6
    endloop
  endfacet
  facet normal 0 1 -0
    outer loop
      vertex 1.2 9.925 6
      vertex 0 9.925 7.6
      vertex 1.2 9.925 7.6
    endloop
  endfacet
  facet normal 0 1 0
    outer loop
      vertex 0 9.925 7.6
      vertex 1.2 9.925 6
      vertex 0 9.925 6
    endloop
  endfacet
  facet normal 0 1 -0
    outer loop
      vertex 1.2 9.925 8.4
      vertex 0 9.925 10
      vertex 1.2 9.925 10
    endloop
  endfacet
  facet normal 0 1 0
    outer loop
      vertex 0 9.925 10
      vertex 1.2 9.925 8.4
      vertex 0 9.925 8.4
    endloop
  endfacet
  facet normal 0 -1 0
    outer loop
      vertex 0 9.125 8.4
      vertex 1.2 9.125 10
      vertex 0 9.125 10
    endloop
  endfacet
  facet normal 0 -1 -0
    outer loop
      vertex 1.2 9.125 10
      vertex 0 9.125 8.4
      vertex 1.2 9.125 8.4
    endloop
  endfacet
  facet normal 0 -1 0
    outer loop
      vertex 0 9.125 6
      vertex 1.2 9.125 7.6
      vertex 0 9.125 7.6
    endloop
  endfacet
  facet normal 0 -1 -0
    outer loop
      vertex 1.2 9.125 7.6
      vertex 0 9.125 6
      vertex 1.2 9.125 6
    endloop
  endfacet
  facet normal -0 0 1
    outer loop
      vertex 0 9.125 8.4
      vertex 1.2 7.525 8.4
      vertex 1.2 9.125 8.4
    endloop
  endfacet
  facet normal 0 0 1
    outer loop
      vertex 1.2 7.525 8.4
      vertex 0 9.125 8.4
      vertex 0 7.525 8.4
    endloop
  endfacet
  facet normal -0 0 1
    outer loop
      vertex 0 11.525 8.4
      vertex 1.2 9.925 8.4
      vertex 1.2 11.525 8.4
    endloop
  endfacet
  facet normal 0 0 1
    outer loop
      vertex 1.2 9.925 8.4
      vertex 0 11.525 8.4
      vertex 0 9.925 8.4
    endloop
  endfacet
  facet normal 0 0 -1
    outer loop
      vertex 0 7.525 7.6
      vertex 1.2 9.125 7.6
      vertex 1.2 7.525 7.6
    endloop
  endfacet
  facet normal -0 0 -1
    outer loop
      vertex 1.2 9.125 7.6
      vertex 0 7.525 7.6
      vertex 0 9.125 7.6
    endloop
  endfacet
  facet normal 0 0 -1
    outer loop
      vertex 0 9.925 7.6
      vertex 1.2 11.525 7.6
      vertex 1.2 9.925 7.6
    endloop
  endfacet
  facet normal -0 0 -1
    outer loop
      vertex 1.2 11.525 7.6
      vertex 0 9.925 7.6
      vertex 0 11.525 7.6
    endloop
  endfacet
  facet normal 0 0 -1
    outer loop
      vertex 0 7.525 22
      vertex 1.2 9.125 22
      vertex 1.2 7.525 22
    endloop
  endfacet
  facet normal -0 0 -1
    outer loop
      vertex 1.2 9.125 22
      vertex 0 7.525 22
      vertex 0 9.125 22
    endloop
  endfacet
  facet normal 0 0 -1
    outer loop
      vertex 0 9.925 22
      vertex 1.2 11.525 22
      vertex 1.2 9.925 22
    endloop
  endfacet
  facet normal -0 0 -1
    outer loop
      vertex 1.2 11.525 22
      vertex 0 9.925 22
      vertex 0 11.525 22
    endloop
  endfacet
  facet normal 0 -1 0
    outer loop
      vertex 0 11.525 18
      vertex 1.2 11.525 19.6
      vertex 0 11.525 19.6
    endloop
  endfacet
  facet normal 0 -1 -0
    outer loop
      vertex 1.2 11.525 19.6
      vertex 0 11.525 18
      vertex 1.2 11.525 18
    endloop
  endfacet
  facet normal 0 -1 0
    outer loop
      vertex 0 11.525 20.4
      vertex 1.2 11.525 22
      vertex 0 11.525 22
    endloop
  endfacet
  facet normal 0 -1 -0
    outer loop
      vertex 1.2 11.525 22
      vertex 0 11.525 20.4
      vertex 1.2 11.525 20.4
    endloop
  endfacet
  facet normal -0 0 1
    outer loop
      vertex 0 9.125 18
      vertex 1.2 7.525 18
      vertex 1.2 9.125 18
    endloop
  endfacet
  facet normal 0 0 1
    outer loop
      vertex 1.2 7.525 18
      vertex 0 9.125 18
      vertex 0 7.525 18
    endloop
  endfacet
  facet normal -0 0 1
    outer loop
      vertex 0 11.525 18
      vertex 1.2 9.925 18
      vertex 1.2 11.525 18
    endloop
  endfacet
  facet normal 0 0 1
    outer loop
      vertex 1.2 9.925 18
      vertex 0 11.525 18
      vertex 0 9.925 18
    endloop
  endfacet
  facet normal 0 1 -0
    outer loop
      vertex 1.2 7.525 20.4
      vertex 0 7.525 22
      vertex 1.2 7.525 22
    endloop
  endfacet
  facet normal 0 1 0
    outer loop
      vertex 0 7.525 22
      vertex 1.2 7.525 20.4
      vertex 0 7.525 20.4
    endloop
  endfacet
  facet normal 0 1 -0
    outer loop
      vertex 1.2 7.525 18
      vertex 0 7.525 19.6
      vertex 1.2 7.525 19.6
    endloop
  endfacet
  facet normal 0 1 0
    outer loop
      vertex 0 7.525 19.6
      vertex 1.2 7.525 18
      vertex 0 7.525 18
    endloop
  endfacet
  facet normal 0 1 -0
    outer loop
      vertex 1.2 9.925 18
      vertex 0 9.925 19.6
      vertex 1.2 9.925 19.6
    endloop
  endfacet
  facet normal 0 1 0
    outer loop
      vertex 0 9.925 19.6
      vertex 1.2 9.925 18
      vertex 0 9.925 18
    endloop
  endfacet
  facet normal 0 1 -0
    outer loop
      vertex 1.2 9.925 20.4
      vertex 0 9.925 22
      vertex 1.2 9.925 22
    endloop
  endfacet
  facet normal 0 1 0
    outer loop
      vertex 0 9.925 22
      vertex 1.2 9.925 20.4
      vertex 0 9.925 20.4
    endloop
  endfacet
  facet normal 0 -1 0
    outer loop
      vertex 0 9.125 20.4
      vertex 1.2 9.125 22
      vertex 0 9.125 22
    endloop
  endfacet
  facet normal 0 -1 -0
    outer loop
      vertex 1.2 9.125 22
      vertex 0 9.125 20.4
      vertex 1.2 9.125 20.4
    endloop
  endfacet
  facet normal 0 -1 0
    outer loop
      vertex 0 9.125 18
      vertex 1.2 9.125 19.6
      vertex 0 9.125 19.6
    endloop
  endfacet
  facet normal 0 -1 -0
    outer loop
      vertex 1.2 9.125 19.6
      vertex 0 9.125 18
      vertex 1.2 9.125 18
    endloop
  endfacet
  facet normal -0 0 1
    outer loop
      vertex 0 9.125 20.4
      vertex 1.2 7.525 20.4
      vertex 1.2 9.125 20.4
    endloop
  endfacet
  facet normal 0 0 1
    outer loop
      vertex 1.2 7.525 20.4
      vertex 0 9.125 20.4
      vertex 0 7.525 20.4
    endloop
  endfacet
  facet normal -0 0 1
    outer loop
      vertex 0 11.525 20.4
      vertex 1.2 9.925 20.4
      vertex 1.2 11.525 20.4
    endloop
  endfacet
  facet normal 0 0 1
    outer loop
      vertex 1.2 9.925 20.4
      vertex 0 11.525 20.4
      vertex 0 9.925 20.4
    endloop
  endfacet
  facet normal 0 0 -1
    outer loop
      vertex 0 7.525 19.6
      vertex 1.2 9.125 19.6
      vertex 1.2 7.525 19.6
    endloop
  endfacet
  facet normal -0 0 -1
    outer loop
      vertex 1.2 9.125 19.6
      vertex 0 7.525 19.6
      vertex 0 9.125 19.6
    endloop
  endfacet
  facet normal 0 0 -1
    outer loop
      vertex 0 9.925 19.6
      vertex 1.2 11.525 19.6
      vertex 1.2 9.925 19.6
    endloop
  endfacet
  facet normal -0 0 -1
    outer loop
      vertex 1.2 11.525 19.6
      vertex 0 9.925 19.6
      vertex 0 11.525 19.6
    endloop
  endfacet
  facet normal 0 0 -1
    outer loop
      vertex 0 7.525 34
      vertex 1.2 9.125 34
      vertex 1.2 7.525 34
    endloop
  endfacet
  facet normal -0 0 -1
    outer loop
      vertex 1.2 9.125 34
      vertex 0 7.525 34
      vertex 0 9.125 34
    endloop
  endfacet
  facet normal 0 0 -1
    outer loop
      vertex 0 9.925 34
      vertex 1.2 11.525 34
      vertex 1.2 9.925 34
    endloop
  endfacet
  facet normal -0 0 -1
    outer loop
      vertex 1.2 11.525 34
      vertex 0 9.925 34
      vertex 0 11.525 34
    endloop
  endfacet
  facet normal 0 -1 0
    outer loop
      vertex 0 11.525 30
      vertex 1.2 11.525 31.6
      vertex 0 11.525 31.6
    endloop
  endfacet
  facet normal 0 -1 -0
    outer loop
      vertex 1.2 11.525 31.6
      vertex 0 11.525 30
      vertex 1.2 11.525 30
    endloop
  endfacet
  facet normal 0 -1 0
    outer loop
      vertex 0 11.525 32.4
      vertex 1.2 11.525 34
      vertex 0 11.525 34
    endloop
  endfacet
  facet normal 0 -1 -0
    outer loop
      vertex 1.2 11.525 34
      vertex 0 11.525 32.4
      vertex 1.2 11.525 32.4
    endloop
  endfacet
  facet normal -0 0 1
    outer loop
      vertex 0 9.125 30
      vertex 1.2 7.525 30
      vertex 1.2 9.125 30
    endloop
  endfacet
  facet normal 0 0 1
    outer loop
      vertex 1.2 7.525 30
      vertex 0 9.125 30
      vertex 0 7.525 30
    endloop
  endfacet
  facet normal -0 0 1
    outer loop
      vertex 0 11.525 30
      vertex 1.2 9.925 30
      vertex 1.2 11.525 30
    endloop
  endfacet
  facet normal 0 0 1
    outer loop
      vertex 1.2 9.925 30
      vertex 0 11.525 30
      vertex 0 9.925 30
    endloop
  endfacet
  facet normal 0 1 -0
    outer loop
      vertex 1.2 7.525 32.4
      vertex 0 7.525 34
      vertex 1.2 7.525 34
    endloop
  endfacet
  facet normal 0 1 0
    outer loop
      vertex 0 7.525 34
      vertex 1.2 7.525 32.4
      vertex 0 7.525 32.4
    endloop
  endfacet
  facet normal 0 1 -0
    outer loop
      vertex 1.2 7.525 30
      vertex 0 7.525 31.6
      vertex 1.2 7.525 31.6
    endloop
  endfacet
  facet normal 0 1 0
    outer loop
      vertex 0 7.525 31.6
      vertex 1.2 7.525 30
      vertex 0 7.525 30
    endloop
  endfacet
  facet normal 0 1 -0
    outer loop
      vertex 1.2 9.925 30
      vertex 0 9.925 31.6
      vertex 1.2 9.925 31.6
    endloop
  endfacet
  facet normal 0 1 0
    outer loop
      vertex 0 9.925 31.6
      vertex 1.2 9.925 30
      vertex 0 9.925 30
    endloop
  endfacet
  facet normal 0 1 -0
    outer loop
      vertex 1.2 9.925 32.4
      vertex 0 9.925 34
      vertex 1.2 9.925 34
    endloop
  endfacet
  facet normal 0 1 0
    outer loop
      vertex 0 9.925 34
      vertex 1.2 9.925 32.4
      vertex 0 9.925 32.4
    endloop
  endfacet
  facet normal 0 -1 0
    outer loop
      vertex 0 9.125 32.4
      vertex 1.2 9.125 34
      vertex 0 9.125 34
    endloop
  endfacet
  facet normal 0 -1 -0
    outer loop
      vertex 1.2 9.125 34
      vertex 0 9.125 32.4
      vertex 1.2 9.125 32.4
    endloop
  endfacet
  facet normal 0 -1 0
    outer loop
      vertex 0 9.125 30
      vertex 1.2 9.125 31.6
      vertex 0 9.125 31.6
    endloop
  endfacet
  facet normal 0 -1 -0
    outer loop
      vertex 1.2 9.125 31.6
      vertex 0 9.125 30
      vertex 1.2 9.125 30
    endloop
  endfacet
  facet normal -0 0 1
    outer loop
      vertex 0 9.125 32.4
      vertex 1.2 7.525 32.4
      vertex 1.2 9.125 32.4
    endloop
  endfacet
  facet normal 0 0 1
    outer loop
      vertex 1.2 7.525 32.4
      vertex 0 9.125 32.4
      vertex 0 7.525 32.4
    endloop
  endfacet
  facet normal -0 0 1
    outer loop
      vertex 0 11.525 32.4
      vertex 1.2 9.925 32.4
      vertex 1.2 11.525 32.4
    endloop
  endfacet
  facet normal 0 0 1
    outer loop
      vertex 1.2 9.925 32.4
      vertex 0 11.525 32.4
      vertex 0 9.925 32.4
    endloop
  endfacet
  facet normal 0 0 -1
    outer loop
      vertex 0 7.525 31.6
      vertex 1.2 9.125 31.6
      vertex 1.2 7.525 31.6
    endloop
  endfacet
  facet normal -0 0 -1
    outer loop
      vertex 1.2 9.125 31.6
      vertex 0 7.525 31.6
      vertex 0 9.125 31.6
    endloop
  endfacet
  facet normal 0 0 -1
    outer loop
      vertex 0 9.925 31.6
      vertex 1.2 11.525 31.6
      vertex 1.2 9.925 31.6
    endloop
  endfacet
  facet normal -0 0 -1
    outer loop
      vertex 1.2 11.525 31.6
      vertex 0 9.925 31.6
      vertex 0 11.525 31.6
    endloop
  endfacet
  facet normal 0 0 -1
    outer loop
      vertex 0 7.525 46
      vertex 1.2 9.125 46
      vertex 1.2 7.525 46
    endloop
  endfacet
  facet normal -0 0 -1
    outer loop
      vertex 1.2 9.125 46
      vertex 0 7.525 46
      vertex 0 9.125 46
    endloop
  endfacet
  facet normal 0 0 -1
    outer loop
      vertex 0 9.925 46
      vertex 1.2 11.525 46
      vertex 1.2 9.925 46
    endloop
  endfacet
  facet normal -0 0 -1
    outer loop
      vertex 1.2 11.525 46
      vertex 0 9.925 46
      vertex 0 11.525 46
    endloop
  endfacet
  facet normal 0 -1 0
    outer loop
      vertex 0 11.525 42
      vertex 1.2 11.525 43.6
      vertex 0 11.525 43.6
    endloop
  endfacet
  facet normal 0 -1 -0
    outer loop
      vertex 1.2 11.525 43.6
      vertex 0 11.525 42
      vertex 1.2 11.525 42
    endloop
  endfacet
  facet normal 0 -1 0
    outer loop
      vertex 0 11.525 44.4
      vertex 1.2 11.525 46
      vertex 0 11.525 46
    endloop
  endfacet
  facet normal 0 -1 -0
    outer loop
      vertex 1.2 11.525 46
      vertex 0 11.525 44.4
      vertex 1.2 11.525 44.4
    endloop
  endfacet
  facet normal -0 0 1
    outer loop
      vertex 0 9.125 42
      vertex 1.2 7.525 42
      vertex 1.2 9.125 42
    endloop
  endfacet
  facet normal 0 0 1
    outer loop
      vertex 1.2 7.525 42
      vertex 0 9.125 42
      vertex 0 7.525 42
    endloop
  endfacet
  facet normal -0 0 1
    outer loop
      vertex 0 11.525 42
      vertex 1.2 9.925 42
      vertex 1.2 11.525 42
    endloop
  endfacet
  facet normal 0 0 1
    outer loop
      vertex 1.2 9.925 42
      vertex 0 11.525 42
      vertex 0 9.925 42
    endloop
  endfacet
  facet normal 0 1 -0
    outer loop
      vertex 1.2 7.525 44.4
      vertex 0 7.525 46
      vertex 1.2 7.525 46
    endloop
  endfacet
  facet normal 0 1 0
    outer loop
      vertex 0 7.525 46
      vertex 1.2 7.525 44.4
      vertex 0 7.525 44.4
    endloop
  endfacet
  facet normal 0 1 -0
    outer loop
      vertex 1.2 7.525 42
      vertex 0 7.525 43.6
      vertex 1.2 7.525 43.6
    endloop
  endfacet
  facet normal 0 1 0
    outer loop
      vertex 0 7.525 43.6
      vertex 1.2 7.525 42
      vertex 0 7.525 42
    endloop
  endfacet
  facet normal 0 1 -0
    outer loop
      vertex 1.2 9.925 42
      vertex 0 9.925 43.6
      vertex 1.2 9.925 43.6
    endloop
  endfacet
  facet normal 0 1 0
    outer loop
      vertex 0 9.925 43.6
      vertex 1.2 9.925 42
      vertex 0 9.925 42
    endloop
  endfacet
  facet normal 0 1 -0
    outer loop
      vertex 1.2 9.925 44.4
      vertex 0 9.925 46
      vertex 1.2 9.925 46
    endloop
  endfacet
  facet normal 0 1 0
    outer loop
      vertex 0 9.925 46
      vertex 1.2 9.925 44.4
      vertex 0 9.925 44.4
    endloop
  endfacet
  facet normal 0 -1 0
    outer loop
      vertex 0 9.125 44.4
      vertex 1.2 9.125 46
      vertex 0 9.125 46
    endloop
  endfacet
  facet normal 0 -1 -0
    outer loop
      vertex 1.2 9.125 46
      vertex 0 9.125 44.4
      vertex 1.2 9.125 44.4
    endloop
  endfacet
  facet normal 0 -1 0
    outer loop
      vertex 0 9.125 42
      vertex 1.2 9.125 43.6
      vertex 0 9.125 43.6
    endloop
  endfacet
  facet normal 0 -1 -0
    outer loop
      vertex 1.2 9.125 43.6
      vertex 0 9.125 42
      vertex 1.2 9.125 42
    endloop
  endfacet
  facet normal -0 0 1
    outer loop
      vertex 0 9.125 44.4
      vertex 1.2 7.525 44.4
      vertex 1.2 9.125 44.4
    endloop
  endfacet
  facet normal 0 0 1
    outer loop
      vertex 1.2 7.525 44.4
      vertex 0 9.125 44.4
      vertex 0 7.525 44.4
    endloop
  endfacet
  facet normal -0 0 1
    outer loop
      vertex 0 11.525 44.4
      vertex 1.2 9.925 44.4
      vertex 1.2 11.525 44.4
    endloop
  endfacet
  facet normal 0 0 1
    outer loop
      vertex 1.2 9.925 44.4
      vertex 0 11.525 44.4
      vertex 0 9.925 44.4
    endloop
  endfacet
  facet normal 0 0 -1
    outer loop
      vertex 0 7.525 43.6
      vertex 1.2 9.125 43.6
      vertex 1.2 7.525 43.6
    endloop
  endfacet
  facet normal -0 0 -1
    outer loop
      vertex 1.2 9.125 43.6
      vertex 0 7.525 43.6
      vertex 0 9.125 43.6
    endloop
  endfacet
  facet normal 0 0 -1
    outer loop
      vertex 0 9.925 43.6
      vertex 1.2 11.525 43.6
      vertex 1.2 9.925 43.6
    endloop
  endfacet
  facet normal -0 0 -1
    outer loop
      vertex 1.2 11.525 43.6
      vertex 0 9.925 43.6
      vertex 0 11.525 43.6
    endloop
  endfacet
  facet normal 0 0 -1
    outer loop
      vertex 24.2 7.525 10
      vertex 25.4 9.125 10
      vertex 25.4 7.525 10
    endloop
  endfacet
  facet normal -0 0 -1
    outer loop
      vertex 25.4 9.125 10
      vertex 24.2 7.525 10
      vertex 24.2 9.125 10
    endloop
  endfacet
  facet normal 0 0 -1
    outer loop
      vertex 24.2 9.925 10
      vertex 25.4 11.525 10
      vertex 25.4 9.925 10
    endloop
  endfacet
  facet normal -0 0 -1
    outer loop
      vertex 25.4 11.525 10
      vertex 24.2 9.925 10
      vertex 24.2 11.525 10
    endloop
  endfacet
  facet normal 0 -1 0
    outer loop
      vertex 24.2 11.525 6
      vertex 25.4 11.525 7.6
      vertex 24.2 11.525 7.6
    endloop
  endfacet
  facet normal 0 -1 -0
    outer loop
      vertex 25.4 11.525 7.6
      vertex 24.2 11.525 6
      vertex 25.4 11.525 6
    endloop
  endfacet
  facet normal 0 -1 0
    outer loop
      vertex 24.2 11.525 8.4
      vertex 25.4 11.525 10
      vertex 24.2 11.525 10
    endloop
  endfacet
  facet normal 0 -1 -0
    outer loop
      vertex 25.4 11.525 10
      vertex 24.2 11.525 8.4
      vertex 25.4 11.525 8.4
    endloop
  endfacet
  facet normal -0 0 1
    outer loop
      vertex 24.2 9.125 6
      vertex 25.4 7.525 6
      vertex 25.4 9.125 6
    endloop
  endfacet
  facet normal 0 0 1
    outer loop
      vertex 25.4 7.525 6
      vertex 24.2 9.125 6
      vertex 24.2 7.525 6
    endloop
  endfacet
  facet normal -0 0 1
    outer loop
      vertex 24.2 11.525 6
      vertex 25.4 9.925 6
      vertex 25.4 11.525 6
    endloop
  endfacet
  facet normal 0 0 1
    outer loop
      vertex 25.4 9.925 6
      vertex 24.2 11.525 6
      vertex 24.2 9.925 6
    endloop
  endfacet
  facet normal 0 1 -0
    outer loop
      vertex 25.4 7.525 8.4
      vertex 24.2 7.525 10
      vertex 25.4 7.525 10
    endloop
  endfacet
  facet normal 0 1 0
    outer loop
      vertex 24.2 7.525 10
      vertex 25.4 7.525 8.4
      vertex 24.2 7.525 8.4
    endloop
  endfacet
  facet normal 0 1 -0
    outer loop
      vertex 25.4 7.525 6
      vertex 24.2 7.525 7.6
      vertex 25.4 7.525 7.6
    endloop
  endfacet
  facet normal 0 1 0
    outer loop
      vertex 24.2 7.525 7.6
      vertex 25.4 7.525 6
      vertex 24.2 7.525 6
    endloop
  endfacet
  facet normal 0 1 -0
    outer loop
      vertex 25.4 9.925 6
      vertex 24.2 9.925 7.6
      vertex 25.4 9.925 7.6
    endloop
  endfacet
  facet normal 0 1 0
    outer loop
      vertex 24.2 9.925 7.6
      vertex 25.4 9.925 6
      vertex 24.2 9.925 6
    endloop
  endfacet
  facet normal 0 1 -0
    outer loop
      vertex 25.4 9.925 8.4
      vertex 24.2 9.925 10
      vertex 25.4 9.925 10
    endloop
  endfacet
  facet normal 0 1 0
    outer loop
      vertex 24.2 9.925 10
      vertex 25.4 9.925 8.4
      vertex 24.2 9.925 8.4
    endloop
  endfacet
  facet normal 0 -1 0
    outer loop
      vertex 24.2 9.125 8.4
      vertex 25.4 9.125 10
      vertex 24.2 9.125 10
    endloop
  endfacet
  facet normal 0 -1 -0
    outer loop
      vertex 25.4 9.125 10
      vertex 24.2 9.125 8.4
      vertex 25.4 9.125 8.4
    endloop
  endfacet
  facet normal 0 -1 0
    outer loop
      vertex 24.2 9.125 6
      vertex 25.4 9.125 7.6
      vertex 24.2 9.125 7.6
    endloop
  endfacet
  facet normal 0 -1 -0
    outer loop
      vertex 25.4 9.125 7.6
      vertex 24.2 9.125 6
      vertex 25.4 9.125 6
    endloop
  endfacet
  facet normal -0 0 1
    outer loop
      vertex 24.2 9.125 8.4
      vertex 25.4 7.525 8.4
      vertex 25.4 9.125 8.4
    endloop
  endfacet
  facet normal 0 0 1
    outer loop
      vertex 25.4 7.525 8.4
      vertex 24.2 9.125 8.4
      vertex 24.2 7.525 8.4
    endloop
  endfacet
  facet normal -0 0 1
    outer loop
      vertex 24.2 11.525 8.4
      vertex 25.4 9.925 8.4
      vertex 25.4 11.525 8.4
    endloop
  endfacet
  facet normal 0 0 1
    outer loop
      vertex 25.4 9.925 8.4
      vertex 24.2 11.525 8.4
      vertex 24.2 9.925 8.4
    endloop
  endfacet
  facet normal 0 0 -1
    outer loop
      vertex 24.2 7.525 7.6
      vertex 25.4 9.125 7.6
      vertex 25.4 7.525 7.6
    endloop
  endfacet
  facet normal -0 0 -1
    outer loop
      vertex 25.4 9.125 7.6
      vertex 24.2 7.525 7.6
      vertex 24.2 9.125 7.6
    endloop
  endfacet
  facet normal 0 0 -1
    outer loop
      vertex 24.2 9.925 7.6
      vertex 25.4 11.525 7.6
      vertex 25.4 9.925 7.6
    endloop
  endfacet
  facet normal -0 0 -1
    outer loop
      vertex 25.4 11.525 7.6
      vertex 24.2 9.925 7.6
      vertex 24.2 11.525 7.6
    endloop
  endfacet
  facet normal 0 0 -1
    outer loop
      vertex 24.2 7.525 22
      vertex 25.4 9.125 22
      vertex 25.4 7.525 22
    endloop
  endfacet
  facet normal -0 0 -1
    outer loop
      vertex 25.4 9.125 22
      vertex 24.2 7.525 22
      vertex 24.2 9.125 22
    endloop
  endfacet
  facet normal 0 0 -1
    outer loop
      vertex 24.2 9.925 22
      vertex 25.4 11.525 22
      vertex 25.4 9.925 22
    endloop
  endfacet
  facet normal -0 0 -1
    outer loop
      vertex 25.4 11.525 22
      vertex 24.2 9.925 22
      vertex 24.2 11.525 22
    endloop
  endfacet
  facet normal 0 -1 0
    outer loop
      vertex 24.2 11.525 18
      vertex 25.4 11.525 19.6
      vertex 24.2 11.525 19.6
    endloop
  endfacet
  facet normal 0 -1 -0
    outer loop
      vertex 25.4 11.525 19.6
      vertex 24.2 11.525 18
      vertex 25.4 11.525 18
    endloop
  endfacet
  facet normal 0 -1 0
    outer loop
      vertex 24.2 11.525 20.4
      vertex 25.4 11.525 22
      vertex 24.2 11.525 22
    endloop
  endfacet
  facet normal 0 -1 -0
    outer loop
      vertex 25.4 11.525 22
      vertex 24.2 11.525 20.4
      vertex 25.4 11.525 20.4
    endloop
  endfacet
  facet normal -0 0 1
    outer loop
      vertex 24.2 9.125 18
      vertex 25.4 7.525 18
      vertex 25.4 9.125 18
    endloop
  endfacet
  facet normal 0 0 1
    outer loop
      vertex 25.4 7.525 18
      vertex 24.2 9.125 18
      vertex 24.2 7.525 18
    endloop
  endfacet
  facet normal -0 0 1
    outer loop
      vertex 24.2 11.525 18
      vertex 25.4 9.925 18
      vertex 25.4 11.525 18
    endloop
  endfacet
  facet normal 0 0 1
    outer loop
      vertex 25.4 9.925 18
      vertex 24.2 11.525 18
      vertex 24.2 9.925 18
    endloop
  endfacet
  facet normal 0 1 -0
    outer loop
      vertex 25.4 7.525 20.4
      vertex 24.2 7.525 22
      vertex 25.4 7.525 22
    endloop
  endfacet
  facet normal 0 1 0
    outer loop
      vertex 24.2 7.525 22
      vertex 25.4 7.525 20.4
      vertex 24.2 7.525 20.4
    endloop
  endfacet
  facet normal 0 1 -0
    outer loop
      vertex 25.4 7.525 18
      vertex 24.2 7.525 19.6
      vertex 25.4 7.525 19.6
    endloop
  endfacet
  facet normal 0 1 0
    outer loop
      vertex 24.2 7.525 19.6
      vertex 25.4 7.525 18
      vertex 24.2 7.525 18
    endloop
  endfacet
  facet normal 0 1 -0
    outer loop
      vertex 25.4 9.925 18
      vertex 24.2 9.925 19.6
      vertex 25.4 9.925 19.6
    endloop
  endfacet
  facet normal 0 1 0
    outer loop
      vertex 24.2 9.925 19.6
      vertex 25.4 9.925 18
      vertex 24.2 9.925 18
    endloop
  endfacet
  facet normal 0 1 -0
    outer loop
      vertex 25.4 9.925 20.4
      vertex 24.2 9.925 22
      vertex 25.4 9.925 22
    endloop
  endfacet
  facet normal 0 1 0
    outer loop
      vertex 24.2 9.925 22
      vertex 25.4 9.925 20.4
      vertex 24.2 9.925 20.4
    endloop
  endfacet
  facet normal 0 -1 0
    outer loop
      vertex 24.2 9.125 20.4
      vertex 25.4 9.125 22
      vertex 24.2 9.125 22
    endloop
  endfacet
  facet normal 0 -1 -0
    outer loop
      vertex 25.4 9.125 22
      vertex 24.2 9.125 20.4
      vertex 25.4 9.125 20.4
    endloop
  endfacet
  facet normal 0 -1 0
    outer loop
      vertex 24.2 9.125 18
      vertex 25.4 9.125 19.6
      vertex 24.2 9.125 19.6
    endloop
  endfacet
  facet normal 0 -1 -0
    outer loop
      vertex 25.4 9.125 19.6
      vertex 24.2 9.125 18
      vertex 25.4 9.125 18
    endloop
  endfacet
  facet normal -0 0 1
    outer loop
      vertex 24.2 9.125 20.4
      vertex 25.4 7.525 20.4
      vertex 25.4 9.125 20.4
    endloop
  endfacet
  facet normal 0 0 1
    outer loop
      vertex 25.4 7.525 20.4
      vertex 24.2 9.125 20.4
      vertex 24.2 7.525 20.4
    endloop
  endfacet
  facet normal -0 0 1
    outer loop
      vertex 24.2 11.525 20.4
      vertex 25.4 9.925 20.4
      vertex 25.4 11.525 20.4
    endloop
  endfacet
  facet normal 0 0 1
    outer loop
      vertex 25.4 9.925 20.4
      vertex 24.2 11.525 20.4
      vertex 24.2 9.925 20.4
    endloop
  endfacet
  facet normal 0 0 -1
    outer loop
      vertex 24.2 7.525 19.6
      vertex 25.4 9.125 19.6
      vertex 25.4 7.525 19.6
    endloop
  endfacet
  facet normal -0 0 -1
    outer loop
      vertex 25.4 9.125 19.6
      vertex 24.2 7.525 19.6
      vertex 24.2 9.125 19.6
    endloop
  endfacet
  facet normal 0 0 -1
    outer loop
      vertex 24.2 9.925 19.6
      vertex 25.4 11.525 19.6
      vertex 25.4 9.925 19.6
    endloop
  endfacet
  facet normal -0 0 -1
    outer loop
      vertex 25.4 11.525 19.6
      vertex 24.2 9.925 19.6
      vertex 24.2 11.525 19.6
    endloop
  endfacet
  facet normal 0 0 -1
    outer loop
      vertex 24.2 7.525 34
      vertex 25.4 9.125 34
      vertex 25.4 7.525 34
    endloop
  endfacet
  facet normal -0 0 -1
    outer loop
      vertex 25.4 9.125 34
      vertex 24.2 7.525 34
      vertex 24.2 9.125 34
    endloop
  endfacet
  facet normal 0 0 -1
    outer loop
      vertex 24.2 9.925 34
      vertex 25.4 11.525 34
      vertex 25.4 9.925 34
    endloop
  endfacet
  facet normal -0 0 -1
    outer loop
      vertex 25.4 11.525 34
      vertex 24.2 9.925 34
      vertex 24.2 11.525 34
    endloop
  endfacet
  facet normal 0 -1 0
    outer loop
      vertex 24.2 11.525 30
      vertex 25.4 11.525 31.6
      vertex 24.2 11.525 31.6
    endloop
  endfacet
  facet normal 0 -1 -0
    outer loop
      vertex 25.4 11.525 31.6
      vertex 24.2 11.525 30
      vertex 25.4 11.525 30
    endloop
  endfacet
  facet normal 0 -1 0
    outer loop
      vertex 24.2 11.525 32.4
      vertex 25.4 11.525 34
      vertex 24.2 11.525 34
    endloop
  endfacet
  facet normal 0 -1 -0
    outer loop
      vertex 25.4 11.525 34
      vertex 24.2 11.525 32.4
      vertex 25.4 11.525 32.4
    endloop
  endfacet
  facet normal -0 0 1
    outer loop
      vertex 24.2 9.125 30
      vertex 25.4 7.525 30
      vertex 25.4 9.125 30
    endloop
  endfacet
  facet normal 0 0 1
    outer loop
      vertex 25.4 7.525 30
      vertex 24.2 9.125 30
      vertex 24.2 7.525 30
    endloop
  endfacet
  facet normal -0 0 1
    outer loop
      vertex 24.2 11.525 30
      vertex 25.4 9.925 30
      vertex 25.4 11.525 30
    endloop
  endfacet
  facet normal 0 0 1
    outer loop
      vertex 25.4 9.925 30
      vertex 24.2 11.525 30
      vertex 24.2 9.925 30
    endloop
  endfacet
  facet normal 0 1 -0
    outer loop
      vertex 25.4 7.525 32.4
      vertex 24.2 7.525 34
      vertex 25.4 7.525 34
    endloop
  endfacet
  facet normal 0 1 0
    outer loop
      vertex 24.2 7.525 34
      vertex 25.4 7.525 32.4
      vertex 24.2 7.525 32.4
    endloop
  endfacet
  facet normal 0 1 -0
    outer loop
      vertex 25.4 7.525 30
      vertex 24.2 7.525 31.6
      vertex 25.4 7.525 31.6
    endloop
  endfacet
  facet normal 0 1 0
    outer loop
      vertex 24.2 7.525 31.6
      vertex 25.4 7.525 30
      vertex 24.2 7.525 30
    endloop
  endfacet
  facet normal 0 1 -0
    outer loop
      vertex 25.4 9.925 30
      vertex 24.2 9.925 31.6
      vertex 25.4 9.925 31.6
    endloop
  endfacet
  facet normal 0 1 0
    outer loop
      vertex 24.2 9.925 31.6
      vertex 25.4 9.925 30
      vertex 24.2 9.925 30
    endloop
  endfacet
  facet normal 0 1 -0
    outer loop
      vertex 25.4 9.925 32.4
      vertex 24.2 9.925 34
      vertex 25.4 9.925 34
    endloop
  endfacet
  facet normal 0 1 0
    outer loop
      vertex 24.2 9.925 34
      vertex 25.4 9.925 32.4
      vertex 24.2 9.925 32.4
    endloop
  endfacet
  facet normal 0 -1 0
    outer loop
      vertex 24.2 9.125 32.4
      vertex 25.4 9.125 34
      vertex 24.2 9.125 34
    endloop
  endfacet
  facet normal 0 -1 -0
    outer loop
      vertex 25.4 9.125 34
      vertex 24.2 9.125 32.4
      vertex 25.4 9.125 32.4
    endloop
  endfacet
  facet normal 0 -1 0
    outer loop
      vertex 24.2 9.125 30
      vertex 25.4 9.125 31.6
      vertex 24.2 9.125 31.6
    endloop
  endfacet
  facet normal 0 -1 -0
    outer loop
      vertex 25.4 9.125 31.6
      vertex 24.2 9.125 30
      vertex 25.4 9.125 30
    endloop
  endfacet
  facet normal -0 0 1
    outer loop
      vertex 24.2 9.125 32.4
      vertex 25.4 7.525 32.4
      vertex 25.4 9.125 32.4
    endloop
  endfacet
  facet normal 0 0 1
    outer loop
      vertex 25.4 7.525 32.4
      vertex 24.2 9.125 32.4
      vertex 24.2 7.525 32.4
    endloop
  endfacet
  facet normal -0 0 1
    outer loop
      vertex 24.2 11.525 32.4
      vertex 25.4 9.925 32.4
      vertex 25.4 11.525 32.4
    endloop
  endfacet
  facet normal 0 0 1
    outer loop
      vertex 25.4 9.925 32.4
      vertex 24.2 11.525 32.4
      vertex 24.2 9.925 32.4
    endloop
  endfacet
  facet normal 0 0 -1
    outer loop
      vertex 24.2 7.525 31.6
      vertex 25.4 9.125 31.6
      vertex 25.4 7.525 31.6
    endloop
  endfacet
  facet normal -0 0 -1
    outer loop
      vertex 25.4 9.125 31.6
      vertex 24.2 7.525 31.6
      vertex 24.2 9.125 31.6
    endloop
  endfacet
  facet normal 0 0 -1
    outer loop
      vertex 24.2 9.925 31.6
      vertex 25.4 11.525 31.6
      vertex 25.4 9.925 31.6
    endloop
  endfacet
  facet normal -0 0 -1
    outer loop
      vertex 25.4 11.525 31.6
      vertex 24.2 9.925 31.6
      vertex 24.2 11.525 31.6
    endloop
  endfacet
  facet normal 0 0 -1
    outer loop
      vertex 24.2 7.525 46
      vertex 25.4 9.125 46
      vertex 25.4 7.525 46
    endloop
  endfacet
  facet normal -0 0 -1
    outer loop
      vertex 25.4 9.125 46
      vertex 24.2 7.525 46
      vertex 24.2 9.125 46
    endloop
  endfacet
  facet normal 0 0 -1
    outer loop
      vertex 24.2 9.925 46
      vertex 25.4 11.525 46
      vertex 25.4 9.925 46
    endloop
  endfacet
  facet normal -0 0 -1
    outer loop
      vertex 25.4 11.525 46
      vertex 24.2 9.925 46
      vertex 24.2 11.525 46
    endloop
  endfacet
  facet normal 0 -1 0
    outer loop
      vertex 24.2 11.525 42
      vertex 25.4 11.525 43.6
      vertex 24.2 11.525 43.6
    endloop
  endfacet
  facet normal 0 -1 -0
    outer loop
      vertex 25.4 11.525 43.6
      vertex 24.2 11.525 42
      vertex 25.4 11.525 42
    endloop
  endfacet
  facet normal 0 -1 0
    outer loop
      vertex 24.2 11.525 44.4
      vertex 25.4 11.525 46
      vertex 24.2 11.525 46
    endloop
  endfacet
  facet normal 0 -1 -0
    outer loop
      vertex 25.4 11.525 46
      vertex 24.2 11.525 44.4
      vertex 25.4 11.525 44.4
    endloop
  endfacet
  facet normal -0 0 1
    outer loop
      vertex 24.2 9.125 42
      vertex 25.4 7.525 42
      vertex 25.4 9.125 42
    endloop
  endfacet
  facet normal 0 0 1
    outer loop
      vertex 25.4 7.525 42
      vertex 24.2 9.125 42
      vertex 24.2 7.525 42
    endloop
  endfacet
  facet normal -0 0 1
    outer loop
      vertex 24.2 11.525 42
      vertex 25.4 9.925 42
      vertex 25.4 11.525 42
    endloop
  endfacet
  facet normal 0 0 1
    outer loop
      vertex 25.4 9.925 42
      vertex 24.2 11.525 42
      vertex 24.2 9.925 42
    endloop
  endfacet
  facet normal 0 1 -0
    outer loop
      vertex 25.4 7.525 44.4
      vertex 24.2 7.525 46
      vertex 25.4 7.525 46
    endloop
  endfacet
  facet normal 0 1 0
    outer loop
      vertex 24.2 7.525 46
      vertex 25.4 7.525 44.4
      vertex 24.2 7.525 44.4
    endloop
  endfacet
  facet normal 0 1 -0
    outer loop
      vertex 25.4 7.525 42
      vertex 24.2 7.525 43.6
      vertex 25.4 7.525 43.6
    endloop
  endfacet
  facet normal 0 1 0
    outer loop
      vertex 24.2 7.525 43.6
      vertex 25.4 7.525 42
      vertex 24.2 7.525 42
    endloop
  endfacet
  facet normal 0 1 -0
    outer loop
      vertex 25.4 9.925 42
      vertex 24.2 9.925 43.6
      vertex 25.4 9.925 43.6
    endloop
  endfacet
  facet normal 0 1 0
    outer loop
      vertex 24.2 9.925 43.6
      vertex 25.4 9.925 42
      vertex 24.2 9.925 42
    endloop
  endfacet
  facet normal 0 1 -0
    outer loop
      vertex 25.4 9.925 44.4
      vertex 24.2 9.925 46
      vertex 25.4 9.925 46
    endloop
  endfacet
  facet normal 0 1 0
    outer loop
      vertex 24.2 9.925 46
      vertex 25.4 9.925 44.4
      vertex 24.2 9.925 44.4
    endloop
  endfacet
  facet normal 0 -1 0
    outer loop
      vertex 24.2 9.125 44.4
      vertex 25.4 9.125 46
      vertex 24.2 9.125 46
    endloop
  endfacet
  facet normal 0 -1 -0
    outer loop
      vertex 25.4 9.125 46
      vertex 24.2 9.125 44.4
      vertex 25.4 9.125 44.4
    endloop
  endfacet
  facet normal 0 -1 0
    outer loop
      vertex 24.2 9.125 42
      vertex 25.4 9.125 43.6
      vertex 24.2 9.125 43.6
    endloop
  endfacet
  facet normal 0 -1 -0
    outer loop
      vertex 25.4 9.125 43.6
      vertex 24.2 9.125 42
      vertex 25.4 9.125 42
    endloop
  endfacet
  facet normal -0 0 1
    outer loop
      vertex 24.2 9.125 44.4
      vertex 25.4 7.525 44.4
      vertex 25.4 9.125 44.4
    endloop
  endfacet
  facet normal 0 0 1
    outer loop
      vertex 25.4 7.525 44.4
      vertex 24.2 9.125 44.4
      vertex 24.2 7.525 44.4
    endloop
  endfacet
  facet normal -0 0 1
    outer loop
      vertex 24.2 11.525 44.4
      vertex 25.4 9.925 44.4
      vertex 25.4 11.525 44.4
    endloop
  endfacet
  facet normal 0 0 1
    outer loop
      vertex 25.4 9.925 44.4
      vertex 24.2 11.525 44.4
      vertex 24.2 9.925 44.4
    endloop
  endfacet
  facet normal 0 0 -1
    outer loop
      vertex 24.2 7.525 43.6
      vertex 25.4 9.125 43.6
      vertex 25.4 7.525 43.6
    endloop
  endfacet
  facet normal -0 0 -1
    outer loop
      vertex 25.4 9.125 43.6
      vertex 24.2 7.525 43.6
      vertex 24.2 9.125 43.6
    endloop
  endfacet
  facet normal 0 0 -1
    outer loop
      vertex 24.2 9.925 43.6
      vertex 25.4 11.525 43.6
      vertex 25.4 9.925 43.6
    endloop
  endfacet
  facet normal -0 0 -1
    outer loop
      vertex 25.4 11.525 43.6
      vertex 24.2 9.925 43.6
      vertex 24.2 11.525 43.6
    endloop
  endfacet
  facet normal 0 0 -1
    outer loop
      vertex 5.2 0 10
      vertex 6.8 1.2 10
      vertex 6.8 0 10
    endloop
  endfacet
  facet normal -0 0 -1
    outer loop
      vertex 6.8 1.2 10
      vertex 5.2 0 10
      vertex 5.2 1.2 10
    endloop
  endfacet
  facet normal 0 0 -1
    outer loop
      vertex 2.8 0 10
      vertex 4.4 1.2 10
      vertex 4.4 0 10
    endloop
  endfacet
  facet normal -0 0 -1
    outer loop
      vertex 4.4 1.2 10
      vertex 2.8 0 10
      vertex 2.8 1.2 10
    endloop
  endfacet
  facet normal 1 -0 0
    outer loop
      vertex 2.8 0 7.6
      vertex 2.8 1.2 6
      vertex 2.8 1.2 7.6
    endloop
  endfacet
  facet normal 1 0 0
    outer loop
      vertex 2.8 1.2 6
      vertex 2.8 0 7.6
      vertex 2.8 0 6
    endloop
  endfacet
  facet normal 1 -0 0
    outer loop
      vertex 2.8 0 10
      vertex 2.8 1.2 8.4
      vertex 2.8 1.2 10
    endloop
  endfacet
  facet normal 1 0 0
    outer loop
      vertex 2.8 1.2 8.4
      vertex 2.8 0 10
      vertex 2.8 0 8.4
    endloop
  endfacet
  facet normal -0 0 1
    outer loop
      vertex 5.2 1.2 6
      vertex 6.8 0 6
      vertex 6.8 1.2 6
    endloop
  endfacet
  facet normal 0 0 1
    outer loop
      vertex 6.8 0 6
      vertex 5.2 1.2 6
      vertex 5.2 0 6
    endloop
  endfacet
  facet normal -0 0 1
    outer loop
      vertex 2.8 1.2 6
      vertex 4.4 0 6
      vertex 4.4 1.2 6
    endloop
  endfacet
  facet normal 0 0 1
    outer loop
      vertex 4.4 0 6
      vertex 2.8 1.2 6
      vertex 2.8 0 6
    endloop
  endfacet
  facet normal -1 0 0
    outer loop
      vertex 6.8 0 8.4
      vertex 6.8 1.2 10
      vertex 6.8 1.2 8.4
    endloop
  endfacet
  facet normal -1 -0 0
    outer loop
      vertex 6.8 1.2 10
      vertex 6.8 0 8.4
      vertex 6.8 0 10
    endloop
  endfacet
  facet normal -1 0 0
    outer loop
      vertex 6.8 0 6
      vertex 6.8 1.2 7.6
      vertex 6.8 1.2 6
    endloop
  endfacet
  facet normal -1 -0 0
    outer loop
      vertex 6.8 1.2 7.6
      vertex 6.8 0 6
      vertex 6.8 0 7.6
    endloop
  endfacet
  facet normal -1 0 0
    outer loop
      vertex 4.4 0 6
      vertex 4.4 1.2 7.6
      vertex 4.4 1.2 6
    endloop
  endfacet
  facet normal -1 -0 0
    outer loop
      vertex 4.4 1.2 7.6
      vertex 4.4 0 6
      vertex 4.4 0 7.6
    endloop
  endfacet
  facet normal -1 0 0
    outer loop
      vertex 4.4 0 8.4
      vertex 4.4 1.2 10
      vertex 4.4 1.2 8.4
    endloop
  endfacet
  facet normal -1 -0 0
    outer loop
      vertex 4.4 1.2 10
      vertex 4.4 0 8.4
      vertex 4.4 0 10
    endloop
  endfacet
  facet normal 1 -0 0
    outer loop
      vertex 5.2 0 10
      vertex 5.2 1.2 8.4
      vertex 5.2 1.2 10
    endloop
  endfacet
  facet normal 1 0 0
    outer loop
      vertex 5.2 1.2 8.4
      vertex 5.2 0 10
      vertex 5.2 0 8.4
    endloop
  endfacet
  facet normal 1 -0 0
    outer loop
      vertex 5.2 0 7.6
      vertex 5.2 1.2 6
      vertex 5.2 1.2 7.6
    endloop
  endfacet
  facet normal 1 0 0
    outer loop
      vertex 5.2 1.2 6
      vertex 5.2 0 7.6
      vertex 5.2 0 6
    endloop
  endfacet
  facet normal -0 0 1
    outer loop
      vertex 5.2 1.2 8.4
      vertex 6.8 0 8.4
      vertex 6.8 1.2 8.4
    endloop
  endfacet
  facet normal 0 0 1
    outer loop
      vertex 6.8 0 8.4
      vertex 5.2 1.2 8.4
      vertex 5.2 0 8.4
    endloop
  endfacet
  facet normal -0 0 1
    outer loop
      vertex 2.8 1.2 8.4
      vertex 4.4 0 8.4
      vertex 4.4 1.2 8.4
    endloop
  endfacet
  facet normal 0 0 1
    outer loop
      vertex 4.4 0 8.4
      vertex 2.8 1.2 8.4
      vertex 2.8 0 8.4
    endloop
  endfacet
  facet normal 0 0 -1
    outer loop
      vertex 5.2 0 7.6
      vertex 6.8 1.2 7.6
      vertex 6.8 0 7.6
    endloop
  endfacet
  facet normal -0 0 -1
    outer loop
      vertex 6.8 1.2 7.6
      vertex 5.2 0 7.6
      vertex 5.2 1.2 7.6
    endloop
  endfacet
  facet normal 0 0 -1
    outer loop
      vertex 2.8 0 7.6
      vertex 4.4 1.2 7.6
      vertex 4.4 0 7.6
    endloop
  endfacet
  facet normal -0 0 -1
    outer loop
      vertex 4.4 1.2 7.6
      vertex 2.8 0 7.6
      vertex 2.8 1.2 7.6
    endloop
  endfacet
  facet normal 0 0 -1
    outer loop
      vertex 21 0 10
      vertex 22.6 1.2 10
      vertex 22.6 0 10
    endloop
  endfacet
  facet normal -0 0 -1
    outer loop
      vertex 22.6 1.2 10
      vertex 21 0 10
      vertex 21 1.2 10
    endloop
  endfacet
  facet normal 0 0 -1
    outer loop
      vertex 18.6 0 10
      vertex 20.2 1.2 10
      vertex 20.2 0 10
    endloop
  endfacet
  facet normal -0 0 -1
    outer loop
      vertex 20.2 1.2 10
      vertex 18.6 0 10
      vertex 18.6 1.2 10
    endloop
  endfacet
  facet normal 1 -0 0
    outer loop
      vertex 18.6 0 7.6
      vertex 18.6 1.2 6
      vertex 18.6 1.2 7.6
    endloop
  endfacet
  facet normal 1 0 0
    outer loop
      vertex 18.6 1.2 6
      vertex 18.6 0 7.6
      vertex 18.6 0 6
    endloop
  endfacet
  facet normal 1 -0 0
    outer loop
      vertex 18.6 0 10
      vertex 18.6 1.2 8.4
      vertex 18.6 1.2 10
    endloop
  endfacet
  facet normal 1 0 0
    outer loop
      vertex 18.6 1.2 8.4
      vertex 18.6 0 10
      vertex 18.6 0 8.4
    endloop
  endfacet
  facet normal -0 0 1
    outer loop
      vertex 21 1.2 6
      vertex 22.6 0 6
      vertex 22.6 1.2 6
    endloop
  endfacet
  facet normal 0 0 1
    outer loop
      vertex 22.6 0 6
      vertex 21 1.2 6
      vertex 21 0 6
    endloop
  endfacet
  facet normal -0 0 1
    outer loop
      vertex 18.6 1.2 6
      vertex 20.2 0 6
      vertex 20.2 1.2 6
    endloop
  endfacet
  facet normal 0 0 1
    outer loop
      vertex 20.2 0 6
      vertex 18.6 1.2 6
      vertex 18.6 0 6
    endloop
  endfacet
  facet normal -1 0 0
    outer loop
      vertex 22.6 0 8.4
      vertex 22.6 1.2 10
      vertex 22.6 1.2 8.4
    endloop
  endfacet
  facet normal -1 -0 0
    outer loop
      vertex 22.6 1.2 10
      vertex 22.6 0 8.4
      vertex 22.6 0 10
    endloop
  endfacet
  facet normal -1 0 0
    outer loop
      vertex 22.6 0 6
      vertex 22.6 1.2 7.6
      vertex 22.6 1.2 6
    endloop
  endfacet
  facet normal -1 -0 0
    outer loop
      vertex 22.6 1.2 7.6
      vertex 22.6 0 6
      vertex 22.6 0 7.6
    endloop
  endfacet
  facet normal -1 0 0
    outer loop
      vertex 20.2 0 6
      vertex 20.2 1.2 7.6
      vertex 20.2 1.2 6
    endloop
  endfacet
  facet normal -1 -0 0
    outer loop
      vertex 20.2 1.2 7.6
      vertex 20.2 0 6
      vertex 20.2 0 7.6
    endloop
  endfacet
  facet normal -1 0 0
    outer loop
      vertex 20.2 0 8.4
      vertex 20.2 1.2 10
      vertex 20.2 1.2 8.4
    endloop
  endfacet
  facet normal -1 -0 0
    outer loop
      vertex 20.2 1.2 10
      vertex 20.2 0 8.4
      vertex 20.2 0 10
    endloop
  endfacet
  facet normal 1 -0 0
    outer loop
      vertex 21 0 10
      vertex 21 1.2 8.4
      vertex 21 1.2 10
    endloop
  endfacet
  facet normal 1 0 0
    outer loop
      vertex 21 1.2 8.4
      vertex 21 0 10
      vertex 21 0 8.4
    endloop
  endfacet
  facet normal 1 -0 0
    outer loop
      vertex 21 0 7.6
      vertex 21 1.2 6
      vertex 21 1.2 7.6
    endloop
  endfacet
  facet normal 1 0 0
    outer loop
      vertex 21 1.2 6
      vertex 21 0 7.6
      vertex 21 0 6
    endloop
  endfacet
  facet normal -0 0 1
    outer loop
      vertex 21 1.2 8.4
      vertex 22.6 0 8.4
      vertex 22.6 1.2 8.4
    endloop
  endfacet
  facet normal 0 0 1
    outer loop
      vertex 22.6 0 8.4
      vertex 21 1.2 8.4
      vertex 21 0 8.4
    endloop
  endfacet
  facet normal -0 0 1
    outer loop
      vertex 18.6 1.2 8.4
      vertex 20.2 0 8.4
      vertex 20.2 1.2 8.4
    endloop
  endfacet
  facet normal 0 0 1
    outer loop
      vertex 20.2 0 8.4
      vertex 18.6 1.2 8.4
      vertex 18.6 0 8.4
    endloop
  endfacet
  facet normal 0 0 -1
    outer loop
      vertex 21 0 7.6
      vertex 22.6 1.2 7.6
      vertex 22.6 0 7.6
    endloop
  endfacet
  facet normal -0 0 -1
    outer loop
      vertex 22.6 1.2 7.6
      vertex 21 0 7.6
      vertex 21 1.2 7.6
    endloop
  endfacet
  facet normal 0 0 -1
    outer loop
      vertex 18.6 0 7.6
      vertex 20.2 1.2 7.6
      vertex 20.2 0 7.6
    endloop
  endfacet
  facet normal -0 0 -1
    outer loop
      vertex 20.2 1.2 7.6
      vertex 18.6 0 7.6
      vertex 18.6 1.2 7.6
    endloop
  endfacet
  facet normal 0 0 -1
    outer loop
      vertex 5.2 0 22
      vertex 6.8 1.2 22
      vertex 6.8 0 22
    endloop
  endfacet
  facet normal -0 0 -1
    outer loop
      vertex 6.8 1.2 22
      vertex 5.2 0 22
      vertex 5.2 1.2 22
    endloop
  endfacet
  facet normal 0 0 -1
    outer loop
      vertex 2.8 0 22
      vertex 4.4 1.2 22
      vertex 4.4 0 22
    endloop
  endfacet
  facet normal -0 0 -1
    outer loop
      vertex 4.4 1.2 22
      vertex 2.8 0 22
      vertex 2.8 1.2 22
    endloop
  endfacet
  facet normal 1 -0 0
    outer loop
      vertex 2.8 0 19.6
      vertex 2.8 1.2 18
      vertex 2.8 1.2 19.6
    endloop
  endfacet
  facet normal 1 0 0
    outer loop
      vertex 2.8 1.2 18
      vertex 2.8 0 19.6
      vertex 2.8 0 18
    endloop
  endfacet
  facet normal 1 -0 0
    outer loop
      vertex 2.8 0 22
      vertex 2.8 1.2 20.4
      vertex 2.8 1.2 22
    endloop
  endfacet
  facet normal 1 0 0
    outer loop
      vertex 2.8 1.2 20.4
      vertex 2.8 0 22
      vertex 2.8 0 20.4
    endloop
  endfacet
  facet normal -0 0 1
    outer loop
      vertex 5.2 1.2 18
      vertex 6.8 0 18
      vertex 6.8 1.2 18
    endloop
  endfacet
  facet normal 0 0 1
    outer loop
      vertex 6.8 0 18
      vertex 5.2 1.2 18
      vertex 5.2 0 18
    endloop
  endfacet
  facet normal -0 0 1
    outer loop
      vertex 2.8 1.2 18
      vertex 4.4 0 18
      vertex 4.4 1.2 18
    endloop
  endfacet
  facet normal 0 0 1
    outer loop
      vertex 4.4 0 18
      vertex 2.8 1.2 18
      vertex 2.8 0 18
    endloop
  endfacet
  facet normal -1 0 0
    outer loop
      vertex 6.8 0 20.4
      vertex 6.8 1.2 22
      vertex 6.8 1.2 20.4
    endloop
  endfacet
  facet normal -1 -0 0
    outer loop
      vertex 6.8 1.2 22
      vertex 6.8 0 20.4
      vertex 6.8 0 22
    endloop
  endfacet
  facet normal -1 0 0
    outer loop
      vertex 6.8 0 18
      vertex 6.8 1.2 19.6
      vertex 6.8 1.2 18
    endloop
  endfacet
  facet normal -1 -0 0
    outer loop
      vertex 6.8 1.2 19.6
      vertex 6.8 0 18
      vertex 6.8 0 19.6
    endloop
  endfacet
  facet normal -1 0 0
    outer loop
      vertex 4.4 0 18
      vertex 4.4 1.2 19.6
      vertex 4.4 1.2 18
    endloop
  endfacet
  facet normal -1 -0 0
    outer loop
      vertex 4.4 1.2 19.6
      vertex 4.4 0 18
      vertex 4.4 0 19.6
    endloop
  endfacet
  facet normal -1 0 0
    outer loop
      vertex 4.4 0 20.4
      vertex 4.4 1.2 22
      vertex 4.4 1.2 20.4
    endloop
  endfacet
  facet normal -1 -0 0
    outer loop
      vertex 4.4 1.2 22
      vertex 4.4 0 20.4
      vertex 4.4 0 22
    endloop
  endfacet
  facet normal 1 -0 0
    outer loop
      vertex 5.2 0 22
      vertex 5.2 1.2 20.4
      vertex 5.2 1.2 22
    endloop
  endfacet
  facet normal 1 0 0
    outer loop
      vertex 5.2 1.2 20.4
      vertex 5.2 0 22
      vertex 5.2 0 20.4
    endloop
  endfacet
  facet normal 1 -0 0
    outer loop
      vertex 5.2 0 19.6
      vertex 5.2 1.2 18
      vertex 5.2 1.2 19.6
    endloop
  endfacet
  facet normal 1 0 0
    outer loop
      vertex 5.2 1.2 18
      vertex 5.2 0 19.6
      vertex 5.2 0 18
    endloop
  endfacet
  facet normal -0 0 1
    outer loop
      vertex 5.2 1.2 20.4
      vertex 6.8 0 20.4
      vertex 6.8 1.2 20.4
    endloop
  endfacet
  facet normal 0 0 1
    outer loop
      vertex 6.8 0 20.4
      vertex 5.2 1.2 20.4
      vertex 5.2 0 20.4
    endloop
  endfacet
  facet normal -0 0 1
    outer loop
      vertex 2.8 1.2 20.4
      vertex 4.4 0 20.4
      vertex 4.4 1.2 20.4
    endloop
  endfacet
  facet normal 0 0 1
    outer loop
      vertex 4.4 0 20.4
      vertex 2.8 1.2 20.4
      vertex 2.8 0 20.4
    endloop
  endfacet
  facet normal 0 0 -1
    outer loop
      vertex 5.2 0 19.6
      vertex 6.8 1.2 19.6
      vertex 6.8 0 19.6
    endloop
  endfacet
  facet normal -0 0 -1
    outer loop
      vertex 6.8 1.2 19.6
      vertex 5.2 0 19.6
      vertex 5.2 1.2 19.6
    endloop
  endfacet
  facet normal 0 0 -1
    outer loop
      vertex 2.8 0 19.6
      vertex 4.4 1.2 19.6
      vertex 4.4 0 19.6
    endloop
  endfacet
  facet normal -0 0 -1
    outer loop
      vertex 4.4 1.2 19.6
      vertex 2.8 0 19.6
      vertex 2.8 1.2 19.6
    endloop
  endfacet
  facet normal 0 0 -1
    outer loop
      vertex 21 0 22
      vertex 22.6 1.2 22
      vertex 22.6 0 22
    endloop
  endfacet
  facet normal -0 0 -1
    outer loop
      vertex 22.6 1.2 22
      vertex 21 0 22
      vertex 21 1.2 22
    endloop
  endfacet
  facet normal 0 0 -1
    outer loop
      vertex 18.6 0 22
      vertex 20.2 1.2 22
      vertex 20.2 0 22
    endloop
  endfacet
  facet normal -0 0 -1
    outer loop
      vertex 20.2 1.2 22
      vertex 18.6 0 22
      vertex 18.6 1.2 22
    endloop
  endfacet
  facet normal 1 -0 0
    outer loop
      vertex 18.6 0 19.6
      vertex 18.6 1.2 18
      vertex 18.6 1.2 19.6
    endloop
  endfacet
  facet normal 1 0 0
    outer loop
      vertex 18.6 1.2 18
      vertex 18.6 0 19.6
      vertex 18.6 0 18
    endloop
  endfacet
  facet normal 1 -0 0
    outer loop
      vertex 18.6 0 22
      vertex 18.6 1.2 20.4
      vertex 18.6 1.2 22
    endloop
  endfacet
  facet normal 1 0 0
    outer loop
      vertex 18.6 1.2 20.4
      vertex 18.6 0 22
      vertex 18.6 0 20.4
    endloop
  endfacet
  facet normal -0 0 1
    outer loop
      vertex 21 1.2 18
      vertex 22.6 0 18
      vertex 22.6 1.2 18
    endloop
  endfacet
  facet normal 0 0 1
    outer loop
      vertex 22.6 0 18
      vertex 21 1.2 18
      vertex 21 0 18
    endloop
  endfacet
  facet normal -0 0 1
    outer loop
      vertex 18.6 1.2 18
      vertex 20.2 0 18
      vertex 20.2 1.2 18
    endloop
  endfacet
  facet normal 0 0 1
    outer loop
      vertex 20.2 0 18
      vertex 18.6 1.2 18
      vertex 18.6 0 18
    endloop
  endfacet
  facet normal -1 0 0
    outer loop
      vertex 22.6 0 20.4
      vertex 22.6 1.2 22
      vertex 22.6 1.2 20.4
    endloop
  endfacet
  facet normal -1 -0 0
    outer loop
      vertex 22.6 1.2 22
      vertex 22.6 0 20.4
      vertex 22.6 0 22
    endloop
  endfacet
  facet normal -1 0 0
    outer loop
      vertex 22.6 0 18
      vertex 22.6 1.2 19.6
      vertex 22.6 1.2 18
    endloop
  endfacet
  facet normal -1 -0 0
    outer loop
      vertex 22.6 1.2 19.6
      vertex 22.6 0 18
      vertex 22.6 0 19.6
    endloop
  endfacet
  facet normal -1 0 0
    outer loop
      vertex 20.2 0 18
      vertex 20.2 1.2 19.6
      vertex 20.2 1.2 18
    endloop
  endfacet
  facet normal -1 -0 0
    outer loop
      vertex 20.2 1.2 19.6
      vertex 20.2 0 18
      vertex 20.2 0 19.6
    endloop
  endfacet
  facet normal -1 0 0
    outer loop
      vertex 20.2 0 20.4
      vertex 20.2 1.2 22
      vertex 20.2 1.2 20.4
    endloop
  endfacet
  facet normal -1 -0 0
    outer loop
      vertex 20.2 1.2 22
      vertex 20.2 0 20.4
      vertex 20.2 0 22
    endloop
  endfacet
  facet normal 1 -0 0
    outer loop
      vertex 21 0 22
      vertex 21 1.2 20.4
      vertex 21 1.2 22
    endloop
  endfacet
  facet normal 1 0 0
    outer loop
      vertex 21 1.2 20.4
      vertex 21 0 22
      vertex 21 0 20.4
    endloop
  endfacet
  facet normal 1 -0 0
    outer loop
      vertex 21 0 19.6
      vertex 21 1.2 18
      vertex 21 1.2 19.6
    endloop
  endfacet
  facet normal 1 0 0
    outer loop
      vertex 21 1.2 18
      vertex 21 0 19.6
      vertex 21 0 18
    endloop
  endfacet
  facet normal -0 0 1
    outer loop
      vertex 21 1.2 20.4
      vertex 22.6 0 20.4
      vertex 22.6 1.2 20.4
    endloop
  endfacet
  facet normal 0 0 1
    outer loop
      vertex 22.6 0 20.4
      vertex 21 1.2 20.4
      vertex 21 0 20.4
    endloop
  endfacet
  facet normal -0 0 1
    outer loop
      vertex 18.6 1.2 20.4
      vertex 20.2 0 20.4
      vertex 20.2 1.2 20.4
    endloop
  endfacet
  facet normal 0 0 1
    outer loop
      vertex 20.2 0 20.4
      vertex 18.6 1.2 20.4
      vertex 18.6 0 20.4
    endloop
  endfacet
  facet normal 0 0 -1
    outer loop
      vertex 21 0 19.6
      vertex 22.6 1.2 19.6
      vertex 22.6 0 19.6
    endloop
  endfacet
  facet normal -0 0 -1
    outer loop
      vertex 22.6 1.2 19.6
      vertex 21 0 19.6
      vertex 21 1.2 19.6
    endloop
  endfacet
  facet normal 0 0 -1
    outer loop
      vertex 18.6 0 19.6
      vertex 20.2 1.2 19.6
      vertex 20.2 0 19.6
    endloop
  endfacet
  facet normal -0 0 -1
    outer loop
      vertex 20.2 1.2 19.6
      vertex 18.6 0 19.6
      vertex 18.6 1.2 19.6
    endloop
  endfacet
  facet normal 0 0 -1
    outer loop
      vertex 13.1 0 22
      vertex 14.7 1.2 22
      vertex 14.7 0 22
    endloop
  endfacet
  facet normal -0 0 -1
    outer loop
      vertex 14.7 1.2 22
      vertex 13.1 0 22
      vertex 13.1 1.2 22
    endloop
  endfacet
  facet normal 0 0 -1
    outer loop
      vertex 10.7 0 22
      vertex 12.3 1.2 22
      vertex 12.3 0 22
    endloop
  endfacet
  facet normal -0 0 -1
    outer loop
      vertex 12.3 1.2 22
      vertex 10.7 0 22
      vertex 10.7 1.2 22
    endloop
  endfacet
  facet normal 1 -0 0
    outer loop
      vertex 10.7 0 19.6
      vertex 10.7 1.2 18
      vertex 10.7 1.2 19.6
    endloop
  endfacet
  facet normal 1 0 0
    outer loop
      vertex 10.7 1.2 18
      vertex 10.7 0 19.6
      vertex 10.7 0 18
    endloop
  endfacet
  facet normal 1 -0 0
    outer loop
      vertex 10.7 0 22
      vertex 10.7 1.2 20.4
      vertex 10.7 1.2 22
    endloop
  endfacet
  facet normal 1 0 0
    outer loop
      vertex 10.7 1.2 20.4
      vertex 10.7 0 22
      vertex 10.7 0 20.4
    endloop
  endfacet
  facet normal -0 0 1
    outer loop
      vertex 13.1 1.2 18
      vertex 14.7 0 18
      vertex 14.7 1.2 18
    endloop
  endfacet
  facet normal 0 0 1
    outer loop
      vertex 14.7 0 18
      vertex 13.1 1.2 18
      vertex 13.1 0 18
    endloop
  endfacet
  facet normal -0 0 1
    outer loop
      vertex 10.7 1.2 18
      vertex 12.3 0 18
      vertex 12.3 1.2 18
    endloop
  endfacet
  facet normal 0 0 1
    outer loop
      vertex 12.3 0 18
      vertex 10.7 1.2 18
      vertex 10.7 0 18
    endloop
  endfacet
  facet normal -1 0 0
    outer loop
      vertex 14.7 0 20.4
      vertex 14.7 1.2 22
      vertex 14.7 1.2 20.4
    endloop
  endfacet
  facet normal -1 -0 0
    outer loop
      vertex 14.7 1.2 22
      vertex 14.7 0 20.4
      vertex 14.7 0 22
    endloop
  endfacet
  facet normal -1 0 0
    outer loop
      vertex 14.7 0 18
      vertex 14.7 1.2 19.6
      vertex 14.7 1.2 18
    endloop
  endfacet
  facet normal -1 -0 0
    outer loop
      vertex 14.7 1.2 19.6
      vertex 14.7 0 18
      vertex 14.7 0 19.6
    endloop
  endfacet
  facet normal -1 0 0
    outer loop
      vertex 12.3 0 18
      vertex 12.3 1.2 19.6
      vertex 12.3 1.2 18
    endloop
  endfacet
  facet normal -1 -0 0
    outer loop
      vertex 12.3 1.2 19.6
      vertex 12.3 0 18
      vertex 12.3 0 19.6
    endloop
  endfacet
  facet normal -1 0 0
    outer loop
      vertex 12.3 0 20.4
      vertex 12.3 1.2 22
      vertex 12.3 1.2 20.4
    endloop
  endfacet
  facet normal -1 -0 0
    outer loop
      vertex 12.3 1.2 22
      vertex 12.3 0 20.4
      vertex 12.3 0 22
    endloop
  endfacet
  facet normal 1 -0 0
    outer loop
      vertex 13.1 0 22
      vertex 13.1 1.2 20.4
      vertex 13.1 1.2 22
    endloop
  endfacet
  facet normal 1 0 0
    outer loop
      vertex 13.1 1.2 20.4
      vertex 13.1 0 22
      vertex 13.1 0 20.4
    endloop
  endfacet
  facet normal 1 -0 0
    outer loop
      vertex 13.1 0 19.6
      vertex 13.1 1.2 18
      vertex 13.1 1.2 19.6
    endloop
  endfacet
  facet normal 1 0 0
    outer loop
      vertex 13.1 1.2 18
      vertex 13.1 0 19.6
      vertex 13.1 0 18
    endloop
  endfacet
  facet normal -0 0 1
    outer loop
      vertex 13.1 1.2 20.4
      vertex 14.7 0 20.4
      vertex 14.7 1.2 20.4
    endloop
  endfacet
  facet normal 0 0 1
    outer loop
      vertex 14.7 0 20.4
      vertex 13.1 1.2 20.4
      vertex 13.1 0 20.4
    endloop
  endfacet
  facet normal -0 0 1
    outer loop
      vertex 10.7 1.2 20.4
      vertex 12.3 0 20.4
      vertex 12.3 1.2 20.4
    endloop
  endfacet
  facet normal 0 0 1
    outer loop
      vertex 12.3 0 20.4
      vertex 10.7 1.2 20.4
      vertex 10.7 0 20.4
    endloop
  endfacet
  facet normal 0 0 -1
    outer loop
      vertex 13.1 0 19.6
      vertex 14.7 1.2 19.6
      vertex 14.7 0 19.6
    endloop
  endfacet
  facet normal -0 0 -1
    outer loop
      vertex 14.7 1.2 19.6
      vertex 13.1 0 19.6
      vertex 13.1 1.2 19.6
    endloop
  endfacet
  facet normal 0 0 -1
    outer loop
      vertex 10.7 0 19.6
      vertex 12.3 1.2 19.6
      vertex 12.3 0 19.6
    endloop
  endfacet
  facet normal -0 0 -1
    outer loop
      vertex 12.3 1.2 19.6
      vertex 10.7 0 19.6
      vertex 10.7 1.2 19.6
    endloop
  endfacet
  facet normal 0 0 -1
    outer loop
      vertex 5.2 0 34
      vertex 6.8 1.2 34
      vertex 6.8 0 34
    endloop
  endfacet
  facet normal -0 0 -1
    outer loop
      vertex 6.8 1.2 34
      vertex 5.2 0 34
      vertex 5.2 1.2 34
    endloop
  endfacet
  facet normal 0 0 -1
    outer loop
      vertex 2.8 0 34
      vertex 4.4 1.2 34
      vertex 4.4 0 34
    endloop
  endfacet
  facet normal -0 0 -1
    outer loop
      vertex 4.4 1.2 34
      vertex 2.8 0 34
      vertex 2.8 1.2 34
    endloop
  endfacet
  facet normal 1 -0 0
    outer loop
      vertex 2.8 0 31.6
      vertex 2.8 1.2 30
      vertex 2.8 1.2 31.6
    endloop
  endfacet
  facet normal 1 0 0
    outer loop
      vertex 2.8 1.2 30
      vertex 2.8 0 31.6
      vertex 2.8 0 30
    endloop
  endfacet
  facet normal 1 -0 0
    outer loop
      vertex 2.8 0 34
      vertex 2.8 1.2 32.4
      vertex 2.8 1.2 34
    endloop
  endfacet
  facet normal 1 0 0
    outer loop
      vertex 2.8 1.2 32.4
      vertex 2.8 0 34
      vertex 2.8 0 32.4
    endloop
  endfacet
  facet normal -0 0 1
    outer loop
      vertex 5.2 1.2 30
      vertex 6.8 0 30
      vertex 6.8 1.2 30
    endloop
  endfacet
  facet normal 0 0 1
    outer loop
      vertex 6.8 0 30
      vertex 5.2 1.2 30
      vertex 5.2 0 30
    endloop
  endfacet
  facet normal -0 0 1
    outer loop
      vertex 2.8 1.2 30
      vertex 4.4 0 30
      vertex 4.4 1.2 30
    endloop
  endfacet
  facet normal 0 0 1
    outer loop
      vertex 4.4 0 30
      vertex 2.8 1.2 30
      vertex 2.8 0 30
    endloop
  endfacet
  facet normal -1 0 0
    outer loop
      vertex 6.8 0 32.4
      vertex 6.8 1.2 34
      vertex 6.8 1.2 32.4
    endloop
  endfacet
  facet normal -1 -0 0
    outer loop
      vertex 6.8 1.2 34
      vertex 6.8 0 32.4
      vertex 6.8 0 34
    endloop
  endfacet
  facet normal -1 0 0
    outer loop
      vertex 6.8 0 30
      vertex 6.8 1.2 31.6
      vertex 6.8 1.2 30
    endloop
  endfacet
  facet normal -1 -0 0
    outer loop
      vertex 6.8 1.2 31.6
      vertex 6.8 0 30
      vertex 6.8 0 31.6
    endloop
  endfacet
  facet normal -1 0 0
    outer loop
      vertex 4.4 0 30
      vertex 4.4 1.2 31.6
      vertex 4.4 1.2 30
    endloop
  endfacet
  facet normal -1 -0 0
    outer loop
      vertex 4.4 1.2 31.6
      vertex 4.4 0 30
      vertex 4.4 0 31.6
    endloop
  endfacet
  facet normal -1 0 0
    outer loop
      vertex 4.4 0 32.4
      vertex 4.4 1.2 34
      vertex 4.4 1.2 32.4
    endloop
  endfacet
  facet normal -1 -0 0
    outer loop
      vertex 4.4 1.2 34
      vertex 4.4 0 32.4
      vertex 4.4 0 34
    endloop
  endfacet
  facet normal 1 -0 0
    outer loop
      vertex 5.2 0 34
      vertex 5.2 1.2 32.4
      vertex 5.2 1.2 34
    endloop
  endfacet
  facet normal 1 0 0
    outer loop
      vertex 5.2 1.2 32.4
      vertex 5.2 0 34
      vertex 5.2 0 32.4
    endloop
  endfacet
  facet normal 1 -0 0
    outer loop
      vertex 5.2 0 31.6
      vertex 5.2 1.2 30
      vertex 5.2 1.2 31.6
    endloop
  endfacet
  facet normal 1 0 0
    outer loop
      vertex 5.2 1.2 30
      vertex 5.2 0 31.6
      vertex 5.2 0 30
    endloop
  endfacet
  facet normal -0 0 1
    outer loop
      vertex 5.2 1.2 32.4
      vertex 6.8 0 32.4
      vertex 6.8 1.2 32.4
    endloop
  endfacet
  facet normal 0 0 1
    outer loop
      vertex 6.8 0 32.4
      vertex 5.2 1.2 32.4
      vertex 5.2 0 32.4
    endloop
  endfacet
  facet normal -0 0 1
    outer loop
      vertex 2.8 1.2 32.4
      vertex 4.4 0 32.4
      vertex 4.4 1.2 32.4
    endloop
  endfacet
  facet normal 0 0 1
    outer loop
      vertex 4.4 0 32.4
      vertex 2.8 1.2 32.4
      vertex 2.8 0 32.4
    endloop
  endfacet
  facet normal 0 0 -1
    outer loop
      vertex 5.2 0 31.6
      vertex 6.8 1.2 31.6
      vertex 6.8 0 31.6
    endloop
  endfacet
  facet normal -0 0 -1
    outer loop
      vertex 6.8 1.2 31.6
      vertex 5.2 0 31.6
      vertex 5.2 1.2 31.6
    endloop
  endfacet
  facet normal 0 0 -1
    outer loop
      vertex 2.8 0 31.6
      vertex 4.4 1.2 31.6
      vertex 4.4 0 31.6
    endloop
  endfacet
  facet normal -0 0 -1
    outer loop
      vertex 4.4 1.2 31.6
      vertex 2.8 0 31.6
      vertex 2.8 1.2 31.6
    endloop
  endfacet
  facet normal 0 0 -1
    outer loop
      vertex 21 0 34
      vertex 22.6 1.2 34
      vertex 22.6 0 34
    endloop
  endfacet
  facet normal -0 0 -1
    outer loop
      vertex 22.6 1.2 34
      vertex 21 0 34
      vertex 21 1.2 34
    endloop
  endfacet
  facet normal 0 0 -1
    outer loop
      vertex 18.6 0 34
      vertex 20.2 1.2 34
      vertex 20.2 0 34
    endloop
  endfacet
  facet normal -0 0 -1
    outer loop
      vertex 20.2 1.2 34
      vertex 18.6 0 34
      vertex 18.6 1.2 34
    endloop
  endfacet
  facet normal 1 -0 0
    outer loop
      vertex 18.6 0 31.6
      vertex 18.6 1.2 30
      vertex 18.6 1.2 31.6
    endloop
  endfacet
  facet normal 1 0 0
    outer loop
      vertex 18.6 1.2 30
      vertex 18.6 0 31.6
      vertex 18.6 0 30
    endloop
  endfacet
  facet normal 1 -0 0
    outer loop
      vertex 18.6 0 34
      vertex 18.6 1.2 32.4
      vertex 18.6 1.2 34
    endloop
  endfacet
  facet normal 1 0 0
    outer loop
      vertex 18.6 1.2 32.4
      vertex 18.6 0 34
      vertex 18.6 0 32.4
    endloop
  endfacet
  facet normal -0 0 1
    outer loop
      vertex 21 1.2 30
      vertex 22.6 0 30
      vertex 22.6 1.2 30
    endloop
  endfacet
  facet normal 0 0 1
    outer loop
      vertex 22.6 0 30
      vertex 21 1.2 30
      vertex 21 0 30
    endloop
  endfacet
  facet normal -0 0 1
    outer loop
      vertex 18.6 1.2 30
      vertex 20.2 0 30
      vertex 20.2 1.2 30
    endloop
  endfacet
  facet normal 0 0 1
    outer loop
      vertex 20.2 0 30
      vertex 18.6 1.2 30
      vertex 18.6 0 30
    endloop
  endfacet
  facet normal -1 0 0
    outer loop
      vertex 22.6 0 32.4
      vertex 22.6 1.2 34
      vertex 22.6 1.2 32.4
    endloop
  endfacet
  facet normal -1 -0 0
    outer loop
      vertex 22.6 1.2 34
      vertex 22.6 0 32.4
      vertex 22.6 0 34
    endloop
  endfacet
  facet normal -1 0 0
    outer loop
      vertex 22.6 0 30
      vertex 22.6 1.2 31.6
      vertex 22.6 1.2 30
    endloop
  endfacet
  facet normal -1 -0 0
    outer loop
      vertex 22.6 1.2 31.6
      vertex 22.6 0 30
      vertex 22.6 0 31.6
    endloop
  endfacet
  facet normal -1 0 0
    outer loop
      vertex 20.2 0 30
      vertex 20.2 1.2 31.6
      vertex 20.2 1.2 30
    endloop
  endfacet
  facet normal -1 -0 0
    outer loop
      vertex 20.2 1.2 31.6
      vertex 20.2 0 30
      vertex 20.2 0 31.6
    endloop
  endfacet
  facet normal -1 0 0
    outer loop
      vertex 20.2 0 32.4
      vertex 20.2 1.2 34
      vertex 20.2 1.2 32.4
    endloop
  endfacet
  facet normal -1 -0 0
    outer loop
      vertex 20.2 1.2 34
      vertex 20.2 0 32.4
      vertex 20.2 0 34
    endloop
  endfacet
  facet normal 1 -0 0
    outer loop
      vertex 21 0 34
      vertex 21 1.2 32.4
      vertex 21 1.2 34
    endloop
  endfacet
  facet normal 1 0 0
    outer loop
      vertex 21 1.2 32.4
      vertex 21 0 34
      vertex 21 0 32.4
    endloop
  endfacet
  facet normal 1 -0 0
    outer loop
      vertex 21 0 31.6
      vertex 21 1.2 30
      vertex 21 1.2 31.6
    endloop
  endfacet
  facet normal 1 0 0
    outer loop
      vertex 21 1.2 30
      vertex 21 0 31.6
      vertex 21 0 30
    endloop
  endfacet
  facet normal -0 0 1
    outer loop
      vertex 21 1.2 32.4
      vertex 22.6 0 32.4
      vertex 22.6 1.2 32.4
    endloop
  endfacet
  facet normal 0 0 1
    outer loop
      vertex 22.6 0 32.4
      vertex 21 1.2 32.4
      vertex 21 0 32.4
    endloop
  endfacet
  facet normal -0 0 1
    outer loop
      vertex 18.6 1.2 32.4
      vertex 20.2 0 32.4
      vertex 20.2 1.2 32.4
    endloop
  endfacet
  facet normal 0 0 1
    outer loop
      vertex 20.2 0 32.4
      vertex 18.6 1.2 32.4
      vertex 18.6 0 32.4
    endloop
  endfacet
  facet normal 0 0 -1
    outer loop
      vertex 21 0 31.6
      vertex 22.6 1.2 31.6
      vertex 22.6 0 31.6
    endloop
  endfacet
  facet normal -0 0 -1
    outer loop
      vertex 22.6 1.2 31.6
      vertex 21 0 31.6
      vertex 21 1.2 31.6
    endloop
  endfacet
  facet normal 0 0 -1
    outer loop
      vertex 18.6 0 31.6
      vertex 20.2 1.2 31.6
      vertex 20.2 0 31.6
    endloop
  endfacet
  facet normal -0 0 -1
    outer loop
      vertex 20.2 1.2 31.6
      vertex 18.6 0 31.6
      vertex 18.6 1.2 31.6
    endloop
  endfacet
  facet normal 0 0 -1
    outer loop
      vertex 13.1 0 34
      vertex 14.7 1.2 34
      vertex 14.7 0 34
    endloop
  endfacet
  facet normal -0 0 -1
    outer loop
      vertex 14.7 1.2 34
      vertex 13.1 0 34
      vertex 13.1 1.2 34
    endloop
  endfacet
  facet normal 0 0 -1
    outer loop
      vertex 10.7 0 34
      vertex 12.3 1.2 34
      vertex 12.3 0 34
    endloop
  endfacet
  facet normal -0 0 -1
    outer loop
      vertex 12.3 1.2 34
      vertex 10.7 0 34
      vertex 10.7 1.2 34
    endloop
  endfacet
  facet normal 1 -0 0
    outer loop
      vertex 10.7 0 31.6
      vertex 10.7 1.2 30
      vertex 10.7 1.2 31.6
    endloop
  endfacet
  facet normal 1 0 0
    outer loop
      vertex 10.7 1.2 30
      vertex 10.7 0 31.6
      vertex 10.7 0 30
    endloop
  endfacet
  facet normal 1 -0 0
    outer loop
      vertex 10.7 0 34
      vertex 10.7 1.2 32.4
      vertex 10.7 1.2 34
    endloop
  endfacet
  facet normal 1 0 0
    outer loop
      vertex 10.7 1.2 32.4
      vertex 10.7 0 34
      vertex 10.7 0 32.4
    endloop
  endfacet
  facet normal -0 0 1
    outer loop
      vertex 13.1 1.2 30
      vertex 14.7 0 30
      vertex 14.7 1.2 30
    endloop
  endfacet
  facet normal 0 0 1
    outer loop
      vertex 14.7 0 30
      vertex 13.1 1.2 30
      vertex 13.1 0 30
    endloop
  endfacet
  facet normal -0 0 1
    outer loop
      vertex 10.7 1.2 30
      vertex 12.3 0 30
      vertex 12.3 1.2 30
    endloop
  endfacet
  facet normal 0 0 1
    outer loop
      vertex 12.3 0 30
      vertex 10.7 1.2 30
      vertex 10.7 0 30
    endloop
  endfacet
  facet normal -1 0 0
    outer loop
      vertex 14.7 0 32.4
      vertex 14.7 1.2 34
      vertex 14.7 1.2 32.4
    endloop
  endfacet
  facet normal -1 -0 0
    outer loop
      vertex 14.7 1.2 34
      vertex 14.7 0 32.4
      vertex 14.7 0 34
    endloop
  endfacet
  facet normal -1 0 0
    outer loop
      vertex 14.7 0 30
      vertex 14.7 1.2 31.6
      vertex 14.7 1.2 30
    endloop
  endfacet
  facet normal -1 -0 0
    outer loop
      vertex 14.7 1.2 31.6
      vertex 14.7 0 30
      vertex 14.7 0 31.6
    endloop
  endfacet
  facet normal -1 0 0
    outer loop
      vertex 12.3 0 30
      vertex 12.3 1.2 31.6
      vertex 12.3 1.2 30
    endloop
  endfacet
  facet normal -1 -0 0
    outer loop
      vertex 12.3 1.2 31.6
      vertex 12.3 0 30
      vertex 12.3 0 31.6
    endloop
  endfacet
  facet normal -1 0 0
    outer loop
      vertex 12.3 0 32.4
      vertex 12.3 1.2 34
      vertex 12.3 1.2 32.4
    endloop
  endfacet
  facet normal -1 -0 0
    outer loop
      vertex 12.3 1.2 34
      vertex 12.3 0 32.4
      vertex 12.3 0 34
    endloop
  endfacet
  facet normal 1 -0 0
    outer loop
      vertex 13.1 0 34
      vertex 13.1 1.2 32.4
      vertex 13.1 1.2 34
    endloop
  endfacet
  facet normal 1 0 0
    outer loop
      vertex 13.1 1.2 32.4
      vertex 13.1 0 34
      vertex 13.1 0 32.4
    endloop
  endfacet
  facet normal 1 -0 0
    outer loop
      vertex 13.1 0 31.6
      vertex 13.1 1.2 30
      vertex 13.1 1.2 31.6
    endloop
  endfacet
  facet normal 1 0 0
    outer loop
      vertex 13.1 1.2 30
      vertex 13.1 0 31.6
      vertex 13.1 0 30
    endloop
  endfacet
  facet normal -0 0 1
    outer loop
      vertex 13.1 1.2 32.4
      vertex 14.7 0 32.4
      vertex 14.7 1.2 32.4
    endloop
  endfacet
  facet normal 0 0 1
    outer loop
      vertex 14.7 0 32.4
      vertex 13.1 1.2 32.4
      vertex 13.1 0 32.4
    endloop
  endfacet
  facet normal -0 0 1
    outer loop
      vertex 10.7 1.2 32.4
      vertex 12.3 0 32.4
      vertex 12.3 1.2 32.4
    endloop
  endfacet
  facet normal 0 0 1
    outer loop
      vertex 12.3 0 32.4
      vertex 10.7 1.2 32.4
      vertex 10.7 0 32.4
    endloop
  endfacet
  facet normal 0 0 -1
    outer loop
      vertex 13.1 0 31.6
      vertex 14.7 1.2 31.6
      vertex 14.7 0 31.6
    endloop
  endfacet
  facet normal -0 0 -1
    outer loop
      vertex 14.7 1.2 31.6
      vertex 13.1 0 31.6
      vertex 13.1 1.2 31.6
    endloop
  endfacet
  facet normal 0 0 -1
    outer loop
      vertex 10.7 0 31.6
      vertex 12.3 1.2 31.6
      vertex 12.3 0 31.6
    endloop
  endfacet
  facet normal -0 0 -1
    outer loop
      vertex 12.3 1.2 31.6
      vertex 10.7 0 31.6
      vertex 10.7 1.2 31.6
    endloop
  endfacet
  facet normal 0 0 -1
    outer loop
      vertex 5.2 0 46
      vertex 6.8 1.2 46
      vertex 6.8 0 46
    endloop
  endfacet
  facet normal -0 0 -1
    outer loop
      vertex 6.8 1.2 46
      vertex 5.2 0 46
      vertex 5.2 1.2 46
    endloop
  endfacet
  facet normal 0 0 -1
    outer loop
      vertex 2.8 0 46
      vertex 4.4 1.2 46
      vertex 4.4 0 46
    endloop
  endfacet
  facet normal -0 0 -1
    outer loop
      vertex 4.4 1.2 46
      vertex 2.8 0 46
      vertex 2.8 1.2 46
    endloop
  endfacet
  facet normal 1 -0 0
    outer loop
      vertex 2.8 0 43.6
      vertex 2.8 1.2 42
      vertex 2.8 1.2 43.6
    endloop
  endfacet
  facet normal 1 0 0
    outer loop
      vertex 2.8 1.2 42
      vertex 2.8 0 43.6
      vertex 2.8 0 42
    endloop
  endfacet
  facet normal 1 -0 0
    outer loop
      vertex 2.8 0 46
      vertex 2.8 1.2 44.4
      vertex 2.8 1.2 46
    endloop
  endfacet
  facet normal 1 0 0
    outer loop
      vertex 2.8 1.2 44.4
      vertex 2.8 0 46
      vertex 2.8 0 44.4
    endloop
  endfacet
  facet normal -0 0 1
    outer loop
      vertex 5.2 1.2 42
      vertex 6.8 0 42
      vertex 6.8 1.2 42
    endloop
  endfacet
  facet normal 0 0 1
    outer loop
      vertex 6.8 0 42
      vertex 5.2 1.2 42
      vertex 5.2 0 42
    endloop
  endfacet
  facet normal -0 0 1
    outer loop
      vertex 2.8 1.2 42
      vertex 4.4 0 42
      vertex 4.4 1.2 42
    endloop
  endfacet
  facet normal 0 0 1
    outer loop
      vertex 4.4 0 42
      vertex 2.8 1.2 42
      vertex 2.8 0 42
    endloop
  endfacet
  facet normal -1 0 0
    outer loop
      vertex 6.8 0 44.4
      vertex 6.8 1.2 46
      vertex 6.8 1.2 44.4
    endloop
  endfacet
  facet normal -1 -0 0
    outer loop
      vertex 6.8 1.2 46
      vertex 6.8 0 44.4
      vertex 6.8 0 46
    endloop
  endfacet
  facet normal -1 0 0
    outer loop
      vertex 6.8 0 42
      vertex 6.8 1.2 43.6
      vertex 6.8 1.2 42
    endloop
  endfacet
  facet normal -1 -0 0
    outer loop
      vertex 6.8 1.2 43.6
      vertex 6.8 0 42
      vertex 6.8 0 43.6
    endloop
  endfacet
  facet normal -1 0 0
    outer loop
      vertex 4.4 0 42
      vertex 4.4 1.2 43.6
      vertex 4.4 1.2 42
    endloop
  endfacet
  facet normal -1 -0 0
    outer loop
      vertex 4.4 1.2 43.6
      vertex 4.4 0 42
      vertex 4.4 0 43.6
    endloop
  endfacet
  facet normal -1 0 0
    outer loop
      vertex 4.4 0 44.4
      vertex 4.4 1.2 46
      vertex 4.4 1.2 44.4
    endloop
  endfacet
  facet normal -1 -0 0
    outer loop
      vertex 4.4 1.2 46
      vertex 4.4 0 44.4
      vertex 4.4 0 46
    endloop
  endfacet
  facet normal 1 -0 0
    outer loop
      vertex 5.2 0 46
      vertex 5.2 1.2 44.4
      vertex 5.2 1.2 46
    endloop
  endfacet
  facet normal 1 0 0
    outer loop
      vertex 5.2 1.2 44.4
      vertex 5.2 0 46
      vertex 5.2 0 44.4
    endloop
  endfacet
  facet normal 1 -0 0
    outer loop
      vertex 5.2 0 43.6
      vertex 5.2 1.2 42
      vertex 5.2 1.2 43.6
    endloop
  endfacet
  facet normal 1 0 0
    outer loop
      vertex 5.2 1.2 42
      vertex 5.2 0 43.6
      vertex 5.2 0 42
    endloop
  endfacet
  facet normal -0 0 1
    outer loop
      vertex 5.2 1.2 44.4
      vertex 6.8 0 44.4
      vertex 6.8 1.2 44.4
    endloop
  endfacet
  facet normal 0 0 1
    outer loop
      vertex 6.8 0 44.4
      vertex 5.2 1.2 44.4
      vertex 5.2 0 44.4
    endloop
  endfacet
  facet normal -0 0 1
    outer loop
      vertex 2.8 1.2 44.4
      vertex 4.4 0 44.4
      vertex 4.4 1.2 44.4
    endloop
  endfacet
  facet normal 0 0 1
    outer loop
      vertex 4.4 0 44.4
      vertex 2.8 1.2 44.4
      vertex 2.8 0 44.4
    endloop
  endfacet
  facet normal 0 0 -1
    outer loop
      vertex 5.2 0 43.6
      vertex 6.8 1.2 43.6
      vertex 6.8 0 43.6
    endloop
  endfacet
  facet normal -0 0 -1
    outer loop
      vertex 6.8 1.2 43.6
      vertex 5.2 0 43.6
      vertex 5.2 1.2 43.6
    endloop
  endfacet
  facet normal 0 0 -1
    outer loop
      vertex 2.8 0 43.6
      vertex 4.4 1.2 43.6
      vertex 4.4 0 43.6
    endloop
  endfacet
  facet normal -0 0 -1
    outer loop
      vertex 4.4 1.2 43.6
      vertex 2.8 0 43.6
      vertex 2.8 1.2 43.6
    endloop
  endfacet
  facet normal 0 0 -1
    outer loop
      vertex 21 0 46
      vertex 22.6 1.2 46
      vertex 22.6 0 46
    endloop
  endfacet
  facet normal -0 0 -1
    outer loop
      vertex 22.6 1.2 46
      vertex 21 0 46
      vertex 21 1.2 46
    endloop
  endfacet
  facet normal 0 0 -1
    outer loop
      vertex 18.6 0 46
      vertex 20.2 1.2 46
      vertex 20.2 0 46
    endloop
  endfacet
  facet normal -0 0 -1
    outer loop
      vertex 20.2 1.2 46
      vertex 18.6 0 46
      vertex 18.6 1.2 46
    endloop
  endfacet
  facet normal 1 -0 0
    outer loop
      vertex 18.6 0 43.6
      vertex 18.6 1.2 42
      vertex 18.6 1.2 43.6
    endloop
  endfacet
  facet normal 1 0 0
    outer loop
      vertex 18.6 1.2 42
      vertex 18.6 0 43.6
      vertex 18.6 0 42
    endloop
  endfacet
  facet normal 1 -0 0
    outer loop
      vertex 18.6 0 46
      vertex 18.6 1.2 44.4
      vertex 18.6 1.2 46
    endloop
  endfacet
  facet normal 1 0 0
    outer loop
      vertex 18.6 1.2 44.4
      vertex 18.6 0 46
      vertex 18.6 0 44.4
    endloop
  endfacet
  facet normal -0 0 1
    outer loop
      vertex 21 1.2 42
      vertex 22.6 0 42
      vertex 22.6 1.2 42
    endloop
  endfacet
  facet normal 0 0 1
    outer loop
      vertex 22.6 0 42
      vertex 21 1.2 42
      vertex 21 0 42
    endloop
  endfacet
  facet normal -0 0 1
    outer loop
      vertex 18.6 1.2 42
      vertex 20.2 0 42
      vertex 20.2 1.2 42
    endloop
  endfacet
  facet normal 0 0 1
    outer loop
      vertex 20.2 0 42
      vertex 18.6 1.2 42
      vertex 18.6 0 42
    endloop
  endfacet
  facet normal -1 0 0
    outer loop
      vertex 22.6 0 44.4
      vertex 22.6 1.2 46
      vertex 22.6 1.2 44.4
    endloop
  endfacet
  facet normal -1 -0 0
    outer loop
      vertex 22.6 1.2 46
      vertex 22.6 0 44.4
      vertex 22.6 0 46
    endloop
  endfacet
  facet normal -1 0 0
    outer loop
      vertex 22.6 0 42
      vertex 22.6 1.2 43.6
      vertex 22.6 1.2 42
    endloop
  endfacet
  facet normal -1 -0 0
    outer loop
      vertex 22.6 1.2 43.6
      vertex 22.6 0 42
      vertex 22.6 0 43.6
    endloop
  endfacet
  facet normal -1 0 0
    outer loop
      vertex 20.2 0 42
      vertex 20.2 1.2 43.6
      vertex 20.2 1.2 42
    endloop
  endfacet
  facet normal -1 -0 0
    outer loop
      vertex 20.2 1.2 43.6
      vertex 20.2 0 42
      vertex 20.2 0 43.6
    endloop
  endfacet
  facet normal -1 0 0
    outer loop
      vertex 20.2 0 44.4
      vertex 20.2 1.2 46
      vertex 20.2 1.2 44.4
    endloop
  endfacet
  facet normal -1 -0 0
    outer loop
      vertex 20.2 1.2 46
      vertex 20.2 0 44.4
      vertex 20.2 0 46
    endloop
  endfacet
  facet normal 1 -0 0
    outer loop
      vertex 21 0 46
      vertex 21 1.2 44.4
      vertex 21 1.2 46
    endloop
  endfacet
  facet normal 1 0 0
    outer loop
      vertex 21 1.2 44.4
      vertex 21 0 46
      vertex 21 0 44.4
    endloop
  endfacet
  facet normal 1 -0 0
    outer loop
      vertex 21 0 43.6
      vertex 21 1.2 42
      vertex 21 1.2 43.6
    endloop
  endfacet
  facet normal 1 0 0
    outer loop
      vertex 21 1.2 42
      vertex 21 0 43.6
      vertex 21 0 42
    endloop
  endfacet
  facet normal -0 0 1
    outer loop
      vertex 21 1.2 44.4
      vertex 22.6 0 44.4
      vertex 22.6 1.2 44.4
    endloop
  endfacet
  facet normal 0 0 1
    outer loop
      vertex 22.6 0 44.4
      vertex 21 1.2 44.4
      vertex 21 0 44.4
    endloop
  endfacet
  facet normal -0 0 1
    outer loop
      vertex 18.6 1.2 44.4
      vertex 20.2 0 44.4
      vertex 20.2 1.2 44.4
    endloop
  endfacet
  facet normal 0 0 1
    outer loop
      vertex 20.2 0 44.4
      vertex 18.6 1.2 44.4
      vertex 18.6 0 44.4
    endloop
  endfacet
  facet normal 0 0 -1
    outer loop
      vertex 21 0 43.6
      vertex 22.6 1.2 43.6
      vertex 22.6 0 43.6
    endloop
  endfacet
  facet normal -0 0 -1
    outer loop
      vertex 22.6 1.2 43.6
      vertex 21 0 43.6
      vertex 21 1.2 43.6
    endloop
  endfacet
  facet normal 0 0 -1
    outer loop
      vertex 18.6 0 43.6
      vertex 20.2 1.2 43.6
      vertex 20.2 0 43.6
    endloop
  endfacet
  facet normal -0 0 -1
    outer loop
      vertex 20.2 1.2 43.6
      vertex 18.6 0 43.6
      vertex 18.6 1.2 43.6
    endloop
  endfacet
  facet normal 0 0 -1
    outer loop
      vertex 13.1 0 46
      vertex 14.7 1.2 46
      vertex 14.7 0 46
    endloop
  endfacet
  facet normal -0 0 -1
    outer loop
      vertex 14.7 1.2 46
      vertex 13.1 0 46
      vertex 13.1 1.2 46
    endloop
  endfacet
  facet normal 0 0 -1
    outer loop
      vertex 10.7 0 46
      vertex 12.3 1.2 46
      vertex 12.3 0 46
    endloop
  endfacet
  facet normal -0 0 -1
    outer loop
      vertex 12.3 1.2 46
      vertex 10.7 0 46
      vertex 10.7 1.2 46
    endloop
  endfacet
  facet normal 1 -0 0
    outer loop
      vertex 10.7 0 43.6
      vertex 10.7 1.2 42
      vertex 10.7 1.2 43.6
    endloop
  endfacet
  facet normal 1 0 0
    outer loop
      vertex 10.7 1.2 42
      vertex 10.7 0 43.6
      vertex 10.7 0 42
    endloop
  endfacet
  facet normal 1 -0 0
    outer loop
      vertex 10.7 0 46
      vertex 10.7 1.2 44.4
      vertex 10.7 1.2 46
    endloop
  endfacet
  facet normal 1 0 0
    outer loop
      vertex 10.7 1.2 44.4
      vertex 10.7 0 46
      vertex 10.7 0 44.4
    endloop
  endfacet
  facet normal -0 0 1
    outer loop
      vertex 13.1 1.2 42
      vertex 14.7 0 42
      vertex 14.7 1.2 42
    endloop
  endfacet
  facet normal 0 0 1
    outer loop
      vertex 14.7 0 42
      vertex 13.1 1.2 42
      vertex 13.1 0 42
    endloop
  endfacet
  facet normal -0 0 1
    outer loop
      vertex 10.7 1.2 42
      vertex 12.3 0 42
      vertex 12.3 1.2 42
    endloop
  endfacet
  facet normal 0 0 1
    outer loop
      vertex 12.3 0 42
      vertex 10.7 1.2 42
      vertex 10.7 0 42
    endloop
  endfacet
  facet normal -1 0 0
    outer loop
      vertex 14.7 0 44.4
      vertex 14.7 1.2 46
      vertex 14.7 1.2 44.4
    endloop
  endfacet
  facet normal -1 -0 0
    outer loop
      vertex 14.7 1.2 46
      vertex 14.7 0 44.4
      vertex 14.7 0 46
    endloop
  endfacet
  facet normal -1 0 0
    outer loop
      vertex 14.7 0 42
      vertex 14.7 1.2 43.6
      vertex 14.7 1.2 42
    endloop
  endfacet
  facet normal -1 -0 0
    outer loop
      vertex 14.7 1.2 43.6
      vertex 14.7 0 42
      vertex 14.7 0 43.6
    endloop
  endfacet
  facet normal -1 0 0
    outer loop
      vertex 12.3 0 42
      vertex 12.3 1.2 43.6
      vertex 12.3 1.2 42
    endloop
  endfacet
  facet normal -1 -0 0
    outer loop
      vertex 12.3 1.2 43.6
      vertex 12.3 0 42
      vertex 12.3 0 43.6
    endloop
  endfacet
  facet normal -1 0 0
    outer loop
      vertex 12.3 0 44.4
      vertex 12.3 1.2 46
      vertex 12.3 1.2 44.4
    endloop
  endfacet
  facet normal -1 -0 0
    outer loop
      vertex 12.3 1.2 46
      vertex 12.3 0 44.4
      vertex 12.3 0 46
    endloop
  endfacet
  facet normal 1 -0 0
    outer loop
      vertex 13.1 0 46
      vertex 13.1 1.2 44.4
      vertex 13.1 1.2 46
    endloop
  endfacet
  facet normal 1 0 0
    outer loop
      vertex 13.1 1.2 44.4
      vertex 13.1 0 46
      vertex 13.1 0 44.4
    endloop
  endfacet
  facet normal 1 -0 0
    outer loop
      vertex 13.1 0 43.6
      vertex 13.1 1.2 42
      vertex 13.1 1.2 43.6
    endloop
  endfacet
  facet normal 1 0 0
    outer loop
      vertex 13.1 1.2 42
      vertex 13.1 0 43.6
      vertex 13.1 0 42
    endloop
  endfacet
  facet normal -0 0 1
    outer loop
      vertex 13.1 1.2 44.4
      vertex 14.7 0 44.4
      vertex 14.7 1.2 44.4
    endloop
  endfacet
  facet normal 0 0 1
    outer loop
      vertex 14.7 0 44.4
      vertex 13.1 1.2 44.4
      vertex 13.1 0 44.4
    endloop
  endfacet
  facet normal -0 0 1
    outer loop
      vertex 10.7 1.2 44.4
      vertex 12.3 0 44.4
      vertex 12.3 1.2 44.4
    endloop
  endfacet
  facet normal 0 0 1
    outer loop
      vertex 12.3 0 44.4
      vertex 10.7 1.2 44.4
      vertex 10.7 0 44.4
    endloop
  endfacet
  facet normal 0 0 -1
    outer loop
      vertex 13.1 0 43.6
      vertex 14.7 1.2 43.6
      vertex 14.7 0 43.6
    endloop
  endfacet
  facet normal -0 0 -1
    outer loop
      vertex 14.7 1.2 43.6
      vertex 13.1 0 43.6
      vertex 13.1 1.2 43.6
    endloop
  endfacet
  facet normal 0 0 -1
    outer loop
      vertex 10.7 0 43.6
      vertex 12.3 1.2 43.6
      vertex 12.3 0 43.6
    endloop
  endfacet
  facet normal -0 0 -1
    outer loop
      vertex 12.3 1.2 43.6
      vertex 10.7 0 43.6
      vertex 10.7 1.2 43.6
    endloop
  endfacet
  facet normal 1 -0 0
    outer loop
      vertex 10.2 0 11.5
      vertex 10.2 0.5 1.5
      vertex 10.2 0.5 11.5
    endloop
  endfacet
  facet normal 1 0 0
    outer loop
      vertex 10.2 0.5 1.5
      vertex 10.2 0 11.5
      vertex 10.2 0 1.5
    endloop
  endfacet
  facet normal 0 0 -1
    outer loop
      vertex 10.2 0 11.5
      vertex 15.2 0.5 11.5
      vertex 15.2 0 11.5
    endloop
  endfacet
  facet normal -0 0 -1
    outer loop
      vertex 15.2 0.5 11.5
      vertex 10.2 0 11.5
      vertex 10.2 0.5 11.5
    endloop
  endfacet
  facet normal -1 0 0
    outer loop
      vertex 15.2 0 1.5
      vertex 15.2 0.5 11.5
      vertex 15.2 0.5 1.5
    endloop
  endfacet
  facet normal -1 -0 0
    outer loop
      vertex 15.2 0.5 11.5
      vertex 15.2 0 1.5
      vertex 15.2 0 11.5
    endloop
  endfacet
  facet normal 0 -1 0
    outer loop
      vertex 10.2 0.5 1.5
      vertex 15.2 0.5 11.5
      vertex 10.2 0.5 11.5
    endloop
  endfacet
  facet normal 0 -1 -0
    outer loop
      vertex 15.2 0.5 11.5
      vertex 10.2 0.5 1.5
      vertex 15.2 0.5 1.5
    endloop
  endfacet
  facet normal -0 0 1
    outer loop
      vertex 10.2 0.5 1.5
      vertex 15.2 0 1.5
      vertex 15.2 0.5 1.5
    endloop
  endfacet
  facet normal 0 0 1
    outer loop
      vertex 15.2 0 1.5
      vertex 10.2 0.5 1.5
      vertex 10.2 0 1.5
    endloop
  endfacet
  facet normal 0.707107 0.707107 -0
    outer loop
      vertex 25.4 18.25 0.468628
      vertex 24.6 19.05 46.8778
      vertex 25.4 18.25 49.0757
    endloop
  endfacet
  facet normal 0.707107 0.707107 0
    outer loop
      vertex 24.6 19.05 46.8778
      vertex 25.4 18.25 0.468628
      vertex 24.6 19.05 0.800003
    endloop
  endfacet
  facet normal 0.707107 0.707107 0
    outer loop
      vertex 25.4 18.25 0.468628
      vertex 24.6 19.05 0.799995
      vertex 24.6 19.05 0.800003
    endloop
  endfacet
  facet normal 0.707107 0.707107 0
    outer loop
      vertex 25.4 18.25 0.468628
      vertex 24.6 19.05 0.799982
      vertex 24.6 19.05 0.799995
    endloop
  endfacet
  facet normal 0.500016 0.707106 -0.499986
    outer loop
      vertex 24.6 19.05 0.799982
      vertex 25.4 18.25 0.468628
      vertex 24.9314 18.25 0
    endloop
  endfacet
  facet normal 0 0 0
    outer loop
      vertex 24.6 19.05 0.800003
      vertex 24.6 19.05 0.799995
      vertex 24.6 19.05 0.799992
    endloop
  endfacet
  facet normal -0.499998 -0.707109 -0.499998
    outer loop
      vertex 0.800003 0 0.800003
      vertex 0 0.799999 0.468628
      vertex 0.468628 0.799999 0
    endloop
  endfacet
  facet normal 0.707106 -0.707107 0
    outer loop
      vertex 24.6 0 0.800003
      vertex 25.4 0.799999 54.281
      vertex 24.6 0 54.0864
    endloop
  endfacet
  facet normal 0.707106 -0.707107 0
    outer loop
      vertex 25.4 0.799999 54.281
      vertex 24.6 0 0.800003
      vertex 25.4 0.799999 0.468628
    endloop
  endfacet
  facet normal 0.888343 -0 0.45918
    outer loop
      vertex 25.2868 12.8172 54.5
      vertex 25.4 16.3554 54.281
      vertex 25.2868 16.2757 54.5
    endloop
  endfacet
  facet normal 0.888279 0 0.459304
    outer loop
      vertex 25.4 0.799999 54.281
      vertex 25.2213 12.7711 54.6266
      vertex 25.2213 0.799999 54.6266
    endloop
  endfacet
  facet normal 0.888169 -7.75966e-06 0.459516
    outer loop
      vertex 25.2213 12.7711 54.6266
      vertex 25.4 0.799999 54.281
      vertex 25.2868 12.8172 54.5
    endloop
  endfacet
  facet normal 0.888343 0 0.45918
    outer loop
      vertex 25.2868 12.8172 54.5
      vertex 25.4 0.799999 54.281
      vertex 25.4 16.3554 54.281
    endloop
  endfacet
  facet normal 0.578193 0 0.8159
    outer loop
      vertex 16.8741 10.6181 60.5419
      vertex 25.2213 0.799999 54.6266
      vertex 25.2213 12.7711 54.6266
    endloop
  endfacet
  facet normal 0.578193 0 0.8159
    outer loop
      vertex 25.2213 0.799999 54.6266
      vertex 16.8741 10.6181 60.5419
      vertex 16.8741 0.799999 60.5419
    endloop
  endfacet
  facet normal -0.707107 0 -0.707107
    outer loop
      vertex 0.468628 0.799999 0
      vertex 0 18.25 0.468628
      vertex 0.468628 18.25 0
    endloop
  endfacet
  facet normal -0.707107 -0 -0.707107
    outer loop
      vertex 0 18.25 0.468628
      vertex 0.468628 0.799999 0
      vertex 0 0.799999 0.468628
    endloop
  endfacet
  facet normal -0.499998 0.707109 -0.499998
    outer loop
      vertex 0.468628 18.25 0
      vertex 0 18.25 0.468628
      vertex 0.800003 19.05 0.800003
    endloop
  endfacet
  facet normal -0.707105 -0.707109 0
    outer loop
      vertex 0 0.799999 54.281
      vertex 0.800003 0 0.800003
      vertex 0.800003 0 54.0864
    endloop
  endfacet
  facet normal -0.707105 -0.707109 0
    outer loop
      vertex 0.800003 0 0.800003
      vertex 0 0.799999 54.281
      vertex 0 0.799999 0.468628
    endloop
  endfacet
  facet normal 0.408851 -0.707099 0.576933
    outer loop
      vertex 25.2213 0.799999 54.6266
      vertex 12.7 0 62.5195
      vertex 24.6 0 54.0864
    endloop
  endfacet
  facet normal -0.628099 -0.707108 0.324792
    outer loop
      vertex 0.178711 0.799999 54.6266
      vertex 0 0.799999 54.281
      vertex 0.800003 0 54.0864
    endloop
  endfacet
  facet normal -0.408853 -0.707102 0.576928
    outer loop
      vertex 8.52585 0.799999 60.5419
      vertex 12.7 0 62.5195
      vertex 12.4453 0.799994 63.3195
    endloop
  endfacet
  facet normal -0.408857 -0.707088 0.576942
    outer loop
      vertex 12.7 0 62.5195
      vertex 8.52585 0.799999 60.5419
      vertex 0.178711 0.799999 54.6266
    endloop
  endfacet
  facet normal 0.628106 -0.707109 0.324776
    outer loop
      vertex 25.2213 0.799999 54.6266
      vertex 24.6 0 54.0864
      vertex 25.4 0.799999 54.281
    endloop
  endfacet
  facet normal 0 0.707099 -0.707115
    outer loop
      vertex 24.9314 18.25 0
      vertex 24.6 18.25 0
      vertex 24.6 19.05 0.799982
    endloop
  endfacet
  facet normal 0 1 -0
    outer loop
      vertex 1.2 19.05 0.799992
      vertex 0.800003 19.05 0.800003
      vertex 1.2 19.05 0.800003
    endloop
  endfacet
  facet normal 0 1 0
    outer loop
      vertex 0.799999 19.05 0.799992
      vertex 0.800003 19.05 0.800003
      vertex 1.2 19.05 0.799992
    endloop
  endfacet
  facet normal -0.938733 0.0474821 0.341358
    outer loop
      vertex 0.799999 19.05 0.799992
      vertex 0.468628 18.25 0
      vertex 0.800003 19.05 0.800003
    endloop
  endfacet
  facet normal 0 0.707103 -0.70711
    outer loop
      vertex 0.468628 18.25 0
      vertex 0.799999 19.05 0.799992
      vertex 0.799999 18.25 0
    endloop
  endfacet
  facet normal 0 1 0
    outer loop
      vertex 24.2 19.05 0.799992
      vertex 24.6 19.05 0.800003
      vertex 24.6 19.05 0.799992
    endloop
  endfacet
  facet normal 0 1 0
    outer loop
      vertex 24.6 19.05 0.800003
      vertex 24.2 19.05 0.799992
      vertex 24.2 19.05 0.800003
    endloop
  endfacet
  facet normal 0.707128 0 -0.707086
    outer loop
      vertex 25.4 0.799999 0.468628
      vertex 24.9314 18.25 0
      vertex 25.4 18.25 0.468628
    endloop
  endfacet
  facet normal 0.707128 0 -0.707086
    outer loop
      vertex 24.9314 18.25 0
      vertex 25.4 0.799999 0.468628
      vertex 24.9314 0.799999 0
    endloop
  endfacet
  facet normal -0.707105 0.707108 0
    outer loop
      vertex 0 18.25 0.468628
      vertex 0.800003 19.05 46.8778
      vertex 0.800003 19.05 0.800003
    endloop
  endfacet
  facet normal -0.707105 0.707108 0
    outer loop
      vertex 0.800003 19.05 46.8778
      vertex 0 18.25 0.468628
      vertex 0 18.25 49.0757
    endloop
  endfacet
  facet normal -0 0 1
    outer loop
      vertex 12.4453 9.60712 63.3195
      vertex 12.9547 0.799999 63.3195
      vertex 12.9547 9.60712 63.3195
    endloop
  endfacet
  facet normal 0 0 1
    outer loop
      vertex 12.9547 0.799999 63.3195
      vertex 12.4453 9.60712 63.3195
      vertex 12.4453 0.799999 63.3195
    endloop
  endfacet
  facet normal -0.888277 0 0.459308
    outer loop
      vertex 0 16.3554 54.281
      vertex 0.11324 12.8172 54.5
      vertex 0.11324 16.2757 54.5
    endloop
  endfacet
  facet normal -0.888277 0 0.459308
    outer loop
      vertex 0 0.799999 54.281
      vertex 0.11324 12.8172 54.5
      vertex 0 16.3554 54.281
    endloop
  endfacet
  facet normal -0.888251 -1.1397e-06 0.459358
    outer loop
      vertex 0 0.799999 54.281
      vertex 0.178711 12.7711 54.6266
      vertex 0.11324 12.8172 54.5
    endloop
  endfacet
  facet normal -0.888268 0 0.459326
    outer loop
      vertex 0.178711 12.7711 54.6266
      vertex 0 0.799999 54.281
      vertex 0.178711 0.799999 54.6266
    endloop
  endfacet
  facet normal -0.408853 -0.707097 0.576934
    outer loop
      vertex 12.7 0 62.5195
      vertex 0.178711 0.799999 54.6266
      vertex 0.800003 0 54.0864
    endloop
  endfacet
  facet normal 0.500011 -0.707113 -0.499981
    outer loop
      vertex 25.4 0.799999 0.468628
      vertex 24.6 0 0.800003
      vertex 24.9314 0.799999 0
    endloop
  endfacet
  facet normal -0.578196 0 0.815898
    outer loop
      vertex 0.178711 0.799999 54.6266
      vertex 8.52585 10.6181 60.5419
      vertex 0.178711 12.7711 54.6266
    endloop
  endfacet
  facet normal -0.578196 0 0.815898
    outer loop
      vertex 8.52585 10.6181 60.5419
      vertex 0.178711 0.799999 54.6266
      vertex 8.52585 0.799999 60.5419
    endloop
  endfacet
  facet normal 0.952873 0 0.303371
    outer loop
      vertex 12.7 0 62.5195
      vertex 12.4453 0.799999 63.3195
      vertex 12.4453 0.799994 63.3195
    endloop
  endfacet
  facet normal 0 -0.707107 0.707106
    outer loop
      vertex 12.4453 0.799999 63.3195
      vertex 12.7 0 62.5195
      vertex 12.9547 0.799999 63.3195
    endloop
  endfacet
  facet normal -0.952873 0 0.303371
    outer loop
      vertex 12.9547 0.799999 63.3195
      vertex 12.7 0 62.5195
      vertex 12.9547 0.799994 63.3195
    endloop
  endfacet
  facet normal 0.408857 -0.707101 0.576926
    outer loop
      vertex 12.7 0 62.5195
      vertex 16.8741 0.799999 60.5419
      vertex 12.9547 0.799994 63.3195
    endloop
  endfacet
  facet normal 0.408867 -0.707068 0.57696
    outer loop
      vertex 16.8741 0.799999 60.5419
      vertex 12.7 0 62.5195
      vertex 25.2213 0.799999 54.6266
    endloop
  endfacet
  facet normal 0 -0.707109 -0.707105
    outer loop
      vertex 0.468628 0.799999 0
      vertex 24.6 0 0.800003
      vertex 0.800003 0 0.800003
    endloop
  endfacet
  facet normal 0 -0.707109 -0.707105
    outer loop
      vertex 24.6 0 0.800003
      vertex 0.468628 0.799999 0
      vertex 24.9314 0.799999 0
    endloop
  endfacet
  facet normal -1 0 0
    outer loop
      vertex 0.799999 18.65 0
      vertex 0.799999 19.05 0.799992
      vertex 0.799999 19.05 0.399994
    endloop
  endfacet
  facet normal -1 0 0
    outer loop
      vertex 0.799999 19.05 0.799992
      vertex 0.799999 18.65 0
      vertex 0.799999 18.25 0
    endloop
  endfacet
  facet normal 0 -0 0
    outer loop
      vertex 24.6 19.05 0.799982
      vertex 24.6 19.05 0.399994
      vertex 24.6 19.05 0.799995
    endloop
  endfacet
  facet normal 1 0 0
    outer loop
      vertex 24.6 19.05 0.799982
      vertex 24.6 18.65 0
      vertex 24.6 19.05 0.399994
    endloop
  endfacet
  facet normal 1 0 -0
    outer loop
      vertex 24.6 18.65 0
      vertex 24.6 19.05 0.799982
      vertex 24.6 18.25 0
    endloop
  endfacet
  facet normal 0 0.707101 -0.707112
    outer loop
      vertex 6 18.65 0
      vertex 0.799999 19.05 0.399994
      vertex 6 19.05 0.399994
    endloop
  endfacet
  facet normal 0 0.707101 -0.707112
    outer loop
      vertex 0.799999 19.05 0.399994
      vertex 6 18.65 0
      vertex 0.799999 18.65 0
    endloop
  endfacet
  facet normal 0 1 0
    outer loop
      vertex 6 19.05 2.19985
      vertex 1.2 19.05 0.799992
      vertex 1.2 19.05 2.19985
    endloop
  endfacet
  facet normal 0 1 -0
    outer loop
      vertex 6 19.05 0.399994
      vertex 1.2 19.05 0.799992
      vertex 6 19.05 2.19985
    endloop
  endfacet
  facet normal 0 1 0
    outer loop
      vertex 0.799999 19.05 0.399994
      vertex 1.2 19.05 0.799992
      vertex 6 19.05 0.399994
    endloop
  endfacet
  facet normal 0 1 0
    outer loop
      vertex 1.2 19.05 0.799992
      vertex 0.799999 19.05 0.399994
      vertex 0.799999 19.05 0.799992
    endloop
  endfacet
  facet normal 0 0.707101 -0.707112
    outer loop
      vertex 24.6 18.65 0
      vertex 19.4 19.05 0.399994
      vertex 24.6 19.05 0.399994
    endloop
  endfacet
  facet normal 0 0.707101 -0.707112
    outer loop
      vertex 19.4 19.05 0.399994
      vertex 24.6 18.65 0
      vertex 19.4 18.65 0
    endloop
  endfacet
  facet normal 0 1 0
    outer loop
      vertex 24.6 19.05 0.799992
      vertex 24.6 19.05 0.399994
      vertex 24.2 19.05 0.799992
    endloop
  endfacet
  facet normal 0 0 0
    outer loop
      vertex 24.6 19.05 0.399994
      vertex 24.6 19.05 0.799992
      vertex 24.6 19.05 0.799995
    endloop
  endfacet
  facet normal 0 1 -0
    outer loop
      vertex 24.2 19.05 0.799992
      vertex 19.4 19.05 2.19985
      vertex 24.2 19.05 2.19985
    endloop
  endfacet
  facet normal 0 1 0
    outer loop
      vertex 19.4 19.05 0.399994
      vertex 24.2 19.05 0.799992
      vertex 24.6 19.05 0.399994
    endloop
  endfacet
  facet normal 0 1 0
    outer loop
      vertex 24.2 19.05 0.799992
      vertex 19.4 19.05 0.399994
      vertex 19.4 19.05 2.19985
    endloop
  endfacet
  facet normal -0.578201 0.815895 0
    outer loop
      vertex 12.4453 77.9695 0.8
      vertex 8.52585 75.1919 8.16589
      vertex 12.4453 77.9695 9.17683
    endloop
  endfacet
  facet normal -0.578201 0.815895 0
    outer loop
      vertex 12.4453 77.9695 0.8
      vertex 8.52585 75.1919 0.8
      vertex 8.52585 75.1919 8.16589
    endloop
  endfacet
  facet normal -0.578201 0.815895 0
    outer loop
      vertex 8.52585 75.1919 0.8
      vertex 12.4453 77.9695 0.8
      vertex 12.4453 77.9695 0.799995
    endloop
  endfacet
  facet normal 0 0 -1
    outer loop
      vertex 6.35 19.35 7.62939e-07
      vertex 19.05 19.35 7.62939e-07
      vertex 19.05 16.85 7.62939e-07
    endloop
  endfacet
  facet normal 0 0 -1
    outer loop
      vertex 6.35 19.35 7.62939e-07
      vertex 19.05 16.85 7.62939e-07
      vertex 6.35 16.85 7.62939e-07
    endloop
  endfacet
  facet normal 0 0 -1
    outer loop
      vertex 19.05 19.35 7.62939e-07
      vertex 6.35 19.35 7.62939e-07
      vertex 1.5 62.2587 7.62939e-07
    endloop
  endfacet
  facet normal 0 0 -1
    outer loop
      vertex 1.5 62.2587 7.62939e-07
      vertex 6.35 19.35 7.62939e-07
      vertex 1.5 19.35 7.62939e-07
    endloop
  endfacet
  facet normal 0 0 -1
    outer loop
      vertex 19.05 19.35 7.62939e-07
      vertex 1.5 62.2587 7.62939e-07
      vertex 12.7 77.1695 7.62939e-07
    endloop
  endfacet
  facet normal 0 0 -1
    outer loop
      vertex 0.800003 68.7364 7.62939e-07
      vertex 1.5 62.2587 7.62939e-07
      vertex 0.800003 62.2587 7.62939e-07
    endloop
  endfacet
  facet normal 0 0 -1
    outer loop
      vertex 1.5 62.2587 7.62939e-07
      vertex 0.800003 68.7364 7.62939e-07
      vertex 12.7 77.1695 7.62939e-07
    endloop
  endfacet
  facet normal 0 0 -1
    outer loop
      vertex 19.05 19.35 7.62939e-07
      vertex 23.9 62.2587 7.62939e-07
      vertex 23.9 19.35 7.62939e-07
    endloop
  endfacet
  facet normal 0 0 -1
    outer loop
      vertex 22.6 70.1537 7.62939e-07
      vertex 19.2 72.5632 7.62939e-07
      vertex 22.6 78.7106 7.62939e-07
    endloop
  endfacet
  facet normal 0 0 -1
    outer loop
      vertex 12.7 77.1695 7.62939e-07
      vertex 23.9 62.2587 7.62939e-07
      vertex 19.05 19.35 7.62939e-07
    endloop
  endfacet
  facet normal 0 0 -1
    outer loop
      vertex 23.9 62.2587 7.62939e-07
      vertex 19.2 72.5632 7.62939e-07
      vertex 22.6 70.1537 7.62939e-07
    endloop
  endfacet
  facet normal 0 0 -1
    outer loop
      vertex 23.9 62.2587 7.62939e-07
      vertex 12.7 77.1695 7.62939e-07
      vertex 19.2 72.5632 7.62939e-07
    endloop
  endfacet
  facet normal 0 0 -1
    outer loop
      vertex 23.9 62.2587 7.62939e-07
      vertex 24.6 68.7364 7.62939e-07
      vertex 24.6 62.2587 7.62939e-07
    endloop
  endfacet
  facet normal -0 0 -1
    outer loop
      vertex 24.6 68.7364 7.62939e-07
      vertex 23.9 62.2587 7.62939e-07
      vertex 22.6 70.1537 7.62939e-07
    endloop
  endfacet
  facet normal -0 0 -1
    outer loop
      vertex 22.6 78.7106 7.62939e-07
      vertex 19.2 72.5632 7.62939e-07
      vertex 19.2 78.7106 7.62939e-07
    endloop
  endfacet
  facet normal 0.578206 0.815891 0
    outer loop
      vertex 12.9547 77.9695 0.8
      vertex 16.8741 75.1919 8.16589
      vertex 16.8741 75.1919 0.8
    endloop
  endfacet
  facet normal 0.578206 0.815891 0
    outer loop
      vertex 16.8741 75.1919 8.16589
      vertex 12.9547 77.9695 0.8
      vertex 12.9547 77.9695 9.17683
    endloop
  endfacet
  facet normal 0.578206 0.815891 0
    outer loop
      vertex 12.9547 77.9695 0.8
      vertex 16.8741 75.1919 0.8
      vertex 12.9547 77.9695 0.799995
    endloop
  endfacet
  facet normal -1 0 0
    outer loop
      vertex 0 68.931 0.8
      vertex 0 64.4567 0.8
      vertex 0 68.931 2.42851
    endloop
  endfacet
  facet normal 1 0 0
    outer loop
      vertex 25.4 68.931 2.42851
      vertex 25.4 64.4567 0.8
      vertex 25.4 68.931 0.8
    endloop
  endfacet
  facet normal 0.578195 -0.815898 0
    outer loop
      vertex 12.7 76.6792 1.2
      vertex 1.2 68.5296 2.28242
      vertex 1.2 68.5296 1.2
    endloop
  endfacet
  facet normal 0.578195 -0.815898 0
    outer loop
      vertex 1.2 68.5296 2.28242
      vertex 12.7 76.6792 1.2
      vertex 12.7 76.6792 5.24864
    endloop
  endfacet
  facet normal -0 0 1
    outer loop
      vertex 1.2 68.5296 1.2
      vertex 1.5 65.5557 1.2
      vertex 12.7 76.6792 1.2
    endloop
  endfacet
  facet normal 0 0 1
    outer loop
      vertex 1.5 65.5557 1.2
      vertex 1.2 68.5296 1.2
      vertex 1.2 65.5557 1.2
    endloop
  endfacet
  facet normal 0 0 1
    outer loop
      vertex 24.2 68.5296 1.2
      vertex 23.9 65.5557 1.2
      vertex 24.2 65.5557 1.2
    endloop
  endfacet
  facet normal 0 0 1
    outer loop
      vertex 12.7 76.6792 1.2
      vertex 23.9 65.5557 1.2
      vertex 24.2 68.5296 1.2
    endloop
  endfacet
  facet normal 0 0 1
    outer loop
      vertex 1.5 65.5557 1.2
      vertex 23.9 65.5557 1.2
      vertex 12.7 76.6792 1.2
    endloop
  endfacet
  facet normal 0 0 1
    outer loop
      vertex 23.9 65.5557 1.2
      vertex 1.5 65.5557 1.2
      vertex 23.9 51.2517 1.2
    endloop
  endfacet
  facet normal 0 0 1
    outer loop
      vertex 23.9 51.2517 1.2
      vertex 1.5 65.5557 1.2
      vertex 1.5 51.2517 1.2
    endloop
  endfacet
  facet normal 0 0 1
    outer loop
      vertex 23.9 47.0517 1.2
      vertex 19.05 19.35 1.2
      vertex 23.9 19.35 1.2
    endloop
  endfacet
  facet normal 0 0 1
    outer loop
      vertex 19.05 19.35 1.2
      vertex 6.35 19.35 1.2
      vertex 19.05 18.8095 1.2
    endloop
  endfacet
  facet normal 0 0 1
    outer loop
      vertex 23.9 47.0517 1.2
      vertex 6.35 19.35 1.2
      vertex 19.05 19.35 1.2
    endloop
  endfacet
  facet normal -0 0 1
    outer loop
      vertex 1.5 47.0517 1.2
      vertex 6.35 19.35 1.2
      vertex 23.9 47.0517 1.2
    endloop
  endfacet
  facet normal 0 0 1
    outer loop
      vertex 6.35 19.35 1.2
      vertex 1.5 47.0517 1.2
      vertex 1.5 19.35 1.2
    endloop
  endfacet
  facet normal 0 0 1
    outer loop
      vertex 19.05 18.8095 1.2
      vertex 6.35 19.35 1.2
      vertex 6.35 18.8095 1.2
    endloop
  endfacet
  facet normal -0.578195 -0.815898 0
    outer loop
      vertex 12.7 76.6792 1.2
      vertex 24.2 68.5296 2.28242
      vertex 12.7 76.6792 5.24864
    endloop
  endfacet
  facet normal -0.578195 -0.815898 -0
    outer loop
      vertex 24.2 68.5296 2.28242
      vertex 12.7 76.6792 1.2
      vertex 24.2 68.5296 1.2
    endloop
  endfacet
  facet normal 1 0 -0
    outer loop
      vertex 1.2 68.5296 1.2
      vertex 1.2 68.5296 2.28242
      vertex 1.2 65.5557 1.2
    endloop
  endfacet
  facet normal -1 0 -0
    outer loop
      vertex 24.2 68.5296 2.28242
      vertex 24.2 68.5296 1.2
      vertex 24.2 65.5557 1.2
    endloop
  endfacet
  facet normal 8.41087e-06 -0.342027 0.93969
    outer loop
      vertex 24.2 68.5296 2.28242
      vertex 25.4 68.931 2.42851
      vertex 25.2221 69.275 2.55372
    endloop
  endfacet
  facet normal -2.18596e-06 -0.34202 0.939693
    outer loop
      vertex 25.4 68.931 2.42851
      vertex 24.2 65.5557 1.2
      vertex 25.4 64.4567 0.8
    endloop
  endfacet
  facet normal 6.93496e-06 -0.342023 0.939692
    outer loop
      vertex 25.4 68.931 2.42851
      vertex 24.2 68.5296 2.28242
      vertex 24.2 65.5557 1.2
    endloop
  endfacet
  facet normal 0 -0.342016 0.939694
    outer loop
      vertex 23.84 69.275 2.55372
      vertex 24.2 68.5296 2.28242
      vertex 25.2221 69.275 2.55372
    endloop
  endfacet
  facet normal 1.95836e-05 -0.341995 0.939702
    outer loop
      vertex 12.7 76.6792 5.24864
      vertex 23.84 69.275 2.55372
      vertex 12.7 77.1695 5.42708
    endloop
  endfacet
  facet normal 5.65126e-06 -0.342014 0.939695
    outer loop
      vertex 23.84 69.275 2.55372
      vertex 12.7 76.6792 5.24864
      vertex 24.2 68.5296 2.28242
    endloop
  endfacet
  facet normal -1.95836e-05 -0.341995 0.939702
    outer loop
      vertex 1.56001 69.275 2.55372
      vertex 12.7 76.6792 5.24864
      vertex 12.7 77.1695 5.42708
    endloop
  endfacet
  facet normal -5.65134e-06 -0.342014 0.939695
    outer loop
      vertex 1.56001 69.275 2.55372
      vertex 1.2 68.5296 2.28242
      vertex 12.7 76.6792 5.24864
    endloop
  endfacet
  facet normal -6.93496e-06 -0.342023 0.939692
    outer loop
      vertex 0 68.931 2.42851
      vertex 1.2 65.5557 1.2
      vertex 1.2 68.5296 2.28242
    endloop
  endfacet
  facet normal 0 -0.342016 0.939694
    outer loop
      vertex 0.177867 69.275 2.55372
      vertex 1.2 68.5296 2.28242
      vertex 1.56001 69.275 2.55372
    endloop
  endfacet
  facet normal -8.4111e-06 -0.342027 0.93969
    outer loop
      vertex 0 68.931 2.42851
      vertex 1.2 68.5296 2.28242
      vertex 0.177867 69.275 2.55372
    endloop
  endfacet
  facet normal 2.18596e-06 -0.34202 0.939693
    outer loop
      vertex 1.2 65.5557 1.2
      vertex 0 68.931 2.42851
      vertex 0 64.4567 0.8
    endloop
  endfacet
  facet normal -2.2404e-07 -0.342017 0.939694
    outer loop
      vertex 1.2 65.5557 1.2
      vertex 0 64.4567 0.8
      vertex 0.800003 62.2587 7.62939e-07
    endloop
  endfacet
  facet normal 0 -0.342018 0.939694
    outer loop
      vertex 23.9 65.5557 1.2
      vertex 25.4 64.4567 0.8
      vertex 24.2 65.5557 1.2
    endloop
  endfacet
  facet normal 1.59318e-07 -0.342017 0.939694
    outer loop
      vertex 25.4 64.4567 0.8
      vertex 23.9 65.5557 1.2
      vertex 23.9 62.2587 7.62939e-07
    endloop
  endfacet
  facet normal 0 -0.342017 0.939694
    outer loop
      vertex 25.4 64.4567 0.8
      vertex 23.9 62.2587 7.62939e-07
      vertex 24.6 62.2587 7.62939e-07
    endloop
  endfacet
  facet normal 0 -0.342017 0.939694
    outer loop
      vertex 1.2 65.5557 1.2
      vertex 1.5 62.2587 7.62939e-07
      vertex 1.5 65.5557 1.2
    endloop
  endfacet
  facet normal 0 -0.342017 0.939694
    outer loop
      vertex 1.5 62.2587 7.62939e-07
      vertex 1.2 65.5557 1.2
      vertex 0.800003 62.2587 7.62939e-07
    endloop
  endfacet
  facet normal 0.577915 -0.816097 0.000672327
    outer loop
      vertex 12.7 77.1695 8.88566
      vertex 9.5593 74.9438 6.90622
      vertex 9.64218 75.0025 6.91713
    endloop
  endfacet
  facet normal 0.578177 -0.815912 4.77413e-05
    outer loop
      vertex 12.7 77.1695 8.88566
      vertex 8.43038 74.1438 6.61504
      vertex 9.5593 74.9438 6.90622
    endloop
  endfacet
  facet normal 0.578199 -0.815896 -1.54922e-05
    outer loop
      vertex 1.56001 69.275 6.0123
      vertex 8.43038 74.1438 6.61504
      vertex 12.7 77.1695 8.88566
    endloop
  endfacet
  facet normal 0.578192 -0.815901 0.000103902
    outer loop
      vertex 1.56001 69.275 6.0123
      vertex 5.5593 72.1091 5.8745
      vertex 8.43038 74.1438 6.61504
    endloop
  endfacet
  facet normal 0.578159 -0.815923 -0.0013116
    outer loop
      vertex 1.56001 69.275 6.0123
      vertex 5.52823 72.0871 5.86451
      vertex 5.5593 72.1091 5.8745
    endloop
  endfacet
  facet normal 0.578198 -0.815896 0.000242102
    outer loop
      vertex 1.56001 69.275 6.0123
      vertex 5.48224 72.0545 5.83608
      vertex 5.52823 72.0871 5.86451
    endloop
  endfacet
  facet normal 0.578171 -0.815915 -0.000655071
    outer loop
      vertex 1.56001 69.275 6.0123
      vertex 5.43126 72.0184 5.80458
      vertex 5.48224 72.0545 5.83608
    endloop
  endfacet
  facet normal 0.57808 -0.815974 -0.00312529
    outer loop
      vertex 1.56001 69.275 6.0123
      vertex 5.42019 72.0106 5.79346
      vertex 5.43126 72.0184 5.80458
    endloop
  endfacet
  facet normal 0.578216 -0.815884 0.000395459
    outer loop
      vertex 1.56001 69.275 6.0123
      vertex 5.39918 71.9957 5.77235
      vertex 5.42019 72.0106 5.79346
    endloop
  endfacet
  facet normal 0.578182 -0.815908 -0.000428431
    outer loop
      vertex 1.56001 69.275 6.0123
      vertex 5.37093 71.9757 5.73623
      vertex 5.39918 71.9957 5.77235
    endloop
  endfacet
  facet normal 0.5782 -0.815895 -4.9747e-05
    outer loop
      vertex 1.56001 69.275 6.0123
      vertex 5.35964 71.9677 5.7218
      vertex 5.37093 71.9757 5.73623
    endloop
  endfacet
  facet normal 0.57821 -0.815888 0.000155509
    outer loop
      vertex 1.56001 69.275 6.0123
      vertex 5.33228 71.9483 5.6679
      vertex 5.35964 71.9677 5.7218
    endloop
  endfacet
  facet normal 0.578283 -0.815835 0.00135324
    outer loop
      vertex 1.56001 69.275 6.0123
      vertex 5.31276 71.9344 5.62945
      vertex 5.33228 71.9483 5.6679
    endloop
  endfacet
  facet normal 0.578142 -0.815936 -0.000729241
    outer loop
      vertex 1.56001 69.275 6.0123
      vertex 5.29334 71.9207 5.562
      vertex 5.31276 71.9344 5.62945
    endloop
  endfacet
  facet normal 0.578335 -0.815798 0.00168822
    outer loop
      vertex 1.56001 69.275 6.0123
      vertex 5.28552 71.9151 5.53482
      vertex 5.29334 71.9207 5.562
    endloop
  endfacet
  facet normal 0.578182 -0.815908 -0.000119664
    outer loop
      vertex 1.56001 69.275 6.0123
      vertex 5.28354 71.9137 5.51369
      vertex 5.28552 71.9151 5.53482
    endloop
  endfacet
  facet normal 0.578168 -0.815918 -0.000272357
    outer loop
      vertex 1.56001 69.275 6.0123
      vertex 5.27659 71.9088 5.43926
      vertex 5.28354 71.9137 5.51369
    endloop
  endfacet
  facet normal 0.578225 -0.815877 0.0002803
    outer loop
      vertex 1.56001 69.275 6.0123
      vertex 5.28354 71.9137 5.36483
      vertex 5.27659 71.9088 5.43926
    endloop
  endfacet
  facet normal 0.578207 -0.81589 0.00012311
    outer loop
      vertex 1.56001 69.275 6.0123
      vertex 5.28552 71.9151 5.34369
      vertex 5.28354 71.9137 5.36483
    endloop
  endfacet
  facet normal 0.57797 -0.816056 -0.00184708
    outer loop
      vertex 1.56001 69.275 6.0123
      vertex 5.29334 71.9207 5.31652
      vertex 5.28552 71.9151 5.34369
    endloop
  endfacet
  facet normal 0.578299 -0.815824 0.000797241
    outer loop
      vertex 1.56001 69.275 6.0123
      vertex 5.31276 71.9344 5.24907
      vertex 5.29334 71.9207 5.31652
    endloop
  endfacet
  facet normal 0.578191 -0.815901 0
    outer loop
      vertex 1.56001 69.275 2.55372
      vertex 5.31276 71.9344 5.24907
      vertex 1.56001 69.275 6.0123
    endloop
  endfacet
  facet normal 0.578689 -0.815547 -0.00104245
    outer loop
      vertex 5.31276 71.9344 5.24907
      vertex 1.56001 69.275 2.55372
      vertex 5.33228 71.9483 5.21061
    endloop
  endfacet
  facet normal 0.578257 -0.815855 -0.000119874
    outer loop
      vertex 5.33228 71.9483 5.21061
      vertex 1.56001 69.275 2.55372
      vertex 5.35964 71.9677 5.15672
    endloop
  endfacet
  facet normal 0.578102 -0.815964 0.000220475
    outer loop
      vertex 5.35964 71.9677 5.15672
      vertex 1.56001 69.275 2.55372
      vertex 5.39918 71.9957 5.10616
    endloop
  endfacet
  facet normal 0.57797 -0.816058 0.0005196
    outer loop
      vertex 5.39918 71.9957 5.10616
      vertex 1.56001 69.275 2.55372
      vertex 5.43126 72.0184 5.07394
    endloop
  endfacet
  facet normal 0.578045 -0.816005 0.000346671
    outer loop
      vertex 5.43126 72.0184 5.07394
      vertex 1.56001 69.275 2.55372
      vertex 5.48224 72.0545 5.04243
    endloop
  endfacet
  facet normal 0.578245 -0.815863 -0.000128172
    outer loop
      vertex 5.48224 72.0545 5.04243
      vertex 1.56001 69.275 2.55372
      vertex 5.52823 72.0871 5.01401
    endloop
  endfacet
  facet normal 0.57831 -0.815817 -0.000286566
    outer loop
      vertex 5.52823 72.0871 5.01401
      vertex 1.56001 69.275 2.55372
      vertex 5.54036 72.0957 5.01011
    endloop
  endfacet
  facet normal 0.578551 -0.815646 -0.000886167
    outer loop
      vertex 5.5593 72.1091 5.00402
      vertex 1.56001 69.275 2.55372
      vertex 5.64218 72.1679 4.99311
    endloop
  endfacet
  facet normal 0.577778 -0.816193 0.0010077
    outer loop
      vertex 5.54036 72.0957 5.01011
      vertex 1.56001 69.275 2.55372
      vertex 5.5593 72.1091 5.00402
    endloop
  endfacet
  facet normal 0.578556 -0.815642 -0.000825369
    outer loop
      vertex 9.72506 75.0613 6.90622
      vertex 12.7 77.1695 8.88566
      vertex 9.64218 75.0025 6.91713
    endloop
  endfacet
  facet normal 0.577767 -0.816201 0.000956211
    outer loop
      vertex 9.744 75.0747 6.90014
      vertex 12.7 77.1695 8.88566
      vertex 9.72506 75.0613 6.90622
    endloop
  endfacet
  facet normal 0.578315 -0.815814 -0.000267473
    outer loop
      vertex 9.75613 75.0833 6.89624
      vertex 12.7 77.1695 8.88566
      vertex 9.744 75.0747 6.90014
    endloop
  endfacet
  facet normal 0.578248 -0.815861 -0.000120264
    outer loop
      vertex 9.80212 75.1159 6.86781
      vertex 12.7 77.1695 8.88566
      vertex 9.75613 75.0833 6.89624
    endloop
  endfacet
  facet normal 0.578039 -0.816009 0.000332282
    outer loop
      vertex 9.8531 75.152 6.83631
      vertex 12.7 77.1695 8.88566
      vertex 9.80212 75.1159 6.86781
    endloop
  endfacet
  facet normal 0.577958 -0.816067 0.000501315
    outer loop
      vertex 9.88518 75.1747 6.80407
      vertex 12.7 77.1695 8.88566
      vertex 9.8531 75.152 6.83631
    endloop
  endfacet
  facet normal 0.578766 -0.815493 -0.00114228
    outer loop
      vertex 9.91343 75.1948 6.76795
      vertex 12.7 77.1695 8.88566
      vertex 9.88518 75.1747 6.80407
    endloop
  endfacet
  facet normal 0.578177 -0.815911 2.2943e-05
    outer loop
      vertex 9.92472 75.2028 6.75352
      vertex 12.7 77.1695 8.88566
      vertex 9.91343 75.1948 6.76795
    endloop
  endfacet
  facet normal 0.577695 -0.816252 0.000965894
    outer loop
      vertex 9.95208 75.2221 6.69963
      vertex 12.7 77.1695 8.88566
      vertex 9.92472 75.2028 6.75352
    endloop
  endfacet
  facet normal 0.578738 -0.815513 -0.00100526
    outer loop
      vertex 9.9716 75.236 6.66118
      vertex 12.7 77.1695 8.88566
      vertex 9.95208 75.2221 6.69963
    endloop
  endfacet
  facet normal 0.577863 -0.816134 0.000608751
    outer loop
      vertex 9.99102 75.2497 6.59373
      vertex 12.7 77.1695 8.88566
      vertex 9.9716 75.236 6.66118
    endloop
  endfacet
  facet normal 0.577633 -0.816294 -0.00199246
    outer loop
      vertex 12.7 77.1695 5.42708
      vertex 9.99102 75.2497 6.59373
      vertex 9.99884 75.2553 6.56655
    endloop
  endfacet
  facet normal 0.57807 -0.815987 -0.000443052
    outer loop
      vertex 12.7 77.1695 5.42708
      vertex 9.99884 75.2553 6.56655
      vertex 10.0008 75.2567 6.54541
    endloop
  endfacet
  facet normal 0.578382 -0.815766 0.000690899
    outer loop
      vertex 12.7 77.1695 5.42708
      vertex 10.0008 75.2567 6.54541
      vertex 10.0078 75.2616 6.47098
    endloop
  endfacet
  facet normal 0.578038 -0.81601 -0.000642557
    outer loop
      vertex 12.7 77.1695 5.42708
      vertex 10.0078 75.2616 6.47098
      vertex 10.0008 75.2567 6.39656
    endloop
  endfacet
  facet normal 0.57829 -0.815831 0.000412224
    outer loop
      vertex 12.7 77.1695 5.42708
      vertex 10.0008 75.2567 6.39656
      vertex 9.99884 75.2553 6.37542
    endloop
  endfacet
  facet normal 0.578565 -0.815635 0.00158874
    outer loop
      vertex 12.7 77.1695 5.42708
      vertex 9.99884 75.2553 6.37542
      vertex 9.99102 75.2497 6.34824
    endloop
  endfacet
  facet normal 0.578049 -0.816001 -0.000689419
    outer loop
      vertex 12.7 77.1695 5.42708
      vertex 9.99102 75.2497 6.34824
      vertex 9.9716 75.236 6.28079
    endloop
  endfacet
  facet normal 0.578448 -0.815718 0.00122682
    outer loop
      vertex 12.7 77.1695 5.42708
      vertex 9.9716 75.236 6.28079
      vertex 9.95208 75.2221 6.24234
    endloop
  endfacet
  facet normal 0.577973 -0.816055 -0.00117821
    outer loop
      vertex 12.7 77.1695 5.42708
      vertex 9.95208 75.2221 6.24234
      vertex 9.92472 75.2028 6.18845
    endloop
  endfacet
  facet normal 0.578183 -0.815907 -3.02423e-05
    outer loop
      vertex 12.7 77.1695 5.42708
      vertex 9.92472 75.2028 6.18845
      vertex 9.91343 75.1948 6.17402
    endloop
  endfacet
  facet normal 0.578457 -0.815712 0.00150565
    outer loop
      vertex 12.7 77.1695 5.42708
      vertex 9.91343 75.1948 6.17402
      vertex 9.88518 75.1747 6.13789
    endloop
  endfacet
  facet normal 0.578087 -0.815975 -0.00069555
    outer loop
      vertex 12.7 77.1695 5.42708
      vertex 9.88518 75.1747 6.13789
      vertex 9.8531 75.152 6.10566
    endloop
  endfacet
  facet normal 0.0773282 0.319255 -0.944509
    outer loop
      vertex 9.72506 75.0613 6.03575
      vertex 9.75613 75.0833 6.04573
      vertex 9.744 75.0747 6.04183
    endloop
  endfacet
  facet normal 0.578206 -0.815891 0
    outer loop
      vertex 9.99102 75.2497 6.59373
      vertex 12.7 77.1695 5.42708
      vertex 12.7 77.1695 8.88566
    endloop
  endfacet
  facet normal 0.578115 -0.815955 -0.000519101
    outer loop
      vertex 9.80212 75.1159 6.07416
      vertex 12.7 77.1695 5.42708
      vertex 9.8531 75.152 6.10566
    endloop
  endfacet
  facet normal 0.578221 -0.81588 0.000187874
    outer loop
      vertex 9.75613 75.0833 6.04573
      vertex 12.7 77.1695 5.42708
      vertex 9.80212 75.1159 6.07416
    endloop
  endfacet
  facet normal 0.578069 -0.815987 -0.000891417
    outer loop
      vertex 9.72506 75.0613 6.03575
      vertex 12.7 77.1695 5.42708
      vertex 9.75613 75.0833 6.04573
    endloop
  endfacet
  facet normal 0.578205 -0.815892 0.000102302
    outer loop
      vertex 8.59625 74.2613 5.74459
      vertex 12.7 77.1695 5.42708
      vertex 9.72506 75.0613 6.03575
    endloop
  endfacet
  facet normal 0.578199 -0.815896 -1.35374e-05
    outer loop
      vertex 5.72507 72.2266 5.00402
      vertex 12.7 77.1695 5.42708
      vertex 8.59625 74.2613 5.74459
    endloop
  endfacet
  facet normal 0.57785 -0.816142 0.000875348
    outer loop
      vertex 1.56001 69.275 2.55372
      vertex 5.72507 72.2266 5.00402
      vertex 5.64218 72.1679 4.99311
    endloop
  endfacet
  facet normal 0.578199 -0.815896 -1.4461e-05
    outer loop
      vertex 5.72507 72.2266 5.00402
      vertex 1.56001 69.275 2.55372
      vertex 12.7 77.1695 5.42708
    endloop
  endfacet
  facet normal -0.57848 -0.815697 -0.000640516
    outer loop
      vertex 12.7 77.1695 8.88566
      vertex 15.6749 75.0613 6.90622
      vertex 15.7578 75.0025 6.91713
    endloop
  endfacet
  facet normal -0.578318 -0.815812 -0.000274589
    outer loop
      vertex 12.7 77.1695 8.88566
      vertex 15.656 75.0747 6.90014
      vertex 15.6749 75.0613 6.90622
    endloop
  endfacet
  facet normal -0.578958 -0.815356 -0.001709
    outer loop
      vertex 12.7 77.1695 8.88566
      vertex 15.6439 75.0833 6.89624
      vertex 15.656 75.0747 6.90014
    endloop
  endfacet
  facet normal -0.578203 -0.815893 -2.76655e-05
    outer loop
      vertex 12.7 77.1695 8.88566
      vertex 15.5979 75.1159 6.86782
      vertex 15.6439 75.0833 6.89624
    endloop
  endfacet
  facet normal -0.577957 -0.816067 0.000501726
    outer loop
      vertex 12.7 77.1695 8.88566
      vertex 15.5469 75.152 6.83631
      vertex 15.5979 75.1159 6.86782
    endloop
  endfacet
  facet normal -0.577857 -0.816138 0.000710224
    outer loop
      vertex 12.7 77.1695 8.88566
      vertex 15.5148 75.1747 6.80407
      vertex 15.5469 75.152 6.83631
    endloop
  endfacet
  facet normal -0.578314 -0.815814 -0.000216911
    outer loop
      vertex 12.7 77.1695 8.88566
      vertex 15.4866 75.1947 6.76795
      vertex 15.5148 75.1747 6.80407
    endloop
  endfacet
  facet normal -0.579846 -0.814719 -0.00325452
    outer loop
      vertex 12.7 77.1695 8.88566
      vertex 15.4753 75.2028 6.75352
      vertex 15.4866 75.1947 6.76795
    endloop
  endfacet
  facet normal -0.577301 -0.816529 0.00172798
    outer loop
      vertex 12.7 77.1695 8.88566
      vertex 15.4578 75.2151 6.71911
      vertex 15.4753 75.2028 6.75352
    endloop
  endfacet
  facet normal -0.578547 -0.815649 -0.000652137
    outer loop
      vertex 12.7 77.1695 8.88566
      vertex 15.4284 75.236 6.66118
      vertex 15.4578 75.2151 6.71911
    endloop
  endfacet
  facet normal -0.577603 -0.816317 0.00108597
    outer loop
      vertex 12.7 77.1695 8.88566
      vertex 15.4183 75.2431 6.62624
      vertex 15.4284 75.236 6.66118
    endloop
  endfacet
  facet normal -0.578205 -0.815892 0
    outer loop
      vertex 12.7 77.1695 5.42708
      vertex 15.4183 75.2431 6.62624
      vertex 12.7 77.1695 8.88566
    endloop
  endfacet
  facet normal -0.577829 -0.816157 -0.00127718
    outer loop
      vertex 15.4183 75.2431 6.62624
      vertex 12.7 77.1695 5.42708
      vertex 15.4012 75.2553 6.56655
    endloop
  endfacet
  facet normal -0.578322 -0.815809 0.000475145
    outer loop
      vertex 15.4012 75.2553 6.56655
      vertex 12.7 77.1695 5.42708
      vertex 15.3938 75.2605 6.48789
    endloop
  endfacet
  facet normal -0.578641 -0.815581 0.00169644
    outer loop
      vertex 15.3938 75.2605 6.48789
      vertex 12.7 77.1695 5.42708
      vertex 15.3922 75.2616 6.47098
    endloop
  endfacet
  facet normal -0.577796 -0.81618 -0.00157843
    outer loop
      vertex 15.3922 75.2616 6.47098
      vertex 12.7 77.1695 5.42708
      vertex 15.3938 75.2605 6.45408
    endloop
  endfacet
  facet normal -0.578085 -0.815976 -0.000441792
    outer loop
      vertex 15.3938 75.2605 6.45408
      vertex 12.7 77.1695 5.42708
      vertex 15.4012 75.2553 6.37542
    endloop
  endfacet
  facet normal -0.578426 -0.815734 0.00101969
    outer loop
      vertex 15.4012 75.2553 6.37542
      vertex 12.7 77.1695 5.42708
      vertex 15.4183 75.2431 6.31573
    endloop
  endfacet
  facet normal -0.577937 -0.816081 -0.00123025
    outer loop
      vertex 15.4183 75.2431 6.31573
      vertex 12.7 77.1695 5.42708
      vertex 15.4284 75.236 6.28079
    endloop
  endfacet
  facet normal -0.578359 -0.815782 0.00079576
    outer loop
      vertex 15.4284 75.236 6.28079
      vertex 12.7 77.1695 5.42708
      vertex 15.4578 75.2151 6.22286
    endloop
  endfacet
  facet normal -0.5778 -0.816176 -0.00210744
    outer loop
      vertex 15.4578 75.2151 6.22286
      vertex 12.7 77.1695 5.42708
      vertex 15.4753 75.2028 6.18844
    endloop
  endfacet
  facet normal -0.578965 -0.815341 0.00429644
    outer loop
      vertex 15.4753 75.2028 6.18844
      vertex 12.7 77.1695 5.42708
      vertex 15.4866 75.1947 6.17402
    endloop
  endfacet
  facet normal -0.578255 -0.815856 0.000285814
    outer loop
      vertex 15.4866 75.1947 6.17402
      vertex 12.7 77.1695 5.42708
      vertex 15.5148 75.1747 6.1379
    endloop
  endfacet
  facet normal -0.0658235 0.333819 -0.940336
    outer loop
      vertex 15.6439 75.0833 6.04573
      vertex 15.6749 75.0613 6.03575
      vertex 15.656 75.0747 6.04183
    endloop
  endfacet
  facet normal -0.578041 -0.816007 -0.000985246
    outer loop
      vertex 15.5148 75.1747 6.1379
      vertex 12.7 77.1695 5.42708
      vertex 15.5469 75.152 6.10566
    endloop
  endfacet
  facet normal -0.578073 -0.815984 -0.000783799
    outer loop
      vertex 12.7 77.1695 5.42708
      vertex 15.5979 75.1159 6.07415
      vertex 15.5469 75.152 6.10566
    endloop
  endfacet
  facet normal -0.578196 -0.815898 4.3224e-05
    outer loop
      vertex 12.7 77.1695 5.42708
      vertex 15.6439 75.0833 6.04573
      vertex 15.5979 75.1159 6.07415
    endloop
  endfacet
  facet normal -0.57841 -0.815745 0.00157241
    outer loop
      vertex 12.7 77.1695 5.42708
      vertex 15.6749 75.0613 6.03575
      vertex 15.6439 75.0833 6.04573
    endloop
  endfacet
  facet normal -0.578203 -0.815893 5.10488e-05
    outer loop
      vertex 12.7 77.1695 5.42708
      vertex 16.8036 74.2614 5.74464
      vertex 15.6749 75.0613 6.03575
    endloop
  endfacet
  facet normal -0.5782 -0.815895 -4.59468e-06
    outer loop
      vertex 12.7 77.1695 5.42708
      vertex 19.6749 72.2266 5.00402
      vertex 16.8036 74.2614 5.74464
    endloop
  endfacet
  facet normal -0.578201 -0.815894 -2.96981e-05
    outer loop
      vertex 23.84 69.275 2.55372
      vertex 19.6749 72.2266 5.00402
      vertex 12.7 77.1695 5.42708
    endloop
  endfacet
  facet normal -0.577791 -0.816184 0.00101588
    outer loop
      vertex 19.6749 72.2266 5.00402
      vertex 23.84 69.275 2.55372
      vertex 19.7578 72.1679 4.99311
    endloop
  endfacet
  facet normal -0.577797 -0.81618 0.000952028
    outer loop
      vertex 15.8407 74.9438 6.90622
      vertex 12.7 77.1695 8.88566
      vertex 15.7578 75.0025 6.91713
    endloop
  endfacet
  facet normal -0.578154 -0.815927 0.000101222
    outer loop
      vertex 16.9698 74.1437 6.615
      vertex 12.7 77.1695 8.88566
      vertex 15.8407 74.9438 6.90622
    endloop
  endfacet
  facet normal -0.578202 -0.815894 -3.28262e-05
    outer loop
      vertex 16.9698 74.1437 6.615
      vertex 23.84 69.275 6.0123
      vertex 12.7 77.1695 8.88566
    endloop
  endfacet
  facet normal -0.578192 -0.815901 0.000135637
    outer loop
      vertex 19.8407 72.1091 5.8745
      vertex 23.84 69.275 6.0123
      vertex 16.9698 74.1437 6.615
    endloop
  endfacet
  facet normal -0.57812 -0.815946 -0.00287564
    outer loop
      vertex 19.8718 72.0871 5.86451
      vertex 23.84 69.275 6.0123
      vertex 19.8407 72.1091 5.8745
    endloop
  endfacet
  facet normal -0.578184 -0.815906 -0.000405405
    outer loop
      vertex 19.9222 72.0514 5.83337
      vertex 23.84 69.275 6.0123
      vertex 19.8718 72.0871 5.86451
    endloop
  endfacet
  facet normal -0.578234 -0.81587 0.00124489
    outer loop
      vertex 19.9687 72.0184 5.80458
      vertex 23.84 69.275 6.0123
      vertex 19.9222 72.0514 5.83337
    endloop
  endfacet
  facet normal -0.578149 -0.815931 -0.00114612
    outer loop
      vertex 20.0008 71.9957 5.77235
      vertex 23.84 69.275 6.0123
      vertex 19.9687 72.0184 5.80458
    endloop
  endfacet
  facet normal -0.578236 -0.815869 0.000965329
    outer loop
      vertex 20.0291 71.9756 5.73623
      vertex 23.84 69.275 6.0123
      vertex 20.0008 71.9957 5.77235
    endloop
  endfacet
  facet normal -0.577903 -0.816085 -0.0057635
    outer loop
      vertex 20.0404 71.9677 5.72179
      vertex 23.84 69.275 6.0123
      vertex 20.0291 71.9756 5.73623
    endloop
  endfacet
  facet normal -0.578285 -0.815833 0.00157392
    outer loop
      vertex 20.0578 71.9553 5.68737
      vertex 23.84 69.275 6.0123
      vertex 20.0404 71.9677 5.72179
    endloop
  endfacet
  facet normal -0.578246 -0.815862 0.000882032
    outer loop
      vertex 20.0872 71.9344 5.62945
      vertex 23.84 69.275 6.0123
      vertex 20.0578 71.9553 5.68737
    endloop
  endfacet
  facet normal -0.578097 -0.815967 -0.00129997
    outer loop
      vertex 20.0973 71.9273 5.59451
      vertex 23.84 69.275 6.0123
      vertex 20.0872 71.9344 5.62945
    endloop
  endfacet
  facet normal -0.578205 -0.815891 0.000146415
    outer loop
      vertex 20.1145 71.9151 5.53482
      vertex 23.84 69.275 6.0123
      vertex 20.0973 71.9273 5.59451
    endloop
  endfacet
  facet normal -0.578216 -0.815883 0.000274783
    outer loop
      vertex 20.1218 71.9099 5.45616
      vertex 23.84 69.275 6.0123
      vertex 20.1145 71.9151 5.53482
    endloop
  endfacet
  facet normal -0.578028 -0.816015 -0.0016111
    outer loop
      vertex 20.1234 71.9088 5.43926
      vertex 23.84 69.275 6.0123
      vertex 20.1218 71.9099 5.45616
    endloop
  endfacet
  facet normal -0.578363 -0.815778 0.00165835
    outer loop
      vertex 20.1218 71.9099 5.42236
      vertex 23.84 69.275 6.0123
      vertex 20.1234 71.9088 5.43926
    endloop
  endfacet
  facet normal -0.578159 -0.815924 -0.000282738
    outer loop
      vertex 20.1145 71.9151 5.34369
      vertex 23.84 69.275 6.0123
      vertex 20.1218 71.9099 5.42236
    endloop
  endfacet
  facet normal -0.578174 -0.815914 -0.000160107
    outer loop
      vertex 20.0973 71.9273 5.284
      vertex 23.84 69.275 6.0123
      vertex 20.1145 71.9151 5.34369
    endloop
  endfacet
  facet normal -0.578378 -0.815768 0.00142198
    outer loop
      vertex 20.0872 71.9344 5.24907
      vertex 23.84 69.275 6.0123
      vertex 20.0973 71.9273 5.284
    endloop
  endfacet
  facet normal -0.578791 -0.815475 -0.0012658
    outer loop
      vertex 23.84 69.275 2.55372
      vertex 20.0872 71.9344 5.24907
      vertex 20.0677 71.9483 5.21061
    endloop
  endfacet
  facet normal -0.578477 -0.815698 -0.000595991
    outer loop
      vertex 23.84 69.275 2.55372
      vertex 20.0677 71.9483 5.21061
      vertex 20.0404 71.9677 5.15672
    endloop
  endfacet
  facet normal -0.5779 -0.816107 0.000669393
    outer loop
      vertex 23.84 69.275 2.55372
      vertex 20.0404 71.9677 5.15672
      vertex 20.0008 71.9957 5.10616
    endloop
  endfacet
  facet normal -0.577872 -0.816127 0.000732772
    outer loop
      vertex 23.84 69.275 2.55372
      vertex 20.0008 71.9957 5.10616
      vertex 19.9687 72.0184 5.07394
    endloop
  endfacet
  facet normal -0.578475 -0.8157 -0.000659281
    outer loop
      vertex 23.84 69.275 2.55372
      vertex 19.9687 72.0184 5.07394
      vertex 19.9222 72.0514 5.04515
    endloop
  endfacet
  facet normal -0.578106 -0.815962 0.000214563
    outer loop
      vertex 23.84 69.275 2.55372
      vertex 19.9222 72.0514 5.04515
      vertex 19.8718 72.0871 5.01401
    endloop
  endfacet
  facet normal -0.576848 -0.816845 0.00325183
    outer loop
      vertex 23.84 69.275 2.55372
      vertex 19.8718 72.0871 5.01401
      vertex 19.8596 72.0957 5.01011
    endloop
  endfacet
  facet normal -0.578312 -0.815816 -0.000301661
    outer loop
      vertex 23.84 69.275 2.55372
      vertex 19.8596 72.0957 5.01011
      vertex 19.8407 72.1091 5.00402
    endloop
  endfacet
  facet normal -0.578186 -0.815905 0
    outer loop
      vertex 20.0872 71.9344 5.24907
      vertex 23.84 69.275 2.55372
      vertex 23.84 69.275 6.0123
    endloop
  endfacet
  facet normal -0.578474 -0.8157 -0.000700624
    outer loop
      vertex 23.84 69.275 2.55372
      vertex 19.8407 72.1091 5.00402
      vertex 19.7578 72.1679 4.99311
    endloop
  endfacet
  facet normal 0 -1 0
    outer loop
      vertex 0.177867 69.275 2.55372
      vertex 1.56001 69.275 6.0123
      vertex 0.177867 69.275 6.0123
    endloop
  endfacet
  facet normal 0 -1 -0
    outer loop
      vertex 1.56001 69.275 6.0123
      vertex 0.177867 69.275 2.55372
      vertex 1.56001 69.275 2.55372
    endloop
  endfacet
  facet normal 0 -1 0
    outer loop
      vertex 23.84 69.275 2.55372
      vertex 25.2221 69.275 6.0123
      vertex 23.84 69.275 6.0123
    endloop
  endfacet
  facet normal 0 -1 -0
    outer loop
      vertex 25.2221 69.275 6.0123
      vertex 23.84 69.275 2.55372
      vertex 25.2221 69.275 2.55372
    endloop
  endfacet
  facet normal 0 -0.345977 0.938243
    outer loop
      vertex 25.2213 69.2766 6.01289
      vertex 23.84 69.275 6.0123
      vertex 25.2221 69.275 6.0123
    endloop
  endfacet
  facet normal -5.19288e-06 -0.342028 0.93969
    outer loop
      vertex 16.8741 75.1919 8.16589
      vertex 23.84 69.275 6.0123
      vertex 25.2213 69.2766 6.01289
    endloop
  endfacet
  facet normal -4.38185e-07 -0.342014 0.939695
    outer loop
      vertex 12.7 77.1695 8.88566
      vertex 16.8741 75.1919 8.16589
      vertex 12.9547 77.9695 9.17683
    endloop
  endfacet
  facet normal -1.13973e-05 -0.342034 0.939688
    outer loop
      vertex 16.8741 75.1919 8.16589
      vertex 12.7 77.1695 8.88566
      vertex 23.84 69.275 6.0123
    endloop
  endfacet
  facet normal 0 -0.342014 0.939695
    outer loop
      vertex 12.4453 77.9695 9.17683
      vertex 12.7 77.1695 8.88566
      vertex 12.9547 77.9695 9.17683
    endloop
  endfacet
  facet normal 4.3818e-07 -0.342014 0.939695
    outer loop
      vertex 8.52585 75.1919 8.16589
      vertex 12.7 77.1695 8.88566
      vertex 12.4453 77.9695 9.17683
    endloop
  endfacet
  facet normal 1.13969e-05 -0.342034 0.939688
    outer loop
      vertex 8.52585 75.1919 8.16589
      vertex 1.56001 69.275 6.0123
      vertex 12.7 77.1695 8.88566
    endloop
  endfacet
  facet normal 5.19288e-06 -0.342028 0.93969
    outer loop
      vertex 0.178711 69.2766 6.01289
      vertex 1.56001 69.275 6.0123
      vertex 8.52585 75.1919 8.16589
    endloop
  endfacet
  facet normal 0 -0.345977 0.938243
    outer loop
      vertex 1.56001 69.275 6.0123
      vertex 0.178711 69.2766 6.01289
      vertex 0.177867 69.275 6.0123
    endloop
  endfacet
  facet normal -1 0 0
    outer loop
      vertex 1.5 62.2587 7.62939e-07
      vertex 1.5 51.2517 1.2
      vertex 1.5 65.5557 1.2
    endloop
  endfacet
  facet normal -1 0 0
    outer loop
      vertex 1.5 47.0517 1.2
      vertex 1.5 51.2517 1.21
      vertex 1.5 51.2517 1.2
    endloop
  endfacet
  facet normal -1 -0 0
    outer loop
      vertex 1.5 51.2517 1.21
      vertex 1.5 47.0517 1.2
      vertex 1.5 48.2517 7.2
    endloop
  endfacet
  facet normal -1 0 0
    outer loop
      vertex 1.5 62.2587 7.62939e-07
      vertex 1.5 47.0517 1.2
      vertex 1.5 51.2517 1.2
    endloop
  endfacet
  facet normal -1 0 0
    outer loop
      vertex 1.5 19.35 7.62939e-07
      vertex 1.5 47.0517 1.2
      vertex 1.5 62.2587 7.62939e-07
    endloop
  endfacet
  facet normal -1 -0 0
    outer loop
      vertex 1.5 47.0517 1.2
      vertex 1.5 19.35 7.62939e-07
      vertex 1.5 19.35 1.2
    endloop
  endfacet
  facet normal -1 -0 0
    outer loop
      vertex 1.5 48.2517 7.2
      vertex 1.5 47.0517 1.2
      vertex 1.5 47.0517 7.2
    endloop
  endfacet
  facet normal 1 0 0
    outer loop
      vertex 23.9 47.0517 1.2
      vertex 23.9 51.2517 1.21
      vertex 23.9 48.2517 7.2
    endloop
  endfacet
  facet normal 1 -0 0
    outer loop
      vertex 23.9 51.2517 1.2
      vertex 23.9 62.2587 7.62939e-07
      vertex 23.9 65.5557 1.2
    endloop
  endfacet
  facet normal 1 0 0
    outer loop
      vertex 23.9 47.0517 1.2
      vertex 23.9 48.2517 7.2
      vertex 23.9 47.0517 7.2
    endloop
  endfacet
  facet normal 1 0 0
    outer loop
      vertex 23.9 51.2517 1.21
      vertex 23.9 47.0517 1.2
      vertex 23.9 51.2517 1.2
    endloop
  endfacet
  facet normal 1 -0 0
    outer loop
      vertex 23.9 47.0517 1.2
      vertex 23.9 62.2587 7.62939e-07
      vertex 23.9 51.2517 1.2
    endloop
  endfacet
  facet normal 1 0 0
    outer loop
      vertex 23.9 19.35 7.62939e-07
      vertex 23.9 47.0517 1.2
      vertex 23.9 19.35 1.2
    endloop
  endfacet
  facet normal 1 0 0
    outer loop
      vertex 23.9 47.0517 1.2
      vertex 23.9 19.35 7.62939e-07
      vertex 23.9 62.2587 7.62939e-07
    endloop
  endfacet
  facet normal 0 -1 0
    outer loop
      vertex 1.5 19.35 7.62939e-07
      vertex 6.35 19.35 1.2
      vertex 1.5 19.35 1.2
    endloop
  endfacet
  facet normal 0 -1 -0
    outer loop
      vertex 6.35 19.35 1.2
      vertex 1.5 19.35 7.62939e-07
      vertex 6.35 19.35 7.62939e-07
    endloop
  endfacet
  facet normal 0 -1 0
    outer loop
      vertex 19.05 19.35 7.62939e-07
      vertex 23.9 19.35 1.2
      vertex 19.05 19.35 1.2
    endloop
  endfacet
  facet normal 0 -1 -0
    outer loop
      vertex 23.9 19.35 1.2
      vertex 19.05 19.35 7.62939e-07
      vertex 23.9 19.35 7.62939e-07
    endloop
  endfacet
  facet normal -1 0 0
    outer loop
      vertex 6.35 19.35 7.62939e-07
      vertex 6.35 18.8095 1.2
      vertex 6.35 19.35 1.2
    endloop
  endfacet
  facet normal -1 -0 0
    outer loop
      vertex 6.35 18.9423 2.87984
      vertex 6.35 17.8011 2.50902
      vertex 6.35 18.8102 3.19878
    endloop
  endfacet
  facet normal -1 0 0
    outer loop
      vertex 6.35 17.741 2.65399
      vertex 6.35 18.8102 3.19878
      vertex 6.35 17.8011 2.50902
    endloop
  endfacet
  facet normal -1 0 0
    outer loop
      vertex 6.35 17.8377 2.35643
      vertex 6.35 18.8095 1.2
      vertex 6.35 17.85 2.2
    endloop
  endfacet
  facet normal -1 0 0
    outer loop
      vertex 6.35 16.85 7.62939e-07
      vertex 6.35 18.8095 1.2
      vertex 6.35 19.35 7.62939e-07
    endloop
  endfacet
  facet normal -1 0 0
    outer loop
      vertex 6.35 18.8095 1.2
      vertex 6.35 17.8377 2.04357
      vertex 6.35 17.85 2.2
    endloop
  endfacet
  facet normal -1 0 0
    outer loop
      vertex 6.35 18.8095 1.2
      vertex 6.35 17.8011 1.89098
      vertex 6.35 17.8377 2.04357
    endloop
  endfacet
  facet normal -1 0 0
    outer loop
      vertex 6.35 18.8095 1.2
      vertex 6.35 17.741 1.74601
      vertex 6.35 17.8011 1.89098
    endloop
  endfacet
  facet normal -1 0 0
    outer loop
      vertex 6.35 18.8095 1.2
      vertex 6.35 17.659 1.61221
      vertex 6.35 17.741 1.74601
    endloop
  endfacet
  facet normal -1 0 0
    outer loop
      vertex 6.35 18.8095 1.2
      vertex 6.35 17.5571 1.49289
      vertex 6.35 17.659 1.61221
    endloop
  endfacet
  facet normal -1 0 0
    outer loop
      vertex 6.35 18.8095 1.2
      vertex 6.35 17.4378 1.39098
      vertex 6.35 17.5571 1.49289
    endloop
  endfacet
  facet normal -1 -0 0
    outer loop
      vertex 6.35 18.8095 1.2
      vertex 6.35 16.85 7.62939e-07
      vertex 6.35 17.4378 1.39098
    endloop
  endfacet
  facet normal -1 0 0
    outer loop
      vertex 6.35 17.4378 1.39098
      vertex 6.35 16.85 7.62939e-07
      vertex 6.35 17.304 1.30899
    endloop
  endfacet
  facet normal -1 0 0
    outer loop
      vertex 6.35 17.304 1.30899
      vertex 6.35 16.85 7.62939e-07
      vertex 6.35 17.159 1.24894
    endloop
  endfacet
  facet normal -1 0 0
    outer loop
      vertex 6.35 17.159 1.24894
      vertex 6.35 16.85 7.62939e-07
      vertex 6.35 17.0064 1.21231
    endloop
  endfacet
  facet normal -1 0 0
    outer loop
      vertex 6.35 16.85 7.62939e-07
      vertex 6.35 16.85 1.2
      vertex 6.35 17.0064 1.21231
    endloop
  endfacet
  facet normal -1 0 0
    outer loop
      vertex 6.35 16.85 7.62939e-07
      vertex 6.35 16.6936 1.21231
      vertex 6.35 16.85 1.2
    endloop
  endfacet
  facet normal -1 0 0
    outer loop
      vertex 6.35 16.5058 0.0270861
      vertex 6.35 16.6936 1.21231
      vertex 6.35 16.85 7.62939e-07
    endloop
  endfacet
  facet normal -1 -0 0
    outer loop
      vertex 6.35 16.6936 1.21231
      vertex 6.35 16.5058 0.0270861
      vertex 6.35 16.541 1.24894
    endloop
  endfacet
  facet normal -1 0 0
    outer loop
      vertex 6.35 16.1702 0.107676
      vertex 6.35 16.541 1.24894
      vertex 6.35 16.5058 0.0270861
    endloop
  endfacet
  facet normal -1 -0 0
    outer loop
      vertex 6.35 16.541 1.24894
      vertex 6.35 16.1702 0.107676
      vertex 6.35 16.396 1.30899
    endloop
  endfacet
  facet normal -1 0 0
    outer loop
      vertex 6.35 15.8512 0.239786
      vertex 6.35 16.396 1.30899
      vertex 6.35 16.1702 0.107676
    endloop
  endfacet
  facet normal -1 -0 0
    outer loop
      vertex 6.35 16.396 1.30899
      vertex 6.35 15.8512 0.239786
      vertex 6.35 16.2622 1.39098
    endloop
  endfacet
  facet normal -1 0 0
    outer loop
      vertex 6.35 15.5569 0.420163
      vertex 6.35 16.2622 1.39098
      vertex 6.35 15.8512 0.239786
    endloop
  endfacet
  facet normal -1 -0 0
    outer loop
      vertex 6.35 16.2622 1.39098
      vertex 6.35 15.5569 0.420163
      vertex 6.35 16.1429 1.49289
    endloop
  endfacet
  facet normal -1 0 0
    outer loop
      vertex 6.35 15.2944 0.644365
      vertex 6.35 16.1429 1.49289
      vertex 6.35 15.5569 0.420163
    endloop
  endfacet
  facet normal -1 -0 0
    outer loop
      vertex 6.35 16.1429 1.49289
      vertex 6.35 15.2944 0.644365
      vertex 6.35 16.041 1.61221
    endloop
  endfacet
  facet normal -1 0 0
    outer loop
      vertex 6.35 15.0702 0.906873
      vertex 6.35 16.041 1.61221
      vertex 6.35 15.2944 0.644365
    endloop
  endfacet
  facet normal -1 -0 0
    outer loop
      vertex 6.35 16.041 1.61221
      vertex 6.35 15.0702 0.906873
      vertex 6.35 15.959 1.74601
    endloop
  endfacet
  facet normal -1 0 0
    outer loop
      vertex 6.35 14.8898 1.20122
      vertex 6.35 15.959 1.74601
      vertex 6.35 15.0702 0.906873
    endloop
  endfacet
  facet normal -1 0 0
    outer loop
      vertex 6.35 17.8377 2.35643
      vertex 6.35 19.05 2.2
      vertex 6.35 19.0229 1.85584
    endloop
  endfacet
  facet normal -1 0 0
    outer loop
      vertex 6.35 17.8377 2.35643
      vertex 6.35 19.0229 1.85584
      vertex 6.35 18.9423 1.52016
    endloop
  endfacet
  facet normal -1 0 0
    outer loop
      vertex 6.35 19.05 2.2
      vertex 6.35 17.8377 2.35643
      vertex 6.35 19.0229 2.54416
    endloop
  endfacet
  facet normal -1 0 0
    outer loop
      vertex 6.35 17.8377 2.35643
      vertex 6.35 18.8102 1.20122
      vertex 6.35 18.8095 1.2
    endloop
  endfacet
  facet normal -1 0 0
    outer loop
      vertex 6.35 18.8102 1.20122
      vertex 6.35 17.8377 2.35643
      vertex 6.35 18.9423 1.52016
    endloop
  endfacet
  facet normal -1 -0 0
    outer loop
      vertex 6.35 19.0229 2.54416
      vertex 6.35 17.8377 2.35643
      vertex 6.35 18.9423 2.87984
    endloop
  endfacet
  facet normal -1 0 0
    outer loop
      vertex 6.35 17.8011 2.50902
      vertex 6.35 18.9423 2.87984
      vertex 6.35 17.8377 2.35643
    endloop
  endfacet
  facet normal -1 -0 0
    outer loop
      vertex 6.35 18.8102 3.19878
      vertex 6.35 17.741 2.65399
      vertex 6.35 18.6298 3.49313
    endloop
  endfacet
  facet normal -1 0 0
    outer loop
      vertex 6.35 17.659 2.78779
      vertex 6.35 18.6298 3.49313
      vertex 6.35 17.741 2.65399
    endloop
  endfacet
  facet normal -1 -0 0
    outer loop
      vertex 6.35 18.6298 3.49313
      vertex 6.35 17.659 2.78779
      vertex 6.35 18.4056 3.75564
    endloop
  endfacet
  facet normal -1 0 0
    outer loop
      vertex 6.35 17.5571 2.90711
      vertex 6.35 18.4056 3.75564
      vertex 6.35 17.659 2.78779
    endloop
  endfacet
  facet normal -1 -0 0
    outer loop
      vertex 6.35 18.4056 3.75564
      vertex 6.35 17.5571 2.90711
      vertex 6.35 18.1431 3.97984
    endloop
  endfacet
  facet normal -1 0 0
    outer loop
      vertex 6.35 17.4378 3.00902
      vertex 6.35 18.1431 3.97984
      vertex 6.35 17.5571 2.90711
    endloop
  endfacet
  facet normal -1 -0 0
    outer loop
      vertex 6.35 18.1431 3.97984
      vertex 6.35 17.4378 3.00902
      vertex 6.35 17.8488 4.16022
    endloop
  endfacet
  facet normal -1 0 0
    outer loop
      vertex 6.35 17.304 3.09101
      vertex 6.35 17.8488 4.16022
      vertex 6.35 17.4378 3.00902
    endloop
  endfacet
  facet normal -1 -0 0
    outer loop
      vertex 6.35 17.8488 4.16022
      vertex 6.35 17.304 3.09101
      vertex 6.35 17.5298 4.29233
    endloop
  endfacet
  facet normal -1 0 0
    outer loop
      vertex 6.35 17.159 3.15106
      vertex 6.35 17.5298 4.29233
      vertex 6.35 17.304 3.09101
    endloop
  endfacet
  facet normal -1 -0 0
    outer loop
      vertex 6.35 17.5298 4.29233
      vertex 6.35 17.159 3.15106
      vertex 6.35 17.1942 4.37292
    endloop
  endfacet
  facet normal -1 0 0
    outer loop
      vertex 6.35 17.0064 3.18769
      vertex 6.35 17.1942 4.37292
      vertex 6.35 17.159 3.15106
    endloop
  endfacet
  facet normal -1 0 0
    outer loop
      vertex 6.35 16.85 3.2
      vertex 6.35 17.1942 4.37292
      vertex 6.35 17.0064 3.18769
    endloop
  endfacet
  facet normal -1 0 0
    outer loop
      vertex 6.35 16.85 3.2
      vertex 6.35 16.85 4.4
      vertex 6.35 17.1942 4.37292
    endloop
  endfacet
  facet normal -1 0 0
    outer loop
      vertex 6.35 16.6936 3.18769
      vertex 6.35 16.85 4.4
      vertex 6.35 16.85 3.2
    endloop
  endfacet
  facet normal -1 0 0
    outer loop
      vertex 6.35 16.5058 4.37292
      vertex 6.35 16.6936 3.18769
      vertex 6.35 16.541 3.15106
    endloop
  endfacet
  facet normal -1 0 0
    outer loop
      vertex 6.35 16.6936 3.18769
      vertex 6.35 16.5058 4.37292
      vertex 6.35 16.85 4.4
    endloop
  endfacet
  facet normal -1 0 0
    outer loop
      vertex 6.35 16.1702 4.29233
      vertex 6.35 16.541 3.15106
      vertex 6.35 16.396 3.09101
    endloop
  endfacet
  facet normal -1 0 0
    outer loop
      vertex 6.35 15.8512 4.16022
      vertex 6.35 16.396 3.09101
      vertex 6.35 16.2622 3.00902
    endloop
  endfacet
  facet normal -1 0 0
    outer loop
      vertex 6.35 16.541 3.15106
      vertex 6.35 16.1702 4.29233
      vertex 6.35 16.5058 4.37292
    endloop
  endfacet
  facet normal -1 0 0
    outer loop
      vertex 6.35 15.5569 3.97984
      vertex 6.35 16.2622 3.00902
      vertex 6.35 16.1429 2.90711
    endloop
  endfacet
  facet normal -1 0 0
    outer loop
      vertex 6.35 15.2944 3.75564
      vertex 6.35 16.1429 2.90711
      vertex 6.35 16.041 2.78779
    endloop
  endfacet
  facet normal -1 0 0
    outer loop
      vertex 6.35 15.0702 3.49313
      vertex 6.35 16.041 2.78779
      vertex 6.35 15.959 2.65399
    endloop
  endfacet
  facet normal -1 0 0
    outer loop
      vertex 6.35 14.8898 3.19878
      vertex 6.35 15.959 2.65399
      vertex 6.35 15.8989 2.50902
    endloop
  endfacet
  facet normal -1 0 0
    outer loop
      vertex 6.35 14.7577 2.87984
      vertex 6.35 15.8989 2.50902
      vertex 6.35 15.8623 2.35643
    endloop
  endfacet
  facet normal -1 0 0
    outer loop
      vertex 6.35 16.396 3.09101
      vertex 6.35 15.8512 4.16022
      vertex 6.35 16.1702 4.29233
    endloop
  endfacet
  facet normal -1 0 0
    outer loop
      vertex 6.35 14.6771 2.54416
      vertex 6.35 15.8623 2.35643
      vertex 6.35 15.85 2.2
    endloop
  endfacet
  facet normal -1 -0 0
    outer loop
      vertex 6.35 15.959 1.74601
      vertex 6.35 14.8898 1.20122
      vertex 6.35 15.8989 1.89098
    endloop
  endfacet
  facet normal -1 0 0
    outer loop
      vertex 6.35 16.2622 3.00902
      vertex 6.35 15.5569 3.97984
      vertex 6.35 15.8512 4.16022
    endloop
  endfacet
  facet normal -1 0 0
    outer loop
      vertex 6.35 14.7577 1.52016
      vertex 6.35 15.8989 1.89098
      vertex 6.35 14.8898 1.20122
    endloop
  endfacet
  facet normal -1 0 0
    outer loop
      vertex 6.35 16.1429 2.90711
      vertex 6.35 15.2944 3.75564
      vertex 6.35 15.5569 3.97984
    endloop
  endfacet
  facet normal -1 -0 0
    outer loop
      vertex 6.35 15.8989 1.89098
      vertex 6.35 14.7577 1.52016
      vertex 6.35 15.8623 2.04357
    endloop
  endfacet
  facet normal -1 0 0
    outer loop
      vertex 6.35 16.041 2.78779
      vertex 6.35 15.0702 3.49313
      vertex 6.35 15.2944 3.75564
    endloop
  endfacet
  facet normal -1 0 0
    outer loop
      vertex 6.35 14.6771 1.85584
      vertex 6.35 15.8623 2.04357
      vertex 6.35 14.7577 1.52016
    endloop
  endfacet
  facet normal -1 0 0
    outer loop
      vertex 6.35 15.959 2.65399
      vertex 6.35 14.8898 3.19878
      vertex 6.35 15.0702 3.49313
    endloop
  endfacet
  facet normal -1 -0 0
    outer loop
      vertex 6.35 15.8623 2.04357
      vertex 6.35 14.6771 1.85584
      vertex 6.35 15.85 2.2
    endloop
  endfacet
  facet normal -1 0 0
    outer loop
      vertex 6.35 15.8989 2.50902
      vertex 6.35 14.7577 2.87984
      vertex 6.35 14.8898 3.19878
    endloop
  endfacet
  facet normal -1 0 0
    outer loop
      vertex 6.35 14.65 2.2
      vertex 6.35 15.85 2.2
      vertex 6.35 14.6771 1.85584
    endloop
  endfacet
  facet normal -1 0 0
    outer loop
      vertex 6.35 15.8623 2.35643
      vertex 6.35 14.6771 2.54416
      vertex 6.35 14.7577 2.87984
    endloop
  endfacet
  facet normal -1 0 0
    outer loop
      vertex 6.35 15.85 2.2
      vertex 6.35 14.65 2.2
      vertex 6.35 14.6771 2.54416
    endloop
  endfacet
  facet normal 1 0 0
    outer loop
      vertex 19.05 17.85 2.2
      vertex 19.05 19.05 2.2
      vertex 19.05 19.0229 2.54416
    endloop
  endfacet
  facet normal 1 0 0
    outer loop
      vertex 19.05 17.8377 2.35643
      vertex 19.05 19.0229 2.54416
      vertex 19.05 18.9423 2.87984
    endloop
  endfacet
  facet normal 1 0 0
    outer loop
      vertex 19.05 19.05 2.2
      vertex 19.05 17.85 2.2
      vertex 19.05 19.0229 1.85584
    endloop
  endfacet
  facet normal 1 0 0
    outer loop
      vertex 19.05 17.8011 2.50902
      vertex 19.05 18.9423 2.87984
      vertex 19.05 18.8102 3.19878
    endloop
  endfacet
  facet normal 1 -0 0
    outer loop
      vertex 19.05 17.8377 2.04357
      vertex 19.05 19.0229 1.85584
      vertex 19.05 17.85 2.2
    endloop
  endfacet
  facet normal 1 0 0
    outer loop
      vertex 19.05 19.0229 1.85584
      vertex 19.05 17.8377 2.04357
      vertex 19.05 18.9423 1.52016
    endloop
  endfacet
  facet normal 1 0 0
    outer loop
      vertex 19.05 17.741 2.65399
      vertex 19.05 18.8102 3.19878
      vertex 19.05 18.6298 3.49313
    endloop
  endfacet
  facet normal 1 -0 0
    outer loop
      vertex 19.05 18.8095 1.2
      vertex 19.05 19.35 7.62939e-07
      vertex 19.05 19.35 1.2
    endloop
  endfacet
  facet normal 1 0 0
    outer loop
      vertex 19.05 17.659 2.78779
      vertex 19.05 18.6298 3.49313
      vertex 19.05 18.4056 3.75564
    endloop
  endfacet
  facet normal 1 0 0
    outer loop
      vertex 19.05 17.5571 2.90711
      vertex 19.05 18.4056 3.75564
      vertex 19.05 18.1431 3.97984
    endloop
  endfacet
  facet normal 1 0 0
    outer loop
      vertex 19.05 19.0229 2.54416
      vertex 19.05 17.8377 2.35643
      vertex 19.05 17.85 2.2
    endloop
  endfacet
  facet normal 1 0 0
    outer loop
      vertex 19.05 18.9423 1.52016
      vertex 19.05 17.8011 1.89098
      vertex 19.05 18.8102 1.20122
    endloop
  endfacet
  facet normal 1 -0 0
    outer loop
      vertex 19.05 17.741 1.74601
      vertex 19.05 18.8102 1.20122
      vertex 19.05 17.8011 1.89098
    endloop
  endfacet
  facet normal 1 0 0
    outer loop
      vertex 19.05 18.8102 1.20122
      vertex 19.05 17.741 1.74601
      vertex 19.05 18.8095 1.2
    endloop
  endfacet
  facet normal 1 -0 0
    outer loop
      vertex 19.05 17.659 1.61221
      vertex 19.05 18.8095 1.2
      vertex 19.05 17.741 1.74601
    endloop
  endfacet
  facet normal 1 -0 0
    outer loop
      vertex 19.05 17.5571 1.49289
      vertex 19.05 18.8095 1.2
      vertex 19.05 17.659 1.61221
    endloop
  endfacet
  facet normal 1 -0 0
    outer loop
      vertex 19.05 17.4378 1.39098
      vertex 19.05 18.8095 1.2
      vertex 19.05 17.5571 1.49289
    endloop
  endfacet
  facet normal 1 0 0
    outer loop
      vertex 19.05 16.85 7.62939e-07
      vertex 19.05 18.8095 1.2
      vertex 19.05 17.4378 1.39098
    endloop
  endfacet
  facet normal 1 0 0
    outer loop
      vertex 19.05 16.85 7.62939e-07
      vertex 19.05 17.4378 1.39098
      vertex 19.05 17.304 1.30899
    endloop
  endfacet
  facet normal 1 0 0
    outer loop
      vertex 19.05 16.85 7.62939e-07
      vertex 19.05 17.304 1.30899
      vertex 19.05 17.159 1.24894
    endloop
  endfacet
  facet normal 1 0 0
    outer loop
      vertex 19.05 16.85 7.62939e-07
      vertex 19.05 17.159 1.24894
      vertex 19.05 17.0064 1.21231
    endloop
  endfacet
  facet normal 1 0 0
    outer loop
      vertex 19.05 16.85 7.62939e-07
      vertex 19.05 17.0064 1.21231
      vertex 19.05 16.85 1.2
    endloop
  endfacet
  facet normal 1 0 0
    outer loop
      vertex 19.05 18.8095 1.2
      vertex 19.05 16.85 7.62939e-07
      vertex 19.05 19.35 7.62939e-07
    endloop
  endfacet
  facet normal 1 0 0
    outer loop
      vertex 19.05 16.6936 1.21231
      vertex 19.05 16.85 7.62939e-07
      vertex 19.05 16.85 1.2
    endloop
  endfacet
  facet normal 1 0 0
    outer loop
      vertex 19.05 16.5058 0.0270861
      vertex 19.05 16.6936 1.21231
      vertex 19.05 16.541 1.24894
    endloop
  endfacet
  facet normal 1 0 0
    outer loop
      vertex 19.05 16.6936 1.21231
      vertex 19.05 16.5058 0.0270861
      vertex 19.05 16.85 7.62939e-07
    endloop
  endfacet
  facet normal 1 0 0
    outer loop
      vertex 19.05 16.1702 0.107676
      vertex 19.05 16.541 1.24894
      vertex 19.05 16.396 1.30899
    endloop
  endfacet
  facet normal 1 0 0
    outer loop
      vertex 19.05 15.8512 0.239786
      vertex 19.05 16.396 1.30899
      vertex 19.05 16.2622 1.39098
    endloop
  endfacet
  facet normal 1 0 0
    outer loop
      vertex 19.05 16.541 1.24894
      vertex 19.05 16.1702 0.107676
      vertex 19.05 16.5058 0.0270861
    endloop
  endfacet
  facet normal 1 0 0
    outer loop
      vertex 19.05 15.5569 0.420163
      vertex 19.05 16.2622 1.39098
      vertex 19.05 16.1429 1.49289
    endloop
  endfacet
  facet normal 1 0 0
    outer loop
      vertex 19.05 15.2944 0.644365
      vertex 19.05 16.1429 1.49289
      vertex 19.05 16.041 1.61221
    endloop
  endfacet
  facet normal 1 0 0
    outer loop
      vertex 19.05 15.0702 0.906873
      vertex 19.05 16.041 1.61221
      vertex 19.05 15.959 1.74601
    endloop
  endfacet
  facet normal 1 0 0
    outer loop
      vertex 19.05 14.8898 1.20122
      vertex 19.05 15.959 1.74601
      vertex 19.05 15.8989 1.89098
    endloop
  endfacet
  facet normal 1 0 0
    outer loop
      vertex 19.05 14.7577 1.52016
      vertex 19.05 15.8989 1.89098
      vertex 19.05 15.8623 2.04357
    endloop
  endfacet
  facet normal 1 0 0
    outer loop
      vertex 19.05 16.396 1.30899
      vertex 19.05 15.8512 0.239786
      vertex 19.05 16.1702 0.107676
    endloop
  endfacet
  facet normal 1 0 0
    outer loop
      vertex 19.05 14.6771 1.85584
      vertex 19.05 15.8623 2.04357
      vertex 19.05 15.85 2.2
    endloop
  endfacet
  facet normal 1 0 0
    outer loop
      vertex 19.05 15.959 2.65399
      vertex 19.05 14.8898 3.19878
      vertex 19.05 15.8989 2.50902
    endloop
  endfacet
  facet normal 1 0 0
    outer loop
      vertex 19.05 16.2622 1.39098
      vertex 19.05 15.5569 0.420163
      vertex 19.05 15.8512 0.239786
    endloop
  endfacet
  facet normal 1 -0 0
    outer loop
      vertex 19.05 14.7577 2.87984
      vertex 19.05 15.8989 2.50902
      vertex 19.05 14.8898 3.19878
    endloop
  endfacet
  facet normal 1 0 0
    outer loop
      vertex 19.05 16.1429 1.49289
      vertex 19.05 15.2944 0.644365
      vertex 19.05 15.5569 0.420163
    endloop
  endfacet
  facet normal 1 0 0
    outer loop
      vertex 19.05 15.8989 2.50902
      vertex 19.05 14.7577 2.87984
      vertex 19.05 15.8623 2.35643
    endloop
  endfacet
  facet normal 1 0 0
    outer loop
      vertex 19.05 16.041 1.61221
      vertex 19.05 15.0702 0.906873
      vertex 19.05 15.2944 0.644365
    endloop
  endfacet
  facet normal 1 -0 0
    outer loop
      vertex 19.05 14.6771 2.54416
      vertex 19.05 15.8623 2.35643
      vertex 19.05 14.7577 2.87984
    endloop
  endfacet
  facet normal 1 0 0
    outer loop
      vertex 19.05 15.959 1.74601
      vertex 19.05 14.8898 1.20122
      vertex 19.05 15.0702 0.906873
    endloop
  endfacet
  facet normal 1 0 0
    outer loop
      vertex 19.05 15.8623 2.35643
      vertex 19.05 14.6771 2.54416
      vertex 19.05 15.85 2.2
    endloop
  endfacet
  facet normal 1 0 0
    outer loop
      vertex 19.05 15.8989 1.89098
      vertex 19.05 14.7577 1.52016
      vertex 19.05 14.8898 1.20122
    endloop
  endfacet
  facet normal 1 0 0
    outer loop
      vertex 19.05 14.65 2.2
      vertex 19.05 15.85 2.2
      vertex 19.05 14.6771 2.54416
    endloop
  endfacet
  facet normal 1 0 0
    outer loop
      vertex 19.05 15.8623 2.04357
      vertex 19.05 14.6771 1.85584
      vertex 19.05 14.7577 1.52016
    endloop
  endfacet
  facet normal 1 0 0
    outer loop
      vertex 19.05 15.85 2.2
      vertex 19.05 14.65 2.2
      vertex 19.05 14.6771 1.85584
    endloop
  endfacet
  facet normal 1 0 0
    outer loop
      vertex 19.05 17.4378 3.00902
      vertex 19.05 18.1431 3.97984
      vertex 19.05 17.8488 4.16022
    endloop
  endfacet
  facet normal 1 -0 0
    outer loop
      vertex 19.05 17.8011 1.89098
      vertex 19.05 18.9423 1.52016
      vertex 19.05 17.8377 2.04357
    endloop
  endfacet
  facet normal 1 0 0
    outer loop
      vertex 19.05 18.9423 2.87984
      vertex 19.05 17.8011 2.50902
      vertex 19.05 17.8377 2.35643
    endloop
  endfacet
  facet normal 1 0 0
    outer loop
      vertex 19.05 18.8102 3.19878
      vertex 19.05 17.741 2.65399
      vertex 19.05 17.8011 2.50902
    endloop
  endfacet
  facet normal 1 0 0
    outer loop
      vertex 19.05 18.6298 3.49313
      vertex 19.05 17.659 2.78779
      vertex 19.05 17.741 2.65399
    endloop
  endfacet
  facet normal 1 0 0
    outer loop
      vertex 19.05 18.4056 3.75564
      vertex 19.05 17.5571 2.90711
      vertex 19.05 17.659 2.78779
    endloop
  endfacet
  facet normal 1 0 0
    outer loop
      vertex 19.05 17.304 3.09101
      vertex 19.05 17.8488 4.16022
      vertex 19.05 17.5298 4.29233
    endloop
  endfacet
  facet normal 1 0 0
    outer loop
      vertex 19.05 18.1431 3.97984
      vertex 19.05 17.4378 3.00902
      vertex 19.05 17.5571 2.90711
    endloop
  endfacet
  facet normal 1 0 0
    outer loop
      vertex 19.05 17.8488 4.16022
      vertex 19.05 17.304 3.09101
      vertex 19.05 17.4378 3.00902
    endloop
  endfacet
  facet normal 1 0 0
    outer loop
      vertex 19.05 17.159 3.15106
      vertex 19.05 17.5298 4.29233
      vertex 19.05 17.1942 4.37292
    endloop
  endfacet
  facet normal 1 0 0
    outer loop
      vertex 19.05 17.5298 4.29233
      vertex 19.05 17.159 3.15106
      vertex 19.05 17.304 3.09101
    endloop
  endfacet
  facet normal 1 0 0
    outer loop
      vertex 19.05 17.1942 4.37292
      vertex 19.05 17.0064 3.18769
      vertex 19.05 17.159 3.15106
    endloop
  endfacet
  facet normal 1 0 0
    outer loop
      vertex 19.05 16.85 4.4
      vertex 19.05 17.0064 3.18769
      vertex 19.05 17.1942 4.37292
    endloop
  endfacet
  facet normal 1 0 0
    outer loop
      vertex 19.05 16.85 4.4
      vertex 19.05 16.85 3.2
      vertex 19.05 17.0064 3.18769
    endloop
  endfacet
  facet normal 1 0 0
    outer loop
      vertex 19.05 16.85 4.4
      vertex 19.05 16.6936 3.18769
      vertex 19.05 16.85 3.2
    endloop
  endfacet
  facet normal 1 -0 0
    outer loop
      vertex 19.05 16.5058 4.37292
      vertex 19.05 16.6936 3.18769
      vertex 19.05 16.85 4.4
    endloop
  endfacet
  facet normal 1 0 0
    outer loop
      vertex 19.05 16.6936 3.18769
      vertex 19.05 16.5058 4.37292
      vertex 19.05 16.541 3.15106
    endloop
  endfacet
  facet normal 1 -0 0
    outer loop
      vertex 19.05 16.1702 4.29233
      vertex 19.05 16.541 3.15106
      vertex 19.05 16.5058 4.37292
    endloop
  endfacet
  facet normal 1 0 0
    outer loop
      vertex 19.05 16.541 3.15106
      vertex 19.05 16.1702 4.29233
      vertex 19.05 16.396 3.09101
    endloop
  endfacet
  facet normal 1 -0 0
    outer loop
      vertex 19.05 15.8512 4.16022
      vertex 19.05 16.396 3.09101
      vertex 19.05 16.1702 4.29233
    endloop
  endfacet
  facet normal 1 0 0
    outer loop
      vertex 19.05 16.396 3.09101
      vertex 19.05 15.8512 4.16022
      vertex 19.05 16.2622 3.00902
    endloop
  endfacet
  facet normal 1 -0 0
    outer loop
      vertex 19.05 15.5569 3.97984
      vertex 19.05 16.2622 3.00902
      vertex 19.05 15.8512 4.16022
    endloop
  endfacet
  facet normal 1 0 0
    outer loop
      vertex 19.05 16.2622 3.00902
      vertex 19.05 15.5569 3.97984
      vertex 19.05 16.1429 2.90711
    endloop
  endfacet
  facet normal 1 -0 0
    outer loop
      vertex 19.05 15.2944 3.75564
      vertex 19.05 16.1429 2.90711
      vertex 19.05 15.5569 3.97984
    endloop
  endfacet
  facet normal 1 0 0
    outer loop
      vertex 19.05 16.1429 2.90711
      vertex 19.05 15.2944 3.75564
      vertex 19.05 16.041 2.78779
    endloop
  endfacet
  facet normal 1 -0 0
    outer loop
      vertex 19.05 15.0702 3.49313
      vertex 19.05 16.041 2.78779
      vertex 19.05 15.2944 3.75564
    endloop
  endfacet
  facet normal 1 0 0
    outer loop
      vertex 19.05 16.041 2.78779
      vertex 19.05 15.0702 3.49313
      vertex 19.05 15.959 2.65399
    endloop
  endfacet
  facet normal 1 -0 0
    outer loop
      vertex 19.05 14.8898 3.19878
      vertex 19.05 15.959 2.65399
      vertex 19.05 15.0702 3.49313
    endloop
  endfacet
  facet normal 0 -0.76041 -0.649443
    outer loop
      vertex 6.35 15.2944 0.644365
      vertex 19.05 15.0702 0.906873
      vertex 6.35 15.0702 0.906873
    endloop
  endfacet
  facet normal 0 -0.76041 -0.649443
    outer loop
      vertex 19.05 15.0702 0.906873
      vertex 6.35 15.2944 0.644365
      vertex 19.05 15.2944 0.644365
    endloop
  endfacet
  facet normal 0 -0.0784482 -0.996918
    outer loop
      vertex 6.35 16.5058 0.0270861
      vertex 19.05 16.85 7.62939e-07
      vertex 19.05 16.5058 0.0270861
    endloop
  endfacet
  facet normal -0 -0.0784482 -0.996918
    outer loop
      vertex 19.05 16.85 7.62939e-07
      vertex 6.35 16.5058 0.0270861
      vertex 6.35 16.85 7.62939e-07
    endloop
  endfacet
  facet normal 0 0.923889 -0.382661
    outer loop
      vertex 19.05 18.8102 1.20122
      vertex 6.35 18.9423 1.52016
      vertex 19.05 18.9423 1.52016
    endloop
  endfacet
  facet normal 0 0.923889 -0.382661
    outer loop
      vertex 6.35 18.9423 1.52016
      vertex 19.05 18.8102 1.20122
      vertex 6.35 18.8102 1.20122
    endloop
  endfacet
  facet normal 0 -0.996914 0.0784995
    outer loop
      vertex 6.35 14.65 2.2
      vertex 19.05 14.6771 2.54416
      vertex 6.35 14.6771 2.54416
    endloop
  endfacet
  facet normal 0 -0.996914 0.0784995
    outer loop
      vertex 19.05 14.6771 2.54416
      vertex 6.35 14.65 2.2
      vertex 19.05 14.65 2.2
    endloop
  endfacet
  facet normal 0 -0.522567 0.852598
    outer loop
      vertex 6.35 15.8512 4.16022
      vertex 19.05 15.5569 3.97984
      vertex 19.05 15.8512 4.16022
    endloop
  endfacet
  facet normal 0 -0.522567 0.852598
    outer loop
      vertex 19.05 15.5569 3.97984
      vertex 6.35 15.8512 4.16022
      vertex 6.35 15.5569 3.97984
    endloop
  endfacet
  facet normal 0 -0.852609 -0.522549
    outer loop
      vertex 6.35 15.0702 0.906873
      vertex 19.05 14.8898 1.20122
      vertex 6.35 14.8898 1.20122
    endloop
  endfacet
  facet normal 0 -0.852609 -0.522549
    outer loop
      vertex 19.05 14.8898 1.20122
      vertex 6.35 15.0702 0.906873
      vertex 19.05 15.0702 0.906873
    endloop
  endfacet
  facet normal 0 -0.522561 -0.852602
    outer loop
      vertex 6.35 15.5569 0.420163
      vertex 19.05 15.8512 0.239786
      vertex 19.05 15.5569 0.420163
    endloop
  endfacet
  facet normal -0 -0.522561 -0.852602
    outer loop
      vertex 19.05 15.8512 0.239786
      vertex 6.35 15.5569 0.420163
      vertex 6.35 15.8512 0.239786
    endloop
  endfacet
  facet normal 0 0.996914 -0.0784995
    outer loop
      vertex 19.05 19.0229 1.85584
      vertex 6.35 19.05 2.2
      vertex 19.05 19.05 2.2
    endloop
  endfacet
  facet normal 0 0.996914 -0.0784995
    outer loop
      vertex 6.35 19.05 2.2
      vertex 19.05 19.0229 1.85584
      vertex 6.35 19.0229 1.85584
    endloop
  endfacet
  facet normal 0 -0.996914 -0.0784995
    outer loop
      vertex 6.35 14.6771 1.85584
      vertex 19.05 14.65 2.2
      vertex 6.35 14.65 2.2
    endloop
  endfacet
  facet normal 0 -0.996914 -0.0784995
    outer loop
      vertex 19.05 14.65 2.2
      vertex 6.35 14.6771 1.85584
      vertex 19.05 14.6771 1.85584
    endloop
  endfacet
  facet normal 0 -0.649454 0.760401
    outer loop
      vertex 6.35 15.5569 3.97984
      vertex 19.05 15.2944 3.75564
      vertex 19.05 15.5569 3.97984
    endloop
  endfacet
  facet normal 0 -0.649454 0.760401
    outer loop
      vertex 19.05 15.2944 3.75564
      vertex 6.35 15.5569 3.97984
      vertex 6.35 15.2944 3.75564
    endloop
  endfacet
  facet normal 0 -0.382624 0.923904
    outer loop
      vertex 6.35 16.1702 4.29233
      vertex 19.05 15.8512 4.16022
      vertex 19.05 16.1702 4.29233
    endloop
  endfacet
  facet normal 0 -0.382624 0.923904
    outer loop
      vertex 19.05 15.8512 4.16022
      vertex 6.35 16.1702 4.29233
      vertex 6.35 15.8512 4.16022
    endloop
  endfacet
  facet normal 0 -0.972363 -0.233474
    outer loop
      vertex 6.35 14.7577 1.52016
      vertex 19.05 14.6771 1.85584
      vertex 6.35 14.6771 1.85584
    endloop
  endfacet
  facet normal 0 -0.972363 -0.233474
    outer loop
      vertex 19.05 14.6771 1.85584
      vertex 6.35 14.7577 1.52016
      vertex 19.05 14.7577 1.52016
    endloop
  endfacet
  facet normal 0 -0.923889 -0.382661
    outer loop
      vertex 6.35 14.8898 1.20122
      vertex 19.05 14.7577 1.52016
      vertex 6.35 14.7577 1.52016
    endloop
  endfacet
  facet normal 0 -0.923889 -0.382661
    outer loop
      vertex 19.05 14.7577 1.52016
      vertex 6.35 14.8898 1.20122
      vertex 19.05 14.8898 1.20122
    endloop
  endfacet
  facet normal 0 -0.649458 -0.760398
    outer loop
      vertex 6.35 15.2944 0.644365
      vertex 19.05 15.5569 0.420163
      vertex 19.05 15.2944 0.644365
    endloop
  endfacet
  facet normal -0 -0.649458 -0.760398
    outer loop
      vertex 19.05 15.5569 0.420163
      vertex 6.35 15.2944 0.644365
      vertex 6.35 15.5569 0.420163
    endloop
  endfacet
  facet normal 0 -0.382624 -0.923904
    outer loop
      vertex 6.35 15.8512 0.239786
      vertex 19.05 16.1702 0.107676
      vertex 19.05 15.8512 0.239786
    endloop
  endfacet
  facet normal -0 -0.382624 -0.923904
    outer loop
      vertex 19.05 16.1702 0.107676
      vertex 6.35 15.8512 0.239786
      vertex 6.35 16.1702 0.107676
    endloop
  endfacet
  facet normal 0 0.972363 -0.233474
    outer loop
      vertex 19.05 18.9423 1.52016
      vertex 6.35 19.0229 1.85584
      vertex 19.05 19.0229 1.85584
    endloop
  endfacet
  facet normal 0 0.972363 -0.233474
    outer loop
      vertex 6.35 19.0229 1.85584
      vertex 19.05 18.9423 1.52016
      vertex 6.35 18.9423 1.52016
    endloop
  endfacet
  facet normal 0 0.996914 0.0784995
    outer loop
      vertex 19.05 19.05 2.2
      vertex 6.35 19.0229 2.54416
      vertex 19.05 19.0229 2.54416
    endloop
  endfacet
  facet normal 0 0.996914 0.0784995
    outer loop
      vertex 6.35 19.0229 2.54416
      vertex 19.05 19.05 2.2
      vertex 6.35 19.05 2.2
    endloop
  endfacet
  facet normal 0 -0.233499 0.972357
    outer loop
      vertex 6.35 16.5058 4.37292
      vertex 19.05 16.1702 4.29233
      vertex 19.05 16.5058 4.37292
    endloop
  endfacet
  facet normal 0 -0.233499 0.972357
    outer loop
      vertex 19.05 16.1702 4.29233
      vertex 6.35 16.5058 4.37292
      vertex 6.35 16.1702 4.29233
    endloop
  endfacet
  facet normal 0 -0.233499 -0.972357
    outer loop
      vertex 6.35 16.1702 0.107676
      vertex 19.05 16.5058 0.0270861
      vertex 19.05 16.1702 0.107676
    endloop
  endfacet
  facet normal -0 -0.233499 -0.972357
    outer loop
      vertex 19.05 16.5058 0.0270861
      vertex 6.35 16.1702 0.107676
      vertex 6.35 16.5058 0.0270861
    endloop
  endfacet
  facet normal 0 0.867367 -0.497669
    outer loop
      vertex 19.05 18.8095 1.2
      vertex 6.35 18.8102 1.20122
      vertex 19.05 18.8102 1.20122
    endloop
  endfacet
  facet normal 0 0.867367 -0.497669
    outer loop
      vertex 6.35 18.8102 1.20122
      vertex 19.05 18.8095 1.2
      vertex 6.35 18.8095 1.2
    endloop
  endfacet
  facet normal 0 -0.760413 0.64944
    outer loop
      vertex 6.35 15.0702 3.49313
      vertex 19.05 15.2944 3.75564
      vertex 6.35 15.2944 3.75564
    endloop
  endfacet
  facet normal 0 -0.760413 0.64944
    outer loop
      vertex 19.05 15.2944 3.75564
      vertex 6.35 15.0702 3.49313
      vertex 19.05 15.0702 3.49313
    endloop
  endfacet
  facet normal 0 -0.852612 0.522545
    outer loop
      vertex 6.35 14.8898 3.19878
      vertex 19.05 15.0702 3.49313
      vertex 6.35 15.0702 3.49313
    endloop
  endfacet
  facet normal 0 -0.852612 0.522545
    outer loop
      vertex 19.05 15.0702 3.49313
      vertex 6.35 14.8898 3.19878
      vertex 19.05 14.8898 3.19878
    endloop
  endfacet
  facet normal 0 -0.0784328 0.996919
    outer loop
      vertex 6.35 16.85 4.4
      vertex 19.05 16.5058 4.37292
      vertex 19.05 16.85 4.4
    endloop
  endfacet
  facet normal 0 -0.0784328 0.996919
    outer loop
      vertex 19.05 16.5058 4.37292
      vertex 6.35 16.85 4.4
      vertex 6.35 16.5058 4.37292
    endloop
  endfacet
  facet normal -0 0.0784328 0.996919
    outer loop
      vertex 6.35 17.1942 4.37292
      vertex 19.05 16.85 4.4
      vertex 19.05 17.1942 4.37292
    endloop
  endfacet
  facet normal 0 0.0784328 0.996919
    outer loop
      vertex 19.05 16.85 4.4
      vertex 6.35 17.1942 4.37292
      vertex 6.35 16.85 4.4
    endloop
  endfacet
  facet normal -0 0.233499 0.972357
    outer loop
      vertex 6.35 17.5298 4.29233
      vertex 19.05 17.1942 4.37292
      vertex 19.05 17.5298 4.29233
    endloop
  endfacet
  facet normal 0 0.233499 0.972357
    outer loop
      vertex 19.05 17.1942 4.37292
      vertex 6.35 17.5298 4.29233
      vertex 6.35 17.1942 4.37292
    endloop
  endfacet
  facet normal 0 0.923889 0.382661
    outer loop
      vertex 19.05 18.9423 2.87984
      vertex 6.35 18.8102 3.19878
      vertex 19.05 18.8102 3.19878
    endloop
  endfacet
  facet normal 0 0.923889 0.382661
    outer loop
      vertex 6.35 18.8102 3.19878
      vertex 19.05 18.9423 2.87984
      vertex 6.35 18.9423 2.87984
    endloop
  endfacet
  facet normal -0 0.649454 0.760401
    outer loop
      vertex 6.35 18.4056 3.75564
      vertex 19.05 18.1431 3.97984
      vertex 19.05 18.4056 3.75564
    endloop
  endfacet
  facet normal 0 0.649454 0.760401
    outer loop
      vertex 19.05 18.1431 3.97984
      vertex 6.35 18.4056 3.75564
      vertex 6.35 18.1431 3.97984
    endloop
  endfacet
  facet normal 0 -0.972363 0.233474
    outer loop
      vertex 6.35 14.6771 2.54416
      vertex 19.05 14.7577 2.87984
      vertex 6.35 14.7577 2.87984
    endloop
  endfacet
  facet normal 0 -0.972363 0.233474
    outer loop
      vertex 19.05 14.7577 2.87984
      vertex 6.35 14.6771 2.54416
      vertex 19.05 14.6771 2.54416
    endloop
  endfacet
  facet normal 0 -0.923889 0.382661
    outer loop
      vertex 6.35 14.7577 2.87984
      vertex 19.05 14.8898 3.19878
      vertex 6.35 14.8898 3.19878
    endloop
  endfacet
  facet normal 0 -0.923889 0.382661
    outer loop
      vertex 19.05 14.8898 3.19878
      vertex 6.35 14.7577 2.87984
      vertex 19.05 14.7577 2.87984
    endloop
  endfacet
  facet normal 0 0.972363 0.233474
    outer loop
      vertex 19.05 19.0229 2.54416
      vertex 6.35 18.9423 2.87984
      vertex 19.05 18.9423 2.87984
    endloop
  endfacet
  facet normal 0 0.972363 0.233474
    outer loop
      vertex 6.35 18.9423 2.87984
      vertex 19.05 19.0229 2.54416
      vertex 6.35 19.0229 2.54416
    endloop
  endfacet
  facet normal -0 0.522567 0.852598
    outer loop
      vertex 6.35 18.1431 3.97984
      vertex 19.05 17.8488 4.16022
      vertex 19.05 18.1431 3.97984
    endloop
  endfacet
  facet normal 0 0.522567 0.852598
    outer loop
      vertex 19.05 17.8488 4.16022
      vertex 6.35 18.1431 3.97984
      vertex 6.35 17.8488 4.16022
    endloop
  endfacet
  facet normal 0 0.760413 0.64944
    outer loop
      vertex 19.05 18.6298 3.49313
      vertex 6.35 18.4056 3.75564
      vertex 19.05 18.4056 3.75564
    endloop
  endfacet
  facet normal 0 0.760413 0.64944
    outer loop
      vertex 6.35 18.4056 3.75564
      vertex 19.05 18.6298 3.49313
      vertex 6.35 18.6298 3.49313
    endloop
  endfacet
  facet normal 0 0.852612 0.522545
    outer loop
      vertex 19.05 18.8102 3.19878
      vertex 6.35 18.6298 3.49313
      vertex 19.05 18.6298 3.49313
    endloop
  endfacet
  facet normal 0 0.852612 0.522545
    outer loop
      vertex 6.35 18.6298 3.49313
      vertex 19.05 18.8102 3.19878
      vertex 6.35 18.8102 3.19878
    endloop
  endfacet
  facet normal -0 0.382624 0.923904
    outer loop
      vertex 6.35 17.8488 4.16022
      vertex 19.05 17.5298 4.29233
      vertex 19.05 17.8488 4.16022
    endloop
  endfacet
  facet normal 0 0.382624 0.923904
    outer loop
      vertex 19.05 17.5298 4.29233
      vertex 6.35 17.8488 4.16022
      vertex 6.35 17.5298 4.29233
    endloop
  endfacet
  facet normal 0 -0.996923 -0.0783875
    outer loop
      vertex 1.35 15.8623 2.04357
      vertex 6.35 15.85 2.2
      vertex 1.35 15.85 2.2
    endloop
  endfacet
  facet normal 0 -0.996923 -0.0783875
    outer loop
      vertex 6.35 15.85 2.2
      vertex 1.35 15.8623 2.04357
      vertex 6.35 15.8623 2.04357
    endloop
  endfacet
  facet normal 0 -0.996923 -0.0783875
    outer loop
      vertex 19.05 15.8623 2.04357
      vertex 24.05 15.85 2.2
      vertex 19.05 15.85 2.2
    endloop
  endfacet
  facet normal 0 -0.996923 -0.0783875
    outer loop
      vertex 24.05 15.85 2.2
      vertex 19.05 15.8623 2.04357
      vertex 24.05 15.8623 2.04357
    endloop
  endfacet
  facet normal 0 0.996923 -0.0783875
    outer loop
      vertex 6.35 17.8377 2.04357
      vertex 1.35 17.85 2.2
      vertex 6.35 17.85 2.2
    endloop
  endfacet
  facet normal 0 0.996923 -0.0783875
    outer loop
      vertex 1.35 17.85 2.2
      vertex 6.35 17.8377 2.04357
      vertex 1.35 17.8377 2.04357
    endloop
  endfacet
  facet normal 0 0.996923 -0.0783875
    outer loop
      vertex 24.05 17.8377 2.04357
      vertex 19.05 17.85 2.2
      vertex 24.05 17.85 2.2
    endloop
  endfacet
  facet normal 0 0.996923 -0.0783875
    outer loop
      vertex 19.05 17.85 2.2
      vertex 24.05 17.8377 2.04357
      vertex 19.05 17.8377 2.04357
    endloop
  endfacet
  facet normal -0 0.0784658 0.996917
    outer loop
      vertex 1.35 17.0064 3.18769
      vertex 6.35 16.85 3.2
      vertex 6.35 17.0064 3.18769
    endloop
  endfacet
  facet normal 0 0.0784658 0.996917
    outer loop
      vertex 6.35 16.85 3.2
      vertex 1.35 17.0064 3.18769
      vertex 1.35 16.85 3.2
    endloop
  endfacet
  facet normal -0 0.0784658 0.996917
    outer loop
      vertex 19.05 17.0064 3.18769
      vertex 24.05 16.85 3.2
      vertex 24.05 17.0064 3.18769
    endloop
  endfacet
  facet normal 0 0.0784658 0.996917
    outer loop
      vertex 24.05 16.85 3.2
      vertex 19.05 17.0064 3.18769
      vertex 19.05 16.85 3.2
    endloop
  endfacet
  facet normal 0 0.760434 0.649415
    outer loop
      vertex 6.35 17.659 2.78779
      vertex 1.35 17.5571 2.90711
      vertex 6.35 17.5571 2.90711
    endloop
  endfacet
  facet normal 0 0.760434 0.649415
    outer loop
      vertex 1.35 17.5571 2.90711
      vertex 6.35 17.659 2.78779
      vertex 1.35 17.659 2.78779
    endloop
  endfacet
  facet normal 0 0.760434 0.649415
    outer loop
      vertex 24.05 17.659 2.78779
      vertex 19.05 17.5571 2.90711
      vertex 24.05 17.5571 2.90711
    endloop
  endfacet
  facet normal 0 0.760434 0.649415
    outer loop
      vertex 19.05 17.5571 2.90711
      vertex 24.05 17.659 2.78779
      vertex 19.05 17.659 2.78779
    endloop
  endfacet
  facet normal 0 0.649515 -0.760349
    outer loop
      vertex 1.35 17.4378 1.39098
      vertex 6.35 17.5571 1.49289
      vertex 6.35 17.4378 1.39098
    endloop
  endfacet
  facet normal 0 0.649515 -0.760349
    outer loop
      vertex 6.35 17.5571 1.49289
      vertex 1.35 17.4378 1.39098
      vertex 1.35 17.5571 1.49289
    endloop
  endfacet
  facet normal 0 0.649515 -0.760349
    outer loop
      vertex 19.05 17.4378 1.39098
      vertex 24.05 17.5571 1.49289
      vertex 24.05 17.4378 1.39098
    endloop
  endfacet
  facet normal 0 0.649515 -0.760349
    outer loop
      vertex 24.05 17.5571 1.49289
      vertex 19.05 17.4378 1.39098
      vertex 19.05 17.5571 1.49289
    endloop
  endfacet
  facet normal 0 0.233409 -0.972379
    outer loop
      vertex 1.35 17.0064 1.21231
      vertex 6.35 17.159 1.24894
      vertex 6.35 17.0064 1.21231
    endloop
  endfacet
  facet normal 0 0.233409 -0.972379
    outer loop
      vertex 6.35 17.159 1.24894
      vertex 1.35 17.0064 1.21231
      vertex 1.35 17.159 1.24894
    endloop
  endfacet
  facet normal 0 0.233409 -0.972379
    outer loop
      vertex 19.05 17.0064 1.21231
      vertex 24.05 17.159 1.24894
      vertex 24.05 17.0064 1.21231
    endloop
  endfacet
  facet normal 0 0.233409 -0.972379
    outer loop
      vertex 24.05 17.159 1.24894
      vertex 19.05 17.0064 1.21231
      vertex 19.05 17.159 1.24894
    endloop
  endfacet
  facet normal 0 -0.760434 -0.649415
    outer loop
      vertex 1.35 16.1429 1.49289
      vertex 6.35 16.041 1.61221
      vertex 1.35 16.041 1.61221
    endloop
  endfacet
  facet normal 0 -0.760434 -0.649415
    outer loop
      vertex 6.35 16.041 1.61221
      vertex 1.35 16.1429 1.49289
      vertex 6.35 16.1429 1.49289
    endloop
  endfacet
  facet normal 0 -0.760434 -0.649415
    outer loop
      vertex 19.05 16.1429 1.49289
      vertex 24.05 16.041 1.61221
      vertex 19.05 16.041 1.61221
    endloop
  endfacet
  facet normal 0 -0.760434 -0.649415
    outer loop
      vertex 24.05 16.041 1.61221
      vertex 19.05 16.1429 1.49289
      vertex 24.05 16.1429 1.49289
    endloop
  endfacet
  facet normal 0 -0.233409 -0.972379
    outer loop
      vertex 19.05 16.541 1.24894
      vertex 24.05 16.6936 1.21231
      vertex 24.05 16.541 1.24894
    endloop
  endfacet
  facet normal -0 -0.233409 -0.972379
    outer loop
      vertex 24.05 16.6936 1.21231
      vertex 19.05 16.541 1.24894
      vertex 19.05 16.6936 1.21231
    endloop
  endfacet
  facet normal 0 -0.233409 -0.972379
    outer loop
      vertex 1.35 16.541 1.24894
      vertex 6.35 16.6936 1.21231
      vertex 6.35 16.541 1.24894
    endloop
  endfacet
  facet normal -0 -0.233409 -0.972379
    outer loop
      vertex 6.35 16.6936 1.21231
      vertex 1.35 16.541 1.24894
      vertex 1.35 16.6936 1.21231
    endloop
  endfacet
  facet normal 0 -0.522486 -0.852648
    outer loop
      vertex 1.35 16.2622 1.39098
      vertex 6.35 16.396 1.30899
      vertex 6.35 16.2622 1.39098
    endloop
  endfacet
  facet normal -0 -0.522486 -0.852648
    outer loop
      vertex 6.35 16.396 1.30899
      vertex 1.35 16.2622 1.39098
      vertex 1.35 16.396 1.30899
    endloop
  endfacet
  facet normal 0 -0.522486 -0.852648
    outer loop
      vertex 19.05 16.2622 1.39098
      vertex 24.05 16.396 1.30899
      vertex 24.05 16.2622 1.39098
    endloop
  endfacet
  facet normal -0 -0.522486 -0.852648
    outer loop
      vertex 24.05 16.396 1.30899
      vertex 19.05 16.2622 1.39098
      vertex 19.05 16.396 1.30899
    endloop
  endfacet
  facet normal 0 0.85262 -0.522532
    outer loop
      vertex 6.35 17.659 1.61221
      vertex 1.35 17.741 1.74601
      vertex 6.35 17.741 1.74601
    endloop
  endfacet
  facet normal 0 0.85262 -0.522532
    outer loop
      vertex 1.35 17.741 1.74601
      vertex 6.35 17.659 1.61221
      vertex 1.35 17.659 1.61221
    endloop
  endfacet
  facet normal 0 0.85262 -0.522532
    outer loop
      vertex 24.05 17.659 1.61221
      vertex 19.05 17.741 1.74601
      vertex 24.05 17.741 1.74601
    endloop
  endfacet
  facet normal 0 0.85262 -0.522532
    outer loop
      vertex 19.05 17.741 1.74601
      vertex 24.05 17.659 1.61221
      vertex 19.05 17.659 1.61221
    endloop
  endfacet
  facet normal 0 0.760434 -0.649415
    outer loop
      vertex 6.35 17.5571 1.49289
      vertex 1.35 17.659 1.61221
      vertex 6.35 17.659 1.61221
    endloop
  endfacet
  facet normal 0 0.760434 -0.649415
    outer loop
      vertex 1.35 17.659 1.61221
      vertex 6.35 17.5571 1.49289
      vertex 1.35 17.5571 1.49289
    endloop
  endfacet
  facet normal 0 0.760434 -0.649415
    outer loop
      vertex 24.05 17.5571 1.49289
      vertex 19.05 17.659 1.61221
      vertex 24.05 17.659 1.61221
    endloop
  endfacet
  facet normal 0 0.760434 -0.649415
    outer loop
      vertex 19.05 17.659 1.61221
      vertex 24.05 17.5571 1.49289
      vertex 19.05 17.5571 1.49289
    endloop
  endfacet
  facet normal 0 0.923764 -0.382963
    outer loop
      vertex 6.35 17.741 1.74601
      vertex 1.35 17.8011 1.89098
      vertex 6.35 17.8011 1.89098
    endloop
  endfacet
  facet normal 0 0.923764 -0.382963
    outer loop
      vertex 1.35 17.8011 1.89098
      vertex 6.35 17.741 1.74601
      vertex 1.35 17.741 1.74601
    endloop
  endfacet
  facet normal 0 0.923764 -0.382963
    outer loop
      vertex 24.05 17.741 1.74601
      vertex 19.05 17.8011 1.89098
      vertex 24.05 17.8011 1.89098
    endloop
  endfacet
  facet normal 0 0.923764 -0.382963
    outer loop
      vertex 19.05 17.8011 1.89098
      vertex 24.05 17.741 1.74601
      vertex 19.05 17.741 1.74601
    endloop
  endfacet
  facet normal 0 0.522486 -0.852648
    outer loop
      vertex 1.35 17.304 1.30899
      vertex 6.35 17.4378 1.39098
      vertex 6.35 17.304 1.30899
    endloop
  endfacet
  facet normal 0 0.522486 -0.852648
    outer loop
      vertex 6.35 17.4378 1.39098
      vertex 1.35 17.304 1.30899
      vertex 1.35 17.4378 1.39098
    endloop
  endfacet
  facet normal 0 0.522486 -0.852648
    outer loop
      vertex 19.05 17.304 1.30899
      vertex 24.05 17.4378 1.39098
      vertex 24.05 17.304 1.30899
    endloop
  endfacet
  facet normal 0 0.522486 -0.852648
    outer loop
      vertex 24.05 17.4378 1.39098
      vertex 19.05 17.304 1.30899
      vertex 19.05 17.4378 1.39098
    endloop
  endfacet
  facet normal 0 0.0784658 -0.996917
    outer loop
      vertex 1.35 16.85 1.2
      vertex 6.35 17.0064 1.21231
      vertex 6.35 16.85 1.2
    endloop
  endfacet
  facet normal 0 0.0784658 -0.996917
    outer loop
      vertex 6.35 17.0064 1.21231
      vertex 1.35 16.85 1.2
      vertex 1.35 17.0064 1.21231
    endloop
  endfacet
  facet normal 0 0.0784658 -0.996917
    outer loop
      vertex 19.05 16.85 1.2
      vertex 24.05 17.0064 1.21231
      vertex 24.05 16.85 1.2
    endloop
  endfacet
  facet normal 0 0.0784658 -0.996917
    outer loop
      vertex 24.05 17.0064 1.21231
      vertex 19.05 16.85 1.2
      vertex 19.05 17.0064 1.21231
    endloop
  endfacet
  facet normal -1 0 0
    outer loop
      vertex 1.35 17.8377 2.04357
      vertex 1.35 17.8377 2.35643
      vertex 1.35 17.85 2.2
    endloop
  endfacet
  facet normal -1 0 0
    outer loop
      vertex 1.35 17.8011 1.89098
      vertex 1.35 17.8377 2.35643
      vertex 1.35 17.8377 2.04357
    endloop
  endfacet
  facet normal -1 0 0
    outer loop
      vertex 1.35 17.8011 1.89098
      vertex 1.35 17.8011 2.50902
      vertex 1.35 17.8377 2.35643
    endloop
  endfacet
  facet normal -1 0 0
    outer loop
      vertex 1.35 17.741 1.74601
      vertex 1.35 17.8011 2.50902
      vertex 1.35 17.8011 1.89098
    endloop
  endfacet
  facet normal -1 0 0
    outer loop
      vertex 1.35 17.741 1.74601
      vertex 1.35 17.741 2.65399
      vertex 1.35 17.8011 2.50902
    endloop
  endfacet
  facet normal -1 0 0
    outer loop
      vertex 1.35 17.659 1.61221
      vertex 1.35 17.741 2.65399
      vertex 1.35 17.741 1.74601
    endloop
  endfacet
  facet normal -1 0 0
    outer loop
      vertex 1.35 17.659 1.61221
      vertex 1.35 17.659 2.78779
      vertex 1.35 17.741 2.65399
    endloop
  endfacet
  facet normal -1 0 0
    outer loop
      vertex 1.35 17.5571 1.49289
      vertex 1.35 17.659 2.78779
      vertex 1.35 17.659 1.61221
    endloop
  endfacet
  facet normal -1 0 0
    outer loop
      vertex 1.35 17.5571 1.49289
      vertex 1.35 17.5571 2.90711
      vertex 1.35 17.659 2.78779
    endloop
  endfacet
  facet normal -1 0 0
    outer loop
      vertex 1.35 17.4378 1.39098
      vertex 1.35 17.5571 2.90711
      vertex 1.35 17.5571 1.49289
    endloop
  endfacet
  facet normal -1 0 0
    outer loop
      vertex 1.35 17.4378 1.39098
      vertex 1.35 17.4378 3.00902
      vertex 1.35 17.5571 2.90711
    endloop
  endfacet
  facet normal -1 0 0
    outer loop
      vertex 1.35 17.304 1.30899
      vertex 1.35 17.4378 3.00902
      vertex 1.35 17.4378 1.39098
    endloop
  endfacet
  facet normal -1 0 0
    outer loop
      vertex 1.35 17.304 1.30899
      vertex 1.35 17.304 3.09101
      vertex 1.35 17.4378 3.00902
    endloop
  endfacet
  facet normal -1 0 0
    outer loop
      vertex 1.35 17.159 1.24894
      vertex 1.35 17.304 3.09101
      vertex 1.35 17.304 1.30899
    endloop
  endfacet
  facet normal -1 0 0
    outer loop
      vertex 1.35 17.159 1.24894
      vertex 1.35 17.159 3.15106
      vertex 1.35 17.304 3.09101
    endloop
  endfacet
  facet normal -1 0 0
    outer loop
      vertex 1.35 17.0064 1.21231
      vertex 1.35 17.159 3.15106
      vertex 1.35 17.159 1.24894
    endloop
  endfacet
  facet normal -1 0 0
    outer loop
      vertex 1.35 17.0064 1.21231
      vertex 1.35 17.0064 3.18769
      vertex 1.35 17.159 3.15106
    endloop
  endfacet
  facet normal -1 0 0
    outer loop
      vertex 1.35 16.85 1.2
      vertex 1.35 17.0064 3.18769
      vertex 1.35 17.0064 1.21231
    endloop
  endfacet
  facet normal -1 0 0
    outer loop
      vertex 1.35 16.85 1.2
      vertex 1.35 16.85 3.2
      vertex 1.35 17.0064 3.18769
    endloop
  endfacet
  facet normal -1 0 0
    outer loop
      vertex 1.35 16.6936 1.21231
      vertex 1.35 16.85 3.2
      vertex 1.35 16.85 1.2
    endloop
  endfacet
  facet normal -1 0 0
    outer loop
      vertex 1.35 16.6936 1.21231
      vertex 1.35 16.6936 3.18769
      vertex 1.35 16.85 3.2
    endloop
  endfacet
  facet normal -1 0 0
    outer loop
      vertex 1.35 16.541 1.24894
      vertex 1.35 16.6936 3.18769
      vertex 1.35 16.6936 1.21231
    endloop
  endfacet
  facet normal -1 0 0
    outer loop
      vertex 1.35 16.541 1.24894
      vertex 1.35 16.541 3.15106
      vertex 1.35 16.6936 3.18769
    endloop
  endfacet
  facet normal -1 0 0
    outer loop
      vertex 1.35 16.396 1.30899
      vertex 1.35 16.541 3.15106
      vertex 1.35 16.541 1.24894
    endloop
  endfacet
  facet normal -1 0 0
    outer loop
      vertex 1.35 16.396 1.30899
      vertex 1.35 16.396 3.09101
      vertex 1.35 16.541 3.15106
    endloop
  endfacet
  facet normal -1 0 0
    outer loop
      vertex 1.35 16.2622 1.39098
      vertex 1.35 16.396 3.09101
      vertex 1.35 16.396 1.30899
    endloop
  endfacet
  facet normal -1 0 0
    outer loop
      vertex 1.35 16.2622 1.39098
      vertex 1.35 16.2622 3.00902
      vertex 1.35 16.396 3.09101
    endloop
  endfacet
  facet normal -1 0 0
    outer loop
      vertex 1.35 16.1429 1.49289
      vertex 1.35 16.2622 3.00902
      vertex 1.35 16.2622 1.39098
    endloop
  endfacet
  facet normal -1 0 0
    outer loop
      vertex 1.35 16.1429 1.49289
      vertex 1.35 16.1429 2.90711
      vertex 1.35 16.2622 3.00902
    endloop
  endfacet
  facet normal -1 0 0
    outer loop
      vertex 1.35 16.041 1.61221
      vertex 1.35 16.1429 2.90711
      vertex 1.35 16.1429 1.49289
    endloop
  endfacet
  facet normal -1 0 0
    outer loop
      vertex 1.35 16.041 1.61221
      vertex 1.35 16.041 2.78779
      vertex 1.35 16.1429 2.90711
    endloop
  endfacet
  facet normal -1 0 0
    outer loop
      vertex 1.35 15.959 1.74601
      vertex 1.35 16.041 2.78779
      vertex 1.35 16.041 1.61221
    endloop
  endfacet
  facet normal -1 0 0
    outer loop
      vertex 1.35 15.959 1.74601
      vertex 1.35 15.959 2.65399
      vertex 1.35 16.041 2.78779
    endloop
  endfacet
  facet normal -1 0 0
    outer loop
      vertex 1.35 15.8989 1.89098
      vertex 1.35 15.959 2.65399
      vertex 1.35 15.959 1.74601
    endloop
  endfacet
  facet normal -1 0 0
    outer loop
      vertex 1.35 15.8989 1.89098
      vertex 1.35 15.8989 2.50902
      vertex 1.35 15.959 2.65399
    endloop
  endfacet
  facet normal -1 0 0
    outer loop
      vertex 1.35 15.8623 2.04357
      vertex 1.35 15.8989 2.50902
      vertex 1.35 15.8989 1.89098
    endloop
  endfacet
  facet normal -1 0 0
    outer loop
      vertex 1.35 15.8623 2.04357
      vertex 1.35 15.8623 2.35643
      vertex 1.35 15.8989 2.50902
    endloop
  endfacet
  facet normal -1 0 -0
    outer loop
      vertex 1.35 15.8623 2.35643
      vertex 1.35 15.8623 2.04357
      vertex 1.35 15.85 2.2
    endloop
  endfacet
  facet normal 0 -0.522486 0.852648
    outer loop
      vertex 1.35 16.396 3.09101
      vertex 6.35 16.2622 3.00902
      vertex 6.35 16.396 3.09101
    endloop
  endfacet
  facet normal 0 -0.522486 0.852648
    outer loop
      vertex 6.35 16.2622 3.00902
      vertex 1.35 16.396 3.09101
      vertex 1.35 16.2622 3.00902
    endloop
  endfacet
  facet normal 0 -0.522486 0.852648
    outer loop
      vertex 19.05 16.396 3.09101
      vertex 24.05 16.2622 3.00902
      vertex 24.05 16.396 3.09101
    endloop
  endfacet
  facet normal 0 -0.522486 0.852648
    outer loop
      vertex 24.05 16.2622 3.00902
      vertex 19.05 16.396 3.09101
      vertex 19.05 16.2622 3.00902
    endloop
  endfacet
  facet normal -0 0.649515 0.760349
    outer loop
      vertex 1.35 17.5571 2.90711
      vertex 6.35 17.4378 3.00902
      vertex 6.35 17.5571 2.90711
    endloop
  endfacet
  facet normal 0 0.649515 0.760349
    outer loop
      vertex 6.35 17.4378 3.00902
      vertex 1.35 17.5571 2.90711
      vertex 1.35 17.4378 3.00902
    endloop
  endfacet
  facet normal -0 0.649515 0.760349
    outer loop
      vertex 19.05 17.5571 2.90711
      vertex 24.05 17.4378 3.00902
      vertex 24.05 17.5571 2.90711
    endloop
  endfacet
  facet normal 0 0.649515 0.760349
    outer loop
      vertex 24.05 17.4378 3.00902
      vertex 19.05 17.5571 2.90711
      vertex 19.05 17.4378 3.00902
    endloop
  endfacet
  facet normal -0 0.233409 0.972379
    outer loop
      vertex 1.35 17.159 3.15106
      vertex 6.35 17.0064 3.18769
      vertex 6.35 17.159 3.15106
    endloop
  endfacet
  facet normal 0 0.233409 0.972379
    outer loop
      vertex 6.35 17.0064 3.18769
      vertex 1.35 17.159 3.15106
      vertex 1.35 17.0064 3.18769
    endloop
  endfacet
  facet normal -0 0.233409 0.972379
    outer loop
      vertex 19.05 17.159 3.15106
      vertex 24.05 17.0064 3.18769
      vertex 24.05 17.159 3.15106
    endloop
  endfacet
  facet normal 0 0.233409 0.972379
    outer loop
      vertex 24.05 17.0064 3.18769
      vertex 19.05 17.159 3.15106
      vertex 19.05 17.0064 3.18769
    endloop
  endfacet
  facet normal 0 0.996923 0.0783875
    outer loop
      vertex 6.35 17.85 2.2
      vertex 1.35 17.8377 2.35643
      vertex 6.35 17.8377 2.35643
    endloop
  endfacet
  facet normal 0 0.996923 0.0783875
    outer loop
      vertex 1.35 17.8377 2.35643
      vertex 6.35 17.85 2.2
      vertex 1.35 17.85 2.2
    endloop
  endfacet
  facet normal 0 0.996923 0.0783875
    outer loop
      vertex 24.05 17.85 2.2
      vertex 19.05 17.8377 2.35643
      vertex 24.05 17.8377 2.35643
    endloop
  endfacet
  facet normal 0 0.996923 0.0783875
    outer loop
      vertex 19.05 17.8377 2.35643
      vertex 24.05 17.85 2.2
      vertex 19.05 17.85 2.2
    endloop
  endfacet
  facet normal 0 0.85262 0.522532
    outer loop
      vertex 6.35 17.741 2.65399
      vertex 1.35 17.659 2.78779
      vertex 6.35 17.659 2.78779
    endloop
  endfacet
  facet normal 0 0.85262 0.522532
    outer loop
      vertex 1.35 17.659 2.78779
      vertex 6.35 17.741 2.65399
      vertex 1.35 17.741 2.65399
    endloop
  endfacet
  facet normal 0 0.85262 0.522532
    outer loop
      vertex 24.05 17.741 2.65399
      vertex 19.05 17.659 2.78779
      vertex 24.05 17.659 2.78779
    endloop
  endfacet
  facet normal 0 0.85262 0.522532
    outer loop
      vertex 19.05 17.659 2.78779
      vertex 24.05 17.741 2.65399
      vertex 19.05 17.741 2.65399
    endloop
  endfacet
  facet normal 0 0.972419 0.233243
    outer loop
      vertex 6.35 17.8377 2.35643
      vertex 1.35 17.8011 2.50902
      vertex 6.35 17.8011 2.50902
    endloop
  endfacet
  facet normal 0 0.972419 0.233243
    outer loop
      vertex 1.35 17.8011 2.50902
      vertex 6.35 17.8377 2.35643
      vertex 1.35 17.8377 2.35643
    endloop
  endfacet
  facet normal 0 0.972419 0.233243
    outer loop
      vertex 24.05 17.8377 2.35643
      vertex 19.05 17.8011 2.50902
      vertex 24.05 17.8011 2.50902
    endloop
  endfacet
  facet normal 0 0.972419 0.233243
    outer loop
      vertex 19.05 17.8011 2.50902
      vertex 24.05 17.8377 2.35643
      vertex 19.05 17.8377 2.35643
    endloop
  endfacet
  facet normal 0 -0.85262 -0.522532
    outer loop
      vertex 1.35 16.041 1.61221
      vertex 6.35 15.959 1.74601
      vertex 1.35 15.959 1.74601
    endloop
  endfacet
  facet normal 0 -0.85262 -0.522532
    outer loop
      vertex 6.35 15.959 1.74601
      vertex 1.35 16.041 1.61221
      vertex 6.35 16.041 1.61221
    endloop
  endfacet
  facet normal 0 -0.85262 -0.522532
    outer loop
      vertex 19.05 16.041 1.61221
      vertex 24.05 15.959 1.74601
      vertex 19.05 15.959 1.74601
    endloop
  endfacet
  facet normal 0 -0.85262 -0.522532
    outer loop
      vertex 24.05 15.959 1.74601
      vertex 19.05 16.041 1.61221
      vertex 24.05 16.041 1.61221
    endloop
  endfacet
  facet normal 0 -0.972419 -0.233243
    outer loop
      vertex 1.35 15.8989 1.89098
      vertex 6.35 15.8623 2.04357
      vertex 1.35 15.8623 2.04357
    endloop
  endfacet
  facet normal 0 -0.972419 -0.233243
    outer loop
      vertex 6.35 15.8623 2.04357
      vertex 1.35 15.8989 1.89098
      vertex 6.35 15.8989 1.89098
    endloop
  endfacet
  facet normal 0 -0.972419 -0.233243
    outer loop
      vertex 19.05 15.8989 1.89098
      vertex 24.05 15.8623 2.04357
      vertex 19.05 15.8623 2.04357
    endloop
  endfacet
  facet normal 0 -0.972419 -0.233243
    outer loop
      vertex 24.05 15.8623 2.04357
      vertex 19.05 15.8989 1.89098
      vertex 24.05 15.8989 1.89098
    endloop
  endfacet
  facet normal 0 -0.923764 -0.382963
    outer loop
      vertex 1.35 15.959 1.74601
      vertex 6.35 15.8989 1.89098
      vertex 1.35 15.8989 1.89098
    endloop
  endfacet
  facet normal 0 -0.923764 -0.382963
    outer loop
      vertex 6.35 15.8989 1.89098
      vertex 1.35 15.959 1.74601
      vertex 6.35 15.959 1.74601
    endloop
  endfacet
  facet normal 0 -0.923764 -0.382963
    outer loop
      vertex 19.05 15.959 1.74601
      vertex 24.05 15.8989 1.89098
      vertex 19.05 15.8989 1.89098
    endloop
  endfacet
  facet normal 0 -0.923764 -0.382963
    outer loop
      vertex 24.05 15.8989 1.89098
      vertex 19.05 15.959 1.74601
      vertex 24.05 15.959 1.74601
    endloop
  endfacet
  facet normal 0 -0.649515 -0.760349
    outer loop
      vertex 1.35 16.1429 1.49289
      vertex 6.35 16.2622 1.39098
      vertex 6.35 16.1429 1.49289
    endloop
  endfacet
  facet normal -0 -0.649515 -0.760349
    outer loop
      vertex 6.35 16.2622 1.39098
      vertex 1.35 16.1429 1.49289
      vertex 1.35 16.2622 1.39098
    endloop
  endfacet
  facet normal 0 -0.649515 -0.760349
    outer loop
      vertex 19.05 16.1429 1.49289
      vertex 24.05 16.2622 1.39098
      vertex 24.05 16.1429 1.49289
    endloop
  endfacet
  facet normal -0 -0.649515 -0.760349
    outer loop
      vertex 24.05 16.2622 1.39098
      vertex 19.05 16.1429 1.49289
      vertex 19.05 16.2622 1.39098
    endloop
  endfacet
  facet normal 0 -0.0784658 -0.996917
    outer loop
      vertex 1.35 16.6936 1.21231
      vertex 6.35 16.85 1.2
      vertex 6.35 16.6936 1.21231
    endloop
  endfacet
  facet normal -0 -0.0784658 -0.996917
    outer loop
      vertex 6.35 16.85 1.2
      vertex 1.35 16.6936 1.21231
      vertex 1.35 16.85 1.2
    endloop
  endfacet
  facet normal 0 -0.0784658 -0.996917
    outer loop
      vertex 19.05 16.6936 1.21231
      vertex 24.05 16.85 1.2
      vertex 24.05 16.6936 1.21231
    endloop
  endfacet
  facet normal -0 -0.0784658 -0.996917
    outer loop
      vertex 24.05 16.85 1.2
      vertex 19.05 16.6936 1.21231
      vertex 19.05 16.85 1.2
    endloop
  endfacet
  facet normal 0 -0.382624 -0.923904
    outer loop
      vertex 19.05 16.396 1.30899
      vertex 24.05 16.541 1.24894
      vertex 24.05 16.396 1.30899
    endloop
  endfacet
  facet normal -0 -0.382624 -0.923904
    outer loop
      vertex 24.05 16.541 1.24894
      vertex 19.05 16.396 1.30899
      vertex 19.05 16.541 1.24894
    endloop
  endfacet
  facet normal 0 -0.382624 -0.923904
    outer loop
      vertex 1.35 16.396 1.30899
      vertex 6.35 16.541 1.24894
      vertex 6.35 16.396 1.30899
    endloop
  endfacet
  facet normal -0 -0.382624 -0.923904
    outer loop
      vertex 6.35 16.541 1.24894
      vertex 1.35 16.396 1.30899
      vertex 1.35 16.541 1.24894
    endloop
  endfacet
  facet normal 0 0.382624 -0.923904
    outer loop
      vertex 1.35 17.159 1.24894
      vertex 6.35 17.304 1.30899
      vertex 6.35 17.159 1.24894
    endloop
  endfacet
  facet normal 0 0.382624 -0.923904
    outer loop
      vertex 6.35 17.304 1.30899
      vertex 1.35 17.159 1.24894
      vertex 1.35 17.304 1.30899
    endloop
  endfacet
  facet normal 0 0.382624 -0.923904
    outer loop
      vertex 19.05 17.159 1.24894
      vertex 24.05 17.304 1.30899
      vertex 24.05 17.159 1.24894
    endloop
  endfacet
  facet normal 0 0.382624 -0.923904
    outer loop
      vertex 24.05 17.304 1.30899
      vertex 19.05 17.159 1.24894
      vertex 19.05 17.304 1.30899
    endloop
  endfacet
  facet normal 0 -0.996923 0.0783875
    outer loop
      vertex 19.05 15.85 2.2
      vertex 24.05 15.8623 2.35643
      vertex 19.05 15.8623 2.35643
    endloop
  endfacet
  facet normal 0 -0.996923 0.0783875
    outer loop
      vertex 24.05 15.8623 2.35643
      vertex 19.05 15.85 2.2
      vertex 24.05 15.85 2.2
    endloop
  endfacet
  facet normal 0 -0.996923 0.0783875
    outer loop
      vertex 1.35 15.85 2.2
      vertex 6.35 15.8623 2.35643
      vertex 1.35 15.8623 2.35643
    endloop
  endfacet
  facet normal 0 -0.996923 0.0783875
    outer loop
      vertex 6.35 15.8623 2.35643
      vertex 1.35 15.85 2.2
      vertex 6.35 15.85 2.2
    endloop
  endfacet
  facet normal 0 -0.972419 0.233243
    outer loop
      vertex 19.05 15.8623 2.35643
      vertex 24.05 15.8989 2.50902
      vertex 19.05 15.8989 2.50902
    endloop
  endfacet
  facet normal 0 -0.972419 0.233243
    outer loop
      vertex 24.05 15.8989 2.50902
      vertex 19.05 15.8623 2.35643
      vertex 24.05 15.8623 2.35643
    endloop
  endfacet
  facet normal 0 -0.972419 0.233243
    outer loop
      vertex 1.35 15.8623 2.35643
      vertex 6.35 15.8989 2.50902
      vertex 1.35 15.8989 2.50902
    endloop
  endfacet
  facet normal 0 -0.972419 0.233243
    outer loop
      vertex 6.35 15.8989 2.50902
      vertex 1.35 15.8623 2.35643
      vertex 6.35 15.8623 2.35643
    endloop
  endfacet
  facet normal 0 -0.382624 0.923904
    outer loop
      vertex 1.35 16.541 3.15106
      vertex 6.35 16.396 3.09101
      vertex 6.35 16.541 3.15106
    endloop
  endfacet
  facet normal 0 -0.382624 0.923904
    outer loop
      vertex 6.35 16.396 3.09101
      vertex 1.35 16.541 3.15106
      vertex 1.35 16.396 3.09101
    endloop
  endfacet
  facet normal 0 -0.382624 0.923904
    outer loop
      vertex 19.05 16.541 3.15106
      vertex 24.05 16.396 3.09101
      vertex 24.05 16.541 3.15106
    endloop
  endfacet
  facet normal 0 -0.382624 0.923904
    outer loop
      vertex 24.05 16.396 3.09101
      vertex 19.05 16.541 3.15106
      vertex 19.05 16.396 3.09101
    endloop
  endfacet
  facet normal 0 -0.0784658 0.996917
    outer loop
      vertex 1.35 16.85 3.2
      vertex 6.35 16.6936 3.18769
      vertex 6.35 16.85 3.2
    endloop
  endfacet
  facet normal 0 -0.0784658 0.996917
    outer loop
      vertex 6.35 16.6936 3.18769
      vertex 1.35 16.85 3.2
      vertex 1.35 16.6936 3.18769
    endloop
  endfacet
  facet normal 0 -0.0784658 0.996917
    outer loop
      vertex 19.05 16.85 3.2
      vertex 24.05 16.6936 3.18769
      vertex 24.05 16.85 3.2
    endloop
  endfacet
  facet normal 0 -0.0784658 0.996917
    outer loop
      vertex 24.05 16.6936 3.18769
      vertex 19.05 16.85 3.2
      vertex 19.05 16.6936 3.18769
    endloop
  endfacet
  facet normal 0 -0.233409 0.972379
    outer loop
      vertex 1.35 16.6936 3.18769
      vertex 6.35 16.541 3.15106
      vertex 6.35 16.6936 3.18769
    endloop
  endfacet
  facet normal 0 -0.233409 0.972379
    outer loop
      vertex 6.35 16.541 3.15106
      vertex 1.35 16.6936 3.18769
      vertex 1.35 16.541 3.15106
    endloop
  endfacet
  facet normal 0 -0.233409 0.972379
    outer loop
      vertex 19.05 16.6936 3.18769
      vertex 24.05 16.541 3.15106
      vertex 24.05 16.6936 3.18769
    endloop
  endfacet
  facet normal 0 -0.233409 0.972379
    outer loop
      vertex 24.05 16.541 3.15106
      vertex 19.05 16.6936 3.18769
      vertex 19.05 16.541 3.15106
    endloop
  endfacet
  facet normal 0 -0.649515 0.760349
    outer loop
      vertex 1.35 16.2622 3.00902
      vertex 6.35 16.1429 2.90711
      vertex 6.35 16.2622 3.00902
    endloop
  endfacet
  facet normal 0 -0.649515 0.760349
    outer loop
      vertex 6.35 16.1429 2.90711
      vertex 1.35 16.2622 3.00902
      vertex 1.35 16.1429 2.90711
    endloop
  endfacet
  facet normal 0 -0.649515 0.760349
    outer loop
      vertex 19.05 16.2622 3.00902
      vertex 24.05 16.1429 2.90711
      vertex 24.05 16.2622 3.00902
    endloop
  endfacet
  facet normal 0 -0.649515 0.760349
    outer loop
      vertex 24.05 16.1429 2.90711
      vertex 19.05 16.2622 3.00902
      vertex 19.05 16.1429 2.90711
    endloop
  endfacet
  facet normal 0 -0.760434 0.649415
    outer loop
      vertex 1.35 16.041 2.78779
      vertex 6.35 16.1429 2.90711
      vertex 1.35 16.1429 2.90711
    endloop
  endfacet
  facet normal 0 -0.760434 0.649415
    outer loop
      vertex 6.35 16.1429 2.90711
      vertex 1.35 16.041 2.78779
      vertex 6.35 16.041 2.78779
    endloop
  endfacet
  facet normal 0 -0.760434 0.649415
    outer loop
      vertex 19.05 16.041 2.78779
      vertex 24.05 16.1429 2.90711
      vertex 19.05 16.1429 2.90711
    endloop
  endfacet
  facet normal 0 -0.760434 0.649415
    outer loop
      vertex 24.05 16.1429 2.90711
      vertex 19.05 16.041 2.78779
      vertex 24.05 16.041 2.78779
    endloop
  endfacet
  facet normal -0 0.522486 0.852648
    outer loop
      vertex 1.35 17.4378 3.00902
      vertex 6.35 17.304 3.09101
      vertex 6.35 17.4378 3.00902
    endloop
  endfacet
  facet normal 0 0.522486 0.852648
    outer loop
      vertex 6.35 17.304 3.09101
      vertex 1.35 17.4378 3.00902
      vertex 1.35 17.304 3.09101
    endloop
  endfacet
  facet normal -0 0.522486 0.852648
    outer loop
      vertex 19.05 17.4378 3.00902
      vertex 24.05 17.304 3.09101
      vertex 24.05 17.4378 3.00902
    endloop
  endfacet
  facet normal 0 0.522486 0.852648
    outer loop
      vertex 24.05 17.304 3.09101
      vertex 19.05 17.4378 3.00902
      vertex 19.05 17.304 3.09101
    endloop
  endfacet
  facet normal -0 0.382624 0.923904
    outer loop
      vertex 19.05 17.304 3.09101
      vertex 24.05 17.159 3.15106
      vertex 24.05 17.304 3.09101
    endloop
  endfacet
  facet normal 0 0.382624 0.923904
    outer loop
      vertex 24.05 17.159 3.15106
      vertex 19.05 17.304 3.09101
      vertex 19.05 17.159 3.15106
    endloop
  endfacet
  facet normal -0 0.382624 0.923904
    outer loop
      vertex 1.35 17.304 3.09101
      vertex 6.35 17.159 3.15106
      vertex 6.35 17.304 3.09101
    endloop
  endfacet
  facet normal 0 0.382624 0.923904
    outer loop
      vertex 6.35 17.159 3.15106
      vertex 1.35 17.304 3.09101
      vertex 1.35 17.159 3.15106
    endloop
  endfacet
  facet normal 1 0 0
    outer loop
      vertex 24.05 17.8377 2.35643
      vertex 24.05 17.8377 2.04357
      vertex 24.05 17.85 2.2
    endloop
  endfacet
  facet normal 1 0 0
    outer loop
      vertex 24.05 17.8011 2.50902
      vertex 24.05 17.8377 2.04357
      vertex 24.05 17.8377 2.35643
    endloop
  endfacet
  facet normal 1 0 0
    outer loop
      vertex 24.05 17.8011 2.50902
      vertex 24.05 17.8011 1.89098
      vertex 24.05 17.8377 2.04357
    endloop
  endfacet
  facet normal 1 0 0
    outer loop
      vertex 24.05 17.741 2.65399
      vertex 24.05 17.8011 1.89098
      vertex 24.05 17.8011 2.50902
    endloop
  endfacet
  facet normal 1 0 0
    outer loop
      vertex 24.05 17.741 2.65399
      vertex 24.05 17.741 1.74601
      vertex 24.05 17.8011 1.89098
    endloop
  endfacet
  facet normal 1 0 0
    outer loop
      vertex 24.05 17.659 2.78779
      vertex 24.05 17.741 1.74601
      vertex 24.05 17.741 2.65399
    endloop
  endfacet
  facet normal 1 0 0
    outer loop
      vertex 24.05 17.659 2.78779
      vertex 24.05 17.659 1.61221
      vertex 24.05 17.741 1.74601
    endloop
  endfacet
  facet normal 1 0 0
    outer loop
      vertex 24.05 17.5571 2.90711
      vertex 24.05 17.659 1.61221
      vertex 24.05 17.659 2.78779
    endloop
  endfacet
  facet normal 1 0 0
    outer loop
      vertex 24.05 17.5571 2.90711
      vertex 24.05 17.5571 1.49289
      vertex 24.05 17.659 1.61221
    endloop
  endfacet
  facet normal 1 0 0
    outer loop
      vertex 24.05 17.4378 3.00902
      vertex 24.05 17.5571 1.49289
      vertex 24.05 17.5571 2.90711
    endloop
  endfacet
  facet normal 1 0 0
    outer loop
      vertex 24.05 17.4378 3.00902
      vertex 24.05 17.4378 1.39098
      vertex 24.05 17.5571 1.49289
    endloop
  endfacet
  facet normal 1 0 0
    outer loop
      vertex 24.05 17.304 3.09101
      vertex 24.05 17.4378 1.39098
      vertex 24.05 17.4378 3.00902
    endloop
  endfacet
  facet normal 1 0 0
    outer loop
      vertex 24.05 17.304 3.09101
      vertex 24.05 17.304 1.30899
      vertex 24.05 17.4378 1.39098
    endloop
  endfacet
  facet normal 1 0 0
    outer loop
      vertex 24.05 17.159 3.15106
      vertex 24.05 17.304 1.30899
      vertex 24.05 17.304 3.09101
    endloop
  endfacet
  facet normal 1 0 0
    outer loop
      vertex 24.05 17.159 3.15106
      vertex 24.05 17.159 1.24894
      vertex 24.05 17.304 1.30899
    endloop
  endfacet
  facet normal 1 0 0
    outer loop
      vertex 24.05 17.0064 3.18769
      vertex 24.05 17.159 1.24894
      vertex 24.05 17.159 3.15106
    endloop
  endfacet
  facet normal 1 0 0
    outer loop
      vertex 24.05 17.0064 3.18769
      vertex 24.05 17.0064 1.21231
      vertex 24.05 17.159 1.24894
    endloop
  endfacet
  facet normal 1 0 0
    outer loop
      vertex 24.05 16.85 3.2
      vertex 24.05 17.0064 1.21231
      vertex 24.05 17.0064 3.18769
    endloop
  endfacet
  facet normal 1 0 0
    outer loop
      vertex 24.05 16.85 3.2
      vertex 24.05 16.85 1.2
      vertex 24.05 17.0064 1.21231
    endloop
  endfacet
  facet normal 1 -0 0
    outer loop
      vertex 24.05 16.6936 3.18769
      vertex 24.05 16.85 1.2
      vertex 24.05 16.85 3.2
    endloop
  endfacet
  facet normal 1 0 0
    outer loop
      vertex 24.05 16.6936 3.18769
      vertex 24.05 16.6936 1.21231
      vertex 24.05 16.85 1.2
    endloop
  endfacet
  facet normal 1 -0 0
    outer loop
      vertex 24.05 16.541 3.15106
      vertex 24.05 16.6936 1.21231
      vertex 24.05 16.6936 3.18769
    endloop
  endfacet
  facet normal 1 0 0
    outer loop
      vertex 24.05 16.541 3.15106
      vertex 24.05 16.541 1.24894
      vertex 24.05 16.6936 1.21231
    endloop
  endfacet
  facet normal 1 -0 0
    outer loop
      vertex 24.05 16.396 3.09101
      vertex 24.05 16.541 1.24894
      vertex 24.05 16.541 3.15106
    endloop
  endfacet
  facet normal 1 0 0
    outer loop
      vertex 24.05 16.396 3.09101
      vertex 24.05 16.396 1.30899
      vertex 24.05 16.541 1.24894
    endloop
  endfacet
  facet normal 1 -0 0
    outer loop
      vertex 24.05 16.2622 3.00902
      vertex 24.05 16.396 1.30899
      vertex 24.05 16.396 3.09101
    endloop
  endfacet
  facet normal 1 0 0
    outer loop
      vertex 24.05 16.2622 3.00902
      vertex 24.05 16.2622 1.39098
      vertex 24.05 16.396 1.30899
    endloop
  endfacet
  facet normal 1 -0 0
    outer loop
      vertex 24.05 16.1429 2.90711
      vertex 24.05 16.2622 1.39098
      vertex 24.05 16.2622 3.00902
    endloop
  endfacet
  facet normal 1 0 0
    outer loop
      vertex 24.05 16.1429 2.90711
      vertex 24.05 16.1429 1.49289
      vertex 24.05 16.2622 1.39098
    endloop
  endfacet
  facet normal 1 -0 0
    outer loop
      vertex 24.05 16.041 2.78779
      vertex 24.05 16.1429 1.49289
      vertex 24.05 16.1429 2.90711
    endloop
  endfacet
  facet normal 1 0 0
    outer loop
      vertex 24.05 16.041 2.78779
      vertex 24.05 16.041 1.61221
      vertex 24.05 16.1429 1.49289
    endloop
  endfacet
  facet normal 1 -0 0
    outer loop
      vertex 24.05 15.959 2.65399
      vertex 24.05 16.041 1.61221
      vertex 24.05 16.041 2.78779
    endloop
  endfacet
  facet normal 1 0 0
    outer loop
      vertex 24.05 15.959 2.65399
      vertex 24.05 15.959 1.74601
      vertex 24.05 16.041 1.61221
    endloop
  endfacet
  facet normal 1 -0 0
    outer loop
      vertex 24.05 15.8989 2.50902
      vertex 24.05 15.959 1.74601
      vertex 24.05 15.959 2.65399
    endloop
  endfacet
  facet normal 1 0 0
    outer loop
      vertex 24.05 15.8989 2.50902
      vertex 24.05 15.8989 1.89098
      vertex 24.05 15.959 1.74601
    endloop
  endfacet
  facet normal 1 -0 0
    outer loop
      vertex 24.05 15.8623 2.35643
      vertex 24.05 15.8989 1.89098
      vertex 24.05 15.8989 2.50902
    endloop
  endfacet
  facet normal 1 0 0
    outer loop
      vertex 24.05 15.8623 2.35643
      vertex 24.05 15.8623 2.04357
      vertex 24.05 15.8989 1.89098
    endloop
  endfacet
  facet normal 1 0 -0
    outer loop
      vertex 24.05 15.8623 2.04357
      vertex 24.05 15.8623 2.35643
      vertex 24.05 15.85 2.2
    endloop
  endfacet
  facet normal 0 0.923764 0.382963
    outer loop
      vertex 24.05 17.8011 2.50902
      vertex 19.05 17.741 2.65399
      vertex 24.05 17.741 2.65399
    endloop
  endfacet
  facet normal 0 0.923764 0.382963
    outer loop
      vertex 19.05 17.741 2.65399
      vertex 24.05 17.8011 2.50902
      vertex 19.05 17.8011 2.50902
    endloop
  endfacet
  facet normal 0 0.923764 0.382963
    outer loop
      vertex 6.35 17.8011 2.50902
      vertex 1.35 17.741 2.65399
      vertex 6.35 17.741 2.65399
    endloop
  endfacet
  facet normal 0 0.923764 0.382963
    outer loop
      vertex 1.35 17.741 2.65399
      vertex 6.35 17.8011 2.50902
      vertex 1.35 17.8011 2.50902
    endloop
  endfacet
  facet normal 0 0.972419 -0.233243
    outer loop
      vertex 6.35 17.8011 1.89098
      vertex 1.35 17.8377 2.04357
      vertex 6.35 17.8377 2.04357
    endloop
  endfacet
  facet normal 0 0.972419 -0.233243
    outer loop
      vertex 1.35 17.8377 2.04357
      vertex 6.35 17.8011 1.89098
      vertex 1.35 17.8011 1.89098
    endloop
  endfacet
  facet normal 0 0.972419 -0.233243
    outer loop
      vertex 24.05 17.8011 1.89098
      vertex 19.05 17.8377 2.04357
      vertex 24.05 17.8377 2.04357
    endloop
  endfacet
  facet normal 0 0.972419 -0.233243
    outer loop
      vertex 19.05 17.8377 2.04357
      vertex 24.05 17.8011 1.89098
      vertex 19.05 17.8011 1.89098
    endloop
  endfacet
  facet normal 0 -0.923764 0.382963
    outer loop
      vertex 1.35 15.8989 2.50902
      vertex 6.35 15.959 2.65399
      vertex 1.35 15.959 2.65399
    endloop
  endfacet
  facet normal 0 -0.923764 0.382963
    outer loop
      vertex 6.35 15.959 2.65399
      vertex 1.35 15.8989 2.50902
      vertex 6.35 15.8989 2.50902
    endloop
  endfacet
  facet normal 0 -0.923764 0.382963
    outer loop
      vertex 19.05 15.8989 2.50902
      vertex 24.05 15.959 2.65399
      vertex 19.05 15.959 2.65399
    endloop
  endfacet
  facet normal 0 -0.923764 0.382963
    outer loop
      vertex 24.05 15.959 2.65399
      vertex 19.05 15.8989 2.50902
      vertex 24.05 15.8989 2.50902
    endloop
  endfacet
  facet normal 0 -0.85262 0.522532
    outer loop
      vertex 1.35 15.959 2.65399
      vertex 6.35 16.041 2.78779
      vertex 1.35 16.041 2.78779
    endloop
  endfacet
  facet normal 0 -0.85262 0.522532
    outer loop
      vertex 6.35 16.041 2.78779
      vertex 1.35 15.959 2.65399
      vertex 6.35 15.959 2.65399
    endloop
  endfacet
  facet normal 0 -0.85262 0.522532
    outer loop
      vertex 19.05 15.959 2.65399
      vertex 24.05 16.041 2.78779
      vertex 19.05 16.041 2.78779
    endloop
  endfacet
  facet normal 0 -0.85262 0.522532
    outer loop
      vertex 24.05 16.041 2.78779
      vertex 19.05 15.959 2.65399
      vertex 24.05 15.959 2.65399
    endloop
  endfacet
  facet normal 0 1 -0
    outer loop
      vertex 23.9 51.2517 1.2
      vertex 1.5 51.2517 1.21
      vertex 23.9 51.2517 1.21
    endloop
  endfacet
  facet normal 0 1 0
    outer loop
      vertex 1.5 51.2517 1.21
      vertex 23.9 51.2517 1.2
      vertex 1.5 51.2517 1.2
    endloop
  endfacet
  facet normal 0 -1 0
    outer loop
      vertex 1.5 47.0517 1.2
      vertex 23.9 47.0517 7.2
      vertex 1.5 47.0517 7.2
    endloop
  endfacet
  facet normal 0 -1 -0
    outer loop
      vertex 23.9 47.0517 7.2
      vertex 1.5 47.0517 1.2
      vertex 23.9 47.0517 1.2
    endloop
  endfacet
  facet normal -0 0 1
    outer loop
      vertex 1.5 48.2517 7.2
      vertex 23.9 47.0517 7.2
      vertex 23.9 48.2517 7.2
    endloop
  endfacet
  facet normal 0 0 1
    outer loop
      vertex 23.9 47.0517 7.2
      vertex 1.5 48.2517 7.2
      vertex 1.5 47.0517 7.2
    endloop
  endfacet
  facet normal 0 0.894128 0.447811
    outer loop
      vertex 23.9 51.2517 1.21
      vertex 1.5 48.2517 7.2
      vertex 23.9 48.2517 7.2
    endloop
  endfacet
  facet normal 0 0.894128 0.447811
    outer loop
      vertex 1.5 48.2517 7.2
      vertex 23.9 51.2517 1.21
      vertex 1.5 51.2517 1.21
    endloop
  endfacet
  facet normal 0.707106 0 -0.707107
    outer loop
      vertex 24.6 68.7364 7.62939e-07
      vertex 25.4 64.4567 0.8
      vertex 24.6 62.2587 7.62939e-07
    endloop
  endfacet
  facet normal 0.707106 0 -0.707107
    outer loop
      vertex 25.4 64.4567 0.8
      vertex 24.6 68.7364 7.62939e-07
      vertex 25.4 68.931 0.8
    endloop
  endfacet
  facet normal -0.408853 0.576935 -0.707097
    outer loop
      vertex 0.800003 68.7364 7.62939e-07
      vertex 0.178711 69.2766 0.8
      vertex 12.7 77.1695 7.62939e-07
    endloop
  endfacet
  facet normal 0.894427 0.447214 -0
    outer loop
      vertex 25.2221 69.275 2.55372
      vertex 25.2213 69.2766 6.01289
      vertex 25.2221 69.275 6.0123
    endloop
  endfacet
  facet normal 0.894427 0.447214 0
    outer loop
      vertex 25.2213 69.2766 6.01289
      vertex 25.2221 69.275 2.55372
      vertex 25.2213 69.2766 0.8
    endloop
  endfacet
  facet normal 0.888252 0.459356 1.38946e-05
    outer loop
      vertex 25.4 68.931 2.42851
      vertex 25.2213 69.2766 0.8
      vertex 25.2221 69.275 2.55372
    endloop
  endfacet
  facet normal 0.888279 0.459304 0
    outer loop
      vertex 25.2213 69.2766 0.8
      vertex 25.4 68.931 2.42851
      vertex 25.4 68.931 0.8
    endloop
  endfacet
  facet normal 0.578187 0.815904 1.64402e-05
    outer loop
      vertex 25.2213 69.2766 6.01289
      vertex 23.4 70.5673 3.8
      vertex 22.6 71.1342 4.6
    endloop
  endfacet
  facet normal 0.5782 0.815895 -0
    outer loop
      vertex 25.2213 69.2766 0.8
      vertex 23.4 70.5673 3.8
      vertex 25.2213 69.2766 6.01289
    endloop
  endfacet
  facet normal 0.5782 0.815895 0
    outer loop
      vertex 23.4 70.5673 3.8
      vertex 25.2213 69.2766 0.8
      vertex 23.4 70.5673 0.8
    endloop
  endfacet
  facet normal 0.578193 0.8159 -8.03391e-07
    outer loop
      vertex 22.6 71.1342 4.6
      vertex 16.8741 75.1919 8.16589
      vertex 25.2213 69.2766 6.01289
    endloop
  endfacet
  facet normal 0.578204 0.815892 2.53065e-05
    outer loop
      vertex 19.2 73.5437 4.6
      vertex 16.8741 75.1919 8.16589
      vertex 22.6 71.1342 4.6
    endloop
  endfacet
  facet normal 0.578177 0.815912 -1.26192e-06
    outer loop
      vertex 18.4 74.1106 3.8
      vertex 16.8741 75.1919 8.16589
      vertex 19.2 73.5437 4.6
    endloop
  endfacet
  facet normal 0.578179 0.81591 0
    outer loop
      vertex 16.8741 75.1919 0.8
      vertex 18.4 74.1106 3.8
      vertex 18.4 74.1106 0.8
    endloop
  endfacet
  facet normal 0.578179 0.81591 0
    outer loop
      vertex 18.4 74.1106 3.8
      vertex 16.8741 75.1919 0.8
      vertex 16.8741 75.1919 8.16589
    endloop
  endfacet
  facet normal 0.628106 0.324776 -0.707109
    outer loop
      vertex 25.4 68.931 0.8
      vertex 24.6 68.7364 7.62939e-07
      vertex 25.2213 69.2766 0.8
    endloop
  endfacet
  facet normal 0.408847 0.576937 -0.707098
    outer loop
      vertex 24.6 68.7364 7.62939e-07
      vertex 23.2757 70.503 0.675694
      vertex 25.2213 69.2766 0.8
    endloop
  endfacet
  facet normal 0.408846 0.576937 -0.707098
    outer loop
      vertex 23.2757 70.503 0.675694
      vertex 24.6 68.7364 7.62939e-07
      vertex 22.6 70.1537 7.62939e-07
    endloop
  endfacet
  facet normal 0.408886 0.576984 -0.707037
    outer loop
      vertex 19.2 72.5632 7.62939e-07
      vertex 12.7 77.1695 7.62939e-07
      vertex 18.8096 73.3182 0.390353
    endloop
  endfacet
  facet normal -0.628099 0.324792 -0.707108
    outer loop
      vertex 0.800003 68.7364 7.62939e-07
      vertex 0 68.931 0.8
      vertex 0.178711 69.2766 0.8
    endloop
  endfacet
  facet normal -0.707105 0 -0.707108
    outer loop
      vertex 0 64.4567 0.8
      vertex 0.800003 68.7364 7.62939e-07
      vertex 0.800003 62.2587 7.62939e-07
    endloop
  endfacet
  facet normal -0.707105 0 -0.707108
    outer loop
      vertex 0.800003 68.7364 7.62939e-07
      vertex 0 64.4567 0.8
      vertex 0 68.931 0.8
    endloop
  endfacet
  facet normal 0 0.707104 -0.707109
    outer loop
      vertex 12.4453 77.9695 0.799995
      vertex 12.9547 77.9695 0.799995
      vertex 12.7 77.1695 7.62939e-07
    endloop
  endfacet
  facet normal 0 1 -0
    outer loop
      vertex 12.9547 77.9695 0.799995
      vertex 12.4453 77.9695 0.799995
      vertex 12.9547 77.9695 0.8
    endloop
  endfacet
  facet normal 0 1 0
    outer loop
      vertex 12.9547 77.9695 0.8
      vertex 12.4453 77.9695 0.799995
      vertex 12.4453 77.9695 0.8
    endloop
  endfacet
  facet normal 0 1 -0
    outer loop
      vertex 12.9547 77.9695 0.8
      vertex 12.4453 77.9695 9.17683
      vertex 12.9547 77.9695 9.17683
    endloop
  endfacet
  facet normal 0 1 0
    outer loop
      vertex 12.4453 77.9695 9.17683
      vertex 12.9547 77.9695 0.8
      vertex 12.4453 77.9695 0.8
    endloop
  endfacet
  facet normal -0.884486 0.466566 0
    outer loop
      vertex 0.178711 69.2766 0.8
      vertex 0.177867 69.275 2.55372
      vertex 0.178711 69.2766 6.01289
    endloop
  endfacet
  facet normal -0.888268 0.459326 0
    outer loop
      vertex 0 68.931 2.42851
      vertex 0.178711 69.2766 0.8
      vertex 0 68.931 0.8
    endloop
  endfacet
  facet normal -0.888284 0.459295 -8.46186e-06
    outer loop
      vertex 0.178711 69.2766 0.8
      vertex 0 68.931 2.42851
      vertex 0.177867 69.275 2.55372
    endloop
  endfacet
  facet normal -0.884486 0.466566 0
    outer loop
      vertex 0.178711 69.2766 6.01289
      vertex 0.177867 69.275 2.55372
      vertex 0.177867 69.275 6.0123
    endloop
  endfacet
  facet normal -0.578196 0.815898 0
    outer loop
      vertex 8.52585 75.1919 0.8
      vertex 0.178711 69.2766 6.01289
      vertex 8.52585 75.1919 8.16589
    endloop
  endfacet
  facet normal -0.578196 0.815898 0
    outer loop
      vertex 0.178711 69.2766 6.01289
      vertex 8.52585 75.1919 0.8
      vertex 0.178711 69.2766 0.8
    endloop
  endfacet
  facet normal -0.408853 0.576928 -0.707102
    outer loop
      vertex 12.7 77.1695 7.62939e-07
      vertex 8.52585 75.1919 0.8
      vertex 12.4453 77.9695 0.799995
    endloop
  endfacet
  facet normal -0.408857 0.576942 -0.707088
    outer loop
      vertex 8.52585 75.1919 0.8
      vertex 12.7 77.1695 7.62939e-07
      vertex 0.178711 69.2766 0.8
    endloop
  endfacet
  facet normal 0.408806 0.576864 -0.707182
    outer loop
      vertex 25.2213 69.2766 0.8
      vertex 23.2757 70.503 0.675694
      vertex 23.4 70.5673 0.8
    endloop
  endfacet
  facet normal 0.408805 0.576895 -0.707157
    outer loop
      vertex 18.8096 73.3182 0.390353
      vertex 16.8741 75.1919 0.8
      vertex 18.4 74.1106 0.8
    endloop
  endfacet
  facet normal 0.40886 0.576937 -0.707091
    outer loop
      vertex 12.7 77.1695 7.62939e-07
      vertex 16.8741 75.1919 0.8
      vertex 18.8096 73.3182 0.390353
    endloop
  endfacet
  facet normal 0.408857 0.576926 -0.707101
    outer loop
      vertex 16.8741 75.1919 0.8
      vertex 12.7 77.1695 7.62939e-07
      vertex 12.9547 77.9695 0.799995
    endloop
  endfacet
  facet normal 0 0.707107 0.707107
    outer loop
      vertex 22.6 79.5106 3.8
      vertex 19.2 78.7106 4.6
      vertex 22.6 78.7106 4.6
    endloop
  endfacet
  facet normal 0 0.707107 0.707107
    outer loop
      vertex 19.2 78.7106 4.6
      vertex 22.6 79.5106 3.8
      vertex 19.2 79.5106 3.8
    endloop
  endfacet
  facet normal 0 0 1
    outer loop
      vertex 19.2 73.5437 4.6
      vertex 22.6 78.7106 4.6
      vertex 19.2 78.7106 4.6
    endloop
  endfacet
  facet normal 0 0 1
    outer loop
      vertex 22.6 78.7106 4.6
      vertex 19.2 73.5437 4.6
      vertex 22.6 71.1342 4.6
    endloop
  endfacet
  facet normal -0.707035 2.98554e-05 -0.707179
    outer loop
      vertex 18.4 76.4106 0.8
      vertex 19.2 72.5632 7.62939e-07
      vertex 18.8096 73.3182 0.390353
    endloop
  endfacet
  facet normal -0.707147 -0 -0.707066
    outer loop
      vertex 18.4 76.4106 0.8
      vertex 18.8096 73.3182 0.390353
      vertex 18.4 74.1106 0.8
    endloop
  endfacet
  facet normal -0.707106 0 -0.707107
    outer loop
      vertex 19.2 72.5632 7.62939e-07
      vertex 18.4 76.4106 0.8
      vertex 19.2 78.7106 7.62939e-07
    endloop
  endfacet
  facet normal -0.707106 0 -0.707107
    outer loop
      vertex 19.2 78.7106 7.62939e-07
      vertex 18.4 76.4106 0.8
      vertex 18.4 78.7106 0.8
    endloop
  endfacet
  facet normal 0 1 -0
    outer loop
      vertex 22.6 79.5106 0.8
      vertex 19.2 79.5106 3.8
      vertex 22.6 79.5106 3.8
    endloop
  endfacet
  facet normal 0 1 0
    outer loop
      vertex 19.2 79.5106 3.8
      vertex 22.6 79.5106 0.8
      vertex 19.2 79.5106 0.8
    endloop
  endfacet
  facet normal 0.57735 0.57735 0.57735
    outer loop
      vertex 22.6 79.5106 3.8
      vertex 22.6 78.7106 4.6
      vertex 23.4 78.7106 3.8
    endloop
  endfacet
  facet normal -0.57735 0.57735 0.57735
    outer loop
      vertex 19.2 79.5106 3.8
      vertex 18.4 78.7106 3.8
      vertex 19.2 78.7106 4.6
    endloop
  endfacet
  facet normal 0.57735 0.57735 -0.577351
    outer loop
      vertex 23.4 78.7106 0.8
      vertex 22.6 78.7106 7.62939e-07
      vertex 22.6 79.5106 0.8
    endloop
  endfacet
  facet normal 0.707107 0.707107 -0
    outer loop
      vertex 23.4 78.7106 0.8
      vertex 22.6 79.5106 3.8
      vertex 23.4 78.7106 3.8
    endloop
  endfacet
  facet normal 0.707107 0.707107 0
    outer loop
      vertex 22.6 79.5106 3.8
      vertex 23.4 78.7106 0.8
      vertex 22.6 79.5106 0.8
    endloop
  endfacet
  facet normal -0.57735 0.57735 -0.577351
    outer loop
      vertex 19.2 78.7106 7.62939e-07
      vertex 18.4 78.7106 0.8
      vertex 19.2 79.5106 0.8
    endloop
  endfacet
  facet normal 0 0.707106 -0.707107
    outer loop
      vertex 22.6 78.7106 7.62939e-07
      vertex 19.2 79.5106 0.8
      vertex 22.6 79.5106 0.8
    endloop
  endfacet
  facet normal 0 0.707106 -0.707107
    outer loop
      vertex 19.2 79.5106 0.8
      vertex 22.6 78.7106 7.62939e-07
      vertex 19.2 78.7106 7.62939e-07
    endloop
  endfacet
  facet normal -0.707107 0 0.707107
    outer loop
      vertex 18.4 76.4106 3.8
      vertex 19.2 78.7106 4.6
      vertex 18.4 78.7106 3.8
    endloop
  endfacet
  facet normal -0.707107 0 0.707107
    outer loop
      vertex 19.2 78.7106 4.6
      vertex 18.4 76.4106 3.8
      vertex 19.2 73.5437 4.6
    endloop
  endfacet
  facet normal -0.707107 0 0.707107
    outer loop
      vertex 19.2 73.5437 4.6
      vertex 18.4 76.4106 3.8
      vertex 18.4 74.1106 3.8
    endloop
  endfacet
  facet normal -1 0 0
    outer loop
      vertex 18.4 78.7106 0.8
      vertex 18.4 77.9106 2.3
      vertex 18.4 78.7106 3.8
    endloop
  endfacet
  facet normal -1 0 0
    outer loop
      vertex 18.4 78.7106 0.8
      vertex 18.4 77.8922 2.06535
      vertex 18.4 77.9106 2.3
    endloop
  endfacet
  facet normal -1 0 0
    outer loop
      vertex 18.4 78.7106 0.8
      vertex 18.4 77.8372 1.83648
      vertex 18.4 77.8922 2.06535
    endloop
  endfacet
  facet normal -1 0 0
    outer loop
      vertex 18.4 78.7106 0.8
      vertex 18.4 77.7471 1.61901
      vertex 18.4 77.8372 1.83648
    endloop
  endfacet
  facet normal -1 0 0
    outer loop
      vertex 18.4 78.7106 0.8
      vertex 18.4 77.6242 1.41832
      vertex 18.4 77.7471 1.61901
    endloop
  endfacet
  facet normal -1 0 0
    outer loop
      vertex 18.4 78.7106 0.8
      vertex 18.4 77.4713 1.23934
      vertex 18.4 77.6242 1.41832
    endloop
  endfacet
  facet normal -1 0 0
    outer loop
      vertex 18.4 78.7106 0.8
      vertex 18.4 77.2923 1.08648
      vertex 18.4 77.4713 1.23934
    endloop
  endfacet
  facet normal -1 0 0
    outer loop
      vertex 18.4 78.7106 0.8
      vertex 18.4 77.0916 0.96349
      vertex 18.4 77.2923 1.08648
    endloop
  endfacet
  facet normal -1 0 0
    outer loop
      vertex 18.4 78.7106 0.8
      vertex 18.4 76.8742 0.873416
      vertex 18.4 77.0916 0.96349
    endloop
  endfacet
  facet normal -1 0 0
    outer loop
      vertex 18.4 78.7106 0.8
      vertex 18.4 76.6453 0.818468
      vertex 18.4 76.8742 0.873416
    endloop
  endfacet
  facet normal -1 0 -0
    outer loop
      vertex 18.4 76.6453 0.818468
      vertex 18.4 78.7106 0.8
      vertex 18.4 76.4106 0.8
    endloop
  endfacet
  facet normal -1 0 0
    outer loop
      vertex 18.4 77.8922 2.53465
      vertex 18.4 78.7106 3.8
      vertex 18.4 77.9106 2.3
    endloop
  endfacet
  facet normal -1 0 0
    outer loop
      vertex 18.4 77.8372 2.76353
      vertex 18.4 78.7106 3.8
      vertex 18.4 77.8922 2.53465
    endloop
  endfacet
  facet normal -1 0 0
    outer loop
      vertex 18.4 77.7471 2.98099
      vertex 18.4 78.7106 3.8
      vertex 18.4 77.8372 2.76353
    endloop
  endfacet
  facet normal -1 0 0
    outer loop
      vertex 18.4 77.6242 3.18168
      vertex 18.4 78.7106 3.8
      vertex 18.4 77.7471 2.98099
    endloop
  endfacet
  facet normal -1 0 0
    outer loop
      vertex 18.4 77.4713 3.36066
      vertex 18.4 78.7106 3.8
      vertex 18.4 77.6242 3.18168
    endloop
  endfacet
  facet normal -1 0 0
    outer loop
      vertex 18.4 77.2923 3.51353
      vertex 18.4 78.7106 3.8
      vertex 18.4 77.4713 3.36066
    endloop
  endfacet
  facet normal -1 0 0
    outer loop
      vertex 18.4 77.0916 3.63651
      vertex 18.4 78.7106 3.8
      vertex 18.4 77.2923 3.51353
    endloop
  endfacet
  facet normal -1 0 0
    outer loop
      vertex 18.4 76.8742 3.72659
      vertex 18.4 78.7106 3.8
      vertex 18.4 77.0916 3.63651
    endloop
  endfacet
  facet normal -1 0 0
    outer loop
      vertex 18.4 76.6453 3.78153
      vertex 18.4 78.7106 3.8
      vertex 18.4 76.8742 3.72659
    endloop
  endfacet
  facet normal -1 -0 0
    outer loop
      vertex 18.4 78.7106 3.8
      vertex 18.4 76.6453 3.78153
      vertex 18.4 76.4106 3.8
    endloop
  endfacet
  facet normal -1 -0 0
    outer loop
      vertex 18.4 74.9291 2.06535
      vertex 18.4 74.1106 0.8
      vertex 18.4 74.9106 2.3
    endloop
  endfacet
  facet normal -1 -0 0
    outer loop
      vertex 18.4 74.984 1.83648
      vertex 18.4 74.1106 0.8
      vertex 18.4 74.9291 2.06535
    endloop
  endfacet
  facet normal -1 -0 0
    outer loop
      vertex 18.4 75.0741 1.61901
      vertex 18.4 74.1106 0.8
      vertex 18.4 74.984 1.83648
    endloop
  endfacet
  facet normal -1 -0 0
    outer loop
      vertex 18.4 75.1971 1.41832
      vertex 18.4 74.1106 0.8
      vertex 18.4 75.0741 1.61901
    endloop
  endfacet
  facet normal -1 -0 0
    outer loop
      vertex 18.4 75.35 1.23934
      vertex 18.4 74.1106 0.8
      vertex 18.4 75.1971 1.41832
    endloop
  endfacet
  facet normal -1 -0 0
    outer loop
      vertex 18.4 75.529 1.08648
      vertex 18.4 74.1106 0.8
      vertex 18.4 75.35 1.23934
    endloop
  endfacet
  facet normal -1 -0 0
    outer loop
      vertex 18.4 75.7296 0.96349
      vertex 18.4 74.1106 0.8
      vertex 18.4 75.529 1.08648
    endloop
  endfacet
  facet normal -1 -0 0
    outer loop
      vertex 18.4 75.9471 0.873416
      vertex 18.4 74.1106 0.8
      vertex 18.4 75.7296 0.96349
    endloop
  endfacet
  facet normal -1 -0 0
    outer loop
      vertex 18.4 76.176 0.818468
      vertex 18.4 74.1106 0.8
      vertex 18.4 75.9471 0.873416
    endloop
  endfacet
  facet normal -1 0 0
    outer loop
      vertex 18.4 74.1106 0.8
      vertex 18.4 76.176 0.818468
      vertex 18.4 76.4106 0.8
    endloop
  endfacet
  facet normal -1 0 0
    outer loop
      vertex 18.4 74.1106 3.8
      vertex 18.4 74.9106 2.3
      vertex 18.4 74.1106 0.8
    endloop
  endfacet
  facet normal -1 0 0
    outer loop
      vertex 18.4 74.9106 2.3
      vertex 18.4 74.1106 3.8
      vertex 18.4 74.9291 2.53465
    endloop
  endfacet
  facet normal -1 0 0
    outer loop
      vertex 18.4 74.9291 2.53465
      vertex 18.4 74.1106 3.8
      vertex 18.4 74.984 2.76353
    endloop
  endfacet
  facet normal -1 0 0
    outer loop
      vertex 18.4 76.176 3.78153
      vertex 18.4 74.1106 3.8
      vertex 18.4 76.4106 3.8
    endloop
  endfacet
  facet normal -1 0 0
    outer loop
      vertex 18.4 75.9471 3.72659
      vertex 18.4 74.1106 3.8
      vertex 18.4 76.176 3.78153
    endloop
  endfacet
  facet normal -1 0 0
    outer loop
      vertex 18.4 75.7296 3.63651
      vertex 18.4 74.1106 3.8
      vertex 18.4 75.9471 3.72659
    endloop
  endfacet
  facet normal -1 0 0
    outer loop
      vertex 18.4 75.529 3.51353
      vertex 18.4 74.1106 3.8
      vertex 18.4 75.7296 3.63651
    endloop
  endfacet
  facet normal -1 0 0
    outer loop
      vertex 18.4 75.35 3.36066
      vertex 18.4 74.1106 3.8
      vertex 18.4 75.529 3.51353
    endloop
  endfacet
  facet normal -1 0 0
    outer loop
      vertex 18.4 75.1971 3.18168
      vertex 18.4 74.1106 3.8
      vertex 18.4 75.35 3.36066
    endloop
  endfacet
  facet normal -1 0 0
    outer loop
      vertex 18.4 75.0741 2.98099
      vertex 18.4 74.1106 3.8
      vertex 18.4 75.1971 3.18168
    endloop
  endfacet
  facet normal -1 0 0
    outer loop
      vertex 18.4 74.984 2.76353
      vertex 18.4 74.1106 3.8
      vertex 18.4 75.0741 2.98099
    endloop
  endfacet
  facet normal -0.707107 0.707107 0
    outer loop
      vertex 19.2 79.5106 0.8
      vertex 18.4 78.7106 3.8
      vertex 19.2 79.5106 3.8
    endloop
  endfacet
  facet normal -0.707107 0.707107 0
    outer loop
      vertex 18.4 78.7106 3.8
      vertex 19.2 79.5106 0.8
      vertex 18.4 78.7106 0.8
    endloop
  endfacet
  facet normal 0.707107 0 0.707107
    outer loop
      vertex 22.6 78.7106 4.6
      vertex 23.4 76.4106 3.8
      vertex 23.4 78.7106 3.8
    endloop
  endfacet
  facet normal 0.707107 0 0.707107
    outer loop
      vertex 23.4 76.4106 3.8
      vertex 22.6 78.7106 4.6
      vertex 22.6 71.1342 4.6
    endloop
  endfacet
  facet normal 0.707107 0 0.707107
    outer loop
      vertex 23.4 76.4106 3.8
      vertex 22.6 71.1342 4.6
      vertex 23.4 70.5673 3.8
    endloop
  endfacet
  facet normal 0.707124 0 -0.70709
    outer loop
      vertex 23.2757 70.503 0.675694
      vertex 23.4 76.4106 0.8
      vertex 23.4 70.5673 0.8
    endloop
  endfacet
  facet normal 0.707103 8.76617e-07 -0.707111
    outer loop
      vertex 22.6 70.1537 7.62939e-07
      vertex 23.4 76.4106 0.8
      vertex 23.2757 70.503 0.675694
    endloop
  endfacet
  facet normal 0.707106 0 -0.707107
    outer loop
      vertex 23.4 76.4106 0.8
      vertex 22.6 70.1537 7.62939e-07
      vertex 22.6 78.7106 7.62939e-07
    endloop
  endfacet
  facet normal 0.707106 0 -0.707107
    outer loop
      vertex 23.4 76.4106 0.8
      vertex 22.6 78.7106 7.62939e-07
      vertex 23.4 78.7106 0.8
    endloop
  endfacet
  facet normal 1 0 0
    outer loop
      vertex 23.4 78.7106 3.8
      vertex 23.4 77.9106 2.3
      vertex 23.4 78.7106 0.8
    endloop
  endfacet
  facet normal 1 0 0
    outer loop
      vertex 23.4 78.7106 3.8
      vertex 23.4 77.8922 2.53465
      vertex 23.4 77.9106 2.3
    endloop
  endfacet
  facet normal 1 0 0
    outer loop
      vertex 23.4 78.7106 3.8
      vertex 23.4 77.8372 2.76353
      vertex 23.4 77.8922 2.53465
    endloop
  endfacet
  facet normal 1 0 0
    outer loop
      vertex 23.4 78.7106 3.8
      vertex 23.4 77.7471 2.98099
      vertex 23.4 77.8372 2.76353
    endloop
  endfacet
  facet normal 1 0 0
    outer loop
      vertex 23.4 78.7106 3.8
      vertex 23.4 77.6242 3.18168
      vertex 23.4 77.7471 2.98099
    endloop
  endfacet
  facet normal 1 0 0
    outer loop
      vertex 23.4 78.7106 3.8
      vertex 23.4 77.4713 3.36066
      vertex 23.4 77.6242 3.18168
    endloop
  endfacet
  facet normal 1 0 0
    outer loop
      vertex 23.4 78.7106 3.8
      vertex 23.4 77.2923 3.51353
      vertex 23.4 77.4713 3.36066
    endloop
  endfacet
  facet normal 1 0 0
    outer loop
      vertex 23.4 78.7106 3.8
      vertex 23.4 77.0916 3.63651
      vertex 23.4 77.2923 3.51353
    endloop
  endfacet
  facet normal 1 0 0
    outer loop
      vertex 23.4 78.7106 3.8
      vertex 23.4 76.8742 3.72659
      vertex 23.4 77.0916 3.63651
    endloop
  endfacet
  facet normal 1 0 0
    outer loop
      vertex 23.4 78.7106 3.8
      vertex 23.4 76.6453 3.78153
      vertex 23.4 76.8742 3.72659
    endloop
  endfacet
  facet normal 1 0 -0
    outer loop
      vertex 23.4 76.6453 3.78153
      vertex 23.4 78.7106 3.8
      vertex 23.4 76.4106 3.8
    endloop
  endfacet
  facet normal 1 -0 0
    outer loop
      vertex 23.4 77.8922 2.06535
      vertex 23.4 78.7106 0.8
      vertex 23.4 77.9106 2.3
    endloop
  endfacet
  facet normal 1 -0 0
    outer loop
      vertex 23.4 77.8372 1.83648
      vertex 23.4 78.7106 0.8
      vertex 23.4 77.8922 2.06535
    endloop
  endfacet
  facet normal 1 -0 0
    outer loop
      vertex 23.4 77.7471 1.61901
      vertex 23.4 78.7106 0.8
      vertex 23.4 77.8372 1.83648
    endloop
  endfacet
  facet normal 1 -0 0
    outer loop
      vertex 23.4 77.6242 1.41832
      vertex 23.4 78.7106 0.8
      vertex 23.4 77.7471 1.61901
    endloop
  endfacet
  facet normal 1 -0 0
    outer loop
      vertex 23.4 77.4713 1.23934
      vertex 23.4 78.7106 0.8
      vertex 23.4 77.6242 1.41832
    endloop
  endfacet
  facet normal 1 -0 0
    outer loop
      vertex 23.4 77.2923 1.08648
      vertex 23.4 78.7106 0.8
      vertex 23.4 77.4713 1.23934
    endloop
  endfacet
  facet normal 1 -0 0
    outer loop
      vertex 23.4 77.0916 0.96349
      vertex 23.4 78.7106 0.8
      vertex 23.4 77.2923 1.08648
    endloop
  endfacet
  facet normal 1 -0 0
    outer loop
      vertex 23.4 76.8742 0.873416
      vertex 23.4 78.7106 0.8
      vertex 23.4 77.0916 0.96349
    endloop
  endfacet
  facet normal 1 -0 0
    outer loop
      vertex 23.4 76.6453 0.818468
      vertex 23.4 78.7106 0.8
      vertex 23.4 76.8742 0.873416
    endloop
  endfacet
  facet normal 1 0 0
    outer loop
      vertex 23.4 78.7106 0.8
      vertex 23.4 76.6453 0.818468
      vertex 23.4 76.4106 0.8
    endloop
  endfacet
  facet normal 1 0 0
    outer loop
      vertex 23.4 74.9291 2.53465
      vertex 23.4 70.5673 3.8
      vertex 23.4 74.9106 2.3
    endloop
  endfacet
  facet normal 1 0 0
    outer loop
      vertex 23.4 74.984 2.76353
      vertex 23.4 70.5673 3.8
      vertex 23.4 74.9291 2.53465
    endloop
  endfacet
  facet normal 1 0 0
    outer loop
      vertex 23.4 75.0741 2.98099
      vertex 23.4 70.5673 3.8
      vertex 23.4 74.984 2.76353
    endloop
  endfacet
  facet normal 1 0 0
    outer loop
      vertex 23.4 75.1971 3.18168
      vertex 23.4 70.5673 3.8
      vertex 23.4 75.0741 2.98099
    endloop
  endfacet
  facet normal 1 0 0
    outer loop
      vertex 23.4 75.35 3.36066
      vertex 23.4 70.5673 3.8
      vertex 23.4 75.1971 3.18168
    endloop
  endfacet
  facet normal 1 0 0
    outer loop
      vertex 23.4 75.529 3.51353
      vertex 23.4 70.5673 3.8
      vertex 23.4 75.35 3.36066
    endloop
  endfacet
  facet normal 1 0 0
    outer loop
      vertex 23.4 75.7296 3.63651
      vertex 23.4 70.5673 3.8
      vertex 23.4 75.529 3.51353
    endloop
  endfacet
  facet normal 1 0 0
    outer loop
      vertex 23.4 75.9471 3.72659
      vertex 23.4 70.5673 3.8
      vertex 23.4 75.7296 3.63651
    endloop
  endfacet
  facet normal 1 0 0
    outer loop
      vertex 23.4 76.176 3.78153
      vertex 23.4 70.5673 3.8
      vertex 23.4 75.9471 3.72659
    endloop
  endfacet
  facet normal 1 -0 0
    outer loop
      vertex 23.4 70.5673 3.8
      vertex 23.4 76.176 3.78153
      vertex 23.4 76.4106 3.8
    endloop
  endfacet
  facet normal 1 0 0
    outer loop
      vertex 23.4 70.5673 0.8
      vertex 23.4 74.9106 2.3
      vertex 23.4 70.5673 3.8
    endloop
  endfacet
  facet normal 1 0 0
    outer loop
      vertex 23.4 74.9106 2.3
      vertex 23.4 70.5673 0.8
      vertex 23.4 74.9291 2.06535
    endloop
  endfacet
  facet normal 1 0 0
    outer loop
      vertex 23.4 74.9291 2.06535
      vertex 23.4 70.5673 0.8
      vertex 23.4 74.984 1.83648
    endloop
  endfacet
  facet normal 1 0 0
    outer loop
      vertex 23.4 74.984 1.83648
      vertex 23.4 70.5673 0.8
      vertex 23.4 75.0741 1.61901
    endloop
  endfacet
  facet normal 1 0 0
    outer loop
      vertex 23.4 75.0741 1.61901
      vertex 23.4 70.5673 0.8
      vertex 23.4 75.1971 1.41832
    endloop
  endfacet
  facet normal 1 0 0
    outer loop
      vertex 23.4 75.1971 1.41832
      vertex 23.4 70.5673 0.8
      vertex 23.4 75.35 1.23934
    endloop
  endfacet
  facet normal 1 0 0
    outer loop
      vertex 23.4 75.35 1.23934
      vertex 23.4 70.5673 0.8
      vertex 23.4 75.529 1.08648
    endloop
  endfacet
  facet normal 1 0 0
    outer loop
      vertex 23.4 76.176 0.818468
      vertex 23.4 70.5673 0.8
      vertex 23.4 76.4106 0.8
    endloop
  endfacet
  facet normal 1 0 0
    outer loop
      vertex 23.4 75.9471 0.873416
      vertex 23.4 70.5673 0.8
      vertex 23.4 76.176 0.818468
    endloop
  endfacet
  facet normal 1 0 0
    outer loop
      vertex 23.4 75.7296 0.96349
      vertex 23.4 70.5673 0.8
      vertex 23.4 75.9471 0.873416
    endloop
  endfacet
  facet normal 1 0 0
    outer loop
      vertex 23.4 75.529 1.08648
      vertex 23.4 70.5673 0.8
      vertex 23.4 75.7296 0.96349
    endloop
  endfacet
  facet normal 0 0.852608 0.522551
    outer loop
      vertex 23.4 75.1971 1.41832
      vertex 18.4 75.0741 1.61901
      vertex 23.4 75.0741 1.61901
    endloop
  endfacet
  facet normal 0 0.852608 0.522551
    outer loop
      vertex 18.4 75.0741 1.61901
      vertex 23.4 75.1971 1.41832
      vertex 18.4 75.1971 1.41832
    endloop
  endfacet
  facet normal 0 -0.38277 0.923844
    outer loop
      vertex 18.4 77.0916 0.96349
      vertex 23.4 76.8742 0.873416
      vertex 23.4 77.0916 0.96349
    endloop
  endfacet
  facet normal 0 -0.38277 0.923844
    outer loop
      vertex 23.4 76.8742 0.873416
      vertex 18.4 77.0916 0.96349
      vertex 18.4 76.8742 0.873416
    endloop
  endfacet
  facet normal 0 -0.852797 0.522242
    outer loop
      vertex 18.4 77.6242 1.41832
      vertex 23.4 77.7471 1.61901
      vertex 18.4 77.7471 1.61901
    endloop
  endfacet
  facet normal 0 -0.852797 0.522242
    outer loop
      vertex 23.4 77.7471 1.61901
      vertex 18.4 77.6242 1.41832
      vertex 23.4 77.6242 1.41832
    endloop
  endfacet
  facet normal 0 0.996906 -0.0785969
    outer loop
      vertex 23.4 74.9106 2.3
      vertex 18.4 74.9291 2.53465
      vertex 23.4 74.9291 2.53465
    endloop
  endfacet
  facet normal 0 0.996906 -0.0785969
    outer loop
      vertex 18.4 74.9291 2.53465
      vertex 23.4 74.9106 2.3
      vertex 18.4 74.9106 2.3
    endloop
  endfacet
  facet normal 0 0.233389 -0.972383
    outer loop
      vertex 18.4 75.9471 3.72659
      vertex 23.4 76.176 3.78153
      vertex 23.4 75.9471 3.72659
    endloop
  endfacet
  facet normal 0 0.233389 -0.972383
    outer loop
      vertex 23.4 76.176 3.78153
      vertex 18.4 75.9471 3.72659
      vertex 18.4 76.176 3.78153
    endloop
  endfacet
  facet normal 0 0.972415 0.233257
    outer loop
      vertex 23.4 74.984 1.83648
      vertex 18.4 74.9291 2.06535
      vertex 23.4 74.9291 2.06535
    endloop
  endfacet
  facet normal 0 0.972415 0.233257
    outer loop
      vertex 18.4 74.9291 2.06535
      vertex 23.4 74.984 1.83648
      vertex 18.4 74.984 1.83648
    endloop
  endfacet
  facet normal 0 0.923848 0.382759
    outer loop
      vertex 23.4 75.0741 1.61901
      vertex 18.4 74.984 1.83648
      vertex 23.4 74.984 1.83648
    endloop
  endfacet
  facet normal 0 0.923848 0.382759
    outer loop
      vertex 18.4 74.984 1.83648
      vertex 23.4 75.0741 1.61901
      vertex 18.4 75.0741 1.61901
    endloop
  endfacet
  facet normal -0 0.0784784 0.996916
    outer loop
      vertex 18.4 76.4106 0.8
      vertex 23.4 76.176 0.818468
      vertex 23.4 76.4106 0.8
    endloop
  endfacet
  facet normal 0 0.0784784 0.996916
    outer loop
      vertex 23.4 76.176 0.818468
      vertex 18.4 76.4106 0.8
      vertex 18.4 76.176 0.818468
    endloop
  endfacet
  facet normal -0 0.649398 0.760449
    outer loop
      vertex 18.4 75.529 1.08648
      vertex 23.4 75.35 1.23934
      vertex 23.4 75.529 1.08648
    endloop
  endfacet
  facet normal 0 0.649398 0.760449
    outer loop
      vertex 23.4 75.35 1.23934
      vertex 18.4 75.529 1.08648
      vertex 18.4 75.35 1.23934
    endloop
  endfacet
  facet normal 0 -0.99694 0.0781747
    outer loop
      vertex 18.4 77.8922 2.06535
      vertex 23.4 77.9106 2.3
      vertex 18.4 77.9106 2.3
    endloop
  endfacet
  facet normal 0 -0.99694 0.0781747
    outer loop
      vertex 23.4 77.9106 2.3
      vertex 18.4 77.8922 2.06535
      vertex 23.4 77.8922 2.06535
    endloop
  endfacet
  facet normal 0 -0.760329 0.649538
    outer loop
      vertex 18.4 77.4713 1.23934
      vertex 23.4 77.6242 1.41832
      vertex 18.4 77.6242 1.41832
    endloop
  endfacet
  facet normal 0 -0.760329 0.649538
    outer loop
      vertex 23.4 77.6242 1.41832
      vertex 18.4 77.4713 1.23934
      vertex 23.4 77.4713 1.23934
    endloop
  endfacet
  facet normal 0 -0.522501 0.852638
    outer loop
      vertex 18.4 77.2923 1.08648
      vertex 23.4 77.0916 0.96349
      vertex 23.4 77.2923 1.08648
    endloop
  endfacet
  facet normal 0 -0.522501 0.852638
    outer loop
      vertex 23.4 77.0916 0.96349
      vertex 18.4 77.2923 1.08648
      vertex 18.4 77.0916 0.96349
    endloop
  endfacet
  facet normal 0 -0.0784452 0.996918
    outer loop
      vertex 18.4 76.6453 0.818468
      vertex 23.4 76.4106 0.8
      vertex 23.4 76.6453 0.818468
    endloop
  endfacet
  facet normal 0 -0.0784452 0.996918
    outer loop
      vertex 23.4 76.4106 0.8
      vertex 18.4 76.6453 0.818468
      vertex 18.4 76.4106 0.8
    endloop
  endfacet
  facet normal 0 -0.649398 0.760449
    outer loop
      vertex 18.4 77.4713 1.23934
      vertex 23.4 77.2923 1.08648
      vertex 23.4 77.4713 1.23934
    endloop
  endfacet
  facet normal 0 -0.649398 0.760449
    outer loop
      vertex 23.4 77.2923 1.08648
      vertex 18.4 77.4713 1.23934
      vertex 18.4 77.2923 1.08648
    endloop
  endfacet
  facet normal 0 0.996906 0.0785969
    outer loop
      vertex 23.4 74.9291 2.06535
      vertex 18.4 74.9106 2.3
      vertex 23.4 74.9106 2.3
    endloop
  endfacet
  facet normal 0 0.996906 0.0785969
    outer loop
      vertex 18.4 74.9106 2.3
      vertex 23.4 74.9291 2.06535
      vertex 18.4 74.9291 2.06535
    endloop
  endfacet
  facet normal 0 0.972417 -0.233248
    outer loop
      vertex 23.4 74.9291 2.53465
      vertex 18.4 74.984 2.76353
      vertex 23.4 74.984 2.76353
    endloop
  endfacet
  facet normal 0 0.972417 -0.233248
    outer loop
      vertex 18.4 74.984 2.76353
      vertex 23.4 74.9291 2.53465
      vertex 18.4 74.9291 2.53465
    endloop
  endfacet
  facet normal 0 -0.649422 -0.760428
    outer loop
      vertex 18.4 77.2923 3.51353
      vertex 23.4 77.4713 3.36066
      vertex 23.4 77.2923 3.51353
    endloop
  endfacet
  facet normal -0 -0.649422 -0.760428
    outer loop
      vertex 23.4 77.4713 3.36066
      vertex 18.4 77.2923 3.51353
      vertex 18.4 77.4713 3.36066
    endloop
  endfacet
  facet normal 0 0.52266 -0.852541
    outer loop
      vertex 18.4 75.529 3.51353
      vertex 23.4 75.7296 3.63651
      vertex 23.4 75.529 3.51353
    endloop
  endfacet
  facet normal 0 0.52266 -0.852541
    outer loop
      vertex 23.4 75.7296 3.63651
      vertex 18.4 75.529 3.51353
      vertex 18.4 75.7296 3.63651
    endloop
  endfacet
  facet normal 0 0.760329 0.649538
    outer loop
      vertex 23.4 75.35 1.23934
      vertex 18.4 75.1971 1.41832
      vertex 23.4 75.1971 1.41832
    endloop
  endfacet
  facet normal 0 0.760329 0.649538
    outer loop
      vertex 18.4 75.1971 1.41832
      vertex 23.4 75.35 1.23934
      vertex 18.4 75.35 1.23934
    endloop
  endfacet
  facet normal -0 0.38262 0.923906
    outer loop
      vertex 18.4 75.9471 0.873416
      vertex 23.4 75.7296 0.96349
      vertex 23.4 75.9471 0.873416
    endloop
  endfacet
  facet normal 0 0.38262 0.923906
    outer loop
      vertex 23.4 75.7296 0.96349
      vertex 18.4 75.9471 0.873416
      vertex 18.4 75.7296 0.96349
    endloop
  endfacet
  facet normal -0 0.522691 0.852522
    outer loop
      vertex 18.4 75.7296 0.96349
      vertex 23.4 75.529 1.08648
      vertex 23.4 75.7296 0.96349
    endloop
  endfacet
  facet normal 0 0.522691 0.852522
    outer loop
      vertex 23.4 75.529 1.08648
      vertex 18.4 75.7296 0.96349
      vertex 18.4 75.529 1.08648
    endloop
  endfacet
  facet normal 0 -0.923848 0.382759
    outer loop
      vertex 18.4 77.7471 1.61901
      vertex 23.4 77.8372 1.83648
      vertex 18.4 77.8372 1.83648
    endloop
  endfacet
  facet normal 0 -0.923848 0.382759
    outer loop
      vertex 23.4 77.8372 1.83648
      vertex 18.4 77.7471 1.61901
      vertex 23.4 77.7471 1.61901
    endloop
  endfacet
  facet normal 0 -0.972319 0.233659
    outer loop
      vertex 18.4 77.8372 1.83648
      vertex 23.4 77.8922 2.06535
      vertex 18.4 77.8922 2.06535
    endloop
  endfacet
  facet normal 0 -0.972319 0.233659
    outer loop
      vertex 23.4 77.8922 2.06535
      vertex 18.4 77.8372 1.83648
      vertex 23.4 77.8372 1.83648
    endloop
  endfacet
  facet normal 0 -0.233421 0.972376
    outer loop
      vertex 18.4 76.8742 0.873416
      vertex 23.4 76.6453 0.818468
      vertex 23.4 76.8742 0.873416
    endloop
  endfacet
  facet normal 0 -0.233421 0.972376
    outer loop
      vertex 23.4 76.6453 0.818468
      vertex 18.4 76.8742 0.873416
      vertex 18.4 76.6453 0.818468
    endloop
  endfacet
  facet normal 0 0.852608 -0.522551
    outer loop
      vertex 23.4 75.0741 2.98099
      vertex 18.4 75.1971 3.18168
      vertex 23.4 75.1971 3.18168
    endloop
  endfacet
  facet normal 0 0.852608 -0.522551
    outer loop
      vertex 18.4 75.1971 3.18168
      vertex 23.4 75.0741 2.98099
      vertex 18.4 75.0741 2.98099
    endloop
  endfacet
  facet normal 0 -0.99694 -0.0781747
    outer loop
      vertex 18.4 77.9106 2.3
      vertex 23.4 77.8922 2.53465
      vertex 18.4 77.8922 2.53465
    endloop
  endfacet
  facet normal 0 -0.99694 -0.0781747
    outer loop
      vertex 23.4 77.8922 2.53465
      vertex 18.4 77.9106 2.3
      vertex 23.4 77.9106 2.3
    endloop
  endfacet
  facet normal 0 -0.760329 -0.649538
    outer loop
      vertex 18.4 77.6242 3.18168
      vertex 23.4 77.4713 3.36066
      vertex 18.4 77.4713 3.36066
    endloop
  endfacet
  facet normal 0 -0.760329 -0.649538
    outer loop
      vertex 23.4 77.4713 3.36066
      vertex 18.4 77.6242 3.18168
      vertex 23.4 77.6242 3.18168
    endloop
  endfacet
  facet normal 0 0.382642 -0.923897
    outer loop
      vertex 18.4 75.7296 3.63651
      vertex 23.4 75.9471 3.72659
      vertex 23.4 75.7296 3.63651
    endloop
  endfacet
  facet normal 0 0.382642 -0.923897
    outer loop
      vertex 23.4 75.9471 3.72659
      vertex 18.4 75.7296 3.63651
      vertex 18.4 75.9471 3.72659
    endloop
  endfacet
  facet normal -0 0.233421 0.972376
    outer loop
      vertex 18.4 76.176 0.818468
      vertex 23.4 75.9471 0.873416
      vertex 23.4 76.176 0.818468
    endloop
  endfacet
  facet normal 0 0.233421 0.972376
    outer loop
      vertex 23.4 75.9471 0.873416
      vertex 18.4 76.176 0.818468
      vertex 18.4 75.9471 0.873416
    endloop
  endfacet
  facet normal 0 0.923842 -0.382775
    outer loop
      vertex 23.4 74.984 2.76353
      vertex 18.4 75.0741 2.98099
      vertex 23.4 75.0741 2.98099
    endloop
  endfacet
  facet normal 0 0.923842 -0.382775
    outer loop
      vertex 18.4 75.0741 2.98099
      vertex 23.4 74.984 2.76353
      vertex 18.4 74.984 2.76353
    endloop
  endfacet
  facet normal 0 -0.52247 -0.852657
    outer loop
      vertex 18.4 77.0916 3.63651
      vertex 23.4 77.2923 3.51353
      vertex 23.4 77.0916 3.63651
    endloop
  endfacet
  facet normal -0 -0.52247 -0.852657
    outer loop
      vertex 23.4 77.2923 3.51353
      vertex 18.4 77.0916 3.63651
      vertex 18.4 77.2923 3.51353
    endloop
  endfacet
  facet normal 0 -0.923842 -0.382775
    outer loop
      vertex 18.4 77.8372 2.76353
      vertex 23.4 77.7471 2.98099
      vertex 18.4 77.7471 2.98099
    endloop
  endfacet
  facet normal 0 -0.923842 -0.382775
    outer loop
      vertex 23.4 77.7471 2.98099
      vertex 18.4 77.8372 2.76353
      vertex 23.4 77.8372 2.76353
    endloop
  endfacet
  facet normal 0 -0.852797 -0.522242
    outer loop
      vertex 18.4 77.7471 2.98099
      vertex 23.4 77.6242 3.18168
      vertex 18.4 77.6242 3.18168
    endloop
  endfacet
  facet normal 0 -0.852797 -0.522242
    outer loop
      vertex 23.4 77.6242 3.18168
      vertex 18.4 77.7471 2.98099
      vertex 23.4 77.7471 2.98099
    endloop
  endfacet
  facet normal 0 0.760329 -0.649538
    outer loop
      vertex 23.4 75.1971 3.18168
      vertex 18.4 75.35 3.36066
      vertex 23.4 75.35 3.36066
    endloop
  endfacet
  facet normal 0 0.760329 -0.649538
    outer loop
      vertex 18.4 75.35 3.36066
      vertex 23.4 75.1971 3.18168
      vertex 18.4 75.1971 3.18168
    endloop
  endfacet
  facet normal 0 0.0784869 -0.996915
    outer loop
      vertex 18.4 76.176 3.78153
      vertex 23.4 76.4106 3.8
      vertex 23.4 76.176 3.78153
    endloop
  endfacet
  facet normal 0 0.0784869 -0.996915
    outer loop
      vertex 23.4 76.4106 3.8
      vertex 18.4 76.176 3.78153
      vertex 18.4 76.4106 3.8
    endloop
  endfacet
  facet normal 0 -0.0784536 -0.996918
    outer loop
      vertex 18.4 76.4106 3.8
      vertex 23.4 76.6453 3.78153
      vertex 23.4 76.4106 3.8
    endloop
  endfacet
  facet normal -0 -0.0784536 -0.996918
    outer loop
      vertex 23.4 76.6453 3.78153
      vertex 18.4 76.4106 3.8
      vertex 18.4 76.6453 3.78153
    endloop
  endfacet
  facet normal 0 -0.972321 -0.233649
    outer loop
      vertex 18.4 77.8922 2.53465
      vertex 23.4 77.8372 2.76353
      vertex 18.4 77.8372 2.76353
    endloop
  endfacet
  facet normal 0 -0.972321 -0.233649
    outer loop
      vertex 23.4 77.8372 2.76353
      vertex 18.4 77.8922 2.53465
      vertex 23.4 77.8922 2.53465
    endloop
  endfacet
  facet normal 0 0.649422 -0.760428
    outer loop
      vertex 18.4 75.35 3.36066
      vertex 23.4 75.529 3.51353
      vertex 23.4 75.35 3.36066
    endloop
  endfacet
  facet normal 0 0.649422 -0.760428
    outer loop
      vertex 23.4 75.529 3.51353
      vertex 18.4 75.35 3.36066
      vertex 18.4 75.529 3.51353
    endloop
  endfacet
  facet normal 0 -0.382792 -0.923834
    outer loop
      vertex 18.4 76.8742 3.72659
      vertex 23.4 77.0916 3.63651
      vertex 23.4 76.8742 3.72659
    endloop
  endfacet
  facet normal -0 -0.382792 -0.923834
    outer loop
      vertex 23.4 77.0916 3.63651
      vertex 18.4 76.8742 3.72659
      vertex 18.4 77.0916 3.63651
    endloop
  endfacet
  facet normal 0 -0.233389 -0.972383
    outer loop
      vertex 18.4 76.6453 3.78153
      vertex 23.4 76.8742 3.72659
      vertex 23.4 76.6453 3.78153
    endloop
  endfacet
  facet normal -0 -0.233389 -0.972383
    outer loop
      vertex 23.4 76.8742 3.72659
      vertex 18.4 76.6453 3.78153
      vertex 18.4 76.8742 3.72659
    endloop
  endfacet
  facet normal -0.399565 -0.863914 0.306594
    outer loop
      vertex 5.44847 71.8109 5.63296
      vertex 5.40494 71.8109 5.57623
      vertex 5.49304 71.7521 5.52536
    endloop
  endfacet
  facet normal -0.688679 -0.49606 -0.528816
    outer loop
      vertex 5.38974 71.8939 5.18681
      vertex 5.31276 71.9344 5.24907
      vertex 5.33228 71.9483 5.21061
    endloop
  endfacet
  facet normal -0.688624 -0.49654 -0.528436
    outer loop
      vertex 5.31276 71.9344 5.24907
      vertex 5.38974 71.8939 5.18681
      vertex 5.333 71.8939 5.26075
    endloop
  endfacet
  facet normal -0.703771 -0.704365 0.0926119
    outer loop
      vertex 5.37757 71.8109 5.51016
      vertex 5.28517 71.8939 5.43926
      vertex 5.36824 71.8109 5.43926
    endloop
  endfacet
  facet normal 0.474243 -0.80167 0.363895
    outer loop
      vertex 5.87942 71.8109 5.57623
      vertex 9.83589 74.6455 6.66469
      vertex 5.83589 71.8109 5.63296
    endloop
  endfacet
  facet normal 0.474243 -0.80167 0.363895
    outer loop
      vertex 9.83589 74.6455 6.66469
      vertex 5.87942 71.8109 5.57623
      vertex 9.87942 74.6455 6.60796
    endloop
  endfacet
  facet normal 0.271673 -0.704352 -0.655806
    outer loop
      vertex 5.77915 71.8109 5.20202
      vertex 5.71308 71.8109 5.17465
      vertex 5.82068 71.8939 5.13008
    endloop
  endfacet
  facet normal -0.465351 -0.863899 -0.192683
    outer loop
      vertex 5.47584 71.7521 5.39469
      vertex 5.40494 71.8109 5.30229
      vertex 5.49304 71.7521 5.35315
    endloop
  endfacet
  facet normal 0.192748 -0.863921 -0.465284
    outer loop
      vertex 5.77915 71.8109 5.20202
      vertex 5.68675 71.7521 5.27292
      vertex 5.71308 71.8109 5.17465
    endloop
  endfacet
  facet normal 0.128397 0.174164 -0.97631
    outer loop
      vertex 5.75765 72.2266 5.00831
      vertex 8.59625 74.2613 5.74459
      vertex 9.75765 75.0613 6.04004
    endloop
  endfacet
  facet normal 0.128559 0.173944 -0.976328
    outer loop
      vertex 8.59625 74.2613 5.74459
      vertex 5.75765 72.2266 5.00831
      vertex 5.72507 72.2266 5.00402
    endloop
  endfacet
  facet normal -0.241019 -0.965374 0.0998199
    outer loop
      vertex 5.49304 71.7521 5.52536
      vertex 5.47584 71.7521 5.48383
      vertex 5.58544 71.7217 5.45446
    endloop
  endfacet
  facet normal 0.126189 -0.256704 0.958217
    outer loop
      vertex 9.75765 74.9438 6.90193
      vertex 9.64218 74.8303 6.88673
      vertex 9.74978 74.8303 6.87256
    endloop
  endfacet
  facet normal -0.0998199 -0.965374 -0.241019
    outer loop
      vertex 5.62698 71.7217 5.38252
      vertex 5.55608 71.7521 5.29012
      vertex 5.59761 71.7521 5.27292
    endloop
  endfacet
  facet normal -0.68858 -0.496639 0.528402
    outer loop
      vertex 5.38974 71.8939 5.6917
      vertex 5.31276 71.9344 5.62945
      vertex 5.333 71.8939 5.61776
    endloop
  endfacet
  facet normal -0.688653 -0.49599 0.528915
    outer loop
      vertex 5.31276 71.9344 5.62945
      vertex 5.38974 71.8939 5.6917
      vertex 5.33228 71.9483 5.6679
    endloop
  endfacet
  facet normal 0.341647 -0.707327 0.618843
    outer loop
      vertex 5.82068 71.8939 5.74844
      vertex 5.77915 71.8109 5.6765
      vertex 9.82068 74.7286 6.78016
    endloop
  endfacet
  facet normal -0.19274 -0.863932 0.465266
    outer loop
      vertex 5.57128 71.8109 5.70387
      vertex 5.50521 71.8109 5.6765
      vertex 5.55608 71.7521 5.58839
    endloop
  endfacet
  facet normal 0.529523 -0.497012 -0.687448
    outer loop
      vertex 9.89462 74.7286 6.21854
      vertex 5.93616 71.9957 5.14528
      vertex 9.93616 74.8303 6.17701
    endloop
  endfacet
  facet normal 0.529364 -0.496623 -0.687851
    outer loop
      vertex 5.93616 71.9957 5.14528
      vertex 9.89462 74.7286 6.21854
      vertex 5.89462 71.8939 5.18681
    endloop
  endfacet
  facet normal 0.25864 -0.965373 0.0340636
    outer loop
      vertex 5.80852 71.7521 5.48383
      vertex 5.69892 71.7217 5.45446
      vertex 5.81439 71.7521 5.43926
    endloop
  endfacet
  facet normal 0.499323 -0.863921 0.0657078
    outer loop
      vertex 5.90679 71.8109 5.51016
      vertex 5.80852 71.7521 5.48383
      vertex 5.91612 71.8109 5.43926
    endloop
  endfacet
  facet normal -0.563169 -0.704346 0.43213
    outer loop
      vertex 5.44847 71.8109 5.63296
      vertex 5.333 71.8939 5.61776
      vertex 5.40494 71.8109 5.57623
    endloop
  endfacet
  facet normal -0.332216 -0.496562 0.801909
    outer loop
      vertex 5.53458 71.9957 5.84084
      vertex 5.43431 71.9957 5.7993
      vertex 5.54978 71.8939 5.7841
    endloop
  endfacet
  facet normal -0.703816 -0.704319 -0.0926178
    outer loop
      vertex 5.36824 71.8109 5.43926
      vertex 5.29734 71.8939 5.34686
      vertex 5.37757 71.8109 5.36836
    endloop
  endfacet
  facet normal -0.113334 -0.496509 -0.860601
    outer loop
      vertex 5.54978 71.8939 5.09441
      vertex 5.53458 71.9957 5.03768
      vertex 5.64218 71.9957 5.02351
    endloop
  endfacet
  facet normal -0.241019 -0.965376 -0.0997962
    outer loop
      vertex 5.59131 71.7217 5.40989
      vertex 5.47584 71.7521 5.39469
      vertex 5.49304 71.7521 5.35315
    endloop
  endfacet
  facet normal 0.766611 -0.256707 -0.588565
    outer loop
      vertex 10.0286 74.9438 6.24791
      vertex 9.93616 74.8303 6.17701
      vertex 9.95766 74.9438 6.15551
    endloop
  endfacet
  facet normal 0.860471 -0.496738 0.11332
    outer loop
      vertex 10.0579 74.8303 6.47098
      vertex 9.98702 74.7286 6.56339
      vertex 9.99919 74.7286 6.47098
    endloop
  endfacet
  facet normal 0.432424 -0.703884 0.563522
    outer loop
      vertex 9.82068 74.7286 6.78016
      vertex 9.77915 74.6455 6.70823
      vertex 9.83589 74.6455 6.66469
    endloop
  endfacet
  facet normal 0.860725 0.496229 0.113618
    outer loop
      vertex 10.0078 75.2616 6.47098
      vertex 10.0008 75.2567 6.54541
      vertex 10.0579 75.1747 6.47098
    endloop
  endfacet
  facet normal 0.369813 -0.256917 -0.892879
    outer loop
      vertex 5.85005 71.9957 5.07921
      vertex 5.75765 72.1091 5.00831
      vertex 5.86526 72.1091 5.05288
    endloop
  endfacet
  facet normal 0.43208 -0.70435 -0.563203
    outer loop
      vertex 5.83589 71.8109 5.24555
      vertex 5.77915 71.8109 5.20202
      vertex 5.82068 71.8939 5.13008
    endloop
  endfacet
  facet normal -0.528476 -0.496423 0.688677
    outer loop
      vertex 5.37093 71.9757 5.73623
      vertex 5.38974 71.8939 5.6917
      vertex 5.46368 71.8939 5.74844
    endloop
  endfacet
  facet normal -0.528463 -0.496425 0.688687
    outer loop
      vertex 5.38974 71.8939 5.6917
      vertex 5.37093 71.9757 5.73623
      vertex 5.35964 71.9677 5.7218
    endloop
  endfacet
  facet normal -0.563163 -0.704333 0.43216
    outer loop
      vertex 5.38974 71.8939 5.6917
      vertex 5.333 71.8939 5.61776
      vertex 5.44847 71.8109 5.63296
    endloop
  endfacet
  facet normal -0.528081 -0.497276 0.688366
    outer loop
      vertex 5.37093 71.9757 5.73623
      vertex 5.43431 71.9957 5.7993
      vertex 5.39918 71.9957 5.77235
    endloop
  endfacet
  facet normal -0.528533 -0.496503 0.688576
    outer loop
      vertex 5.43431 71.9957 5.7993
      vertex 5.37093 71.9757 5.73623
      vertex 5.46368 71.8939 5.74844
    endloop
  endfacet
  facet normal 0.113251 -0.496568 0.860578
    outer loop
      vertex 5.74978 71.9957 5.84084
      vertex 5.64218 71.9957 5.855
      vertex 5.73458 71.8939 5.7841
    endloop
  endfacet
  facet normal -0.432155 -0.704341 0.563157
    outer loop
      vertex 5.46368 71.8939 5.74844
      vertex 5.38974 71.8939 5.6917
      vertex 5.44847 71.8109 5.63296
    endloop
  endfacet
  facet normal 0.528245 -0.496919 0.688497
    outer loop
      vertex 9.93616 74.8303 6.76496
      vertex 9.82068 74.7286 6.78016
      vertex 9.89462 74.7286 6.72343
    endloop
  endfacet
  facet normal -0.0926178 -0.704319 0.703816
    outer loop
      vertex 5.64218 71.8109 5.7132
      vertex 5.54978 71.8939 5.7841
      vertex 5.57128 71.8109 5.70387
    endloop
  endfacet
  facet normal 0.860479 0.496852 -0.112758
    outer loop
      vertex 10.0438 75.1747 6.36338
      vertex 10.0008 75.2567 6.39656
      vertex 10.0579 75.1747 6.47098
    endloop
  endfacet
  facet normal 0.860499 0.496833 -0.112684
    outer loop
      vertex 10.0008 75.2567 6.39656
      vertex 10.0438 75.1747 6.36338
      vertex 9.99884 75.2553 6.37542
    endloop
  endfacet
  facet normal 0.52874 0.495398 0.689214
    outer loop
      vertex 9.91343 75.1948 6.76795
      vertex 9.88518 75.1747 6.80407
      vertex 9.93616 75.1747 6.76496
    endloop
  endfacet
  facet normal -0.113251 -0.496568 0.860578
    outer loop
      vertex 5.64218 71.9957 5.855
      vertex 5.53458 71.9957 5.84084
      vertex 5.54978 71.8939 5.7841
    endloop
  endfacet
  facet normal -0.860461 -0.496717 -0.113487
    outer loop
      vertex 5.29734 71.8939 5.34686
      vertex 5.28354 71.9137 5.36483
      vertex 5.28552 71.9151 5.34369
    endloop
  endfacet
  facet normal -0.528315 -0.496602 -0.688672
    outer loop
      vertex 5.38974 71.8939 5.18681
      vertex 5.39918 71.9957 5.10616
      vertex 5.43431 71.9957 5.07921
    endloop
  endfacet
  facet normal -0.528816 -0.496379 -0.688449
    outer loop
      vertex 5.39918 71.9957 5.10616
      vertex 5.38974 71.8939 5.18681
      vertex 5.35964 71.9677 5.15672
    endloop
  endfacet
  facet normal -0.563134 -0.704371 -0.432137
    outer loop
      vertex 5.40494 71.8109 5.30229
      vertex 5.333 71.8939 5.26075
      vertex 5.38974 71.8939 5.18681
    endloop
  endfacet
  facet normal -0.465297 -0.863923 0.192707
    outer loop
      vertex 5.49304 71.7521 5.52536
      vertex 5.37757 71.8109 5.51016
      vertex 5.47584 71.7521 5.48383
    endloop
  endfacet
  facet normal 0.19274 -0.863932 0.465266
    outer loop
      vertex 5.77915 71.8109 5.6765
      vertex 5.71308 71.8109 5.70387
      vertex 5.72828 71.7521 5.58839
    endloop
  endfacet
  facet normal 0.306557 -0.863917 -0.399588
    outer loop
      vertex 5.83589 71.8109 5.24555
      vertex 5.72828 71.7521 5.29012
      vertex 5.77915 71.8109 5.20202
    endloop
  endfacet
  facet normal 0.206935 -0.965376 -0.158828
    outer loop
      vertex 5.79132 71.7521 5.35315
      vertex 5.69305 71.7217 5.40989
      vertex 5.76395 71.7521 5.31749
    endloop
  endfacet
  facet normal 0.608756 0 -0.793358
    outer loop
      vertex 9.86526 74.9438 6.08461
      vertex 9.95766 75.0613 6.15551
      vertex 9.95766 74.9438 6.15551
    endloop
  endfacet
  facet normal 0.608756 0 -0.793358
    outer loop
      vertex 9.95766 75.0613 6.15551
      vertex 9.86526 74.9438 6.08461
      vertex 9.86526 75.0613 6.08461
    endloop
  endfacet
  facet normal 0.369855 0.256811 -0.892892
    outer loop
      vertex 9.86526 75.0613 6.08461
      vertex 9.80212 75.1159 6.07416
      vertex 9.8531 75.152 6.10566
    endloop
  endfacet
  facet normal 0.369827 0.256776 -0.892913
    outer loop
      vertex 9.80212 75.1159 6.07416
      vertex 9.86526 75.0613 6.08461
      vertex 9.75765 75.0613 6.04004
    endloop
  endfacet
  facet normal 0.528386 -0.496552 -0.688654
    outer loop
      vertex 5.89462 71.8939 5.18681
      vertex 5.85005 71.9957 5.07921
      vertex 5.93616 71.9957 5.14528
    endloop
  endfacet
  facet normal 0.588334 -0.256722 -0.766784
    outer loop
      vertex 9.93616 74.8303 6.17701
      vertex 9.85005 74.8303 6.11094
      vertex 9.86526 74.9438 6.08461
    endloop
  endfacet
  facet normal 0.249758 0 -0.968308
    outer loop
      vertex 5.75765 72.2266 5.00831
      vertex 9.75765 74.9438 6.04004
      vertex 5.75765 72.1091 5.00831
    endloop
  endfacet
  facet normal 0.249758 0 -0.968308
    outer loop
      vertex 9.75765 74.9438 6.04004
      vertex 5.75765 72.2266 5.00831
      vertex 9.75765 75.0613 6.04004
    endloop
  endfacet
  facet normal -0.499323 -0.863921 0.0657078
    outer loop
      vertex 5.37757 71.8109 5.51016
      vertex 5.36824 71.8109 5.43926
      vertex 5.47584 71.7521 5.48383
    endloop
  endfacet
  facet normal -0.588244 -0.256909 0.76679
    outer loop
      vertex 5.42019 72.0106 5.79346
      vertex 5.39918 71.9957 5.77235
      vertex 5.43431 71.9957 5.7993
    endloop
  endfacet
  facet normal 0.131415 -0.497528 0.857435
    outer loop
      vertex 5.74978 71.9957 5.84084
      vertex 5.73458 71.8939 5.7841
      vertex 9.74978 74.8303 6.87256
    endloop
  endfacet
  facet normal -0.306532 -0.863904 0.399634
    outer loop
      vertex 5.55608 71.7521 5.58839
      vertex 5.44847 71.8109 5.63296
      vertex 5.52041 71.7521 5.56103
    endloop
  endfacet
  facet normal -0.158763 -0.965377 0.206983
    outer loop
      vertex 5.55608 71.7521 5.58839
      vertex 5.52041 71.7521 5.56103
      vertex 5.60065 71.7217 5.48079
    endloop
  endfacet
  facet normal 0.588348 0.256886 -0.766718
    outer loop
      vertex 9.86526 75.0613 6.08461
      vertex 9.88518 75.1747 6.13789
      vertex 9.93616 75.1747 6.17701
    endloop
  endfacet
  facet normal 0.588489 0.256821 -0.766632
    outer loop
      vertex 9.88518 75.1747 6.13789
      vertex 9.86526 75.0613 6.08461
      vertex 9.8531 75.152 6.10566
    endloop
  endfacet
  facet normal 0.11335 -0.496497 0.860606
    outer loop
      vertex 5.64218 71.9957 5.855
      vertex 5.64218 71.8939 5.79627
      vertex 5.73458 71.8939 5.7841
    endloop
  endfacet
  facet normal -0.0926929 -0.704359 0.703766
    outer loop
      vertex 5.64218 71.8939 5.79627
      vertex 5.54978 71.8939 5.7841
      vertex 5.64218 71.8109 5.7132
    endloop
  endfacet
  facet normal 0.793192 -0 0.608972
    outer loop
      vertex 9.95766 74.9438 6.78646
      vertex 10.0286 75.0613 6.69406
      vertex 9.95766 75.0613 6.78646
    endloop
  endfacet
  facet normal 0.793192 0 0.608972
    outer loop
      vertex 10.0286 75.0613 6.69406
      vertex 9.95766 74.9438 6.78646
      vertex 10.0286 74.9438 6.69406
    endloop
  endfacet
  facet normal -0.12613 -0.256914 0.958168
    outer loop
      vertex 5.5593 72.1091 5.8745
      vertex 5.53458 71.9957 5.84084
      vertex 5.64218 72.1091 5.88541
    endloop
  endfacet
  facet normal -0.126173 -0.256903 0.958165
    outer loop
      vertex 5.53458 71.9957 5.84084
      vertex 5.5593 72.1091 5.8745
      vertex 5.52823 72.0871 5.86451
    endloop
  endfacet
  facet normal -0.369833 -0.256922 0.892869
    outer loop
      vertex 5.48224 72.0545 5.83608
      vertex 5.53458 71.9957 5.84084
      vertex 5.52823 72.0871 5.86451
    endloop
  endfacet
  facet normal -0.369884 -0.25697 0.892834
    outer loop
      vertex 5.53458 71.9957 5.84084
      vertex 5.48224 72.0545 5.83608
      vertex 5.43431 71.9957 5.7993
    endloop
  endfacet
  facet normal -0.0656562 -0.258164 0.963868
    outer loop
      vertex 9.64218 74.9438 6.91713
      vertex 5.64218 72.1091 5.88541
      vertex 9.64218 74.8303 6.88673
    endloop
  endfacet
  facet normal 0.0340326 -0.965372 -0.258648
    outer loop
      vertex 5.65738 71.7217 5.38252
      vertex 5.64218 71.7217 5.38052
      vertex 5.68675 71.7521 5.27292
    endloop
  endfacet
  facet normal 0.271685 -0.704361 -0.655792
    outer loop
      vertex 5.82068 71.8939 5.13008
      vertex 5.71308 71.8109 5.17465
      vertex 5.73458 71.8939 5.09441
    endloop
  endfacet
  facet normal -0.399577 -0.863924 -0.306549
    outer loop
      vertex 5.52041 71.7521 5.31749
      vertex 5.40494 71.8109 5.30229
      vertex 5.44847 71.8109 5.24555
    endloop
  endfacet
  facet normal -0.271673 -0.704352 -0.655806
    outer loop
      vertex 5.50521 71.8109 5.20202
      vertex 5.46368 71.8939 5.13008
      vertex 5.57128 71.8109 5.17465
    endloop
  endfacet
  facet normal -0.655834 -0.704322 -0.271684
    outer loop
      vertex 5.37757 71.8109 5.36836
      vertex 5.29734 71.8939 5.34686
      vertex 5.40494 71.8109 5.30229
    endloop
  endfacet
  facet normal -0.588222 -0.257044 -0.766762
    outer loop
      vertex 5.43431 71.9957 5.07921
      vertex 5.39918 71.9957 5.10616
      vertex 5.43126 72.0184 5.07394
    endloop
  endfacet
  facet normal 0.465297 -0.863912 0.192753
    outer loop
      vertex 5.87942 71.8109 5.57623
      vertex 5.79132 71.7521 5.52536
      vertex 5.90679 71.8109 5.51016
    endloop
  endfacet
  facet normal 0.499311 -0.863924 -0.0657607
    outer loop
      vertex 5.81439 71.7521 5.43926
      vertex 5.80852 71.7521 5.39469
      vertex 5.90679 71.8109 5.36836
    endloop
  endfacet
  facet normal -0.0340631 -0.965374 -0.258636
    outer loop
      vertex 5.64218 71.7217 5.38052
      vertex 5.59761 71.7521 5.27292
      vertex 5.64218 71.7521 5.26705
    endloop
  endfacet
  facet normal 0.465351 -0.863899 -0.192683
    outer loop
      vertex 5.80852 71.7521 5.39469
      vertex 5.79132 71.7521 5.35315
      vertex 5.87942 71.8109 5.30229
    endloop
  endfacet
  facet normal 0.801842 -0.496749 -0.332099
    outer loop
      vertex 9.98702 74.7286 6.37858
      vertex 9.95136 74.7286 6.29248
      vertex 10.0022 74.8303 6.26311
    endloop
  endfacet
  facet normal 0.241005 -0.965375 0.0998378
    outer loop
      vertex 5.79132 71.7521 5.52536
      vertex 5.69305 71.7217 5.46863
      vertex 5.69892 71.7217 5.45446
    endloop
  endfacet
  facet normal 0.893246 -0.256206 -0.369419
    outer loop
      vertex 10.0438 74.8303 6.36338
      vertex 10.0286 74.9438 6.24791
      vertex 10.0731 74.9438 6.35551
    endloop
  endfacet
  facet normal 0.590301 -0.668094 -0.452985
    outer loop
      vertex 5.95136 71.8939 5.26075
      vertex 9.89462 74.7286 6.21854
      vertex 9.95136 74.7286 6.29248
    endloop
  endfacet
  facet normal 0.590301 -0.668094 -0.452985
    outer loop
      vertex 9.89462 74.7286 6.21854
      vertex 5.95136 71.8939 5.26075
      vertex 5.89462 71.8939 5.18681
    endloop
  endfacet
  facet normal 0.588334 -0.256722 0.766784
    outer loop
      vertex 9.86526 74.9438 6.85736
      vertex 9.85005 74.8303 6.83103
      vertex 9.93616 74.8303 6.76496
    endloop
  endfacet
  facet normal 0.860302 -0.497163 -0.112735
    outer loop
      vertex 10.0579 74.8303 6.47098
      vertex 9.98702 74.7286 6.37858
      vertex 10.0438 74.8303 6.36338
    endloop
  endfacet
  facet normal 0.688571 -0.496923 0.528145
    outer loop
      vertex 9.93616 74.8303 6.76496
      vertex 9.89462 74.7286 6.72343
      vertex 10.0022 74.8303 6.67886
    endloop
  endfacet
  facet normal 0.526229 -0.821925 0.217995
    outer loop
      vertex 5.90679 71.8109 5.51016
      vertex 9.87942 74.6455 6.60796
      vertex 5.87942 71.8109 5.57623
    endloop
  endfacet
  facet normal 0.526229 -0.821925 0.217995
    outer loop
      vertex 9.87942 74.6455 6.60796
      vertex 5.90679 71.8109 5.51016
      vertex 9.90679 74.6455 6.54189
    endloop
  endfacet
  facet normal 0.399568 -0.863914 0.306593
    outer loop
      vertex 5.83589 71.8109 5.63296
      vertex 5.76395 71.7521 5.56103
      vertex 5.79132 71.7521 5.52536
    endloop
  endfacet
  facet normal 0.126199 0.256559 -0.958254
    outer loop
      vertex 9.75765 75.0613 6.04004
      vertex 9.744 75.0747 6.04183
      vertex 9.75613 75.0833 6.04573
    endloop
  endfacet
  facet normal -0.499341 -0.86391 -0.0657101
    outer loop
      vertex 5.46997 71.7521 5.43926
      vertex 5.36824 71.8109 5.43926
      vertex 5.37757 71.8109 5.36836
    endloop
  endfacet
  facet normal -0.465297 -0.863912 0.192753
    outer loop
      vertex 5.40494 71.8109 5.57623
      vertex 5.37757 71.8109 5.51016
      vertex 5.49304 71.7521 5.52536
    endloop
  endfacet
  facet normal -0.65583 -0.704349 0.271625
    outer loop
      vertex 5.333 71.8939 5.61776
      vertex 5.29734 71.8939 5.53166
      vertex 5.40494 71.8109 5.57623
    endloop
  endfacet
  facet normal -0.703766 -0.704359 -0.0926929
    outer loop
      vertex 5.36824 71.8109 5.43926
      vertex 5.28517 71.8939 5.43926
      vertex 5.29734 71.8939 5.34686
    endloop
  endfacet
  facet normal -0.655834 -0.704322 0.271684
    outer loop
      vertex 5.40494 71.8109 5.57623
      vertex 5.29734 71.8939 5.53166
      vertex 5.37757 71.8109 5.51016
    endloop
  endfacet
  facet normal -0.7038 -0.704324 0.0926975
    outer loop
      vertex 5.29734 71.8939 5.53166
      vertex 5.28517 71.8939 5.43926
      vertex 5.37757 71.8109 5.51016
    endloop
  endfacet
  facet normal -0.432146 -0.704345 0.563159
    outer loop
      vertex 5.46368 71.8939 5.74844
      vertex 5.44847 71.8109 5.63296
      vertex 5.50521 71.8109 5.6765
    endloop
  endfacet
  facet normal -0.688807 -0.496415 0.528316
    outer loop
      vertex 5.35964 71.9677 5.7218
      vertex 5.33228 71.9483 5.6679
      vertex 5.38974 71.8939 5.6917
    endloop
  endfacet
  facet normal 0.271625 -0.704349 0.65583
    outer loop
      vertex 5.82068 71.8939 5.74844
      vertex 5.73458 71.8939 5.7841
      vertex 5.77915 71.8109 5.6765
    endloop
  endfacet
  facet normal 0.332152 -0.49687 0.801745
    outer loop
      vertex 9.74978 74.8303 6.87256
      vertex 9.73458 74.7286 6.81583
      vertex 9.82068 74.7286 6.78016
    endloop
  endfacet
  facet normal -0.399568 -0.863914 0.306593
    outer loop
      vertex 5.52041 71.7521 5.56103
      vertex 5.44847 71.8109 5.63296
      vertex 5.49304 71.7521 5.52536
    endloop
  endfacet
  facet normal -0.158927 -0.965365 0.206912
    outer loop
      vertex 5.61281 71.7217 5.49013
      vertex 5.55608 71.7521 5.58839
      vertex 5.60065 71.7217 5.48079
    endloop
  endfacet
  facet normal -0.801494 -0.496672 -0.333053
    outer loop
      vertex 5.29734 71.8939 5.34686
      vertex 5.28552 71.9151 5.34369
      vertex 5.29334 71.9207 5.31652
    endloop
  endfacet
  facet normal 0.528797 0.495478 -0.689112
    outer loop
      vertex 9.93616 75.1747 6.17701
      vertex 9.88518 75.1747 6.13789
      vertex 9.91343 75.1948 6.17402
    endloop
  endfacet
  facet normal 0.2878 -0.65902 0.694884
    outer loop
      vertex 9.82068 74.7286 6.78016
      vertex 5.73458 71.8939 5.7841
      vertex 5.82068 71.8939 5.74844
    endloop
  endfacet
  facet normal 0.271684 -0.704322 0.655834
    outer loop
      vertex 5.73458 71.8939 5.7841
      vertex 5.71308 71.8109 5.70387
      vertex 5.77915 71.8109 5.6765
    endloop
  endfacet
  facet normal 0.766751 0.257332 -0.58811
    outer loop
      vertex 10.0286 75.0613 6.24791
      vertex 9.93616 75.1747 6.17701
      vertex 10.0022 75.1747 6.26311
    endloop
  endfacet
  facet normal 0.92409 -0 0.382175
    outer loop
      vertex 10.0286 74.9438 6.69406
      vertex 10.0731 75.0613 6.58646
      vertex 10.0286 75.0613 6.69406
    endloop
  endfacet
  facet normal 0.92409 0 0.382175
    outer loop
      vertex 10.0731 75.0613 6.58646
      vertex 10.0286 74.9438 6.69406
      vertex 10.0731 74.9438 6.58646
    endloop
  endfacet
  facet normal 0.114639 -0.478613 0.87051
    outer loop
      vertex 9.64218 74.8303 6.88673
      vertex 5.74978 71.9957 5.84084
      vertex 9.74978 74.8303 6.87256
    endloop
  endfacet
  facet normal 0.114565 -0.478532 0.870564
    outer loop
      vertex 5.74978 71.9957 5.84084
      vertex 9.64218 74.8303 6.88673
      vertex 5.64218 71.9957 5.855
    endloop
  endfacet
  facet normal -0.12852 -0.17399 0.976325
    outer loop
      vertex 8.43038 74.1438 6.61504
      vertex 5.5593 72.1091 5.8745
      vertex 5.64218 72.1091 5.88541
    endloop
  endfacet
  facet normal -0.588547 -0.257345 0.766412
    outer loop
      vertex 5.43126 72.0184 5.80458
      vertex 5.42019 72.0106 5.79346
      vertex 5.43431 71.9957 5.7993
    endloop
  endfacet
  facet normal -0.369488 -0.257331 0.892894
    outer loop
      vertex 5.48224 72.0545 5.83608
      vertex 5.43126 72.0184 5.80458
      vertex 5.43431 71.9957 5.7993
    endloop
  endfacet
  facet normal 0.130549 0 -0.991442
    outer loop
      vertex 5.75765 72.1091 5.00831
      vertex 5.72507 72.2266 5.00402
      vertex 5.75765 72.2266 5.00831
    endloop
  endfacet
  facet normal 0.13051 0 -0.991447
    outer loop
      vertex 5.64218 72.1679 4.99311
      vertex 5.75765 72.1091 5.00831
      vertex 5.64218 72.1091 4.99311
    endloop
  endfacet
  facet normal 0.130504 -1.27887e-05 -0.991448
    outer loop
      vertex 5.75765 72.1091 5.00831
      vertex 5.64218 72.1679 4.99311
      vertex 5.72507 72.2266 5.00402
    endloop
  endfacet
  facet normal 0.0926177 -0.704362 -0.703773
    outer loop
      vertex 5.71308 71.8109 5.17465
      vertex 5.64218 71.8939 5.08225
      vertex 5.73458 71.8939 5.09441
    endloop
  endfacet
  facet normal -0.306579 -0.863927 -0.39955
    outer loop
      vertex 5.52041 71.7521 5.31749
      vertex 5.44847 71.8109 5.24555
      vertex 5.55608 71.7521 5.29012
    endloop
  endfacet
  facet normal -0.306557 -0.863917 -0.399588
    outer loop
      vertex 5.55608 71.7521 5.29012
      vertex 5.44847 71.8109 5.24555
      vertex 5.50521 71.8109 5.20202
    endloop
  endfacet
  facet normal -0.563221 -0.704327 -0.432094
    outer loop
      vertex 5.40494 71.8109 5.30229
      vertex 5.38974 71.8939 5.18681
      vertex 5.44847 71.8109 5.24555
    endloop
  endfacet
  facet normal -0.688789 -0.496364 -0.528386
    outer loop
      vertex 5.38974 71.8939 5.18681
      vertex 5.33228 71.9483 5.21061
      vertex 5.35964 71.9677 5.15672
    endloop
  endfacet
  facet normal 0.399898 -0.75399 0.521134
    outer loop
      vertex 5.83589 71.8109 5.63296
      vertex 9.77915 74.6455 6.70823
      vertex 5.77915 71.8109 5.6765
    endloop
  endfacet
  facet normal 0.399898 -0.75399 0.521134
    outer loop
      vertex 9.77915 74.6455 6.70823
      vertex 5.83589 71.8109 5.63296
      vertex 9.83589 74.6455 6.66469
    endloop
  endfacet
  facet normal 0.341072 -0.706855 0.619698
    outer loop
      vertex 9.82068 74.7286 6.78016
      vertex 5.77915 71.8109 5.6765
      vertex 9.77915 74.6455 6.70823
    endloop
  endfacet
  facet normal -0.0340326 -0.965372 -0.258648
    outer loop
      vertex 5.62698 71.7217 5.38252
      vertex 5.59761 71.7521 5.27292
      vertex 5.64218 71.7217 5.38052
    endloop
  endfacet
  facet normal 0.399548 -0.863897 -0.306664
    outer loop
      vertex 5.79132 71.7521 5.35315
      vertex 5.76395 71.7521 5.31749
      vertex 5.87942 71.8109 5.30229
    endloop
  endfacet
  facet normal 0.499341 -0.86391 -0.0657101
    outer loop
      vertex 5.91612 71.8109 5.43926
      vertex 5.81439 71.7521 5.43926
      vertex 5.90679 71.8109 5.36836
    endloop
  endfacet
  facet normal 0.563221 -0.704327 -0.432094
    outer loop
      vertex 5.87942 71.8109 5.30229
      vertex 5.83589 71.8109 5.24555
      vertex 5.89462 71.8939 5.18681
    endloop
  endfacet
  facet normal 0.399577 -0.863924 -0.306549
    outer loop
      vertex 5.87942 71.8109 5.30229
      vertex 5.76395 71.7521 5.31749
      vertex 5.83589 71.8109 5.24555
    endloop
  endfacet
  facet normal 0.563134 -0.704371 -0.432137
    outer loop
      vertex 5.95136 71.8939 5.26075
      vertex 5.87942 71.8109 5.30229
      vertex 5.89462 71.8939 5.18681
    endloop
  endfacet
  facet normal 0.958449 -0.256131 0.125584
    outer loop
      vertex 10.0731 74.9438 6.58646
      vertex 10.0438 74.8303 6.57859
      vertex 10.0579 74.8303 6.47098
    endloop
  endfacet
  facet normal 0.802315 0.496195 -0.331784
    outer loop
      vertex 10.0022 75.1747 6.26311
      vertex 9.9716 75.236 6.28079
      vertex 9.99102 75.2497 6.34824
    endloop
  endfacet
  facet normal 0.801458 0.496802 -0.332947
    outer loop
      vertex 10.0438 75.1747 6.36338
      vertex 9.99102 75.2497 6.34824
      vertex 9.99884 75.2553 6.37542
    endloop
  endfacet
  facet normal 0.801539 0.496941 -0.332543
    outer loop
      vertex 9.99102 75.2497 6.34824
      vertex 10.0438 75.1747 6.36338
      vertex 10.0022 75.1747 6.26311
    endloop
  endfacet
  facet normal 0.991447 0 -0.13051
    outer loop
      vertex 10.0883 74.9438 6.47098
      vertex 10.0731 75.0613 6.35551
      vertex 10.0883 75.0613 6.47098
    endloop
  endfacet
  facet normal 0.991447 0 -0.13051
    outer loop
      vertex 10.0731 75.0613 6.35551
      vertex 10.0883 74.9438 6.47098
      vertex 10.0731 74.9438 6.35551
    endloop
  endfacet
  facet normal 0.382658 0 -0.92389
    outer loop
      vertex 9.75765 74.9438 6.04004
      vertex 9.86526 75.0613 6.08461
      vertex 9.86526 74.9438 6.08461
    endloop
  endfacet
  facet normal 0.382658 0 -0.92389
    outer loop
      vertex 9.86526 75.0613 6.08461
      vertex 9.75765 74.9438 6.04004
      vertex 9.75765 75.0613 6.04004
    endloop
  endfacet
  facet normal 0.588357 -0.256699 -0.766773
    outer loop
      vertex 9.93616 74.8303 6.17701
      vertex 9.86526 74.9438 6.08461
      vertex 9.95766 74.9438 6.15551
    endloop
  endfacet
  facet normal 0.656221 -0.703921 0.271787
    outer loop
      vertex 9.95136 74.7286 6.64949
      vertex 9.87942 74.6455 6.60796
      vertex 9.98702 74.7286 6.56339
    endloop
  endfacet
  facet normal 0.465284 -0.863921 -0.192748
    outer loop
      vertex 5.90679 71.8109 5.36836
      vertex 5.80852 71.7521 5.39469
      vertex 5.87942 71.8109 5.30229
    endloop
  endfacet
  facet normal 0.563789 -0.822581 0.0741806
    outer loop
      vertex 5.90679 71.8109 5.51016
      vertex 9.91612 74.6455 6.47098
      vertex 9.90679 74.6455 6.54189
    endloop
  endfacet
  facet normal 0.563786 -0.822582 0.0741908
    outer loop
      vertex 9.91612 74.6455 6.47098
      vertex 5.90679 71.8109 5.51016
      vertex 5.91612 71.8109 5.43926
    endloop
  endfacet
  facet normal 0.332219 -0.496564 -0.801907
    outer loop
      vertex 5.82068 71.8939 5.13008
      vertex 5.73458 71.8939 5.09441
      vertex 5.85005 71.9957 5.07921
    endloop
  endfacet
  facet normal -0.0657078 -0.863921 -0.499323
    outer loop
      vertex 5.59761 71.7521 5.27292
      vertex 5.57128 71.8109 5.17465
      vertex 5.64218 71.8109 5.16532
    endloop
  endfacet
  facet normal 0.126131 -0.256867 -0.958181
    outer loop
      vertex 5.75765 72.1091 5.00831
      vertex 5.64218 71.9957 5.02351
      vertex 5.64218 72.1091 4.99311
    endloop
  endfacet
  facet normal -0.499311 -0.863924 -0.0657607
    outer loop
      vertex 5.46997 71.7521 5.43926
      vertex 5.37757 71.8109 5.36836
      vertex 5.47584 71.7521 5.39469
    endloop
  endfacet
  facet normal -0.465284 -0.863921 -0.192748
    outer loop
      vertex 5.47584 71.7521 5.39469
      vertex 5.37757 71.8109 5.36836
      vertex 5.40494 71.8109 5.30229
    endloop
  endfacet
  facet normal -0.499339 -0.863907 0.0657644
    outer loop
      vertex 5.47584 71.7521 5.48383
      vertex 5.36824 71.8109 5.43926
      vertex 5.46997 71.7521 5.43926
    endloop
  endfacet
  facet normal -0.241005 -0.965375 0.0998378
    outer loop
      vertex 5.59131 71.7217 5.46863
      vertex 5.49304 71.7521 5.52536
      vertex 5.58544 71.7217 5.45446
    endloop
  endfacet
  facet normal -0.860416 -0.496832 -0.113325
    outer loop
      vertex 5.28517 71.8939 5.43926
      vertex 5.28354 71.9137 5.36483
      vertex 5.29734 71.8939 5.34686
    endloop
  endfacet
  facet normal -0.861037 -0.495819 -0.113042
    outer loop
      vertex 5.28354 71.9137 5.36483
      vertex 5.28517 71.8939 5.43926
      vertex 5.27659 71.9088 5.43926
    endloop
  endfacet
  facet normal -0.860476 -0.49668 0.11354
    outer loop
      vertex 5.28552 71.9151 5.53482
      vertex 5.28354 71.9137 5.51369
      vertex 5.29734 71.8939 5.53166
    endloop
  endfacet
  facet normal -0.306587 -0.863931 0.399535
    outer loop
      vertex 5.50521 71.8109 5.6765
      vertex 5.44847 71.8109 5.63296
      vertex 5.55608 71.7521 5.58839
    endloop
  endfacet
  facet normal -0.332153 -0.4965 0.801974
    outer loop
      vertex 5.54978 71.8939 5.7841
      vertex 5.43431 71.9957 5.7993
      vertex 5.46368 71.8939 5.74844
    endloop
  endfacet
  facet normal -0.11335 -0.496497 0.860606
    outer loop
      vertex 5.64218 71.9957 5.855
      vertex 5.54978 71.8939 5.7841
      vertex 5.64218 71.8939 5.79627
    endloop
  endfacet
  facet normal -0.0657101 -0.86391 0.499341
    outer loop
      vertex 5.64218 71.8109 5.7132
      vertex 5.57128 71.8109 5.70387
      vertex 5.64218 71.7521 5.61147
    endloop
  endfacet
  facet normal 0.37013 0.2565 -0.892867
    outer loop
      vertex 9.75765 75.0613 6.04004
      vertex 9.75613 75.0833 6.04573
      vertex 9.80212 75.1159 6.07416
    endloop
  endfacet
  facet normal 0.332068 -0.496928 0.801744
    outer loop
      vertex 9.85005 74.8303 6.83103
      vertex 9.74978 74.8303 6.87256
      vertex 9.82068 74.7286 6.78016
    endloop
  endfacet
  facet normal 0.131712 -0.497849 0.857204
    outer loop
      vertex 9.74978 74.8303 6.87256
      vertex 5.73458 71.8939 5.7841
      vertex 9.73458 74.7286 6.81583
    endloop
  endfacet
  facet normal 0.287852 -0.659071 0.694814
    outer loop
      vertex 9.73458 74.7286 6.81583
      vertex 5.73458 71.8939 5.7841
      vertex 9.82068 74.7286 6.78016
    endloop
  endfacet
  facet normal 0.689111 0.495734 0.528558
    outer loop
      vertex 10.0022 75.1747 6.67886
      vertex 9.92472 75.2028 6.75352
      vertex 9.93616 75.1747 6.76496
    endloop
  endfacet
  facet normal 0.688788 0.497075 0.527719
    outer loop
      vertex 9.92472 75.2028 6.75352
      vertex 10.0022 75.1747 6.67886
      vertex 9.95208 75.2221 6.69963
    endloop
  endfacet
  facet normal -0.126093 -0.256947 0.958164
    outer loop
      vertex 5.64218 72.1091 5.88541
      vertex 5.53458 71.9957 5.84084
      vertex 5.64218 71.9957 5.855
    endloop
  endfacet
  facet normal -0.0654392 -0.258459 0.963803
    outer loop
      vertex 5.64218 72.1091 5.88541
      vertex 5.64218 71.9957 5.855
      vertex 9.64218 74.8303 6.88673
    endloop
  endfacet
  facet normal -0.128519 -0.173997 0.976324
    outer loop
      vertex 8.43038 74.1438 6.61504
      vertex 9.64218 74.9438 6.91713
      vertex 9.5593 74.9438 6.90622
    endloop
  endfacet
  facet normal -0.128571 -0.173921 0.97633
    outer loop
      vertex 9.64218 74.9438 6.91713
      vertex 8.43038 74.1438 6.61504
      vertex 5.64218 72.1091 5.88541
    endloop
  endfacet
  facet normal -0.13051 0 0.991447
    outer loop
      vertex 9.64218 75.0025 6.91713
      vertex 9.5593 74.9438 6.90622
      vertex 9.64218 74.9438 6.91713
    endloop
  endfacet
  facet normal -0.20686 -0.965383 -0.158888
    outer loop
      vertex 5.59131 71.7217 5.40989
      vertex 5.52041 71.7521 5.31749
      vertex 5.60065 71.7217 5.39773
    endloop
  endfacet
  facet normal -0.399548 -0.863897 -0.306664
    outer loop
      vertex 5.49304 71.7521 5.35315
      vertex 5.40494 71.8109 5.30229
      vertex 5.52041 71.7521 5.31749
    endloop
  endfacet
  facet normal -0.192748 -0.863921 -0.465284
    outer loop
      vertex 5.59761 71.7521 5.27292
      vertex 5.50521 71.8109 5.20202
      vertex 5.57128 71.8109 5.17465
    endloop
  endfacet
  facet normal -0.192715 -0.86391 -0.465318
    outer loop
      vertex 5.55608 71.7521 5.29012
      vertex 5.50521 71.8109 5.20202
      vertex 5.59761 71.7521 5.27292
    endloop
  endfacet
  facet normal -0.802099 -0.496539 -0.331792
    outer loop
      vertex 5.333 71.8939 5.26075
      vertex 5.29334 71.9207 5.31652
      vertex 5.31276 71.9344 5.24907
    endloop
  endfacet
  facet normal -0.80231 -0.495889 -0.332254
    outer loop
      vertex 5.29334 71.9207 5.31652
      vertex 5.333 71.8939 5.26075
      vertex 5.29734 71.8939 5.34686
    endloop
  endfacet
  facet normal -0.655827 -0.704364 -0.271592
    outer loop
      vertex 5.40494 71.8109 5.30229
      vertex 5.29734 71.8939 5.34686
      vertex 5.333 71.8939 5.26075
    endloop
  endfacet
  facet normal 0.465297 -0.863923 0.192707
    outer loop
      vertex 5.90679 71.8109 5.51016
      vertex 5.79132 71.7521 5.52536
      vertex 5.80852 71.7521 5.48383
    endloop
  endfacet
  facet normal 0.0340608 -0.965379 0.258618
    outer loop
      vertex 5.68675 71.7521 5.6056
      vertex 5.64218 71.7521 5.61147
      vertex 5.65738 71.7217 5.49599
    endloop
  endfacet
  facet normal -0.0998378 -0.965375 -0.241005
    outer loop
      vertex 5.61281 71.7217 5.38839
      vertex 5.55608 71.7521 5.29012
      vertex 5.62698 71.7217 5.38252
    endloop
  endfacet
  facet normal 0.192715 -0.86391 -0.465318
    outer loop
      vertex 5.72828 71.7521 5.29012
      vertex 5.68675 71.7521 5.27292
      vertex 5.77915 71.8109 5.20202
    endloop
  endfacet
  facet normal 0.306579 -0.863927 -0.39955
    outer loop
      vertex 5.76395 71.7521 5.31749
      vertex 5.72828 71.7521 5.29012
      vertex 5.83589 71.8109 5.24555
    endloop
  endfacet
  facet normal 0.241019 -0.965376 -0.0997962
    outer loop
      vertex 5.80852 71.7521 5.39469
      vertex 5.69305 71.7217 5.40989
      vertex 5.79132 71.7521 5.35315
    endloop
  endfacet
  facet normal 0.958236 -0.256655 -0.126138
    outer loop
      vertex 10.0883 74.9438 6.47098
      vertex 10.0579 74.8303 6.47098
      vertex 10.0731 74.9438 6.35551
    endloop
  endfacet
  facet normal 0.92409 0 -0.382175
    outer loop
      vertex 10.0731 74.9438 6.35551
      vertex 10.0286 75.0613 6.24791
      vertex 10.0731 75.0613 6.35551
    endloop
  endfacet
  facet normal 0.92409 0 -0.382175
    outer loop
      vertex 10.0286 75.0613 6.24791
      vertex 10.0731 74.9438 6.35551
      vertex 10.0286 74.9438 6.24791
    endloop
  endfacet
  facet normal 0.892534 0.25742 -0.370294
    outer loop
      vertex 10.0286 75.0613 6.24791
      vertex 10.0022 75.1747 6.26311
      vertex 10.0438 75.1747 6.36338
    endloop
  endfacet
  facet normal 0.529004 0.495767 -0.688745
    outer loop
      vertex 9.93616 75.1747 6.17701
      vertex 9.91343 75.1948 6.17402
      vertex 9.92472 75.2028 6.18845
    endloop
  endfacet
  facet normal 0.369835 -0.256705 0.89293
    outer loop
      vertex 9.75765 74.9438 6.90193
      vertex 9.74978 74.8303 6.87256
      vertex 9.85005 74.8303 6.83103
    endloop
  endfacet
  facet normal 0.860304 -0.497163 0.112724
    outer loop
      vertex 10.0438 74.8303 6.57859
      vertex 9.98702 74.7286 6.56339
      vertex 10.0579 74.8303 6.47098
    endloop
  endfacet
  facet normal 0.86047 -0.496737 -0.113332
    outer loop
      vertex 9.99919 74.7286 6.47098
      vertex 9.98702 74.7286 6.37858
      vertex 10.0579 74.8303 6.47098
    endloop
  endfacet
  facet normal 0.766567 0.256919 -0.588531
    outer loop
      vertex 9.95766 75.0613 6.15551
      vertex 9.93616 75.1747 6.17701
      vertex 10.0286 75.0613 6.24791
    endloop
  endfacet
  facet normal 0.793192 0 -0.608972
    outer loop
      vertex 10.0286 74.9438 6.24791
      vertex 9.95766 75.0613 6.15551
      vertex 10.0286 75.0613 6.24791
    endloop
  endfacet
  facet normal 0.793192 0 -0.608972
    outer loop
      vertex 9.95766 75.0613 6.15551
      vertex 10.0286 74.9438 6.24791
      vertex 9.95766 74.9438 6.15551
    endloop
  endfacet
  facet normal 0.408572 -0.257863 -0.875543
    outer loop
      vertex 9.85005 74.8303 6.11094
      vertex 5.86526 72.1091 5.05288
      vertex 9.86526 74.9438 6.08461
    endloop
  endfacet
  facet normal 0.528801 -0.495358 -0.689195
    outer loop
      vertex 5.93616 71.9957 5.14528
      vertex 9.85005 74.8303 6.11094
      vertex 9.93616 74.8303 6.17701
    endloop
  endfacet
  facet normal 0.528801 -0.495358 -0.689195
    outer loop
      vertex 9.85005 74.8303 6.11094
      vertex 5.93616 71.9957 5.14528
      vertex 5.85005 71.9957 5.07921
    endloop
  endfacet
  facet normal 0.688518 -0.496775 -0.528354
    outer loop
      vertex 9.95136 74.7286 6.29248
      vertex 9.89462 74.7286 6.21854
      vertex 10.0022 74.8303 6.26311
    endloop
  endfacet
  facet normal 0.656225 -0.703895 -0.271846
    outer loop
      vertex 9.90679 74.6455 6.40008
      vertex 9.87942 74.6455 6.33401
      vertex 9.98702 74.7286 6.37858
    endloop
  endfacet
  facet normal 0.688571 -0.496923 -0.528145
    outer loop
      vertex 10.0022 74.8303 6.26311
      vertex 9.89462 74.7286 6.21854
      vertex 9.93616 74.8303 6.17701
    endloop
  endfacet
  facet normal 0.766796 -0.257121 -0.588144
    outer loop
      vertex 10.0022 74.8303 6.26311
      vertex 9.93616 74.8303 6.17701
      vertex 10.0286 74.9438 6.24791
    endloop
  endfacet
  facet normal 0.688518 -0.496775 0.528354
    outer loop
      vertex 10.0022 74.8303 6.67886
      vertex 9.89462 74.7286 6.72343
      vertex 9.95136 74.7286 6.64949
    endloop
  endfacet
  facet normal 0.432367 -0.70391 0.563533
    outer loop
      vertex 9.89462 74.7286 6.72343
      vertex 9.82068 74.7286 6.78016
      vertex 9.83589 74.6455 6.66469
    endloop
  endfacet
  facet normal 0.5635 -0.703906 0.432418
    outer loop
      vertex 9.89462 74.7286 6.72343
      vertex 9.83589 74.6455 6.66469
      vertex 9.95136 74.7286 6.64949
    endloop
  endfacet
  facet normal 0.563505 -0.703919 0.432388
    outer loop
      vertex 9.95136 74.7286 6.64949
      vertex 9.83589 74.6455 6.66469
      vertex 9.87942 74.6455 6.60796
    endloop
  endfacet
  facet normal 0.704222 -0.703896 0.0927431
    outer loop
      vertex 9.98702 74.7286 6.56339
      vertex 9.90679 74.6455 6.54189
      vertex 9.99919 74.7286 6.47098
    endloop
  endfacet
  facet normal 0.656225 -0.703895 0.271846
    outer loop
      vertex 9.98702 74.7286 6.56339
      vertex 9.87942 74.6455 6.60796
      vertex 9.90679 74.6455 6.54189
    endloop
  endfacet
  facet normal 0.528369 -0.496564 -0.688658
    outer loop
      vertex 5.89462 71.8939 5.18681
      vertex 5.82068 71.8939 5.13008
      vertex 5.85005 71.9957 5.07921
    endloop
  endfacet
  facet normal 0.432109 -0.704337 -0.563197
    outer loop
      vertex 5.83589 71.8109 5.24555
      vertex 5.82068 71.8939 5.13008
      vertex 5.89462 71.8939 5.18681
    endloop
  endfacet
  facet normal 0.0657078 -0.863921 -0.499323
    outer loop
      vertex 5.68675 71.7521 5.27292
      vertex 5.64218 71.8109 5.16532
      vertex 5.71308 71.8109 5.17465
    endloop
  endfacet
  facet normal -0.0657644 -0.863907 -0.499339
    outer loop
      vertex 5.64218 71.7521 5.26705
      vertex 5.59761 71.7521 5.27292
      vertex 5.64218 71.8109 5.16532
    endloop
  endfacet
  facet normal -0.528369 -0.496564 -0.688658
    outer loop
      vertex 5.46368 71.8939 5.13008
      vertex 5.38974 71.8939 5.18681
      vertex 5.43431 71.9957 5.07921
    endloop
  endfacet
  facet normal -0.126183 -0.256875 -0.958172
    outer loop
      vertex 5.53458 71.9957 5.03768
      vertex 5.54036 72.0957 5.01011
      vertex 5.64218 71.9957 5.02351
    endloop
  endfacet
  facet normal -0.125941 -0.256896 -0.958198
    outer loop
      vertex 5.54036 72.0957 5.01011
      vertex 5.53458 71.9957 5.03768
      vertex 5.52823 72.0871 5.01401
    endloop
  endfacet
  facet normal 0.126143 0.256505 -0.958276
    outer loop
      vertex 9.75765 75.0613 6.04004
      vertex 9.72506 75.0613 6.03575
      vertex 9.744 75.0747 6.04183
    endloop
  endfacet
  facet normal 0.128519 0.173992 -0.976325
    outer loop
      vertex 9.75765 75.0613 6.04004
      vertex 8.59625 74.2613 5.74459
      vertex 9.72506 75.0613 6.03575
    endloop
  endfacet
  facet normal -0.861037 -0.495819 0.113042
    outer loop
      vertex 5.28517 71.8939 5.43926
      vertex 5.28354 71.9137 5.51369
      vertex 5.27659 71.9088 5.43926
    endloop
  endfacet
  facet normal -0.860416 -0.496832 0.113325
    outer loop
      vertex 5.28354 71.9137 5.51369
      vertex 5.28517 71.8939 5.43926
      vertex 5.29734 71.8939 5.53166
    endloop
  endfacet
  facet normal -0.802282 -0.495915 0.332281
    outer loop
      vertex 5.333 71.8939 5.61776
      vertex 5.29334 71.9207 5.562
      vertex 5.29734 71.8939 5.53166
    endloop
  endfacet
  facet normal -0.80206 -0.496601 0.331793
    outer loop
      vertex 5.29334 71.9207 5.562
      vertex 5.333 71.8939 5.61776
      vertex 5.31276 71.9344 5.62945
    endloop
  endfacet
  facet normal -0.801609 -0.496562 0.332941
    outer loop
      vertex 5.29334 71.9207 5.562
      vertex 5.28552 71.9151 5.53482
      vertex 5.29734 71.8939 5.53166
    endloop
  endfacet
  facet normal -0.271684 -0.704322 0.655834
    outer loop
      vertex 5.54978 71.8939 5.7841
      vertex 5.50521 71.8109 5.6765
      vertex 5.57128 71.8109 5.70387
    endloop
  endfacet
  facet normal -0.271625 -0.704349 0.65583
    outer loop
      vertex 5.54978 71.8939 5.7841
      vertex 5.46368 71.8939 5.74844
      vertex 5.50521 71.8109 5.6765
    endloop
  endfacet
  facet normal 0.399565 -0.863914 0.306594
    outer loop
      vertex 5.83589 71.8109 5.63296
      vertex 5.79132 71.7521 5.52536
      vertex 5.87942 71.8109 5.57623
    endloop
  endfacet
  facet normal 0.0657644 -0.863907 0.499339
    outer loop
      vertex 5.64218 71.8109 5.7132
      vertex 5.64218 71.7521 5.61147
      vertex 5.68675 71.7521 5.6056
    endloop
  endfacet
  facet normal -0.25864 -0.965373 0.0340636
    outer loop
      vertex 5.47584 71.7521 5.48383
      vertex 5.46997 71.7521 5.43926
      vertex 5.58544 71.7217 5.45446
    endloop
  endfacet
  facet normal -0.206935 -0.965376 -0.158828
    outer loop
      vertex 5.59131 71.7217 5.40989
      vertex 5.49304 71.7521 5.35315
      vertex 5.52041 71.7521 5.31749
    endloop
  endfacet
  facet normal -0.369878 -0.256976 -0.892835
    outer loop
      vertex 5.43431 71.9957 5.07921
      vertex 5.43126 72.0184 5.07394
      vertex 5.48224 72.0545 5.04243
    endloop
  endfacet
  facet normal 0.528254 -0.496931 0.688482
    outer loop
      vertex 9.85005 74.8303 6.83103
      vertex 9.82068 74.7286 6.78016
      vertex 9.93616 74.8303 6.76496
    endloop
  endfacet
  facet normal 0.801842 -0.496749 0.332099
    outer loop
      vertex 10.0022 74.8303 6.67886
      vertex 9.95136 74.7286 6.64949
      vertex 9.98702 74.7286 6.56339
    endloop
  endfacet
  facet normal 0.0926178 -0.704319 0.703816
    outer loop
      vertex 5.73458 71.8939 5.7841
      vertex 5.64218 71.8109 5.7132
      vertex 5.71308 71.8109 5.70387
    endloop
  endfacet
  facet normal 0.0926929 -0.704359 0.703766
    outer loop
      vertex 5.64218 71.8939 5.79627
      vertex 5.64218 71.8109 5.7132
      vertex 5.73458 71.8939 5.7841
    endloop
  endfacet
  facet normal -0.158888 -0.965383 -0.20686
    outer loop
      vertex 5.60065 71.7217 5.39773
      vertex 5.52041 71.7521 5.31749
      vertex 5.61281 71.7217 5.38839
    endloop
  endfacet
  facet normal -0.158806 -0.965374 -0.206964
    outer loop
      vertex 5.61281 71.7217 5.38839
      vertex 5.52041 71.7521 5.31749
      vertex 5.55608 71.7521 5.29012
    endloop
  endfacet
  facet normal 0.0657644 -0.863907 -0.499339
    outer loop
      vertex 5.68675 71.7521 5.27292
      vertex 5.64218 71.7521 5.26705
      vertex 5.64218 71.8109 5.16532
    endloop
  endfacet
  facet normal 0.0340631 -0.965374 -0.258636
    outer loop
      vertex 5.68675 71.7521 5.27292
      vertex 5.64218 71.7217 5.38052
      vertex 5.64218 71.7521 5.26705
    endloop
  endfacet
  facet normal 0.20686 -0.965383 -0.158888
    outer loop
      vertex 5.69305 71.7217 5.40989
      vertex 5.68371 71.7217 5.39773
      vertex 5.76395 71.7521 5.31749
    endloop
  endfacet
  facet normal 0.0998199 -0.965374 -0.241019
    outer loop
      vertex 5.72828 71.7521 5.29012
      vertex 5.65738 71.7217 5.38252
      vertex 5.68675 71.7521 5.27292
    endloop
  endfacet
  facet normal 0.601918 -0.75863 -0.249349
    outer loop
      vertex 5.90679 71.8109 5.36836
      vertex 5.87942 71.8109 5.30229
      vertex 9.90679 74.6455 6.40008
    endloop
  endfacet
  facet normal 0.589693 -0.803891 -0.0775999
    outer loop
      vertex 5.91612 71.8109 5.43926
      vertex 5.90679 71.8109 5.36836
      vertex 9.90679 74.6455 6.40008
    endloop
  endfacet
  facet normal 0.688788 0.497075 -0.527719
    outer loop
      vertex 10.0022 75.1747 6.26311
      vertex 9.92472 75.2028 6.18845
      vertex 9.95208 75.2221 6.24234
    endloop
  endfacet
  facet normal 0.689111 0.495734 -0.528558
    outer loop
      vertex 9.92472 75.2028 6.18845
      vertex 10.0022 75.1747 6.26311
      vertex 9.93616 75.1747 6.17701
    endloop
  endfacet
  facet normal 0.688482 0.496228 -0.528914
    outer loop
      vertex 10.0022 75.1747 6.26311
      vertex 9.95208 75.2221 6.24234
      vertex 9.9716 75.236 6.28079
    endloop
  endfacet
  facet normal 0.893194 0.256417 -0.369397
    outer loop
      vertex 10.0731 75.0613 6.35551
      vertex 10.0286 75.0613 6.24791
      vertex 10.0438 75.1747 6.36338
    endloop
  endfacet
  facet normal 0.958394 0.256342 0.125577
    outer loop
      vertex 10.0579 75.1747 6.47098
      vertex 10.0438 75.1747 6.57859
      vertex 10.0731 75.0613 6.58646
    endloop
  endfacet
  facet normal 0.958448 -0.256132 -0.125596
    outer loop
      vertex 10.0579 74.8303 6.47098
      vertex 10.0438 74.8303 6.36338
      vertex 10.0731 74.9438 6.35551
    endloop
  endfacet
  facet normal 0.958238 -0.256656 0.126128
    outer loop
      vertex 10.0731 74.9438 6.58646
      vertex 10.0579 74.8303 6.47098
      vertex 10.0883 74.9438 6.47098
    endloop
  endfacet
  facet normal 0.588323 0.25691 -0.766729
    outer loop
      vertex 9.95766 75.0613 6.15551
      vertex 9.86526 75.0613 6.08461
      vertex 9.93616 75.1747 6.17701
    endloop
  endfacet
  facet normal -0.369674 -0.256927 -0.892933
    outer loop
      vertex 5.53458 71.9957 5.03768
      vertex 5.48224 72.0545 5.04243
      vertex 5.52823 72.0871 5.01401
    endloop
  endfacet
  facet normal -0.369801 -0.257047 -0.892846
    outer loop
      vertex 5.48224 72.0545 5.04243
      vertex 5.53458 71.9957 5.03768
      vertex 5.43431 71.9957 5.07921
    endloop
  endfacet
  facet normal 0.408688 -0.258078 -0.875425
    outer loop
      vertex 9.85005 74.8303 6.11094
      vertex 5.85005 71.9957 5.07921
      vertex 5.86526 72.1091 5.05288
    endloop
  endfacet
  facet normal 0.601918 -0.75863 -0.249349
    outer loop
      vertex 9.90679 74.6455 6.40008
      vertex 5.87942 71.8109 5.30229
      vertex 9.87942 74.6455 6.33401
    endloop
  endfacet
  facet normal 0.656221 -0.703921 -0.271787
    outer loop
      vertex 9.98702 74.7286 6.37858
      vertex 9.87942 74.6455 6.33401
      vertex 9.95136 74.7286 6.29248
    endloop
  endfacet
  facet normal 0.801433 -0.497142 -0.332498
    outer loop
      vertex 10.0438 74.8303 6.36338
      vertex 9.98702 74.7286 6.37858
      vertex 10.0022 74.8303 6.26311
    endloop
  endfacet
  facet normal 0.892586 -0.257208 -0.370316
    outer loop
      vertex 10.0438 74.8303 6.36338
      vertex 10.0022 74.8303 6.26311
      vertex 10.0286 74.9438 6.24791
    endloop
  endfacet
  facet normal 0.598232 -0.706687 -0.377772
    outer loop
      vertex 9.87942 74.6455 6.33401
      vertex 5.87942 71.8109 5.30229
      vertex 9.95136 74.7286 6.29248
    endloop
  endfacet
  facet normal 0.59832 -0.707153 -0.376759
    outer loop
      vertex 9.95136 74.7286 6.29248
      vertex 5.87942 71.8109 5.30229
      vertex 5.95136 71.8939 5.26075
    endloop
  endfacet
  facet normal 0.589693 -0.803891 -0.0775999
    outer loop
      vertex 9.91612 74.6455 6.47098
      vertex 5.91612 71.8109 5.43926
      vertex 9.90679 74.6455 6.40008
    endloop
  endfacet
  facet normal 0.704192 -0.703938 0.0926542
    outer loop
      vertex 9.99919 74.7286 6.47098
      vertex 9.90679 74.6455 6.54189
      vertex 9.91612 74.6455 6.47098
    endloop
  endfacet
  facet normal -0.33216 -0.496507 -0.801967
    outer loop
      vertex 5.54978 71.8939 5.09441
      vertex 5.43431 71.9957 5.07921
      vertex 5.53458 71.9957 5.03768
    endloop
  endfacet
  facet normal -0.0926177 -0.704362 -0.703773
    outer loop
      vertex 5.57128 71.8109 5.17465
      vertex 5.54978 71.8939 5.09441
      vertex 5.64218 71.8939 5.08225
    endloop
  endfacet
  facet normal 0.113334 -0.496509 -0.860601
    outer loop
      vertex 5.73458 71.8939 5.09441
      vertex 5.64218 71.9957 5.02351
      vertex 5.74978 71.9957 5.03768
    endloop
  endfacet
  facet normal 0.126182 -0.256916 -0.958161
    outer loop
      vertex 5.74978 71.9957 5.03768
      vertex 5.64218 71.9957 5.02351
      vertex 5.75765 72.1091 5.00831
    endloop
  endfacet
  facet normal 0.306532 -0.863904 0.399634
    outer loop
      vertex 5.83589 71.8109 5.63296
      vertex 5.72828 71.7521 5.58839
      vertex 5.76395 71.7521 5.56103
    endloop
  endfacet
  facet normal 0.306587 -0.863931 0.399535
    outer loop
      vertex 5.77915 71.8109 5.6765
      vertex 5.72828 71.7521 5.58839
      vertex 5.83589 71.8109 5.63296
    endloop
  endfacet
  facet normal 0.206898 -0.96537 0.158917
    outer loop
      vertex 5.79132 71.7521 5.52536
      vertex 5.68371 71.7217 5.48079
      vertex 5.69305 71.7217 5.46863
    endloop
  endfacet
  facet normal -0.258636 -0.965375 -0.034031
    outer loop
      vertex 5.58344 71.7217 5.43926
      vertex 5.46997 71.7521 5.43926
      vertex 5.58544 71.7217 5.42406
    endloop
  endfacet
  facet normal -0.25864 -0.965373 -0.0340636
    outer loop
      vertex 5.58544 71.7217 5.42406
      vertex 5.46997 71.7521 5.43926
      vertex 5.47584 71.7521 5.39469
    endloop
  endfacet
  facet normal 0.801433 -0.497142 0.332498
    outer loop
      vertex 10.0022 74.8303 6.67886
      vertex 9.98702 74.7286 6.56339
      vertex 10.0438 74.8303 6.57859
    endloop
  endfacet
  facet normal 0.892841 -0.256171 0.370422
    outer loop
      vertex 10.0731 74.9438 6.58646
      vertex 10.0022 74.8303 6.67886
      vertex 10.0438 74.8303 6.57859
    endloop
  endfacet
  facet normal 0.860723 0.496228 -0.113633
    outer loop
      vertex 10.0579 75.1747 6.47098
      vertex 10.0008 75.2567 6.39656
      vertex 10.0078 75.2616 6.47098
    endloop
  endfacet
  facet normal 0.13051 0 0.991447
    outer loop
      vertex 9.72506 75.0613 6.90622
      vertex 9.75765 74.9438 6.90193
      vertex 9.75765 75.0613 6.90193
    endloop
  endfacet
  facet normal 0.13051 1.44616e-07 0.991447
    outer loop
      vertex 9.64218 75.0025 6.91713
      vertex 9.75765 74.9438 6.90193
      vertex 9.72506 75.0613 6.90622
    endloop
  endfacet
  facet normal 0.13051 0 0.991447
    outer loop
      vertex 9.75765 74.9438 6.90193
      vertex 9.64218 75.0025 6.91713
      vertex 9.64218 74.9438 6.91713
    endloop
  endfacet
  facet normal 0.0657078 -0.863921 0.499323
    outer loop
      vertex 5.71308 71.8109 5.70387
      vertex 5.64218 71.8109 5.7132
      vertex 5.68675 71.7521 5.6056
    endloop
  endfacet
  facet normal -0.0657607 -0.863924 0.499311
    outer loop
      vertex 5.64218 71.7521 5.61147
      vertex 5.57128 71.8109 5.70387
      vertex 5.59761 71.7521 5.6056
    endloop
  endfacet
  facet normal 0.0926119 -0.704365 -0.703771
    outer loop
      vertex 5.71308 71.8109 5.17465
      vertex 5.64218 71.8109 5.16532
      vertex 5.64218 71.8939 5.08225
    endloop
  endfacet
  facet normal -0.0926119 -0.704365 -0.703771
    outer loop
      vertex 5.64218 71.8109 5.16532
      vertex 5.57128 71.8109 5.17465
      vertex 5.64218 71.8939 5.08225
    endloop
  endfacet
  facet normal 0.158888 -0.965383 -0.20686
    outer loop
      vertex 5.68371 71.7217 5.39773
      vertex 5.67155 71.7217 5.38839
      vertex 5.76395 71.7521 5.31749
    endloop
  endfacet
  facet normal 0.704191 -0.703937 -0.0926672
    outer loop
      vertex 9.91612 74.6455 6.47098
      vertex 9.90679 74.6455 6.40008
      vertex 9.99919 74.7286 6.47098
    endloop
  endfacet
  facet normal 0.704221 -0.703897 -0.0927529
    outer loop
      vertex 9.99919 74.7286 6.47098
      vertex 9.90679 74.6455 6.40008
      vertex 9.98702 74.7286 6.37858
    endloop
  endfacet
  facet normal 0.374958 -0.1996 -0.905299
    outer loop
      vertex 5.86526 72.1091 5.05288
      vertex 5.75765 72.1091 5.00831
      vertex 9.75765 74.9438 6.04004
    endloop
  endfacet
  facet normal 0.374958 -0.1996 -0.905299
    outer loop
      vertex 9.86526 74.9438 6.08461
      vertex 5.86526 72.1091 5.05288
      vertex 9.75765 74.9438 6.04004
    endloop
  endfacet
  facet normal -0.271685 -0.704361 -0.655792
    outer loop
      vertex 5.57128 71.8109 5.17465
      vertex 5.46368 71.8939 5.13008
      vertex 5.54978 71.8939 5.09441
    endloop
  endfacet
  facet normal -0.332219 -0.496564 -0.801907
    outer loop
      vertex 5.46368 71.8939 5.13008
      vertex 5.43431 71.9957 5.07921
      vertex 5.54978 71.8939 5.09441
    endloop
  endfacet
  facet normal 0.369814 -0.256916 -0.892878
    outer loop
      vertex 5.85005 71.9957 5.07921
      vertex 5.74978 71.9957 5.03768
      vertex 5.75765 72.1091 5.00831
    endloop
  endfacet
  facet normal 0.33216 -0.496507 -0.801967
    outer loop
      vertex 5.85005 71.9957 5.07921
      vertex 5.73458 71.8939 5.09441
      vertex 5.74978 71.9957 5.03768
    endloop
  endfacet
  facet normal 0.206951 -0.965378 0.158796
    outer loop
      vertex 5.76395 71.7521 5.56103
      vertex 5.68371 71.7217 5.48079
      vertex 5.79132 71.7521 5.52536
    endloop
  endfacet
  facet normal 0.158763 -0.965377 0.206983
    outer loop
      vertex 5.72828 71.7521 5.58839
      vertex 5.68371 71.7217 5.48079
      vertex 5.76395 71.7521 5.56103
    endloop
  endfacet
  facet normal 0.241019 -0.965374 0.0998199
    outer loop
      vertex 5.79132 71.7521 5.52536
      vertex 5.69892 71.7217 5.45446
      vertex 5.80852 71.7521 5.48383
    endloop
  endfacet
  facet normal 0.499339 -0.863907 0.0657644
    outer loop
      vertex 5.91612 71.8109 5.43926
      vertex 5.80852 71.7521 5.48383
      vertex 5.81439 71.7521 5.43926
    endloop
  endfacet
  facet normal -0.241013 -0.965373 -0.0998409
    outer loop
      vertex 5.58544 71.7217 5.42406
      vertex 5.47584 71.7521 5.39469
      vertex 5.59131 71.7217 5.40989
    endloop
  endfacet
  facet normal 0 -1 0
    outer loop
      vertex 5.62698 71.7217 5.49599
      vertex 5.65738 71.7217 5.49599
      vertex 5.64218 71.7217 5.49799
    endloop
  endfacet
  facet normal 0 -1 0
    outer loop
      vertex 5.61281 71.7217 5.49013
      vertex 5.65738 71.7217 5.49599
      vertex 5.62698 71.7217 5.49599
    endloop
  endfacet
  facet normal 0 -1 0
    outer loop
      vertex 5.61281 71.7217 5.49013
      vertex 5.67155 71.7217 5.49013
      vertex 5.65738 71.7217 5.49599
    endloop
  endfacet
  facet normal 0 -1 0
    outer loop
      vertex 5.60065 71.7217 5.48079
      vertex 5.67155 71.7217 5.49013
      vertex 5.61281 71.7217 5.49013
    endloop
  endfacet
  facet normal 0 -1 0
    outer loop
      vertex 5.60065 71.7217 5.48079
      vertex 5.68371 71.7217 5.48079
      vertex 5.67155 71.7217 5.49013
    endloop
  endfacet
  facet normal 0 -1 0
    outer loop
      vertex 5.59131 71.7217 5.46863
      vertex 5.68371 71.7217 5.48079
      vertex 5.60065 71.7217 5.48079
    endloop
  endfacet
  facet normal 0 -1 0
    outer loop
      vertex 5.59131 71.7217 5.46863
      vertex 5.69305 71.7217 5.46863
      vertex 5.68371 71.7217 5.48079
    endloop
  endfacet
  facet normal 0 -1 0
    outer loop
      vertex 5.58544 71.7217 5.45446
      vertex 5.69305 71.7217 5.46863
      vertex 5.59131 71.7217 5.46863
    endloop
  endfacet
  facet normal 0 -1 0
    outer loop
      vertex 5.58544 71.7217 5.45446
      vertex 5.69892 71.7217 5.45446
      vertex 5.69305 71.7217 5.46863
    endloop
  endfacet
  facet normal 0 -1 0
    outer loop
      vertex 5.58344 71.7217 5.43926
      vertex 5.69892 71.7217 5.45446
      vertex 5.58544 71.7217 5.45446
    endloop
  endfacet
  facet normal 0 -1 0
    outer loop
      vertex 5.58344 71.7217 5.43926
      vertex 5.70092 71.7217 5.43926
      vertex 5.69892 71.7217 5.45446
    endloop
  endfacet
  facet normal 0 -1 0
    outer loop
      vertex 5.58544 71.7217 5.42406
      vertex 5.70092 71.7217 5.43926
      vertex 5.58344 71.7217 5.43926
    endloop
  endfacet
  facet normal 0 -1 0
    outer loop
      vertex 5.58544 71.7217 5.42406
      vertex 5.69892 71.7217 5.42406
      vertex 5.70092 71.7217 5.43926
    endloop
  endfacet
  facet normal 0 -1 0
    outer loop
      vertex 5.59131 71.7217 5.40989
      vertex 5.69892 71.7217 5.42406
      vertex 5.58544 71.7217 5.42406
    endloop
  endfacet
  facet normal 0 -1 0
    outer loop
      vertex 5.59131 71.7217 5.40989
      vertex 5.69305 71.7217 5.40989
      vertex 5.69892 71.7217 5.42406
    endloop
  endfacet
  facet normal 0 -1 0
    outer loop
      vertex 5.60065 71.7217 5.39773
      vertex 5.69305 71.7217 5.40989
      vertex 5.59131 71.7217 5.40989
    endloop
  endfacet
  facet normal 0 -1 0
    outer loop
      vertex 5.60065 71.7217 5.39773
      vertex 5.68371 71.7217 5.39773
      vertex 5.69305 71.7217 5.40989
    endloop
  endfacet
  facet normal 0 -1 0
    outer loop
      vertex 5.61281 71.7217 5.38839
      vertex 5.68371 71.7217 5.39773
      vertex 5.60065 71.7217 5.39773
    endloop
  endfacet
  facet normal 0 -1 0
    outer loop
      vertex 5.61281 71.7217 5.38839
      vertex 5.67155 71.7217 5.38839
      vertex 5.68371 71.7217 5.39773
    endloop
  endfacet
  facet normal 0 -1 0
    outer loop
      vertex 5.62698 71.7217 5.38252
      vertex 5.67155 71.7217 5.38839
      vertex 5.61281 71.7217 5.38839
    endloop
  endfacet
  facet normal 0 -1 0
    outer loop
      vertex 5.62698 71.7217 5.38252
      vertex 5.65738 71.7217 5.38252
      vertex 5.67155 71.7217 5.38839
    endloop
  endfacet
  facet normal -0 -1 0
    outer loop
      vertex 5.65738 71.7217 5.38252
      vertex 5.62698 71.7217 5.38252
      vertex 5.64218 71.7217 5.38052
    endloop
  endfacet
  facet normal -0.258636 -0.965375 0.034031
    outer loop
      vertex 5.58544 71.7217 5.45446
      vertex 5.46997 71.7521 5.43926
      vertex 5.58344 71.7217 5.43926
    endloop
  endfacet
  facet normal 0.892789 0.256382 0.3704
    outer loop
      vertex 10.0438 75.1747 6.57859
      vertex 10.0022 75.1747 6.67886
      vertex 10.0731 75.0613 6.58646
    endloop
  endfacet
  facet normal 0.860499 0.496833 0.112684
    outer loop
      vertex 10.0438 75.1747 6.57859
      vertex 10.0008 75.2567 6.54541
      vertex 9.99884 75.2553 6.56655
    endloop
  endfacet
  facet normal 0.860481 0.49685 0.112748
    outer loop
      vertex 10.0008 75.2567 6.54541
      vertex 10.0438 75.1747 6.57859
      vertex 10.0579 75.1747 6.47098
    endloop
  endfacet
  facet normal 0.608756 0 0.793358
    outer loop
      vertex 9.86526 75.0613 6.85736
      vertex 9.95766 74.9438 6.78646
      vertex 9.95766 75.0613 6.78646
    endloop
  endfacet
  facet normal 0.608756 0 0.793358
    outer loop
      vertex 9.95766 74.9438 6.78646
      vertex 9.86526 75.0613 6.85736
      vertex 9.86526 74.9438 6.85736
    endloop
  endfacet
  facet normal 0.588357 -0.256699 0.766773
    outer loop
      vertex 9.95766 74.9438 6.78646
      vertex 9.86526 74.9438 6.85736
      vertex 9.93616 74.8303 6.76496
    endloop
  endfacet
  facet normal 0.126143 0.256505 0.958276
    outer loop
      vertex 9.744 75.0747 6.90014
      vertex 9.72506 75.0613 6.90622
      vertex 9.75765 75.0613 6.90193
    endloop
  endfacet
  facet normal 0.126138 -0.256655 0.958236
    outer loop
      vertex 9.64218 74.9438 6.91713
      vertex 9.64218 74.8303 6.88673
      vertex 9.75765 74.9438 6.90193
    endloop
  endfacet
  facet normal 0.802315 0.496195 0.331784
    outer loop
      vertex 9.99102 75.2497 6.59373
      vertex 9.9716 75.236 6.66118
      vertex 10.0022 75.1747 6.67886
    endloop
  endfacet
  facet normal 0.126199 0.256559 0.958254
    outer loop
      vertex 9.75613 75.0833 6.89624
      vertex 9.744 75.0747 6.90014
      vertex 9.75765 75.0613 6.90193
    endloop
  endfacet
  facet normal -0.192806 -0.863917 0.465267
    outer loop
      vertex 5.57128 71.8109 5.70387
      vertex 5.55608 71.7521 5.58839
      vertex 5.59761 71.7521 5.6056
    endloop
  endfacet
  facet normal -0.113254 -0.496566 -0.860579
    outer loop
      vertex 5.64218 71.8939 5.08225
      vertex 5.54978 71.8939 5.09441
      vertex 5.64218 71.9957 5.02351
    endloop
  endfacet
  facet normal 0.113254 -0.496566 -0.860579
    outer loop
      vertex 5.73458 71.8939 5.09441
      vertex 5.64218 71.8939 5.08225
      vertex 5.64218 71.9957 5.02351
    endloop
  endfacet
  facet normal 0.0998378 -0.965375 -0.241005
    outer loop
      vertex 5.67155 71.7217 5.38839
      vertex 5.65738 71.7217 5.38252
      vertex 5.72828 71.7521 5.29012
    endloop
  endfacet
  facet normal 0.158806 -0.965374 -0.206964
    outer loop
      vertex 5.76395 71.7521 5.31749
      vertex 5.67155 71.7217 5.38839
      vertex 5.72828 71.7521 5.29012
    endloop
  endfacet
  facet normal 0.991448 -0 0.130499
    outer loop
      vertex 10.0731 74.9438 6.58646
      vertex 10.0883 75.0613 6.47098
      vertex 10.0731 75.0613 6.58646
    endloop
  endfacet
  facet normal 0.991448 0 0.130499
    outer loop
      vertex 10.0883 75.0613 6.47098
      vertex 10.0731 74.9438 6.58646
      vertex 10.0883 74.9438 6.47098
    endloop
  endfacet
  facet normal 0.958182 0.256867 0.12612
    outer loop
      vertex 10.0883 75.0613 6.47098
      vertex 10.0579 75.1747 6.47098
      vertex 10.0731 75.0613 6.58646
    endloop
  endfacet
  facet normal -0.43208 -0.70435 -0.563203
    outer loop
      vertex 5.50521 71.8109 5.20202
      vertex 5.44847 71.8109 5.24555
      vertex 5.46368 71.8939 5.13008
    endloop
  endfacet
  facet normal -0.432109 -0.704337 -0.563197
    outer loop
      vertex 5.44847 71.8109 5.24555
      vertex 5.38974 71.8939 5.18681
      vertex 5.46368 71.8939 5.13008
    endloop
  endfacet
  facet normal -0.126131 -0.256867 -0.958181
    outer loop
      vertex 5.64218 71.9957 5.02351
      vertex 5.5593 72.1091 5.00402
      vertex 5.64218 72.1091 4.99311
    endloop
  endfacet
  facet normal -0.126278 -0.256966 -0.958135
    outer loop
      vertex 5.5593 72.1091 5.00402
      vertex 5.64218 71.9957 5.02351
      vertex 5.54036 72.0957 5.01011
    endloop
  endfacet
  facet normal -0.13051 0 -0.991447
    outer loop
      vertex 5.64218 72.1091 4.99311
      vertex 5.5593 72.1091 5.00402
      vertex 5.64218 72.1679 4.99311
    endloop
  endfacet
  facet normal 0.258636 -0.965375 -0.034031
    outer loop
      vertex 5.70092 71.7217 5.43926
      vertex 5.69892 71.7217 5.42406
      vertex 5.81439 71.7521 5.43926
    endloop
  endfacet
  facet normal 0.0997076 -0.965364 0.241102
    outer loop
      vertex 5.72828 71.7521 5.58839
      vertex 5.65738 71.7217 5.49599
      vertex 5.67155 71.7217 5.49013
    endloop
  endfacet
  facet normal 0.382658 0 0.92389
    outer loop
      vertex 9.75765 75.0613 6.90193
      vertex 9.86526 74.9438 6.85736
      vertex 9.86526 75.0613 6.85736
    endloop
  endfacet
  facet normal 0.382658 0 0.92389
    outer loop
      vertex 9.86526 74.9438 6.85736
      vertex 9.75765 75.0613 6.90193
      vertex 9.75765 74.9438 6.90193
    endloop
  endfacet
  facet normal 0.588323 0.25691 0.766729
    outer loop
      vertex 9.93616 75.1747 6.76496
      vertex 9.86526 75.0613 6.85736
      vertex 9.95766 75.0613 6.78646
    endloop
  endfacet
  facet normal 0.37013 0.2565 0.892867
    outer loop
      vertex 9.80212 75.1159 6.86781
      vertex 9.75613 75.0833 6.89624
      vertex 9.75765 75.0613 6.90193
    endloop
  endfacet
  facet normal 0.958181 0.256867 -0.126131
    outer loop
      vertex 10.0731 75.0613 6.35551
      vertex 10.0579 75.1747 6.47098
      vertex 10.0883 75.0613 6.47098
    endloop
  endfacet
  facet normal 0.958392 0.256343 -0.125589
    outer loop
      vertex 10.0731 75.0613 6.35551
      vertex 10.0438 75.1747 6.36338
      vertex 10.0579 75.1747 6.47098
    endloop
  endfacet
  facet normal 0.892957 0.257384 0.369299
    outer loop
      vertex 10.0731 75.0613 6.58646
      vertex 10.0022 75.1747 6.67886
      vertex 10.0286 75.0613 6.69406
    endloop
  endfacet
  facet normal 0.258636 -0.965375 0.034031
    outer loop
      vertex 5.81439 71.7521 5.43926
      vertex 5.69892 71.7217 5.45446
      vertex 5.70092 71.7217 5.43926
    endloop
  endfacet
  facet normal 0.241013 -0.965373 -0.0998409
    outer loop
      vertex 5.69892 71.7217 5.42406
      vertex 5.69305 71.7217 5.40989
      vertex 5.80852 71.7521 5.39469
    endloop
  endfacet
  facet normal 0.25864 -0.965373 -0.0340636
    outer loop
      vertex 5.81439 71.7521 5.43926
      vertex 5.69892 71.7217 5.42406
      vertex 5.80852 71.7521 5.39469
    endloop
  endfacet
  facet normal -0.0340282 -0.965381 0.258615
    outer loop
      vertex 5.64218 71.7521 5.61147
      vertex 5.62698 71.7217 5.49599
      vertex 5.64218 71.7217 5.49799
    endloop
  endfacet
  facet normal -0.0340608 -0.965379 0.258618
    outer loop
      vertex 5.64218 71.7521 5.61147
      vertex 5.59761 71.7521 5.6056
      vertex 5.62698 71.7217 5.49599
    endloop
  endfacet
  facet normal 0.369835 -0.256705 0.89293
    outer loop
      vertex 9.86526 74.9438 6.85736
      vertex 9.75765 74.9438 6.90193
      vertex 9.85005 74.8303 6.83103
    endloop
  endfacet
  facet normal 0.369855 0.256811 0.892892
    outer loop
      vertex 9.80212 75.1159 6.86781
      vertex 9.86526 75.0613 6.85736
      vertex 9.8531 75.152 6.83631
    endloop
  endfacet
  facet normal 0.369827 0.256776 0.892913
    outer loop
      vertex 9.86526 75.0613 6.85736
      vertex 9.80212 75.1159 6.86781
      vertex 9.75765 75.0613 6.90193
    endloop
  endfacet
  facet normal 0.588236 0.256996 0.766767
    outer loop
      vertex 9.88518 75.1747 6.80407
      vertex 9.86526 75.0613 6.85736
      vertex 9.93616 75.1747 6.76496
    endloop
  endfacet
  facet normal 0.588627 0.256815 0.766528
    outer loop
      vertex 9.86526 75.0613 6.85736
      vertex 9.88518 75.1747 6.80407
      vertex 9.8531 75.152 6.83631
    endloop
  endfacet
  facet normal 0.801539 0.496941 0.332543
    outer loop
      vertex 10.0438 75.1747 6.57859
      vertex 9.99102 75.2497 6.59373
      vertex 10.0022 75.1747 6.67886
    endloop
  endfacet
  facet normal 0.801458 0.496802 0.332947
    outer loop
      vertex 9.99102 75.2497 6.59373
      vertex 10.0438 75.1747 6.57859
      vertex 9.99884 75.2553 6.56655
    endloop
  endfacet
  facet normal 0.158927 -0.965365 0.206912
    outer loop
      vertex 5.72828 71.7521 5.58839
      vertex 5.67155 71.7217 5.49013
      vertex 5.68371 71.7217 5.48079
    endloop
  endfacet
  facet normal 0.0998643 -0.965377 0.240986
    outer loop
      vertex 5.68675 71.7521 5.6056
      vertex 5.65738 71.7217 5.49599
      vertex 5.72828 71.7521 5.58839
    endloop
  endfacet
  facet normal 0.192806 -0.863917 0.465267
    outer loop
      vertex 5.71308 71.8109 5.70387
      vertex 5.68675 71.7521 5.6056
      vertex 5.72828 71.7521 5.58839
    endloop
  endfacet
  facet normal -0.0998643 -0.965377 0.240986
    outer loop
      vertex 5.59761 71.7521 5.6056
      vertex 5.55608 71.7521 5.58839
      vertex 5.62698 71.7217 5.49599
    endloop
  endfacet
  facet normal 0.766886 -0.256693 0.588213
    outer loop
      vertex 9.95766 74.9438 6.78646
      vertex 9.93616 74.8303 6.76496
      vertex 10.0022 74.8303 6.67886
    endloop
  endfacet
  facet normal 0.529004 0.495767 0.688745
    outer loop
      vertex 9.92472 75.2028 6.75352
      vertex 9.91343 75.1948 6.76795
      vertex 9.93616 75.1747 6.76496
    endloop
  endfacet
  facet normal 0.0340282 -0.965381 0.258615
    outer loop
      vertex 5.64218 71.7521 5.61147
      vertex 5.64218 71.7217 5.49799
      vertex 5.65738 71.7217 5.49599
    endloop
  endfacet
  facet normal -0.206951 -0.965378 0.158796
    outer loop
      vertex 5.52041 71.7521 5.56103
      vertex 5.49304 71.7521 5.52536
      vertex 5.60065 71.7217 5.48079
    endloop
  endfacet
  facet normal -0.206898 -0.96537 0.158917
    outer loop
      vertex 5.60065 71.7217 5.48079
      vertex 5.49304 71.7521 5.52536
      vertex 5.59131 71.7217 5.46863
    endloop
  endfacet
  facet normal 0.766527 -0.257106 0.5885
    outer loop
      vertex 10.0286 74.9438 6.69406
      vertex 9.95766 74.9438 6.78646
      vertex 10.0022 74.8303 6.67886
    endloop
  endfacet
  facet normal 0.893009 -0.257173 0.369321
    outer loop
      vertex 10.0286 74.9438 6.69406
      vertex 10.0022 74.8303 6.67886
      vertex 10.0731 74.9438 6.58646
    endloop
  endfacet
  facet normal 0.766482 0.257318 0.588466
    outer loop
      vertex 10.0022 75.1747 6.67886
      vertex 9.95766 75.0613 6.78646
      vertex 10.0286 75.0613 6.69406
    endloop
  endfacet
  facet normal 0.766841 0.256904 0.588179
    outer loop
      vertex 10.0022 75.1747 6.67886
      vertex 9.93616 75.1747 6.76496
      vertex 9.95766 75.0613 6.78646
    endloop
  endfacet
  facet normal 0.688482 0.496228 0.528914
    outer loop
      vertex 9.9716 75.236 6.66118
      vertex 9.95208 75.2221 6.69963
      vertex 10.0022 75.1747 6.67886
    endloop
  endfacet
  facet normal -0.0997076 -0.965364 0.241102
    outer loop
      vertex 5.62698 71.7217 5.49599
      vertex 5.55608 71.7521 5.58839
      vertex 5.61281 71.7217 5.49013
    endloop
  endfacet
  facet normal -0.766729 0.25691 -0.588323
    outer loop
      vertex 15.4423 75.0613 6.15551
      vertex 15.3714 75.0613 6.24791
      vertex 15.4638 75.1747 6.17701
    endloop
  endfacet
  facet normal -0.128479 0.174061 -0.976318
    outer loop
      vertex 19.6423 72.2266 5.00831
      vertex 16.8036 74.2614 5.74464
      vertex 19.6749 72.2266 5.00402
    endloop
  endfacet
  facet normal -0.127818 0.174956 -0.976244
    outer loop
      vertex 16.8036 74.2614 5.74464
      vertex 19.6423 72.2266 5.00831
      vertex 15.6423 75.0613 6.04004
    endloop
  endfacet
  facet normal -0.688742 0.496889 -0.527955
    outer loop
      vertex 15.3978 75.1747 6.26311
      vertex 15.4578 75.2151 6.22286
      vertex 15.4638 75.1747 6.17701
    endloop
  endfacet
  facet normal -0.688727 0.496252 -0.528573
    outer loop
      vertex 15.4578 75.2151 6.22286
      vertex 15.3978 75.1747 6.26311
      vertex 15.4284 75.236 6.28079
    endloop
  endfacet
  facet normal -0.432636 -0.70385 0.563401
    outer loop
      vertex 15.6208 74.6455 6.70823
      vertex 15.5054 74.7286 6.72343
      vertex 15.5641 74.6455 6.66469
    endloop
  endfacet
  facet normal -0.892841 -0.256171 0.370422
    outer loop
      vertex 15.3978 74.8303 6.67886
      vertex 15.3269 74.9438 6.58646
      vertex 15.3562 74.8303 6.57859
    endloop
  endfacet
  facet normal -0.126099 -0.256868 -0.958185
    outer loop
      vertex 19.7578 71.9957 5.02351
      vertex 19.6423 72.1091 5.00831
      vertex 19.7578 72.1091 4.99311
    endloop
  endfacet
  facet normal -0.608756 0 -0.793358
    outer loop
      vertex 15.4423 74.9438 6.15551
      vertex 15.5347 75.0613 6.08461
      vertex 15.5347 74.9438 6.08461
    endloop
  endfacet
  facet normal -0.608756 0 -0.793358
    outer loop
      vertex 15.5347 75.0613 6.08461
      vertex 15.4423 74.9438 6.15551
      vertex 15.4423 75.0613 6.15551
    endloop
  endfacet
  facet normal -0.766921 0.257342 0.587884
    outer loop
      vertex 15.3978 75.1747 6.67886
      vertex 15.3714 75.0613 6.69406
      vertex 15.4638 75.1747 6.76496
    endloop
  endfacet
  facet normal -0.432583 -0.703796 0.56351
    outer loop
      vertex 15.5793 74.7286 6.78016
      vertex 15.5054 74.7286 6.72343
      vertex 15.6208 74.6455 6.70823
    endloop
  endfacet
  facet normal -0.369846 -0.256887 -0.892874
    outer loop
      vertex 19.5499 71.9957 5.07921
      vertex 19.5347 72.1091 5.05288
      vertex 19.6423 72.1091 5.00831
    endloop
  endfacet
  facet normal -0.589661 -0.803939 -0.0773462
    outer loop
      vertex 19.4839 71.8109 5.43926
      vertex 15.4839 74.6455 6.47098
      vertex 15.4932 74.6455 6.40008
    endloop
  endfacet
  facet normal -0.704302 -0.703783 -0.0929923
    outer loop
      vertex 15.4932 74.6455 6.40008
      vertex 15.4008 74.7286 6.47098
      vertex 15.413 74.7286 6.37858
    endloop
  endfacet
  facet normal -0.991447 0 -0.13051
    outer loop
      vertex 15.3269 74.9438 6.35551
      vertex 15.3117 75.0613 6.47098
      vertex 15.3269 75.0613 6.35551
    endloop
  endfacet
  facet normal -0.991447 -0 -0.13051
    outer loop
      vertex 15.3117 75.0613 6.47098
      vertex 15.3269 74.9438 6.35551
      vertex 15.3117 74.9438 6.47098
    endloop
  endfacet
  facet normal -0.766921 0.257342 -0.587884
    outer loop
      vertex 15.4638 75.1747 6.17701
      vertex 15.3714 75.0613 6.24791
      vertex 15.3978 75.1747 6.26311
    endloop
  endfacet
  facet normal -0.131712 -0.497849 0.857204
    outer loop
      vertex 19.6654 71.8939 5.7841
      vertex 15.6502 74.8303 6.87256
      vertex 15.6654 74.7286 6.81583
    endloop
  endfacet
  facet normal -0.590242 -0.667853 -0.453418
    outer loop
      vertex 15.5054 74.7286 6.21854
      vertex 19.4486 71.8939 5.26075
      vertex 15.4486 74.7286 6.29248
    endloop
  endfacet
  facet normal -0.590242 -0.667853 -0.453418
    outer loop
      vertex 19.4486 71.8939 5.26075
      vertex 15.5054 74.7286 6.21854
      vertex 19.5054 71.8939 5.18681
    endloop
  endfacet
  facet normal -0.126091 0.256909 -0.958175
    outer loop
      vertex 15.6749 75.0613 6.03575
      vertex 15.6423 75.0613 6.04004
      vertex 15.656 75.0747 6.04183
    endloop
  endfacet
  facet normal -0.589661 -0.803939 -0.0773462
    outer loop
      vertex 19.4839 71.8109 5.43926
      vertex 15.4932 74.6455 6.40008
      vertex 19.4932 71.8109 5.36836
    endloop
  endfacet
  facet normal -0.563127 -0.704098 0.432589
    outer loop
      vertex 15.5054 74.7286 6.72343
      vertex 15.4486 74.7286 6.64949
      vertex 15.5206 74.6455 6.60796
    endloop
  endfacet
  facet normal -0.801923 0.49625 -0.33265
    outer loop
      vertex 15.3978 75.1747 6.26311
      vertex 15.4183 75.2431 6.31573
      vertex 15.4284 75.236 6.28079
    endloop
  endfacet
  facet normal -0.801893 0.496271 -0.332689
    outer loop
      vertex 15.4183 75.2431 6.31573
      vertex 15.3978 75.1747 6.26311
      vertex 15.3562 75.1747 6.36338
    endloop
  endfacet
  facet normal 0.0654392 -0.258459 0.963803
    outer loop
      vertex 19.7578 72.1091 5.88541
      vertex 15.7578 74.8303 6.88673
      vertex 19.7578 71.9957 5.855
    endloop
  endfacet
  facet normal -0.126188 -0.256735 0.958209
    outer loop
      vertex 15.7578 74.8303 6.88673
      vertex 15.6423 74.9438 6.90193
      vertex 15.6502 74.8303 6.87256
    endloop
  endfacet
  facet normal 0.0656562 -0.258164 0.963868
    outer loop
      vertex 15.7578 74.9438 6.91713
      vertex 15.7578 74.8303 6.88673
      vertex 19.7578 72.1091 5.88541
    endloop
  endfacet
  facet normal -0.892789 0.256382 0.3704
    outer loop
      vertex 15.3562 75.1747 6.57859
      vertex 15.3269 75.0613 6.58646
      vertex 15.3978 75.1747 6.67886
    endloop
  endfacet
  facet normal -0.688025 -0.497265 -0.528534
    outer loop
      vertex 15.5054 74.7286 6.21854
      vertex 15.4486 74.7286 6.29248
      vertex 15.4638 74.8303 6.17701
    endloop
  endfacet
  facet normal -0.860092 -0.497339 -0.113562
    outer loop
      vertex 15.4008 74.7286 6.47098
      vertex 15.3562 74.8303 6.36338
      vertex 15.413 74.7286 6.37858
    endloop
  endfacet
  facet normal -0.499261 -0.863973 0.0654884
    outer loop
      vertex 19.4932 71.8109 5.51016
      vertex 19.4839 71.8109 5.43926
      vertex 19.5915 71.7521 5.48383
    endloop
  endfacet
  facet normal -0.408553 -0.257829 -0.875562
    outer loop
      vertex 15.5499 74.8303 6.11094
      vertex 15.5347 74.9438 6.08461
      vertex 19.5347 72.1091 5.05288
    endloop
  endfacet
  facet normal -0.80175 -0.496541 -0.33263
    outer loop
      vertex 15.4486 74.7286 6.29248
      vertex 15.3562 74.8303 6.36338
      vertex 15.3978 74.8303 6.26311
    endloop
  endfacet
  facet normal -0.766729 0.25691 0.588323
    outer loop
      vertex 15.4638 75.1747 6.76496
      vertex 15.3714 75.0613 6.69406
      vertex 15.4423 75.0613 6.78646
    endloop
  endfacet
  facet normal -0.249758 0 -0.968308
    outer loop
      vertex 15.6423 74.9438 6.04004
      vertex 19.6423 72.2266 5.00831
      vertex 19.6423 72.1091 5.00831
    endloop
  endfacet
  facet normal -0.249758 0 -0.968308
    outer loop
      vertex 19.6423 72.2266 5.00831
      vertex 15.6423 74.9438 6.04004
      vertex 15.6423 75.0613 6.04004
    endloop
  endfacet
  facet normal -0.601922 -0.758536 -0.249624
    outer loop
      vertex 19.5206 71.8109 5.30229
      vertex 15.4932 74.6455 6.40008
      vertex 15.5206 74.6455 6.33401
    endloop
  endfacet
  facet normal 0.126093 -0.256947 0.958164
    outer loop
      vertex 19.7578 72.1091 5.88541
      vertex 19.7578 71.9957 5.855
      vertex 19.8654 71.9957 5.84084
    endloop
  endfacet
  facet normal -0.588269 0.25707 0.766716
    outer loop
      vertex 15.5148 75.1747 6.80407
      vertex 15.5347 75.0613 6.85736
      vertex 15.5469 75.152 6.83631
    endloop
  endfacet
  facet normal -0.588063 0.257166 0.766843
    outer loop
      vertex 15.5347 75.0613 6.85736
      vertex 15.5148 75.1747 6.80407
      vertex 15.4638 75.1747 6.76496
    endloop
  endfacet
  facet normal -0.131415 -0.497528 0.857435
    outer loop
      vertex 19.6502 71.9957 5.84084
      vertex 15.6502 74.8303 6.87256
      vertex 19.6654 71.8939 5.7841
    endloop
  endfacet
  facet normal -0.991448 0 0.130499
    outer loop
      vertex 15.3117 74.9438 6.47098
      vertex 15.3269 75.0613 6.58646
      vertex 15.3117 75.0613 6.47098
    endloop
  endfacet
  facet normal -0.991448 0 0.130499
    outer loop
      vertex 15.3269 75.0613 6.58646
      vertex 15.3117 74.9438 6.47098
      vertex 15.3269 74.9438 6.58646
    endloop
  endfacet
  facet normal -0.893194 0.256417 -0.369397
    outer loop
      vertex 15.3714 75.0613 6.24791
      vertex 15.3269 75.0613 6.35551
      vertex 15.3562 75.1747 6.36338
    endloop
  endfacet
  facet normal -0.958182 0.256867 0.12612
    outer loop
      vertex 15.3421 75.1747 6.47098
      vertex 15.3117 75.0613 6.47098
      vertex 15.3269 75.0613 6.58646
    endloop
  endfacet
  facet normal -0.801878 0.497195 0.331344
    outer loop
      vertex 15.4012 75.2553 6.56655
      vertex 15.3562 75.1747 6.57859
      vertex 15.4183 75.2431 6.62624
    endloop
  endfacet
  facet normal -0.958238 -0.256656 0.126128
    outer loop
      vertex 15.3269 74.9438 6.58646
      vertex 15.3117 74.9438 6.47098
      vertex 15.3421 74.8303 6.47098
    endloop
  endfacet
  facet normal -0.892534 0.25742 -0.370294
    outer loop
      vertex 15.3714 75.0613 6.24791
      vertex 15.3562 75.1747 6.36338
      vertex 15.3978 75.1747 6.26311
    endloop
  endfacet
  facet normal -0.408669 -0.258044 -0.875445
    outer loop
      vertex 19.5499 71.9957 5.07921
      vertex 15.5499 74.8303 6.11094
      vertex 19.5347 72.1091 5.05288
    endloop
  endfacet
  facet normal -0.528381 -0.496678 -0.688567
    outer loop
      vertex 19.5793 71.8939 5.13008
      vertex 19.4638 71.9957 5.14528
      vertex 19.5499 71.9957 5.07921
    endloop
  endfacet
  facet normal -0.529472 -0.496872 -0.687588
    outer loop
      vertex 15.5054 74.7286 6.21854
      vertex 19.4638 71.9957 5.14528
      vertex 19.5054 71.8939 5.18681
    endloop
  endfacet
  facet normal -0.529631 -0.497261 -0.687185
    outer loop
      vertex 19.4638 71.9957 5.14528
      vertex 15.5054 74.7286 6.21854
      vertex 15.4638 74.8303 6.17701
    endloop
  endfacet
  facet normal -0.801737 -0.49732 -0.331497
    outer loop
      vertex 15.413 74.7286 6.37858
      vertex 15.3562 74.8303 6.36338
      vertex 15.4486 74.7286 6.29248
    endloop
  endfacet
  facet normal -0.474321 -0.80171 0.363704
    outer loop
      vertex 19.5206 71.8109 5.57623
      vertex 15.5641 74.6455 6.66469
      vertex 15.5206 74.6455 6.60796
    endloop
  endfacet
  facet normal -0.474321 -0.80171 0.363704
    outer loop
      vertex 15.5641 74.6455 6.66469
      vertex 19.5206 71.8109 5.57623
      vertex 19.5641 71.8109 5.63296
    endloop
  endfacet
  facet normal -0.704086 -0.704086 0.0923423
    outer loop
      vertex 15.4932 74.6455 6.54189
      vertex 15.4008 74.7286 6.47098
      vertex 15.4839 74.6455 6.47098
    endloop
  endfacet
  facet normal -0.601922 -0.758536 -0.249624
    outer loop
      vertex 19.4932 71.8109 5.36836
      vertex 15.4932 74.6455 6.40008
      vertex 19.5206 71.8109 5.30229
    endloop
  endfacet
  facet normal 0.126436 -0.257094 -0.95808
    outer loop
      vertex 19.7578 71.9957 5.02351
      vertex 19.8407 72.1091 5.00402
      vertex 19.8596 72.0957 5.01011
    endloop
  endfacet
  facet normal 0.126101 -0.256868 -0.958184
    outer loop
      vertex 19.8407 72.1091 5.00402
      vertex 19.7578 71.9957 5.02351
      vertex 19.7578 72.1091 4.99311
    endloop
  endfacet
  facet normal -0.0926929 -0.704359 0.703766
    outer loop
      vertex 19.7578 71.8939 5.79627
      vertex 19.6654 71.8939 5.7841
      vertex 19.7578 71.8109 5.7132
    endloop
  endfacet
  facet normal -0.25857 -0.965386 0.0342285
    outer loop
      vertex 19.5915 71.7521 5.48383
      vertex 19.5856 71.7521 5.43926
      vertex 19.6991 71.7217 5.43926
    endloop
  endfacet
  facet normal -0.271576 -0.70433 0.65587
    outer loop
      vertex 19.6654 71.8939 5.7841
      vertex 19.6208 71.8109 5.6765
      vertex 19.6869 71.8109 5.70387
    endloop
  endfacet
  facet normal -0.128479 0.174025 -0.976324
    outer loop
      vertex 16.8036 74.2614 5.74464
      vertex 15.6423 75.0613 6.04004
      vertex 15.6749 75.0613 6.03575
    endloop
  endfacet
  facet normal 0.126011 -0.256963 0.958171
    outer loop
      vertex 19.8407 72.1091 5.8745
      vertex 19.8654 71.9957 5.84084
      vertex 19.8718 72.0871 5.86451
    endloop
  endfacet
  facet normal 0.126099 -0.256942 0.958165
    outer loop
      vertex 19.8654 71.9957 5.84084
      vertex 19.8407 72.1091 5.8745
      vertex 19.7578 72.1091 5.88541
    endloop
  endfacet
  facet normal 0.113251 -0.496568 0.860578
    outer loop
      vertex 19.8654 71.9957 5.84084
      vertex 19.7578 71.9957 5.855
      vertex 19.8502 71.8939 5.7841
    endloop
  endfacet
  facet normal 0.11335 -0.496497 0.860606
    outer loop
      vertex 19.7578 71.9957 5.855
      vertex 19.7578 71.8939 5.79627
      vertex 19.8502 71.8939 5.7841
    endloop
  endfacet
  facet normal -0.113251 -0.496568 0.860578
    outer loop
      vertex 19.7578 71.9957 5.855
      vertex 19.6502 71.9957 5.84084
      vertex 19.6654 71.8939 5.7841
    endloop
  endfacet
  facet normal -0.11335 -0.496497 0.860606
    outer loop
      vertex 19.7578 71.9957 5.855
      vertex 19.6654 71.8939 5.7841
      vertex 19.7578 71.8939 5.79627
    endloop
  endfacet
  facet normal 0.529566 -0.493817 0.689713
    outer loop
      vertex 19.9657 71.9957 5.7993
      vertex 20.0291 71.9756 5.73623
      vertex 20.0008 71.9957 5.77235
    endloop
  endfacet
  facet normal 0.527902 -0.496661 0.688947
    outer loop
      vertex 20.0291 71.9756 5.73623
      vertex 19.9657 71.9957 5.7993
      vertex 19.9363 71.8939 5.74844
    endloop
  endfacet
  facet normal 0.369571 -0.257119 0.89292
    outer loop
      vertex 19.8718 72.0871 5.86451
      vertex 19.8654 71.9957 5.84084
      vertex 19.9222 72.0514 5.83337
    endloop
  endfacet
  facet normal -0.526012 0.496414 0.690568
    outer loop
      vertex 15.4753 75.2028 6.75352
      vertex 15.4638 75.1747 6.76496
      vertex 15.4866 75.1947 6.76795
    endloop
  endfacet
  facet normal -0.688727 0.496252 0.528573
    outer loop
      vertex 15.3978 75.1747 6.67886
      vertex 15.4578 75.2151 6.71911
      vertex 15.4284 75.236 6.66118
    endloop
  endfacet
  facet normal -0.688742 0.496889 0.527955
    outer loop
      vertex 15.4578 75.2151 6.71911
      vertex 15.3978 75.1747 6.67886
      vertex 15.4638 75.1747 6.76496
    endloop
  endfacet
  facet normal -0.860715 0.496223 0.113719
    outer loop
      vertex 15.3421 75.1747 6.47098
      vertex 15.3938 75.2605 6.48789
      vertex 15.3922 75.2616 6.47098
    endloop
  endfacet
  facet normal -0.860727 0.496416 0.11278
    outer loop
      vertex 15.3938 75.2605 6.48789
      vertex 15.3421 75.1747 6.47098
      vertex 15.3562 75.1747 6.57859
    endloop
  endfacet
  facet normal -0.801893 0.496271 0.332689
    outer loop
      vertex 15.3978 75.1747 6.67886
      vertex 15.4183 75.2431 6.62624
      vertex 15.3562 75.1747 6.57859
    endloop
  endfacet
  facet normal -0.801923 0.49625 0.33265
    outer loop
      vertex 15.4183 75.2431 6.62624
      vertex 15.3978 75.1747 6.67886
      vertex 15.4284 75.236 6.66118
    endloop
  endfacet
  facet normal -0.766773 -0.256699 -0.588357
    outer loop
      vertex 15.4638 74.8303 6.17701
      vertex 15.3714 74.9438 6.24791
      vertex 15.4423 74.9438 6.15551
    endloop
  endfacet
  facet normal -0.793358 0 -0.608756
    outer loop
      vertex 15.4423 74.9438 6.15551
      vertex 15.3714 75.0613 6.24791
      vertex 15.4423 75.0613 6.15551
    endloop
  endfacet
  facet normal -0.793358 -0 -0.608756
    outer loop
      vertex 15.3714 75.0613 6.24791
      vertex 15.4423 74.9438 6.15551
      vertex 15.3714 74.9438 6.24791
    endloop
  endfacet
  facet normal -0.766966 -0.25713 -0.587918
    outer loop
      vertex 15.3978 74.8303 6.26311
      vertex 15.3714 74.9438 6.24791
      vertex 15.4638 74.8303 6.17701
    endloop
  endfacet
  facet normal -0.688874 -0.496596 -0.528057
    outer loop
      vertex 15.4486 74.7286 6.29248
      vertex 15.3978 74.8303 6.26311
      vertex 15.4638 74.8303 6.17701
    endloop
  endfacet
  facet normal -0.958181 0.256867 -0.126131
    outer loop
      vertex 15.3269 75.0613 6.35551
      vertex 15.3117 75.0613 6.47098
      vertex 15.3421 75.1747 6.47098
    endloop
  endfacet
  facet normal -0.130477 0 -0.991451
    outer loop
      vertex 19.6423 72.1091 5.00831
      vertex 19.7578 72.1679 4.99311
      vertex 19.7578 72.1091 4.99311
    endloop
  endfacet
  facet normal -0.130478 2.12678e-06 -0.991451
    outer loop
      vertex 19.7578 72.1679 4.99311
      vertex 19.6423 72.1091 5.00831
      vertex 19.6749 72.2266 5.00402
    endloop
  endfacet
  facet normal -0.13047 0 -0.991452
    outer loop
      vertex 19.6749 72.2266 5.00402
      vertex 19.6423 72.1091 5.00831
      vertex 19.6423 72.2266 5.00831
    endloop
  endfacet
  facet normal -0.126181 -0.256947 -0.958153
    outer loop
      vertex 19.6502 71.9957 5.03768
      vertex 19.6423 72.1091 5.00831
      vertex 19.7578 71.9957 5.02351
    endloop
  endfacet
  facet normal -0.588357 -0.256699 -0.766773
    outer loop
      vertex 15.4638 74.8303 6.17701
      vertex 15.4423 74.9438 6.15551
      vertex 15.5347 74.9438 6.08461
    endloop
  endfacet
  facet normal -0.528823 -0.495408 -0.689143
    outer loop
      vertex 19.4638 71.9957 5.14528
      vertex 15.5499 74.8303 6.11094
      vertex 19.5499 71.9957 5.07921
    endloop
  endfacet
  facet normal -0.528823 -0.495408 -0.689143
    outer loop
      vertex 15.5499 74.8303 6.11094
      vertex 19.4638 71.9957 5.14528
      vertex 15.4638 74.8303 6.17701
    endloop
  endfacet
  facet normal -0.563754 -0.703786 0.432281
    outer loop
      vertex 15.5641 74.6455 6.66469
      vertex 15.5054 74.7286 6.72343
      vertex 15.5206 74.6455 6.60796
    endloop
  endfacet
  facet normal -0.958448 -0.256132 -0.125596
    outer loop
      vertex 15.3421 74.8303 6.47098
      vertex 15.3269 74.9438 6.35551
      vertex 15.3562 74.8303 6.36338
    endloop
  endfacet
  facet normal -0.656488 -0.703806 -0.27144
    outer loop
      vertex 15.4932 74.6455 6.40008
      vertex 15.413 74.7286 6.37858
      vertex 15.4486 74.7286 6.29248
    endloop
  endfacet
  facet normal -0.563839 -0.822568 0.0739487
    outer loop
      vertex 15.4839 74.6455 6.47098
      vertex 19.4932 71.8109 5.51016
      vertex 15.4932 74.6455 6.54189
    endloop
  endfacet
  facet normal -0.563837 -0.822568 0.0739588
    outer loop
      vertex 19.4932 71.8109 5.51016
      vertex 15.4839 74.6455 6.47098
      vertex 19.4839 71.8109 5.43926
    endloop
  endfacet
  facet normal -0.655857 -0.704182 -0.271992
    outer loop
      vertex 15.4932 74.6455 6.40008
      vertex 15.4486 74.7286 6.29248
      vertex 15.5206 74.6455 6.33401
    endloop
  endfacet
  facet normal -0.598356 -0.707377 -0.376281
    outer loop
      vertex 19.5206 71.8109 5.30229
      vertex 15.4486 74.7286 6.29248
      vertex 19.4486 71.8939 5.26075
    endloop
  endfacet
  facet normal -0.526164 -0.821911 0.218207
    outer loop
      vertex 19.4932 71.8109 5.51016
      vertex 15.5206 74.6455 6.60796
      vertex 15.4932 74.6455 6.54189
    endloop
  endfacet
  facet normal -0.526164 -0.821911 0.218207
    outer loop
      vertex 15.5206 74.6455 6.60796
      vertex 19.4932 71.8109 5.51016
      vertex 19.5206 71.8109 5.57623
    endloop
  endfacet
  facet normal -0.400014 -0.754077 0.520919
    outer loop
      vertex 19.5641 71.8109 5.63296
      vertex 15.6208 74.6455 6.70823
      vertex 15.5641 74.6455 6.66469
    endloop
  endfacet
  facet normal -0.400014 -0.754077 0.520919
    outer loop
      vertex 15.6208 74.6455 6.70823
      vertex 19.5641 71.8109 5.63296
      vertex 19.6208 71.8109 5.6765
    endloop
  endfacet
  facet normal 0.860463 -0.496643 -0.11379
    outer loop
      vertex 20.1234 71.9088 5.43926
      vertex 20.1148 71.8939 5.43926
      vertex 20.1218 71.9099 5.42236
    endloop
  endfacet
  facet normal 0.332129 -0.496573 0.801938
    outer loop
      vertex 19.9657 71.9957 5.7993
      vertex 19.8654 71.9957 5.84084
      vertex 19.9363 71.8939 5.74844
    endloop
  endfacet
  facet normal -0.860722 0.496424 -0.11279
    outer loop
      vertex 15.3421 75.1747 6.47098
      vertex 15.3938 75.2605 6.45408
      vertex 15.3562 75.1747 6.36338
    endloop
  endfacet
  facet normal -0.860708 0.49622 -0.113786
    outer loop
      vertex 15.3938 75.2605 6.45408
      vertex 15.3421 75.1747 6.47098
      vertex 15.3922 75.2616 6.47098
    endloop
  endfacet
  facet normal 0.113334 -0.496509 -0.860601
    outer loop
      vertex 19.8502 71.8939 5.09441
      vertex 19.7578 71.9957 5.02351
      vertex 19.8654 71.9957 5.03768
    endloop
  endfacet
  facet normal -0.588323 0.25691 -0.766729
    outer loop
      vertex 15.5347 75.0613 6.08461
      vertex 15.4423 75.0613 6.15551
      vertex 15.4638 75.1747 6.17701
    endloop
  endfacet
  facet normal 0.128488 -0.174034 0.976321
    outer loop
      vertex 19.8407 72.1091 5.8745
      vertex 16.9698 74.1437 6.615
      vertex 19.7578 72.1091 5.88541
    endloop
  endfacet
  facet normal 0.271685 -0.704361 -0.655792
    outer loop
      vertex 19.9363 71.8939 5.13008
      vertex 19.8287 71.8109 5.17465
      vertex 19.8502 71.8939 5.09441
    endloop
  endfacet
  facet normal -0.56277 -0.704552 -0.432315
    outer loop
      vertex 19.5206 71.8109 5.30229
      vertex 19.4486 71.8939 5.26075
      vertex 19.5054 71.8939 5.18681
    endloop
  endfacet
  facet normal 0.56297 -0.704173 0.432672
    outer loop
      vertex 20.067 71.8939 5.61776
      vertex 19.9515 71.8109 5.63296
      vertex 19.9951 71.8109 5.57623
    endloop
  endfacet
  facet normal 0.0926929 -0.704359 0.703766
    outer loop
      vertex 19.7578 71.8939 5.79627
      vertex 19.7578 71.8109 5.7132
      vertex 19.8502 71.8939 5.7841
    endloop
  endfacet
  facet normal -0.893009 -0.257173 0.369321
    outer loop
      vertex 15.3714 74.9438 6.69406
      vertex 15.3269 74.9438 6.58646
      vertex 15.3978 74.8303 6.67886
    endloop
  endfacet
  facet normal -0.588385 -0.256672 0.766761
    outer loop
      vertex 15.5347 74.9438 6.85736
      vertex 15.4638 74.8303 6.76496
      vertex 15.5499 74.8303 6.83103
    endloop
  endfacet
  facet normal -0.527517 0.49853 0.68789
    outer loop
      vertex 15.4866 75.1947 6.76795
      vertex 15.4638 75.1747 6.76496
      vertex 15.5148 75.1747 6.80407
    endloop
  endfacet
  facet normal -0.92409 0 0.382175
    outer loop
      vertex 15.3269 74.9438 6.58646
      vertex 15.3714 75.0613 6.69406
      vertex 15.3269 75.0613 6.58646
    endloop
  endfacet
  facet normal -0.92409 0 0.382175
    outer loop
      vertex 15.3714 75.0613 6.69406
      vertex 15.3269 74.9438 6.58646
      vertex 15.3714 74.9438 6.69406
    endloop
  endfacet
  facet normal -0.892957 0.257384 0.369299
    outer loop
      vertex 15.3978 75.1747 6.67886
      vertex 15.3269 75.0613 6.58646
      vertex 15.3714 75.0613 6.69406
    endloop
  endfacet
  facet normal -0.588385 -0.256672 -0.766761
    outer loop
      vertex 15.5499 74.8303 6.11094
      vertex 15.4638 74.8303 6.17701
      vertex 15.5347 74.9438 6.08461
    endloop
  endfacet
  facet normal -0.374984 -0.199645 -0.905278
    outer loop
      vertex 19.5347 72.1091 5.05288
      vertex 15.6423 74.9438 6.04004
      vertex 19.6423 72.1091 5.00831
    endloop
  endfacet
  facet normal -0.374984 -0.199645 -0.905278
    outer loop
      vertex 19.5347 72.1091 5.05288
      vertex 15.5347 74.9438 6.08461
      vertex 15.6423 74.9438 6.04004
    endloop
  endfacet
  facet normal -0.340999 -0.706792 0.61981
    outer loop
      vertex 19.6208 71.8109 5.6765
      vertex 15.5793 74.7286 6.78016
      vertex 15.6208 74.6455 6.70823
    endloop
  endfacet
  facet normal -0.114565 -0.478532 0.870564
    outer loop
      vertex 15.7578 74.8303 6.88673
      vertex 19.6502 71.9957 5.84084
      vertex 19.7578 71.9957 5.855
    endloop
  endfacet
  facet normal -0.114639 -0.478613 0.87051
    outer loop
      vertex 19.6502 71.9957 5.84084
      vertex 15.7578 74.8303 6.88673
      vertex 15.6502 74.8303 6.87256
    endloop
  endfacet
  facet normal -0.80175 -0.496541 0.33263
    outer loop
      vertex 15.3978 74.8303 6.67886
      vertex 15.3562 74.8303 6.57859
      vertex 15.4486 74.7286 6.64949
    endloop
  endfacet
  facet normal -0.688025 -0.497265 0.528534
    outer loop
      vertex 15.4638 74.8303 6.76496
      vertex 15.4486 74.7286 6.64949
      vertex 15.5054 74.7286 6.72343
    endloop
  endfacet
  facet normal -0.958236 -0.256655 -0.126138
    outer loop
      vertex 15.3421 74.8303 6.47098
      vertex 15.3117 74.9438 6.47098
      vertex 15.3269 74.9438 6.35551
    endloop
  endfacet
  facet normal -0.892586 -0.257208 -0.370316
    outer loop
      vertex 15.3978 74.8303 6.26311
      vertex 15.3562 74.8303 6.36338
      vertex 15.3714 74.9438 6.24791
    endloop
  endfacet
  facet normal -0.958449 -0.256131 0.125584
    outer loop
      vertex 15.3562 74.8303 6.57859
      vertex 15.3269 74.9438 6.58646
      vertex 15.3421 74.8303 6.47098
    endloop
  endfacet
  facet normal -0.860094 -0.497338 0.11355
    outer loop
      vertex 15.413 74.7286 6.56339
      vertex 15.3562 74.8303 6.57859
      vertex 15.4008 74.7286 6.47098
    endloop
  endfacet
  facet normal -0.0657097 -0.863912 0.499337
    outer loop
      vertex 19.7578 71.8109 5.7132
      vertex 19.6869 71.8109 5.70387
      vertex 19.7132 71.7521 5.6056
    endloop
  endfacet
  facet normal -0.598268 -0.706912 -0.377294
    outer loop
      vertex 15.5206 74.6455 6.33401
      vertex 15.4486 74.7286 6.29248
      vertex 19.5206 71.8109 5.30229
    endloop
  endfacet
  facet normal -0.465132 -0.86397 -0.192896
    outer loop
      vertex 19.5915 71.7521 5.39469
      vertex 19.4932 71.8109 5.36836
      vertex 19.5206 71.8109 5.30229
    endloop
  endfacet
  facet normal -0.332074 -0.496512 -0.801999
    outer loop
      vertex 19.6654 71.8939 5.09441
      vertex 19.5499 71.9957 5.07921
      vertex 19.6502 71.9957 5.03768
    endloop
  endfacet
  facet normal -0.36971 -0.257011 -0.892894
    outer loop
      vertex 19.6502 71.9957 5.03768
      vertex 19.5499 71.9957 5.07921
      vertex 19.6423 72.1091 5.00831
    endloop
  endfacet
  facet normal 0.158738 -0.965367 -0.207049
    outer loop
      vertex 19.8796 71.7521 5.31749
      vertex 19.7872 71.7217 5.38839
      vertex 19.8439 71.7521 5.29012
    endloop
  endfacet
  facet normal 0.68877 -0.496122 0.528639
    outer loop
      vertex 20.0872 71.9344 5.62945
      vertex 20.0578 71.9553 5.68737
      vertex 20.067 71.8939 5.61776
    endloop
  endfacet
  facet normal -0.958392 0.256343 -0.125589
    outer loop
      vertex 15.3562 75.1747 6.36338
      vertex 15.3269 75.0613 6.35551
      vertex 15.3421 75.1747 6.47098
    endloop
  endfacet
  facet normal -0.801878 0.497195 -0.331344
    outer loop
      vertex 15.4183 75.2431 6.31573
      vertex 15.3562 75.1747 6.36338
      vertex 15.4012 75.2553 6.37542
    endloop
  endfacet
  facet normal 0.802048 -0.49605 0.332646
    outer loop
      vertex 20.0872 71.9344 5.62945
      vertex 20.067 71.8939 5.61776
      vertex 20.0973 71.9273 5.59451
    endloop
  endfacet
  facet normal -0.36983 0.257037 -0.892837
    outer loop
      vertex 15.5347 75.0613 6.08461
      vertex 15.5979 75.1159 6.07415
      vertex 15.6423 75.0613 6.04004
    endloop
  endfacet
  facet normal -0.369773 0.256961 -0.892882
    outer loop
      vertex 15.5979 75.1159 6.07415
      vertex 15.5347 75.0613 6.08461
      vertex 15.5469 75.152 6.10566
    endloop
  endfacet
  facet normal -0.525869 0.496213 -0.690822
    outer loop
      vertex 15.4866 75.1947 6.17402
      vertex 15.4638 75.1747 6.17701
      vertex 15.4753 75.2028 6.18844
    endloop
  endfacet
  facet normal -0.689018 0.496671 -0.5278
    outer loop
      vertex 15.4638 75.1747 6.17701
      vertex 15.4578 75.2151 6.22286
      vertex 15.4753 75.2028 6.18844
    endloop
  endfacet
  facet normal 0.370571 -0.256605 0.892654
    outer loop
      vertex 19.9222 72.0514 5.83337
      vertex 19.9657 71.9957 5.7993
      vertex 19.9687 72.0184 5.80458
    endloop
  endfacet
  facet normal 0.369754 -0.257323 0.892786
    outer loop
      vertex 19.9657 71.9957 5.7993
      vertex 19.9222 72.0514 5.83337
      vertex 19.8654 71.9957 5.84084
    endloop
  endfacet
  facet normal 0.655514 -0.704588 -0.271767
    outer loop
      vertex 20.1027 71.8939 5.34686
      vertex 20.0224 71.8109 5.36836
      vertex 20.067 71.8939 5.26075
    endloop
  endfacet
  facet normal -0.465201 -0.863983 0.192667
    outer loop
      vertex 19.6087 71.7521 5.52536
      vertex 19.4932 71.8109 5.51016
      vertex 19.5915 71.7521 5.48383
    endloop
  endfacet
  facet normal 0.192891 -0.863968 0.465136
    outer loop
      vertex 19.8948 71.8109 5.6765
      vertex 19.8024 71.7521 5.6056
      vertex 19.8439 71.7521 5.58839
    endloop
  endfacet
  facet normal -0.0926178 -0.704319 0.703816
    outer loop
      vertex 19.7578 71.8109 5.7132
      vertex 19.6654 71.8939 5.7841
      vertex 19.6869 71.8109 5.70387
    endloop
  endfacet
  facet normal -0.126091 0.256909 0.958175
    outer loop
      vertex 15.656 75.0747 6.90014
      vertex 15.6423 75.0613 6.90193
      vertex 15.6749 75.0613 6.90622
    endloop
  endfacet
  facet normal -0.126171 0.256987 0.958143
    outer loop
      vertex 15.6439 75.0833 6.89624
      vertex 15.6423 75.0613 6.90193
      vertex 15.656 75.0747 6.90014
    endloop
  endfacet
  facet normal -0.369773 0.256961 0.892882
    outer loop
      vertex 15.5347 75.0613 6.85736
      vertex 15.5979 75.1159 6.86782
      vertex 15.5469 75.152 6.83631
    endloop
  endfacet
  facet normal -0.36983 0.257037 0.892837
    outer loop
      vertex 15.5979 75.1159 6.86782
      vertex 15.5347 75.0613 6.85736
      vertex 15.6423 75.0613 6.90193
    endloop
  endfacet
  facet normal -0.369002 0.257789 0.892963
    outer loop
      vertex 15.6439 75.0833 6.89624
      vertex 15.5979 75.1159 6.86782
      vertex 15.6423 75.0613 6.90193
    endloop
  endfacet
  facet normal -0.688824 0.496824 0.527909
    outer loop
      vertex 15.4753 75.2028 6.75352
      vertex 15.4578 75.2151 6.71911
      vertex 15.4638 75.1747 6.76496
    endloop
  endfacet
  facet normal -0.860131 0.497219 0.113787
    outer loop
      vertex 15.3938 75.2605 6.48789
      vertex 15.3562 75.1747 6.57859
      vertex 15.4012 75.2553 6.56655
    endloop
  endfacet
  facet normal -0.958394 0.256342 0.125577
    outer loop
      vertex 15.3421 75.1747 6.47098
      vertex 15.3269 75.0613 6.58646
      vertex 15.3562 75.1747 6.57859
    endloop
  endfacet
  facet normal -0.126171 0.256987 -0.958143
    outer loop
      vertex 15.656 75.0747 6.04183
      vertex 15.6423 75.0613 6.04004
      vertex 15.6439 75.0833 6.04573
    endloop
  endfacet
  facet normal -0.382688 0 -0.923878
    outer loop
      vertex 15.5347 74.9438 6.08461
      vertex 15.6423 75.0613 6.04004
      vertex 15.6423 74.9438 6.04004
    endloop
  endfacet
  facet normal -0.382688 0 -0.923878
    outer loop
      vertex 15.6423 75.0613 6.04004
      vertex 15.5347 74.9438 6.08461
      vertex 15.5347 75.0613 6.08461
    endloop
  endfacet
  facet normal -0.382688 0 0.923878
    outer loop
      vertex 15.5347 75.0613 6.85736
      vertex 15.6423 74.9438 6.90193
      vertex 15.6423 75.0613 6.90193
    endloop
  endfacet
  facet normal -0.382688 0 0.923878
    outer loop
      vertex 15.6423 74.9438 6.90193
      vertex 15.5347 75.0613 6.85736
      vertex 15.5347 74.9438 6.85736
    endloop
  endfacet
  facet normal -0.332152 -0.49687 0.801745
    outer loop
      vertex 15.6502 74.8303 6.87256
      vertex 15.5793 74.7286 6.78016
      vertex 15.6654 74.7286 6.81583
    endloop
  endfacet
  facet normal -0.271643 -0.704299 0.655875
    outer loop
      vertex 19.6654 71.8939 5.7841
      vertex 19.5793 71.8939 5.74844
      vertex 19.6208 71.8109 5.6765
    endloop
  endfacet
  facet normal -0.341573 -0.707264 0.618955
    outer loop
      vertex 19.5793 71.8939 5.74844
      vertex 15.5793 74.7286 6.78016
      vertex 19.6208 71.8109 5.6765
    endloop
  endfacet
  facet normal -0.528339 -0.497166 0.688247
    outer loop
      vertex 15.5793 74.7286 6.78016
      vertex 15.4638 74.8303 6.76496
      vertex 15.5054 74.7286 6.72343
    endloop
  endfacet
  facet normal -0.588323 0.25691 0.766729
    outer loop
      vertex 15.4638 75.1747 6.76496
      vertex 15.4423 75.0613 6.78646
      vertex 15.5347 75.0613 6.85736
    endloop
  endfacet
  facet normal -0.801737 -0.49732 0.331497
    outer loop
      vertex 15.4486 74.7286 6.64949
      vertex 15.3562 74.8303 6.57859
      vertex 15.413 74.7286 6.56339
    endloop
  endfacet
  facet normal -0.369731 -0.256799 0.892946
    outer loop
      vertex 15.6423 74.9438 6.90193
      vertex 15.5499 74.8303 6.83103
      vertex 15.6502 74.8303 6.87256
    endloop
  endfacet
  facet normal -0.704085 -0.704085 -0.0923553
    outer loop
      vertex 15.4839 74.6455 6.47098
      vertex 15.4008 74.7286 6.47098
      vertex 15.4932 74.6455 6.40008
    endloop
  endfacet
  facet normal -0.704304 -0.703782 0.0929825
    outer loop
      vertex 15.413 74.7286 6.56339
      vertex 15.4008 74.7286 6.47098
      vertex 15.4932 74.6455 6.54189
    endloop
  endfacet
  facet normal -0.92409 0 -0.382175
    outer loop
      vertex 15.3714 74.9438 6.24791
      vertex 15.3269 75.0613 6.35551
      vertex 15.3714 75.0613 6.24791
    endloop
  endfacet
  facet normal -0.92409 -0 -0.382175
    outer loop
      vertex 15.3269 75.0613 6.35551
      vertex 15.3714 74.9438 6.24791
      vertex 15.3269 74.9438 6.35551
    endloop
  endfacet
  facet normal -0.893246 -0.256206 -0.369419
    outer loop
      vertex 15.3562 74.8303 6.36338
      vertex 15.3269 74.9438 6.35551
      vertex 15.3714 74.9438 6.24791
    endloop
  endfacet
  facet normal -0.655857 -0.704182 0.271992
    outer loop
      vertex 15.5206 74.6455 6.60796
      vertex 15.4486 74.7286 6.64949
      vertex 15.4932 74.6455 6.54189
    endloop
  endfacet
  facet normal -0.656488 -0.703806 0.27144
    outer loop
      vertex 15.4486 74.7286 6.64949
      vertex 15.413 74.7286 6.56339
      vertex 15.4932 74.6455 6.54189
    endloop
  endfacet
  facet normal 0.192686 -0.8639 0.465347
    outer loop
      vertex 19.8287 71.8109 5.70387
      vertex 19.8024 71.7521 5.6056
      vertex 19.8948 71.8109 5.6765
    endloop
  endfacet
  facet normal -0.399552 -0.864018 -0.306318
    outer loop
      vertex 19.6361 71.7521 5.31749
      vertex 19.5206 71.8109 5.30229
      vertex 19.5641 71.8109 5.24555
    endloop
  endfacet
  facet normal 0.30673 -0.863881 -0.399532
    outer loop
      vertex 19.9515 71.8109 5.24555
      vertex 19.8796 71.7521 5.31749
      vertex 19.8948 71.8109 5.20202
    endloop
  endfacet
  facet normal -0.158964 -0.965391 -0.206764
    outer loop
      vertex 19.7285 71.7217 5.38839
      vertex 19.6361 71.7521 5.31749
      vertex 19.6717 71.7521 5.29012
    endloop
  endfacet
  facet normal 0.192686 -0.8639 -0.465347
    outer loop
      vertex 19.8948 71.8109 5.20202
      vertex 19.8024 71.7521 5.27292
      vertex 19.8287 71.8109 5.17465
    endloop
  endfacet
  facet normal -0.113334 -0.496509 -0.860601
    outer loop
      vertex 19.6654 71.8939 5.09441
      vertex 19.6502 71.9957 5.03768
      vertex 19.7578 71.9957 5.02351
    endloop
  endfacet
  facet normal 0.499068 -0.864033 -0.066167
    outer loop
      vertex 20.0318 71.8109 5.43926
      vertex 19.93 71.7521 5.43926
      vertex 20.0224 71.8109 5.36836
    endloop
  endfacet
  facet normal -0.563458 -0.704209 -0.431978
    outer loop
      vertex 19.5206 71.8109 5.30229
      vertex 19.5054 71.8939 5.18681
      vertex 19.5641 71.8109 5.24555
    endloop
  endfacet
  facet normal 0.241019 -0.965374 0.0998199
    outer loop
      vertex 19.907 71.7521 5.52536
      vertex 19.8146 71.7217 5.45446
      vertex 19.9242 71.7521 5.48383
    endloop
  endfacet
  facet normal -0.588269 0.25707 -0.766716
    outer loop
      vertex 15.5347 75.0613 6.08461
      vertex 15.5148 75.1747 6.1379
      vertex 15.5469 75.152 6.10566
    endloop
  endfacet
  facet normal -0.588063 0.257166 -0.766843
    outer loop
      vertex 15.5148 75.1747 6.1379
      vertex 15.5347 75.0613 6.08461
      vertex 15.4638 75.1747 6.17701
    endloop
  endfacet
  facet normal -0.527517 0.49853 -0.68789
    outer loop
      vertex 15.5148 75.1747 6.1379
      vertex 15.4638 75.1747 6.17701
      vertex 15.4866 75.1947 6.17402
    endloop
  endfacet
  facet normal 0.130479 0 -0.991451
    outer loop
      vertex 19.8407 72.1091 5.00402
      vertex 19.7578 72.1091 4.99311
      vertex 19.7578 72.1679 4.99311
    endloop
  endfacet
  facet normal 0.332139 -0.496567 0.801939
    outer loop
      vertex 19.8654 71.9957 5.84084
      vertex 19.8502 71.8939 5.7841
      vertex 19.9363 71.8939 5.74844
    endloop
  endfacet
  facet normal 0.588685 -0.256136 0.76671
    outer loop
      vertex 19.9687 72.0184 5.80458
      vertex 19.9657 71.9957 5.7993
      vertex 20.0008 71.9957 5.77235
    endloop
  endfacet
  facet normal 0.703387 -0.704663 -0.0932559
    outer loop
      vertex 20.0318 71.8109 5.43926
      vertex 20.0224 71.8109 5.36836
      vertex 20.1027 71.8939 5.34686
    endloop
  endfacet
  facet normal 0.46564 -0.863806 -0.192402
    outer loop
      vertex 20.0224 71.8109 5.36836
      vertex 19.9242 71.7521 5.39469
      vertex 19.9951 71.8109 5.30229
    endloop
  endfacet
  facet normal 0.689242 -0.496324 -0.527834
    outer loop
      vertex 20.0677 71.9483 5.21061
      vertex 20.0103 71.8939 5.18681
      vertex 20.0404 71.9677 5.15672
    endloop
  endfacet
  facet normal 0.656237 -0.704151 0.271156
    outer loop
      vertex 20.067 71.8939 5.61776
      vertex 19.9951 71.8109 5.57623
      vertex 20.0224 71.8109 5.51016
    endloop
  endfacet
  facet normal 0.43222 -0.70454 0.562858
    outer loop
      vertex 20.0103 71.8939 5.6917
      vertex 19.8948 71.8109 5.6765
      vertex 19.9515 71.8109 5.63296
    endloop
  endfacet
  facet normal 0.128488 -0.174039 0.97632
    outer loop
      vertex 15.7578 74.9438 6.91713
      vertex 16.9698 74.1437 6.615
      vertex 15.8407 74.9438 6.90622
    endloop
  endfacet
  facet normal 0.128522 -0.173989 0.976325
    outer loop
      vertex 16.9698 74.1437 6.615
      vertex 15.7578 74.9438 6.91713
      vertex 19.7578 72.1091 5.88541
    endloop
  endfacet
  facet normal -0.860131 0.497219 -0.113787
    outer loop
      vertex 15.4012 75.2553 6.37542
      vertex 15.3562 75.1747 6.36338
      vertex 15.3938 75.2605 6.45408
    endloop
  endfacet
  facet normal -0.588357 -0.256699 0.766773
    outer loop
      vertex 15.5347 74.9438 6.85736
      vertex 15.4423 74.9438 6.78646
      vertex 15.4638 74.8303 6.76496
    endloop
  endfacet
  facet normal -0.2878 -0.65902 0.694884
    outer loop
      vertex 19.6654 71.8939 5.7841
      vertex 15.5793 74.7286 6.78016
      vertex 19.5793 71.8939 5.74844
    endloop
  endfacet
  facet normal -0.287852 -0.659071 0.694814
    outer loop
      vertex 15.6654 74.7286 6.81583
      vertex 15.5793 74.7286 6.78016
      vertex 19.6654 71.8939 5.7841
    endloop
  endfacet
  facet normal -0.860563 -0.496706 0.112758
    outer loop
      vertex 15.3562 74.8303 6.57859
      vertex 15.3421 74.8303 6.47098
      vertex 15.4008 74.7286 6.47098
    endloop
  endfacet
  facet normal -0.860562 -0.496706 -0.112769
    outer loop
      vertex 15.4008 74.7286 6.47098
      vertex 15.3421 74.8303 6.47098
      vertex 15.3562 74.8303 6.36338
    endloop
  endfacet
  facet normal -0.0340282 -0.965381 0.258615
    outer loop
      vertex 19.7578 71.7521 5.61147
      vertex 19.7426 71.7217 5.49599
      vertex 19.7578 71.7217 5.49799
    endloop
  endfacet
  facet normal -0.399244 -0.864032 0.30668
    outer loop
      vertex 19.6361 71.7521 5.56103
      vertex 19.5641 71.8109 5.63296
      vertex 19.6087 71.7521 5.52536
    endloop
  endfacet
  facet normal 0.0996422 -0.965386 -0.241042
    outer loop
      vertex 19.7872 71.7217 5.38839
      vertex 19.773 71.7217 5.38252
      vertex 19.8024 71.7521 5.27292
    endloop
  endfacet
  facet normal -0.192686 -0.8639 0.465347
    outer loop
      vertex 19.6869 71.8109 5.70387
      vertex 19.6208 71.8109 5.6765
      vertex 19.7132 71.7521 5.6056
    endloop
  endfacet
  facet normal -0.192891 -0.863968 0.465136
    outer loop
      vertex 19.7132 71.7521 5.6056
      vertex 19.6208 71.8109 5.6765
      vertex 19.6717 71.7521 5.58839
    endloop
  endfacet
  facet normal -0.332202 -0.496638 -0.801868
    outer loop
      vertex 19.5793 71.8939 5.13008
      vertex 19.5499 71.9957 5.07921
      vertex 19.6654 71.8939 5.09441
    endloop
  endfacet
  facet normal -0.258648 -0.965372 -0.0340326
    outer loop
      vertex 19.6991 71.7217 5.43926
      vertex 19.5915 71.7521 5.39469
      vertex 19.7011 71.7217 5.42406
    endloop
  endfacet
  facet normal -0.432297 -0.70427 -0.563136
    outer loop
      vertex 19.5641 71.8109 5.24555
      vertex 19.5054 71.8939 5.18681
      vertex 19.5793 71.8939 5.13008
    endloop
  endfacet
  facet normal -0.0926177 -0.704362 -0.703773
    outer loop
      vertex 19.6869 71.8109 5.17465
      vertex 19.6654 71.8939 5.09441
      vertex 19.7578 71.8939 5.08225
    endloop
  endfacet
  facet normal -0.113254 -0.496566 -0.860579
    outer loop
      vertex 19.7578 71.8939 5.08225
      vertex 19.6654 71.8939 5.09441
      vertex 19.7578 71.9957 5.02351
    endloop
  endfacet
  facet normal 0.113254 -0.496566 -0.860579
    outer loop
      vertex 19.8502 71.8939 5.09441
      vertex 19.7578 71.8939 5.08225
      vertex 19.7578 71.9957 5.02351
    endloop
  endfacet
  facet normal 0.528434 -0.496351 -0.688762
    outer loop
      vertex 20.0103 71.8939 5.18681
      vertex 20.0008 71.9957 5.10616
      vertex 20.0404 71.9677 5.15672
    endloop
  endfacet
  facet normal 0.528733 -0.496217 -0.688629
    outer loop
      vertex 20.0008 71.9957 5.10616
      vertex 20.0103 71.8939 5.18681
      vertex 19.9657 71.9957 5.07921
    endloop
  endfacet
  facet normal 0.0926119 -0.704365 -0.703771
    outer loop
      vertex 19.8287 71.8109 5.17465
      vertex 19.7578 71.8109 5.16532
      vertex 19.7578 71.8939 5.08225
    endloop
  endfacet
  facet normal -0.369002 0.257789 -0.892963
    outer loop
      vertex 15.6423 75.0613 6.04004
      vertex 15.5979 75.1159 6.07415
      vertex 15.6439 75.0833 6.04573
    endloop
  endfacet
  facet normal 0.332074 -0.496512 -0.801999
    outer loop
      vertex 19.9657 71.9957 5.07921
      vertex 19.8502 71.8939 5.09441
      vertex 19.8654 71.9957 5.03768
    endloop
  endfacet
  facet normal 0.125217 -0.256936 -0.958282
    outer loop
      vertex 19.8654 71.9957 5.03768
      vertex 19.8596 72.0957 5.01011
      vertex 19.8718 72.0871 5.01401
    endloop
  endfacet
  facet normal 0.126184 -0.256851 -0.958178
    outer loop
      vertex 19.8596 72.0957 5.01011
      vertex 19.8654 71.9957 5.03768
      vertex 19.7578 71.9957 5.02351
    endloop
  endfacet
  facet normal 0.271643 -0.704299 0.655875
    outer loop
      vertex 19.9363 71.8939 5.74844
      vertex 19.8502 71.8939 5.7841
      vertex 19.8948 71.8109 5.6765
    endloop
  endfacet
  facet normal 0.530676 -0.496514 0.686918
    outer loop
      vertex 20.0291 71.9756 5.73623
      vertex 20.0103 71.8939 5.6917
      vertex 20.0404 71.9677 5.72179
    endloop
  endfacet
  facet normal 0.528051 -0.496871 0.688681
    outer loop
      vertex 20.0103 71.8939 5.6917
      vertex 20.0291 71.9756 5.73623
      vertex 19.9363 71.8939 5.74844
    endloop
  endfacet
  facet normal 0.656221 -0.704167 -0.271149
    outer loop
      vertex 20.0224 71.8109 5.36836
      vertex 19.9951 71.8109 5.30229
      vertex 20.067 71.8939 5.26075
    endloop
  endfacet
  facet normal 0.271589 -0.704295 -0.655902
    outer loop
      vertex 19.8948 71.8109 5.20202
      vertex 19.8287 71.8109 5.17465
      vertex 19.9363 71.8939 5.13008
    endloop
  endfacet
  facet normal 0.689029 -0.496044 -0.528374
    outer loop
      vertex 20.0103 71.8939 5.18681
      vertex 20.0872 71.9344 5.24907
      vertex 20.067 71.8939 5.26075
    endloop
  endfacet
  facet normal 0.689056 -0.495811 -0.528558
    outer loop
      vertex 20.0872 71.9344 5.24907
      vertex 20.0103 71.8939 5.18681
      vertex 20.0677 71.9483 5.21061
    endloop
  endfacet
  facet normal 0.802044 -0.496142 -0.332519
    outer loop
      vertex 20.1027 71.8939 5.34686
      vertex 20.0973 71.9273 5.284
      vertex 20.1145 71.9151 5.34369
    endloop
  endfacet
  facet normal 0.802047 -0.496138 -0.332518
    outer loop
      vertex 20.0973 71.9273 5.284
      vertex 20.1027 71.8939 5.34686
      vertex 20.067 71.8939 5.26075
    endloop
  endfacet
  facet normal 0.0657204 -0.86391 0.49934
    outer loop
      vertex 19.7578 71.8109 5.7132
      vertex 19.7578 71.7521 5.61147
      vertex 19.8024 71.7521 5.6056
    endloop
  endfacet
  facet normal 0.271576 -0.70433 0.65587
    outer loop
      vertex 19.8502 71.8939 5.7841
      vertex 19.8287 71.8109 5.70387
      vertex 19.8948 71.8109 5.6765
    endloop
  endfacet
  facet normal 0.130479 0 0.991451
    outer loop
      vertex 15.7578 75.0025 6.91713
      vertex 15.7578 74.9438 6.91713
      vertex 15.8407 74.9438 6.90622
    endloop
  endfacet
  facet normal -0.369867 -0.256676 0.892925
    outer loop
      vertex 15.6423 74.9438 6.90193
      vertex 15.5347 74.9438 6.85736
      vertex 15.5499 74.8303 6.83103
    endloop
  endfacet
  facet normal -0.766773 -0.256699 0.588357
    outer loop
      vertex 15.4423 74.9438 6.78646
      vertex 15.3714 74.9438 6.69406
      vertex 15.4638 74.8303 6.76496
    endloop
  endfacet
  facet normal -0.126106 -0.256656 0.95824
    outer loop
      vertex 15.7578 74.9438 6.91713
      vertex 15.6423 74.9438 6.90193
      vertex 15.7578 74.8303 6.88673
    endloop
  endfacet
  facet normal -0.130478 2.12619e-06 0.991451
    outer loop
      vertex 15.6423 74.9438 6.90193
      vertex 15.7578 75.0025 6.91713
      vertex 15.6749 75.0613 6.90622
    endloop
  endfacet
  facet normal -0.13047 0 0.991452
    outer loop
      vertex 15.6423 74.9438 6.90193
      vertex 15.6749 75.0613 6.90622
      vertex 15.6423 75.0613 6.90193
    endloop
  endfacet
  facet normal -0.130477 0 0.991451
    outer loop
      vertex 15.7578 75.0025 6.91713
      vertex 15.6423 74.9438 6.90193
      vertex 15.7578 74.9438 6.91713
    endloop
  endfacet
  facet normal -0.499438 -0.863823 0.0661136
    outer loop
      vertex 19.5915 71.7521 5.48383
      vertex 19.4839 71.8109 5.43926
      vertex 19.5856 71.7521 5.43926
    endloop
  endfacet
  facet normal -0.499458 -0.863858 -0.0655142
    outer loop
      vertex 19.5856 71.7521 5.43926
      vertex 19.4839 71.8109 5.43926
      vertex 19.4932 71.8109 5.36836
    endloop
  endfacet
  facet normal 0.861073 -0.495822 -0.11276
    outer loop
      vertex 20.1027 71.8939 5.34686
      vertex 20.1218 71.9099 5.42236
      vertex 20.1148 71.8939 5.43926
    endloop
  endfacet
  facet normal 0.860948 -0.496056 -0.112678
    outer loop
      vertex 20.1218 71.9099 5.42236
      vertex 20.1027 71.8939 5.34686
      vertex 20.1145 71.9151 5.34369
    endloop
  endfacet
  facet normal 0.499468 -0.863798 0.06622
    outer loop
      vertex 20.0224 71.8109 5.51016
      vertex 19.9242 71.7521 5.48383
      vertex 20.0318 71.8109 5.43926
    endloop
  endfacet
  facet normal -0.306864 -0.863949 0.399283
    outer loop
      vertex 19.6717 71.7521 5.58839
      vertex 19.6208 71.8109 5.6765
      vertex 19.6361 71.7521 5.56103
    endloop
  endfacet
  facet normal -0.306651 -0.864 0.399337
    outer loop
      vertex 19.6208 71.8109 5.6765
      vertex 19.5641 71.8109 5.63296
      vertex 19.6361 71.7521 5.56103
    endloop
  endfacet
  facet normal 0.0999195 -0.965382 0.240945
    outer loop
      vertex 19.8024 71.7521 5.6056
      vertex 19.773 71.7217 5.49599
      vertex 19.8439 71.7521 5.58839
    endloop
  endfacet
  facet normal -0.528467 -0.496798 -0.688414
    outer loop
      vertex 19.5054 71.8939 5.18681
      vertex 19.4638 71.9957 5.14528
      vertex 19.5793 71.8939 5.13008
    endloop
  endfacet
  facet normal -0.271685 -0.704361 -0.655792
    outer loop
      vertex 19.6869 71.8109 5.17465
      vertex 19.5793 71.8939 5.13008
      vertex 19.6654 71.8939 5.09441
    endloop
  endfacet
  facet normal -0.0657097 -0.863912 -0.499337
    outer loop
      vertex 19.7132 71.7521 5.27292
      vertex 19.6869 71.8109 5.17465
      vertex 19.7578 71.8109 5.16532
    endloop
  endfacet
  facet normal 0.0926177 -0.704362 -0.703773
    outer loop
      vertex 19.8287 71.8109 5.17465
      vertex 19.7578 71.8939 5.08225
      vertex 19.8502 71.8939 5.09441
    endloop
  endfacet
  facet normal -0.0926119 -0.704365 -0.703771
    outer loop
      vertex 19.7578 71.8109 5.16532
      vertex 19.6869 71.8109 5.17465
      vertex 19.7578 71.8939 5.08225
    endloop
  endfacet
  facet normal -0.432329 -0.704256 -0.56313
    outer loop
      vertex 19.6208 71.8109 5.20202
      vertex 19.5641 71.8109 5.24555
      vertex 19.5793 71.8939 5.13008
    endloop
  endfacet
  facet normal 0.655505 -0.704586 0.271795
    outer loop
      vertex 20.067 71.8939 5.61776
      vertex 20.0224 71.8109 5.51016
      vertex 20.1027 71.8939 5.53166
    endloop
  endfacet
  facet normal 0.703609 -0.704588 0.0921393
    outer loop
      vertex 20.1027 71.8939 5.53166
      vertex 20.0224 71.8109 5.51016
      vertex 20.1148 71.8939 5.43926
    endloop
  endfacet
  facet normal 0.370825 -0.256245 -0.892652
    outer loop
      vertex 19.9657 71.9957 5.07921
      vertex 19.9222 72.0514 5.04515
      vertex 19.9687 72.0184 5.07394
    endloop
  endfacet
  facet normal 0.369686 -0.257247 -0.892836
    outer loop
      vertex 19.9222 72.0514 5.04515
      vertex 19.9657 71.9957 5.07921
      vertex 19.8654 71.9957 5.03768
    endloop
  endfacet
  facet normal 0.588736 -0.25582 -0.766776
    outer loop
      vertex 20.0008 71.9957 5.10616
      vertex 19.9657 71.9957 5.07921
      vertex 19.9687 72.0184 5.07394
    endloop
  endfacet
  facet normal 0.369571 -0.257119 -0.89292
    outer loop
      vertex 19.9222 72.0514 5.04515
      vertex 19.8654 71.9957 5.03768
      vertex 19.8718 72.0871 5.01401
    endloop
  endfacet
  facet normal 0.465351 -0.863899 -0.192683
    outer loop
      vertex 19.9242 71.7521 5.39469
      vertex 19.907 71.7521 5.35315
      vertex 19.9951 71.8109 5.30229
    endloop
  endfacet
  facet normal 0.399403 -0.863878 -0.306908
    outer loop
      vertex 19.9951 71.8109 5.30229
      vertex 19.8796 71.7521 5.31749
      vertex 19.9515 71.8109 5.24555
    endloop
  endfacet
  facet normal 0.563376 -0.70425 -0.432018
    outer loop
      vertex 20.067 71.8939 5.26075
      vertex 19.9951 71.8109 5.30229
      vertex 20.0103 71.8939 5.18681
    endloop
  endfacet
  facet normal 0.562669 -0.704603 -0.432364
    outer loop
      vertex 19.9951 71.8109 5.30229
      vertex 19.9515 71.8109 5.24555
      vertex 20.0103 71.8939 5.18681
    endloop
  endfacet
  facet normal 0.431968 -0.704284 0.563371
    outer loop
      vertex 19.9363 71.8939 5.74844
      vertex 19.8948 71.8109 5.6765
      vertex 20.0103 71.8939 5.6917
    endloop
  endfacet
  facet normal 0.399478 -0.86386 0.30686
    outer loop
      vertex 19.9515 71.8109 5.63296
      vertex 19.8796 71.7521 5.56103
      vertex 19.907 71.7521 5.52536
    endloop
  endfacet
  facet normal 0.0926178 -0.704319 0.703816
    outer loop
      vertex 19.8502 71.8939 5.7841
      vertex 19.7578 71.8109 5.7132
      vertex 19.8287 71.8109 5.70387
    endloop
  endfacet
  facet normal -0.0657204 -0.86391 0.49934
    outer loop
      vertex 19.7578 71.8109 5.7132
      vertex 19.7132 71.7521 5.6056
      vertex 19.7578 71.7521 5.61147
    endloop
  endfacet
  facet normal -0.688874 -0.496596 0.528057
    outer loop
      vertex 15.4638 74.8303 6.76496
      vertex 15.3978 74.8303 6.67886
      vertex 15.4486 74.7286 6.64949
    endloop
  endfacet
  facet normal -0.766966 -0.25713 0.587918
    outer loop
      vertex 15.4638 74.8303 6.76496
      vertex 15.3714 74.9438 6.69406
      vertex 15.3978 74.8303 6.67886
    endloop
  endfacet
  facet normal -0.528253 -0.497046 0.6884
    outer loop
      vertex 15.5499 74.8303 6.83103
      vertex 15.4638 74.8303 6.76496
      vertex 15.5793 74.7286 6.78016
    endloop
  endfacet
  facet normal -0.331968 -0.496996 0.801743
    outer loop
      vertex 15.6502 74.8303 6.87256
      vertex 15.5499 74.8303 6.83103
      vertex 15.5793 74.7286 6.78016
    endloop
  endfacet
  facet normal -0.608756 0 0.793358
    outer loop
      vertex 15.4423 75.0613 6.78646
      vertex 15.5347 74.9438 6.85736
      vertex 15.5347 75.0613 6.85736
    endloop
  endfacet
  facet normal -0.608756 0 0.793358
    outer loop
      vertex 15.5347 74.9438 6.85736
      vertex 15.4423 75.0613 6.78646
      vertex 15.4423 74.9438 6.78646
    endloop
  endfacet
  facet normal -0.793358 0 0.608756
    outer loop
      vertex 15.3714 74.9438 6.69406
      vertex 15.4423 75.0613 6.78646
      vertex 15.3714 75.0613 6.69406
    endloop
  endfacet
  facet normal -0.793358 0 0.608756
    outer loop
      vertex 15.4423 75.0613 6.78646
      vertex 15.3714 74.9438 6.69406
      vertex 15.4423 74.9438 6.78646
    endloop
  endfacet
  facet normal -0.25857 -0.965386 -0.0342285
    outer loop
      vertex 19.6991 71.7217 5.43926
      vertex 19.5856 71.7521 5.43926
      vertex 19.5915 71.7521 5.39469
    endloop
  endfacet
  facet normal -0.499125 -0.864008 -0.0660722
    outer loop
      vertex 19.5856 71.7521 5.43926
      vertex 19.4932 71.8109 5.36836
      vertex 19.5915 71.7521 5.39469
    endloop
  endfacet
  facet normal 0.399358 -0.863892 0.306928
    outer loop
      vertex 19.9515 71.8109 5.63296
      vertex 19.907 71.7521 5.52536
      vertex 19.9951 71.8109 5.57623
    endloop
  endfacet
  facet normal 0.206908 -0.965364 0.158937
    outer loop
      vertex 19.8796 71.7521 5.56103
      vertex 19.7994 71.7217 5.48079
      vertex 19.907 71.7521 5.52536
    endloop
  endfacet
  facet normal 0.499744 -0.863728 -0.0650329
    outer loop
      vertex 19.93 71.7521 5.43926
      vertex 19.9242 71.7521 5.39469
      vertex 20.0224 71.8109 5.36836
    endloop
  endfacet
  facet normal 0.258788 -0.965347 -0.0336767
    outer loop
      vertex 19.93 71.7521 5.43926
      vertex 19.8166 71.7217 5.43926
      vertex 19.9242 71.7521 5.39469
    endloop
  endfacet
  facet normal 0.46564 -0.863806 0.192402
    outer loop
      vertex 19.9951 71.8109 5.57623
      vertex 19.9242 71.7521 5.48383
      vertex 20.0224 71.8109 5.51016
    endloop
  endfacet
  facet normal 0.258648 -0.965372 0.0340326
    outer loop
      vertex 19.9242 71.7521 5.48383
      vertex 19.8146 71.7217 5.45446
      vertex 19.8166 71.7217 5.43926
    endloop
  endfacet
  facet normal -0.399654 -0.863924 0.306451
    outer loop
      vertex 19.5641 71.8109 5.63296
      vertex 19.5206 71.8109 5.57623
      vertex 19.6087 71.7521 5.52536
    endloop
  endfacet
  facet normal -0.465205 -0.863924 0.192926
    outer loop
      vertex 19.5206 71.8109 5.57623
      vertex 19.4932 71.8109 5.51016
      vertex 19.6087 71.7521 5.52536
    endloop
  endfacet
  facet normal -0.0340375 -0.96538 0.258616
    outer loop
      vertex 19.7578 71.7521 5.61147
      vertex 19.7132 71.7521 5.6056
      vertex 19.7426 71.7217 5.49599
    endloop
  endfacet
  facet normal 0.0657097 -0.863912 0.499337
    outer loop
      vertex 19.8287 71.8109 5.70387
      vertex 19.7578 71.8109 5.7132
      vertex 19.8024 71.7521 5.6056
    endloop
  endfacet
  facet normal -0.207134 -0.965401 0.158416
    outer loop
      vertex 19.7163 71.7217 5.48079
      vertex 19.6087 71.7521 5.52536
      vertex 19.707 71.7217 5.46863
    endloop
  endfacet
  facet normal -0.206908 -0.965364 0.158937
    outer loop
      vertex 19.6361 71.7521 5.56103
      vertex 19.6087 71.7521 5.52536
      vertex 19.7163 71.7217 5.48079
    endloop
  endfacet
  facet normal 0.465318 -0.86391 0.192715
    outer loop
      vertex 19.9951 71.8109 5.57623
      vertex 19.907 71.7521 5.52536
      vertex 19.9242 71.7521 5.48383
    endloop
  endfacet
  facet normal 0.158719 -0.965359 0.2071
    outer loop
      vertex 19.8439 71.7521 5.58839
      vertex 19.7994 71.7217 5.48079
      vertex 19.8796 71.7521 5.56103
    endloop
  endfacet
  facet normal 0.431918 -0.704288 -0.563405
    outer loop
      vertex 20.0103 71.8939 5.18681
      vertex 19.8948 71.8109 5.20202
      vertex 19.9363 71.8939 5.13008
    endloop
  endfacet
  facet normal 0.43216 -0.704535 -0.56291
    outer loop
      vertex 19.9515 71.8109 5.24555
      vertex 19.8948 71.8109 5.20202
      vertex 20.0103 71.8939 5.18681
    endloop
  endfacet
  facet normal 0.0998868 -0.96537 -0.241006
    outer loop
      vertex 19.8439 71.7521 5.29012
      vertex 19.7872 71.7217 5.38839
      vertex 19.8024 71.7521 5.27292
    endloop
  endfacet
  facet normal 0.0340402 -0.965375 -0.258636
    outer loop
      vertex 19.8024 71.7521 5.27292
      vertex 19.7578 71.7217 5.38052
      vertex 19.7578 71.7521 5.26705
    endloop
  endfacet
  facet normal -0.0340402 -0.965375 -0.258636
    outer loop
      vertex 19.7578 71.7217 5.38052
      vertex 19.7132 71.7521 5.27292
      vertex 19.7578 71.7521 5.26705
    endloop
  endfacet
  facet normal 0.399407 -0.863882 -0.306891
    outer loop
      vertex 19.907 71.7521 5.35315
      vertex 19.8796 71.7521 5.31749
      vertex 19.9951 71.8109 5.30229
    endloop
  endfacet
  facet normal -0.306592 -0.864014 -0.399352
    outer loop
      vertex 19.6361 71.7521 5.31749
      vertex 19.5641 71.8109 5.24555
      vertex 19.6208 71.8109 5.20202
    endloop
  endfacet
  facet normal -0.0998551 -0.965392 -0.24093
    outer loop
      vertex 19.7285 71.7217 5.38839
      vertex 19.6717 71.7521 5.29012
      vertex 19.7132 71.7521 5.27292
    endloop
  endfacet
  facet normal -0.192686 -0.8639 -0.465347
    outer loop
      vertex 19.7132 71.7521 5.27292
      vertex 19.6208 71.8109 5.20202
      vertex 19.6869 71.8109 5.17465
    endloop
  endfacet
  facet normal -0.271589 -0.704295 -0.655902
    outer loop
      vertex 19.6208 71.8109 5.20202
      vertex 19.5793 71.8939 5.13008
      vertex 19.6869 71.8109 5.17465
    endloop
  endfacet
  facet normal 0.802049 -0.495992 -0.332729
    outer loop
      vertex 20.0973 71.9273 5.284
      vertex 20.067 71.8939 5.26075
      vertex 20.0872 71.9344 5.24907
    endloop
  endfacet
  facet normal 0.528051 -0.496701 -0.688803
    outer loop
      vertex 20.0103 71.8939 5.18681
      vertex 19.9363 71.8939 5.13008
      vertex 19.9657 71.9957 5.07921
    endloop
  endfacet
  facet normal 0.332202 -0.496638 -0.801868
    outer loop
      vertex 19.9363 71.8939 5.13008
      vertex 19.8502 71.8939 5.09441
      vertex 19.9657 71.9957 5.07921
    endloop
  endfacet
  facet normal 0.563135 -0.704556 0.431833
    outer loop
      vertex 20.0103 71.8939 5.6917
      vertex 19.9515 71.8109 5.63296
      vertex 20.067 71.8939 5.61776
    endloop
  endfacet
  facet normal 0.689599 -0.496292 0.527398
    outer loop
      vertex 20.0103 71.8939 5.6917
      vertex 20.0578 71.9553 5.68737
      vertex 20.0404 71.9677 5.72179
    endloop
  endfacet
  facet normal 0.689119 -0.495847 0.528442
    outer loop
      vertex 20.0578 71.9553 5.68737
      vertex 20.0103 71.8939 5.6917
      vertex 20.067 71.8939 5.61776
    endloop
  endfacet
  facet normal 0.258788 -0.965347 0.0336767
    outer loop
      vertex 19.9242 71.7521 5.48383
      vertex 19.8166 71.7217 5.43926
      vertex 19.93 71.7521 5.43926
    endloop
  endfacet
  facet normal 0.499108 -0.864102 0.0649501
    outer loop
      vertex 20.0318 71.8109 5.43926
      vertex 19.9242 71.7521 5.48383
      vertex 19.93 71.7521 5.43926
    endloop
  endfacet
  facet normal 0.70402 -0.70402 0.0933397
    outer loop
      vertex 20.1148 71.8939 5.43926
      vertex 20.0224 71.8109 5.51016
      vertex 20.0318 71.8109 5.43926
    endloop
  endfacet
  facet normal 0.704095 -0.704095 -0.0922029
    outer loop
      vertex 20.1148 71.8939 5.43926
      vertex 20.0318 71.8109 5.43926
      vertex 20.1027 71.8939 5.34686
    endloop
  endfacet
  facet normal -0.240961 -0.96539 0.0997959
    outer loop
      vertex 19.6087 71.7521 5.52536
      vertex 19.5915 71.7521 5.48383
      vertex 19.707 71.7217 5.46863
    endloop
  endfacet
  facet normal 0 -1 0
    outer loop
      vertex 19.7426 71.7217 5.49599
      vertex 19.773 71.7217 5.49599
      vertex 19.7578 71.7217 5.49799
    endloop
  endfacet
  facet normal 0 -1 0
    outer loop
      vertex 19.7285 71.7217 5.49013
      vertex 19.773 71.7217 5.49599
      vertex 19.7426 71.7217 5.49599
    endloop
  endfacet
  facet normal 0 -1 0
    outer loop
      vertex 19.7285 71.7217 5.49013
      vertex 19.7872 71.7217 5.49013
      vertex 19.773 71.7217 5.49599
    endloop
  endfacet
  facet normal 0 -1 0
    outer loop
      vertex 19.7163 71.7217 5.48079
      vertex 19.7872 71.7217 5.49013
      vertex 19.7285 71.7217 5.49013
    endloop
  endfacet
  facet normal 0 -1 0
    outer loop
      vertex 19.7163 71.7217 5.48079
      vertex 19.7994 71.7217 5.48079
      vertex 19.7872 71.7217 5.49013
    endloop
  endfacet
  facet normal 0 -1 0
    outer loop
      vertex 19.707 71.7217 5.46863
      vertex 19.7994 71.7217 5.48079
      vertex 19.7163 71.7217 5.48079
    endloop
  endfacet
  facet normal 0 -1 0
    outer loop
      vertex 19.707 71.7217 5.46863
      vertex 19.8087 71.7217 5.46863
      vertex 19.7994 71.7217 5.48079
    endloop
  endfacet
  facet normal 0 -1 0
    outer loop
      vertex 19.7011 71.7217 5.45446
      vertex 19.8087 71.7217 5.46863
      vertex 19.707 71.7217 5.46863
    endloop
  endfacet
  facet normal 0 -1 0
    outer loop
      vertex 19.7011 71.7217 5.45446
      vertex 19.8146 71.7217 5.45446
      vertex 19.8087 71.7217 5.46863
    endloop
  endfacet
  facet normal 0 -1 0
    outer loop
      vertex 19.6991 71.7217 5.43926
      vertex 19.8146 71.7217 5.45446
      vertex 19.7011 71.7217 5.45446
    endloop
  endfacet
  facet normal 0 -1 0
    outer loop
      vertex 19.6991 71.7217 5.43926
      vertex 19.8166 71.7217 5.43926
      vertex 19.8146 71.7217 5.45446
    endloop
  endfacet
  facet normal 0 -1 0
    outer loop
      vertex 19.7011 71.7217 5.42406
      vertex 19.8166 71.7217 5.43926
      vertex 19.6991 71.7217 5.43926
    endloop
  endfacet
  facet normal 0 -1 0
    outer loop
      vertex 19.7011 71.7217 5.42406
      vertex 19.8146 71.7217 5.42406
      vertex 19.8166 71.7217 5.43926
    endloop
  endfacet
  facet normal 0 -1 0
    outer loop
      vertex 19.707 71.7217 5.40989
      vertex 19.8146 71.7217 5.42406
      vertex 19.7011 71.7217 5.42406
    endloop
  endfacet
  facet normal 0 -1 0
    outer loop
      vertex 19.707 71.7217 5.40989
      vertex 19.8087 71.7217 5.40989
      vertex 19.8146 71.7217 5.42406
    endloop
  endfacet
  facet normal 0 -1 0
    outer loop
      vertex 19.7163 71.7217 5.39773
      vertex 19.8087 71.7217 5.40989
      vertex 19.707 71.7217 5.40989
    endloop
  endfacet
  facet normal 0 -1 0
    outer loop
      vertex 19.7163 71.7217 5.39773
      vertex 19.7994 71.7217 5.39773
      vertex 19.8087 71.7217 5.40989
    endloop
  endfacet
  facet normal 0 -1 0
    outer loop
      vertex 19.7285 71.7217 5.38839
      vertex 19.7994 71.7217 5.39773
      vertex 19.7163 71.7217 5.39773
    endloop
  endfacet
  facet normal 0 -1 0
    outer loop
      vertex 19.7285 71.7217 5.38839
      vertex 19.7872 71.7217 5.38839
      vertex 19.7994 71.7217 5.39773
    endloop
  endfacet
  facet normal 0 -1 0
    outer loop
      vertex 19.7426 71.7217 5.38252
      vertex 19.7872 71.7217 5.38839
      vertex 19.7285 71.7217 5.38839
    endloop
  endfacet
  facet normal 0 -1 0
    outer loop
      vertex 19.7426 71.7217 5.38252
      vertex 19.773 71.7217 5.38252
      vertex 19.7872 71.7217 5.38839
    endloop
  endfacet
  facet normal -0 -1 0
    outer loop
      vertex 19.773 71.7217 5.38252
      vertex 19.7426 71.7217 5.38252
      vertex 19.7578 71.7217 5.38052
    endloop
  endfacet
  facet normal 0.0340375 -0.96538 0.258616
    outer loop
      vertex 19.8024 71.7521 5.6056
      vertex 19.7578 71.7521 5.61147
      vertex 19.773 71.7217 5.49599
    endloop
  endfacet
  facet normal 0.0340282 -0.965381 0.258615
    outer loop
      vertex 19.7578 71.7521 5.61147
      vertex 19.7578 71.7217 5.49799
      vertex 19.773 71.7217 5.49599
    endloop
  endfacet
  facet normal -0.0999195 -0.965382 0.240945
    outer loop
      vertex 19.7132 71.7521 5.6056
      vertex 19.6717 71.7521 5.58839
      vertex 19.7426 71.7217 5.49599
    endloop
  endfacet
  facet normal 0.306789 -0.863867 0.399517
    outer loop
      vertex 19.8948 71.8109 5.6765
      vertex 19.8796 71.7521 5.56103
      vertex 19.9515 71.8109 5.63296
    endloop
  endfacet
  facet normal 0.306282 -0.863988 0.399645
    outer loop
      vertex 19.8948 71.8109 5.6765
      vertex 19.8439 71.7521 5.58839
      vertex 19.8796 71.7521 5.56103
    endloop
  endfacet
  facet normal 0.0340315 -0.965374 -0.258639
    outer loop
      vertex 19.773 71.7217 5.38252
      vertex 19.7578 71.7217 5.38052
      vertex 19.8024 71.7521 5.27292
    endloop
  endfacet
  facet normal 0.0657097 -0.863912 -0.499337
    outer loop
      vertex 19.8024 71.7521 5.27292
      vertex 19.7578 71.8109 5.16532
      vertex 19.8287 71.8109 5.17465
    endloop
  endfacet
  facet normal -0.0340315 -0.965374 -0.258639
    outer loop
      vertex 19.7426 71.7217 5.38252
      vertex 19.7132 71.7521 5.27292
      vertex 19.7578 71.7217 5.38052
    endloop
  endfacet
  facet normal 0.158622 -0.965355 -0.207194
    outer loop
      vertex 19.7994 71.7217 5.39773
      vertex 19.7872 71.7217 5.38839
      vertex 19.8796 71.7521 5.31749
    endloop
  endfacet
  facet normal 0.240886 -0.965357 -0.100298
    outer loop
      vertex 19.8146 71.7217 5.42406
      vertex 19.8087 71.7217 5.40989
      vertex 19.9242 71.7521 5.39469
    endloop
  endfacet
  facet normal 0.206883 -0.965366 -0.158962
    outer loop
      vertex 19.907 71.7521 5.35315
      vertex 19.7994 71.7217 5.39773
      vertex 19.8796 71.7521 5.31749
    endloop
  endfacet
  facet normal 0.258648 -0.965372 -0.0340326
    outer loop
      vertex 19.8166 71.7217 5.43926
      vertex 19.8146 71.7217 5.42406
      vertex 19.9242 71.7521 5.39469
    endloop
  endfacet
  facet normal -0.399407 -0.863882 -0.306891
    outer loop
      vertex 19.6087 71.7521 5.35315
      vertex 19.5206 71.8109 5.30229
      vertex 19.6361 71.7521 5.31749
    endloop
  endfacet
  facet normal -0.206824 -0.965386 -0.158917
    outer loop
      vertex 19.707 71.7217 5.40989
      vertex 19.6087 71.7521 5.35315
      vertex 19.6361 71.7521 5.31749
    endloop
  endfacet
  facet normal 0.0657204 -0.86391 -0.49934
    outer loop
      vertex 19.8024 71.7521 5.27292
      vertex 19.7578 71.7521 5.26705
      vertex 19.7578 71.8109 5.16532
    endloop
  endfacet
  facet normal -0.0657204 -0.86391 -0.49934
    outer loop
      vertex 19.7578 71.7521 5.26705
      vertex 19.7132 71.7521 5.27292
      vertex 19.7578 71.8109 5.16532
    endloop
  endfacet
  facet normal 0.207134 -0.965401 0.158416
    outer loop
      vertex 19.907 71.7521 5.52536
      vertex 19.7994 71.7217 5.48079
      vertex 19.8087 71.7217 5.46863
    endloop
  endfacet
  facet normal 0.860463 -0.496643 0.11379
    outer loop
      vertex 20.1218 71.9099 5.45616
      vertex 20.1148 71.8939 5.43926
      vertex 20.1234 71.9088 5.43926
    endloop
  endfacet
  facet normal -0.100086 -0.965395 0.240822
    outer loop
      vertex 19.7426 71.7217 5.49599
      vertex 19.6717 71.7521 5.58839
      vertex 19.7285 71.7217 5.49013
    endloop
  endfacet
  facet normal -0.158973 -0.965371 0.20685
    outer loop
      vertex 19.6717 71.7521 5.58839
      vertex 19.6361 71.7521 5.56103
      vertex 19.7163 71.7217 5.48079
    endloop
  endfacet
  facet normal -0.240886 -0.965357 0.100298
    outer loop
      vertex 19.707 71.7217 5.46863
      vertex 19.5915 71.7521 5.48383
      vertex 19.7011 71.7217 5.45446
    endloop
  endfacet
  facet normal -0.258648 -0.965372 0.0340326
    outer loop
      vertex 19.7011 71.7217 5.45446
      vertex 19.5915 71.7521 5.48383
      vertex 19.6991 71.7217 5.43926
    endloop
  endfacet
  facet normal 0.0995462 -0.965351 0.241221
    outer loop
      vertex 19.8439 71.7521 5.58839
      vertex 19.773 71.7217 5.49599
      vertex 19.7872 71.7217 5.49013
    endloop
  endfacet
  facet normal 0.192813 -0.863942 -0.465217
    outer loop
      vertex 19.8439 71.7521 5.29012
      vertex 19.8024 71.7521 5.27292
      vertex 19.8948 71.8109 5.20202
    endloop
  endfacet
  facet normal 0.306376 -0.863966 -0.399621
    outer loop
      vertex 19.8796 71.7521 5.31749
      vertex 19.8439 71.7521 5.29012
      vertex 19.8948 71.8109 5.20202
    endloop
  endfacet
  facet normal -0.240886 -0.965357 -0.100298
    outer loop
      vertex 19.7011 71.7217 5.42406
      vertex 19.5915 71.7521 5.39469
      vertex 19.707 71.7217 5.40989
    endloop
  endfacet
  facet normal -0.100276 -0.965364 -0.240867
    outer loop
      vertex 19.7285 71.7217 5.38839
      vertex 19.7132 71.7521 5.27292
      vertex 19.7426 71.7217 5.38252
    endloop
  endfacet
  facet normal 0.207123 -0.965405 -0.158408
    outer loop
      vertex 19.8087 71.7217 5.40989
      vertex 19.7994 71.7217 5.39773
      vertex 19.907 71.7521 5.35315
    endloop
  endfacet
  facet normal 0.240964 -0.965392 -0.0997733
    outer loop
      vertex 19.9242 71.7521 5.39469
      vertex 19.8087 71.7217 5.40989
      vertex 19.907 71.7521 5.35315
    endloop
  endfacet
  facet normal -0.306958 -0.863927 -0.399259
    outer loop
      vertex 19.6361 71.7521 5.31749
      vertex 19.6208 71.8109 5.20202
      vertex 19.6717 71.7521 5.29012
    endloop
  endfacet
  facet normal -0.192813 -0.863942 -0.465217
    outer loop
      vertex 19.6717 71.7521 5.29012
      vertex 19.6208 71.8109 5.20202
      vertex 19.7132 71.7521 5.27292
    endloop
  endfacet
  facet normal -0.207297 -0.965346 -0.158541
    outer loop
      vertex 19.707 71.7217 5.40989
      vertex 19.6361 71.7521 5.31749
      vertex 19.7163 71.7217 5.39773
    endloop
  endfacet
  facet normal -0.158622 -0.965355 -0.207194
    outer loop
      vertex 19.7163 71.7217 5.39773
      vertex 19.6361 71.7521 5.31749
      vertex 19.7285 71.7217 5.38839
    endloop
  endfacet
  facet normal -0.240964 -0.965392 -0.0997733
    outer loop
      vertex 19.707 71.7217 5.40989
      vertex 19.5915 71.7521 5.39469
      vertex 19.6087 71.7521 5.35315
    endloop
  endfacet
  facet normal -0.465351 -0.863899 -0.192683
    outer loop
      vertex 19.5915 71.7521 5.39469
      vertex 19.5206 71.8109 5.30229
      vertex 19.6087 71.7521 5.35315
    endloop
  endfacet
  facet normal 0.240717 -0.965407 0.100228
    outer loop
      vertex 19.907 71.7521 5.52536
      vertex 19.8087 71.7217 5.46863
      vertex 19.8146 71.7217 5.45446
    endloop
  endfacet
  facet normal 0.860969 -0.496016 0.112692
    outer loop
      vertex 20.1027 71.8939 5.53166
      vertex 20.1218 71.9099 5.45616
      vertex 20.1145 71.9151 5.53482
    endloop
  endfacet
  facet normal 0.861073 -0.495822 0.11276
    outer loop
      vertex 20.1218 71.9099 5.45616
      vertex 20.1027 71.8939 5.53166
      vertex 20.1148 71.8939 5.43926
    endloop
  endfacet
  facet normal 0.802048 -0.496111 0.332556
    outer loop
      vertex 20.1027 71.8939 5.53166
      vertex 20.0973 71.9273 5.59451
      vertex 20.067 71.8939 5.61776
    endloop
  endfacet
  facet normal 0.802117 -0.496025 0.332517
    outer loop
      vertex 20.0973 71.9273 5.59451
      vertex 20.1027 71.8939 5.53166
      vertex 20.1145 71.9151 5.53482
    endloop
  endfacet
  facet normal -0.158512 -0.965404 0.20705
    outer loop
      vertex 19.7285 71.7217 5.49013
      vertex 19.6717 71.7521 5.58839
      vertex 19.7163 71.7217 5.48079
    endloop
  endfacet
  facet normal 0.158592 -0.965368 0.207155
    outer loop
      vertex 19.8439 71.7521 5.58839
      vertex 19.7872 71.7217 5.49013
      vertex 19.7994 71.7217 5.48079
    endloop
  endfacet
endsolid OpenSCAD_Model
