solid OpenSCAD_Model
  facet normal -0.68375 0 0.729716
    outer loop
      vertex 0 0 13.5
      vertex 12.7 9.63306 25.4
      vertex 0 12.8539 13.5
    endloop
  endfacet
  facet normal -0.68375 0 0.729716
    outer loop
      vertex 12.7 9.63306 25.4
      vertex 0 0 13.5
      vertex 12.7 0 25.4
    endloop
  endfacet
  facet normal 0 1 -0
    outer loop
      vertex 1.2 19.05 2.2
      vertex 0 19.05 3.04733
      vertex 1.2 19.05 3.04733
    endloop
  endfacet
  facet normal 0 1 0
    outer loop
      vertex 0 19.05 0
      vertex 1.2 19.05 2.2
      vertex 1.2 19.05 0
    endloop
  endfacet
  facet normal 0 1 0
    outer loop
      vertex 1.2 19.05 2.2
      vertex 0 19.05 0
      vertex 0 19.05 3.04733
    endloop
  endfacet
  facet normal 0 1 -0
    outer loop
      vertex 25.4 19.05 2.2
      vertex 24.2 19.05 3.04733
      vertex 25.4 19.05 3.04733
    endloop
  endfacet
  facet normal 0 1 0
    outer loop
      vertex 25.4 19.05 2.2
      vertex 24.2 19.05 2.2
      vertex 24.2 19.05 3.04733
    endloop
  endfacet
  facet normal 0 1 -0
    outer loop
      vertex 25.4 19.05 0
      vertex 24.2 19.05 2.2
      vertex 25.4 19.05 2.2
    endloop
  endfacet
  facet normal 0 1 0
    outer loop
      vertex 24.2 19.05 2.2
      vertex 25.4 19.05 0
      vertex 24.2 19.05 0
    endloop
  endfacet
  facet normal 0.683747 0 0.729719
    outer loop
      vertex 25.4 12.8539 13.5
      vertex 22.5 4.5 16.2173
      vertex 25.4 0 13.5
    endloop
  endfacet
  facet normal 0.683755 -5.06629e-06 0.729712
    outer loop
      vertex 25.4 12.8539 13.5
      vertex 17.5 4.5 20.9024
      vertex 22.5 4.5 16.2173
    endloop
  endfacet
  facet normal 0.683749 4.34302e-06 0.729717
    outer loop
      vertex 12.7 9.63306 25.4
      vertex 17.5 4.5 20.9024
      vertex 25.4 12.8539 13.5
    endloop
  endfacet
  facet normal 0.683747 -0 0.729719
    outer loop
      vertex 12.7 0 25.4
      vertex 17.5 4.5 20.9024
      vertex 12.7 9.63306 25.4
    endloop
  endfacet
  facet normal 0.683747 0 0.729719
    outer loop
      vertex 17.5 4.5 20.9024
      vertex 12.7 0 25.4
      vertex 17.5 0 20.9024
    endloop
  endfacet
  facet normal 0.683747 0 0.729719
    outer loop
      vertex 25.4 0 13.5
      vertex 22.5 4.5 16.2173
      vertex 22.5 0 16.2173
    endloop
  endfacet
  facet normal 0 -1 0
    outer loop
      vertex 0 0 13.5
      vertex 17.5 0 20.9024
      vertex 12.7 0 25.4
    endloop
  endfacet
  facet normal 0 -1 -0
    outer loop
      vertex 17.5 0 20.9024
      vertex 0 0 13.5
      vertex 22.5 0 16.2173
    endloop
  endfacet
  facet normal 0 -1 0
    outer loop
      vertex 0 0 0
      vertex 22.5 0 16.2173
      vertex 0 0 13.5
    endloop
  endfacet
  facet normal 0 -1 0
    outer loop
      vertex 25.4 0 0
      vertex 22.5 0 16.2173
      vertex 0 0 0
    endloop
  endfacet
  facet normal 0 -1 0
    outer loop
      vertex 22.5 0 16.2173
      vertex 25.4 0 0
      vertex 25.4 0 13.5
    endloop
  endfacet
  facet normal 0 -1 0
    outer loop
      vertex 17.5 0 24.2
      vertex 20 0 23.3
      vertex 22.5 0 24.2
    endloop
  endfacet
  facet normal 0 -1 0
    outer loop
      vertex 17.5 0 24.2
      vertex 19.8279 0 23.2865
      vertex 20 0 23.3
    endloop
  endfacet
  facet normal 0 -1 0
    outer loop
      vertex 17.5 0 24.2
      vertex 19.6601 0 23.2462
      vertex 19.8279 0 23.2865
    endloop
  endfacet
  facet normal 0 -1 0
    outer loop
      vertex 17.5 0 24.2
      vertex 19.5006 0 23.1801
      vertex 19.6601 0 23.2462
    endloop
  endfacet
  facet normal 0 -1 0
    outer loop
      vertex 17.5 0 24.2
      vertex 19.3534 0 23.0899
      vertex 19.5006 0 23.1801
    endloop
  endfacet
  facet normal 0 -1 0
    outer loop
      vertex 17.5 0 24.2
      vertex 19.2222 0 22.9778
      vertex 19.3534 0 23.0899
    endloop
  endfacet
  facet normal 0 -1 0
    outer loop
      vertex 17.5 0 24.2
      vertex 19.1101 0 22.8466
      vertex 19.2222 0 22.9778
    endloop
  endfacet
  facet normal 0 -1 0
    outer loop
      vertex 17.5 0 24.2
      vertex 19.0199 0 22.6994
      vertex 19.1101 0 22.8466
    endloop
  endfacet
  facet normal 0 -1 0
    outer loop
      vertex 17.5 0 24.2
      vertex 18.9538 0 22.5399
      vertex 19.0199 0 22.6994
    endloop
  endfacet
  facet normal 0 -1 0
    outer loop
      vertex 17.5 0 24.2
      vertex 18.9135 0 22.3721
      vertex 18.9538 0 22.5399
    endloop
  endfacet
  facet normal 0 -1 0
    outer loop
      vertex 17.5 0 20.9024
      vertex 18.9135 0 22.3721
      vertex 17.5 0 24.2
    endloop
  endfacet
  facet normal 0 -1 0
    outer loop
      vertex 18.9135 0 22.3721
      vertex 17.5 0 20.9024
      vertex 18.9 0 22.2
    endloop
  endfacet
  facet normal 0 -1 -0
    outer loop
      vertex 18.9 0 22.2
      vertex 17.5 0 20.9024
      vertex 18.9135 0 22.0279
    endloop
  endfacet
  facet normal 0 -1 -0
    outer loop
      vertex 18.9135 0 22.0279
      vertex 17.5 0 20.9024
      vertex 18.9538 0 21.8601
    endloop
  endfacet
  facet normal 0 -1 0
    outer loop
      vertex 22.5 0 16.2173
      vertex 19.8279 0 21.1135
      vertex 17.5 0 20.9024
    endloop
  endfacet
  facet normal 0 -1 -0
    outer loop
      vertex 19.6601 0 21.1538
      vertex 17.5 0 20.9024
      vertex 19.8279 0 21.1135
    endloop
  endfacet
  facet normal 0 -1 -0
    outer loop
      vertex 19.5006 0 21.2199
      vertex 17.5 0 20.9024
      vertex 19.6601 0 21.1538
    endloop
  endfacet
  facet normal 0 -1 -0
    outer loop
      vertex 19.3534 0 21.3101
      vertex 17.5 0 20.9024
      vertex 19.5006 0 21.2199
    endloop
  endfacet
  facet normal 0 -1 -0
    outer loop
      vertex 19.2222 0 21.4222
      vertex 17.5 0 20.9024
      vertex 19.3534 0 21.3101
    endloop
  endfacet
  facet normal 0 -1 -0
    outer loop
      vertex 19.1101 0 21.5534
      vertex 17.5 0 20.9024
      vertex 19.2222 0 21.4222
    endloop
  endfacet
  facet normal 0 -1 -0
    outer loop
      vertex 19.0199 0 21.7006
      vertex 17.5 0 20.9024
      vertex 19.1101 0 21.5534
    endloop
  endfacet
  facet normal 0 -1 -0
    outer loop
      vertex 18.9538 0 21.8601
      vertex 17.5 0 20.9024
      vertex 19.0199 0 21.7006
    endloop
  endfacet
  facet normal 0 -1 0
    outer loop
      vertex 20.1721 0 23.2865
      vertex 22.5 0 24.2
      vertex 20 0 23.3
    endloop
  endfacet
  facet normal 0 -1 0
    outer loop
      vertex 20.3399 0 23.2462
      vertex 22.5 0 24.2
      vertex 20.1721 0 23.2865
    endloop
  endfacet
  facet normal 0 -1 0
    outer loop
      vertex 20.4994 0 23.1801
      vertex 22.5 0 24.2
      vertex 20.3399 0 23.2462
    endloop
  endfacet
  facet normal 0 -1 0
    outer loop
      vertex 20.6466 0 23.0899
      vertex 22.5 0 24.2
      vertex 20.4994 0 23.1801
    endloop
  endfacet
  facet normal 0 -1 0
    outer loop
      vertex 20.7778 0 22.9778
      vertex 22.5 0 24.2
      vertex 20.6466 0 23.0899
    endloop
  endfacet
  facet normal 0 -1 0
    outer loop
      vertex 20.8899 0 22.8466
      vertex 22.5 0 24.2
      vertex 20.7778 0 22.9778
    endloop
  endfacet
  facet normal 0 -1 0
    outer loop
      vertex 20.9801 0 22.6994
      vertex 22.5 0 24.2
      vertex 20.8899 0 22.8466
    endloop
  endfacet
  facet normal 0 -1 0
    outer loop
      vertex 21.0462 0 22.5399
      vertex 22.5 0 24.2
      vertex 20.9801 0 22.6994
    endloop
  endfacet
  facet normal 0 -1 0
    outer loop
      vertex 21.0865 0 22.3721
      vertex 22.5 0 24.2
      vertex 21.0462 0 22.5399
    endloop
  endfacet
  facet normal 0 -1 0
    outer loop
      vertex 21.1 0 22.2
      vertex 22.5 0 24.2
      vertex 21.0865 0 22.3721
    endloop
  endfacet
  facet normal 0 -1 0
    outer loop
      vertex 21.0865 0 22.0279
      vertex 22.5 0 24.2
      vertex 21.1 0 22.2
    endloop
  endfacet
  facet normal 0 -1 0
    outer loop
      vertex 21.0462 0 21.8601
      vertex 22.5 0 24.2
      vertex 21.0865 0 22.0279
    endloop
  endfacet
  facet normal 0 -1 0
    outer loop
      vertex 22.5 0 16.2173
      vertex 21.0462 0 21.8601
      vertex 20.9801 0 21.7006
    endloop
  endfacet
  facet normal 0 -1 0
    outer loop
      vertex 19.8279 0 21.1135
      vertex 22.5 0 16.2173
      vertex 20 0 21.1
    endloop
  endfacet
  facet normal 0 -1 0
    outer loop
      vertex 21.0462 0 21.8601
      vertex 22.5 0 16.2173
      vertex 22.5 0 24.2
    endloop
  endfacet
  facet normal 0 -1 0
    outer loop
      vertex 20.8899 0 21.5534
      vertex 22.5 0 16.2173
      vertex 20.9801 0 21.7006
    endloop
  endfacet
  facet normal 0 -1 0
    outer loop
      vertex 20.7778 0 21.4222
      vertex 22.5 0 16.2173
      vertex 20.8899 0 21.5534
    endloop
  endfacet
  facet normal 0 -1 0
    outer loop
      vertex 20.6466 0 21.3101
      vertex 22.5 0 16.2173
      vertex 20.7778 0 21.4222
    endloop
  endfacet
  facet normal 0 -1 0
    outer loop
      vertex 20.4994 0 21.2199
      vertex 22.5 0 16.2173
      vertex 20.6466 0 21.3101
    endloop
  endfacet
  facet normal 0 -1 0
    outer loop
      vertex 20.3399 0 21.1538
      vertex 22.5 0 16.2173
      vertex 20.4994 0 21.2199
    endloop
  endfacet
  facet normal 0 -1 0
    outer loop
      vertex 20.1721 0 21.1135
      vertex 22.5 0 16.2173
      vertex 20.3399 0 21.1538
    endloop
  endfacet
  facet normal 0 -1 0
    outer loop
      vertex 20 0 21.1
      vertex 22.5 0 16.2173
      vertex 20.1721 0 21.1135
    endloop
  endfacet
  facet normal -1 0 0
    outer loop
      vertex 0 5 7.6
      vertex 0 6.6 8.4
      vertex 0 6.6 7.6
    endloop
  endfacet
  facet normal -1 -0 0
    outer loop
      vertex 0 6.6 8.4
      vertex 0 5 7.6
      vertex 0 5 8.4
    endloop
  endfacet
  facet normal -1 0 0
    outer loop
      vertex 0 7.4 7.6
      vertex 0 9 8.4
      vertex 0 9 7.6
    endloop
  endfacet
  facet normal -1 -0 0
    outer loop
      vertex 0 9 8.4
      vertex 0 7.4 7.6
      vertex 0 7.4 8.4
    endloop
  endfacet
  facet normal -1 0 0
    outer loop
      vertex 0 9 6
      vertex 0 19.05 3.04733
      vertex 0 19.05 0
    endloop
  endfacet
  facet normal -1 0 0
    outer loop
      vertex 0 9 7.6
      vertex 0 19.05 3.04733
      vertex 0 9 6
    endloop
  endfacet
  facet normal -1 0 0
    outer loop
      vertex 0 19.05 3.04733
      vertex 0 9 7.6
      vertex 0 16.2209 13.5
    endloop
  endfacet
  facet normal -1 0 0
    outer loop
      vertex 0 0 0
      vertex 0 9 6
      vertex 0 19.05 0
    endloop
  endfacet
  facet normal -1 0 0
    outer loop
      vertex 0 6.6 7.6
      vertex 0 7.4 7.6
      vertex 0 7.4 6
    endloop
  endfacet
  facet normal -1 0 0
    outer loop
      vertex 0 7.4 7.6
      vertex 0 6.6 7.6
      vertex 0 7.4 8.4
    endloop
  endfacet
  facet normal -1 0 0
    outer loop
      vertex 0 6.6 7.6
      vertex 0 7.4 6
      vertex 0 6.6 6
    endloop
  endfacet
  facet normal -1 -0 0
    outer loop
      vertex 0 9 6
      vertex 0 0 0
      vertex 0 7.4 6
    endloop
  endfacet
  facet normal -1 -0 0
    outer loop
      vertex 0 7.4 6
      vertex 0 0 0
      vertex 0 6.6 6
    endloop
  endfacet
  facet normal -1 0 0
    outer loop
      vertex 0 0 13.5
      vertex 0 5 7.6
      vertex 0 5 6
    endloop
  endfacet
  facet normal -1 0 0
    outer loop
      vertex 0 5 7.6
      vertex 0 0 13.5
      vertex 0 5 8.4
    endloop
  endfacet
  facet normal -1 0 0
    outer loop
      vertex 0 0 13.5
      vertex 0 5 6
      vertex 0 0 0
    endloop
  endfacet
  facet normal -1 -0 0
    outer loop
      vertex 0 6.6 6
      vertex 0 0 0
      vertex 0 5 6
    endloop
  endfacet
  facet normal -1 0 0
    outer loop
      vertex 0 9 8.4
      vertex 0 16.2209 13.5
      vertex 0 9 7.6
    endloop
  endfacet
  facet normal -1 -0 0
    outer loop
      vertex 0 16.2209 13.5
      vertex 0 9 8.4
      vertex 0 12.8539 13.5
    endloop
  endfacet
  facet normal -1 0 0
    outer loop
      vertex 0 9 10
      vertex 0 12.8539 13.5
      vertex 0 9 8.4
    endloop
  endfacet
  facet normal -1 0 0
    outer loop
      vertex 0 7.4 10
      vertex 0 12.8539 13.5
      vertex 0 9 10
    endloop
  endfacet
  facet normal -1 0 0
    outer loop
      vertex 0 6.6 8.4
      vertex 0 7.4 8.4
      vertex 0 6.6 7.6
    endloop
  endfacet
  facet normal -1 0 0
    outer loop
      vertex 0 7.4 8.4
      vertex 0 6.6 8.4
      vertex 0 7.4 10
    endloop
  endfacet
  facet normal -1 0 0
    outer loop
      vertex 0 6.6 10
      vertex 0 7.4 10
      vertex 0 6.6 8.4
    endloop
  endfacet
  facet normal -1 0 0
    outer loop
      vertex 0 6.6 10
      vertex 0 12.8539 13.5
      vertex 0 7.4 10
    endloop
  endfacet
  facet normal -1 0 0
    outer loop
      vertex 0 0 13.5
      vertex 0 6.6 10
      vertex 0 5 10
    endloop
  endfacet
  facet normal -1 0 0
    outer loop
      vertex 0 6.6 10
      vertex 0 0 13.5
      vertex 0 12.8539 13.5
    endloop
  endfacet
  facet normal -1 0 0
    outer loop
      vertex 0 5 8.4
      vertex 0 0 13.5
      vertex 0 5 10
    endloop
  endfacet
  facet normal 0 0 -1
    outer loop
      vertex 19.4 14.35 0
      vertex 25.4 13.35 0
      vertex 25.4 0 0
    endloop
  endfacet
  facet normal 0 -0 -1
    outer loop
      vertex 24.2 16.85 0
      vertex 25.4 13.35 0
      vertex 19.4 14.35 0
    endloop
  endfacet
  facet normal 0 0 -1
    outer loop
      vertex 25.4 16.85 0
      vertex 24.2 16.85 0
      vertex 25.4 19.05 0
    endloop
  endfacet
  facet normal 0 0 -1
    outer loop
      vertex 25.4 13.35 0
      vertex 24.2 16.85 0
      vertex 25.4 16.85 0
    endloop
  endfacet
  facet normal 0 0 -1
    outer loop
      vertex 25.4 0 0
      vertex 6 14.35 0
      vertex 19.4 14.35 0
    endloop
  endfacet
  facet normal 0 0 -1
    outer loop
      vertex 6 14.35 0
      vertex 1.2 16.85 0
      vertex 6 16.85 0
    endloop
  endfacet
  facet normal 0 0 -1
    outer loop
      vertex 0 0 0
      vertex 6 14.35 0
      vertex 25.4 0 0
    endloop
  endfacet
  facet normal -0 0 -1
    outer loop
      vertex 6 14.35 0
      vertex 0 0 0
      vertex 1.2 16.85 0
    endloop
  endfacet
  facet normal 0 0 -1
    outer loop
      vertex 0 19.05 0
      vertex 1.2 16.85 0
      vertex 0 0 0
    endloop
  endfacet
  facet normal 0 0 -1
    outer loop
      vertex 1.2 16.85 0
      vertex 0 19.05 0
      vertex 1.2 19.05 0
    endloop
  endfacet
  facet normal -0 0 -1
    outer loop
      vertex 25.4 19.05 0
      vertex 24.2 16.85 0
      vertex 24.2 19.05 0
    endloop
  endfacet
  facet normal -0 0 -1
    outer loop
      vertex 24.2 16.85 0
      vertex 19.4 14.35 0
      vertex 19.4 16.85 0
    endloop
  endfacet
  facet normal 1 -0 0
    outer loop
      vertex 25.4 5 8.4
      vertex 25.4 6.6 7.6
      vertex 25.4 6.6 8.4
    endloop
  endfacet
  facet normal 1 0 0
    outer loop
      vertex 25.4 6.6 7.6
      vertex 25.4 5 8.4
      vertex 25.4 5 7.6
    endloop
  endfacet
  facet normal 1 -0 0
    outer loop
      vertex 25.4 7.4 8.4
      vertex 25.4 9 7.6
      vertex 25.4 9 8.4
    endloop
  endfacet
  facet normal 1 0 0
    outer loop
      vertex 25.4 9 7.6
      vertex 25.4 7.4 8.4
      vertex 25.4 7.4 7.6
    endloop
  endfacet
  facet normal 1 0 0
    outer loop
      vertex 25.4 12.8539 13.5
      vertex 25.4 7.4 10
      vertex 25.4 9 10
    endloop
  endfacet
  facet normal 1 0 0
    outer loop
      vertex 25.4 6.6 8.4
      vertex 25.4 7.4 8.4
      vertex 25.4 7.4 10
    endloop
  endfacet
  facet normal 1 0 0
    outer loop
      vertex 25.4 7.4 8.4
      vertex 25.4 6.6 8.4
      vertex 25.4 7.4 7.6
    endloop
  endfacet
  facet normal 1 0 0
    outer loop
      vertex 25.4 6.6 8.4
      vertex 25.4 7.4 10
      vertex 25.4 6.6 10
    endloop
  endfacet
  facet normal 1 0 0
    outer loop
      vertex 25.4 12.8539 13.5
      vertex 25.4 6.6 10
      vertex 25.4 7.4 10
    endloop
  endfacet
  facet normal 1 -0 0
    outer loop
      vertex 25.4 0 13.5
      vertex 25.4 6.6 10
      vertex 25.4 12.8539 13.5
    endloop
  endfacet
  facet normal 1 0 0
    outer loop
      vertex 25.4 0 13.5
      vertex 25.4 5 8.4
      vertex 25.4 5 10
    endloop
  endfacet
  facet normal 1 0 0
    outer loop
      vertex 25.4 5 8.4
      vertex 25.4 0 13.5
      vertex 25.4 5 7.6
    endloop
  endfacet
  facet normal 1 0 0
    outer loop
      vertex 25.4 5 7.6
      vertex 25.4 0 13.5
      vertex 25.4 5 6
    endloop
  endfacet
  facet normal 1 0 0
    outer loop
      vertex 25.4 6.6 10
      vertex 25.4 0 13.5
      vertex 25.4 5 10
    endloop
  endfacet
  facet normal 1 0 0
    outer loop
      vertex 25.4 19.05 3.04733
      vertex 25.4 19.0229 2.54416
      vertex 25.4 19.05 2.2
    endloop
  endfacet
  facet normal 1 0 0
    outer loop
      vertex 25.4 19.05 3.04733
      vertex 25.4 18.9423 2.87984
      vertex 25.4 19.0229 2.54416
    endloop
  endfacet
  facet normal 1 0 0
    outer loop
      vertex 25.4 19.05 3.04733
      vertex 25.4 18.8102 3.19878
      vertex 25.4 18.9423 2.87984
    endloop
  endfacet
  facet normal 1 0 0
    outer loop
      vertex 25.4 19.05 3.04733
      vertex 25.4 18.6298 3.49313
      vertex 25.4 18.8102 3.19878
    endloop
  endfacet
  facet normal 1 0 0
    outer loop
      vertex 25.4 19.05 3.04733
      vertex 25.4 18.4056 3.75563
      vertex 25.4 18.6298 3.49313
    endloop
  endfacet
  facet normal 1 0 0
    outer loop
      vertex 25.4 16.2209 13.5
      vertex 25.4 18.4056 3.75563
      vertex 25.4 19.05 3.04733
    endloop
  endfacet
  facet normal 1 0 0
    outer loop
      vertex 25.4 16.2209 13.5
      vertex 25.4 18.1431 3.97984
      vertex 25.4 18.4056 3.75563
    endloop
  endfacet
  facet normal 1 0 0
    outer loop
      vertex 25.4 16.2209 13.5
      vertex 25.4 17.8488 4.16021
      vertex 25.4 18.1431 3.97984
    endloop
  endfacet
  facet normal 1 0 0
    outer loop
      vertex 25.4 16.2209 13.5
      vertex 25.4 17.5298 4.29232
      vertex 25.4 17.8488 4.16021
    endloop
  endfacet
  facet normal 1 0 0
    outer loop
      vertex 25.4 16.2209 13.5
      vertex 25.4 17.1942 4.37291
      vertex 25.4 17.5298 4.29232
    endloop
  endfacet
  facet normal 1 0 0
    outer loop
      vertex 25.4 16.2209 13.5
      vertex 25.4 16.85 4.4
      vertex 25.4 17.1942 4.37291
    endloop
  endfacet
  facet normal 1 0 0
    outer loop
      vertex 25.4 16.2209 13.5
      vertex 25.4 16.5058 4.37291
      vertex 25.4 16.85 4.4
    endloop
  endfacet
  facet normal 1 0 0
    outer loop
      vertex 25.4 16.2209 13.5
      vertex 25.4 16.1702 4.29232
      vertex 25.4 16.5058 4.37291
    endloop
  endfacet
  facet normal 1 -0 0
    outer loop
      vertex 25.4 12.8539 13.5
      vertex 25.4 16.1702 4.29232
      vertex 25.4 16.2209 13.5
    endloop
  endfacet
  facet normal 1 0 0
    outer loop
      vertex 25.4 16.1702 4.29232
      vertex 25.4 12.8539 13.5
      vertex 25.4 15.8512 4.16021
    endloop
  endfacet
  facet normal 1 -0 0
    outer loop
      vertex 25.4 9 8.4
      vertex 25.4 15.8512 4.16021
      vertex 25.4 12.8539 13.5
    endloop
  endfacet
  facet normal 1 -0 0
    outer loop
      vertex 25.4 9 7.6
      vertex 25.4 15.8512 4.16021
      vertex 25.4 9 8.4
    endloop
  endfacet
  facet normal 1 0 0
    outer loop
      vertex 25.4 15.8512 4.16021
      vertex 25.4 9 7.6
      vertex 25.4 15.5569 3.97984
    endloop
  endfacet
  facet normal 1 0 0
    outer loop
      vertex 25.4 15.5569 3.97984
      vertex 25.4 9 7.6
      vertex 25.4 15.2944 3.75563
    endloop
  endfacet
  facet normal 1 -0 0
    outer loop
      vertex 25.4 9 6
      vertex 25.4 15.2944 3.75563
      vertex 25.4 9 7.6
    endloop
  endfacet
  facet normal 1 0 0
    outer loop
      vertex 25.4 14.6771 2.54416
      vertex 25.4 13.35 2.2
      vertex 25.4 14.65 2.2
    endloop
  endfacet
  facet normal 1 0 -0
    outer loop
      vertex 25.4 13.35 2.2
      vertex 25.4 15.0702 3.49313
      vertex 25.4 9 6
    endloop
  endfacet
  facet normal 1 0 0
    outer loop
      vertex 25.4 15.2944 3.75563
      vertex 25.4 9 6
      vertex 25.4 15.0702 3.49313
    endloop
  endfacet
  facet normal 1 0 0
    outer loop
      vertex 25.4 14.8898 3.19878
      vertex 25.4 13.35 2.2
      vertex 25.4 14.7577 2.87984
    endloop
  endfacet
  facet normal 1 0 0
    outer loop
      vertex 25.4 9 8.4
      vertex 25.4 12.8539 13.5
      vertex 25.4 9 10
    endloop
  endfacet
  facet normal 1 0 0
    outer loop
      vertex 25.4 15.0702 3.49313
      vertex 25.4 13.35 2.2
      vertex 25.4 14.8898 3.19878
    endloop
  endfacet
  facet normal 1 0 0
    outer loop
      vertex 25.4 14.7577 2.87984
      vertex 25.4 13.35 2.2
      vertex 25.4 14.6771 2.54416
    endloop
  endfacet
  facet normal 1 0 0
    outer loop
      vertex 25.4 13.35 2.2
      vertex 25.4 9 6
      vertex 25.4 13.35 0
    endloop
  endfacet
  facet normal 1 -0 0
    outer loop
      vertex 25.4 7.4 6
      vertex 25.4 13.35 0
      vertex 25.4 9 6
    endloop
  endfacet
  facet normal 1 0 0
    outer loop
      vertex 25.4 6.6 7.6
      vertex 25.4 7.4 7.6
      vertex 25.4 6.6 8.4
    endloop
  endfacet
  facet normal 1 0 0
    outer loop
      vertex 25.4 7.4 7.6
      vertex 25.4 6.6 7.6
      vertex 25.4 7.4 6
    endloop
  endfacet
  facet normal 1 0 0
    outer loop
      vertex 25.4 6.6 6
      vertex 25.4 7.4 6
      vertex 25.4 6.6 7.6
    endloop
  endfacet
  facet normal 1 -0 0
    outer loop
      vertex 25.4 6.6 6
      vertex 25.4 13.35 0
      vertex 25.4 7.4 6
    endloop
  endfacet
  facet normal 1 0 0
    outer loop
      vertex 25.4 0 0
      vertex 25.4 6.6 6
      vertex 25.4 5 6
    endloop
  endfacet
  facet normal 1 0 0
    outer loop
      vertex 25.4 6.6 6
      vertex 25.4 0 0
      vertex 25.4 13.35 0
    endloop
  endfacet
  facet normal 1 0 0
    outer loop
      vertex 25.4 0 0
      vertex 25.4 5 6
      vertex 25.4 0 13.5
    endloop
  endfacet
  facet normal 1 -0 0
    outer loop
      vertex 25.4 19.0229 1.85584
      vertex 25.4 19.05 0
      vertex 25.4 19.05 2.2
    endloop
  endfacet
  facet normal 1 -0 0
    outer loop
      vertex 25.4 18.9423 1.52016
      vertex 25.4 19.05 0
      vertex 25.4 19.0229 1.85584
    endloop
  endfacet
  facet normal 1 -0 0
    outer loop
      vertex 25.4 18.8102 1.20122
      vertex 25.4 19.05 0
      vertex 25.4 18.9423 1.52016
    endloop
  endfacet
  facet normal 1 -0 0
    outer loop
      vertex 25.4 18.6298 0.906872
      vertex 25.4 19.05 0
      vertex 25.4 18.8102 1.20122
    endloop
  endfacet
  facet normal 1 -0 0
    outer loop
      vertex 25.4 18.4056 0.644364
      vertex 25.4 19.05 0
      vertex 25.4 18.6298 0.906872
    endloop
  endfacet
  facet normal 1 -0 0
    outer loop
      vertex 25.4 18.1431 0.420162
      vertex 25.4 19.05 0
      vertex 25.4 18.4056 0.644364
    endloop
  endfacet
  facet normal 1 -0 0
    outer loop
      vertex 25.4 17.8488 0.239785
      vertex 25.4 19.05 0
      vertex 25.4 18.1431 0.420162
    endloop
  endfacet
  facet normal 1 -0 0
    outer loop
      vertex 25.4 17.5298 0.107676
      vertex 25.4 19.05 0
      vertex 25.4 17.8488 0.239785
    endloop
  endfacet
  facet normal 1 -0 0
    outer loop
      vertex 25.4 17.1942 0.0270853
      vertex 25.4 19.05 0
      vertex 25.4 17.5298 0.107676
    endloop
  endfacet
  facet normal 1 0 0
    outer loop
      vertex 25.4 19.05 0
      vertex 25.4 17.1942 0.0270853
      vertex 25.4 16.85 0
    endloop
  endfacet
  facet normal 0.68375 0 -0.729716
    outer loop
      vertex 1.2 1.2 12.9799
      vertex 12.7 9.04218 23.7555
      vertex 12.7 1.2 23.7555
    endloop
  endfacet
  facet normal 0.683749 2.9528e-06 -0.729717
    outer loop
      vertex 12.7 9.04218 23.7555
      vertex 1.2 1.2 12.9799
      vertex 1.75502 11.8179 13.5
    endloop
  endfacet
  facet normal 0.683779 0 -0.729689
    outer loop
      vertex 1.2 16.3616 12.9799
      vertex 1.75502 11.8179 13.5
      vertex 1.2 1.2 12.9799
    endloop
  endfacet
  facet normal 0.683779 0 -0.729689
    outer loop
      vertex 1.75502 11.8179 13.5
      vertex 1.2 16.3616 12.9799
      vertex 1.75502 16.2209 13.5
    endloop
  endfacet
  facet normal -0.683792 0 -0.729677
    outer loop
      vertex 24.2 1.2 12.9799
      vertex 23.645 11.8179 13.5
      vertex 24.2 16.3616 12.9799
    endloop
  endfacet
  facet normal -0.68375 -0 -0.729716
    outer loop
      vertex 12.7 9.04218 23.7555
      vertex 24.2 1.2 12.9799
      vertex 12.7 1.2 23.7555
    endloop
  endfacet
  facet normal -0.683749 4.28832e-06 -0.729718
    outer loop
      vertex 24.2 1.2 12.9799
      vertex 12.7 9.04218 23.7555
      vertex 23.645 11.8179 13.5
    endloop
  endfacet
  facet normal -0.683792 0 -0.729677
    outer loop
      vertex 24.2 16.3616 12.9799
      vertex 23.645 11.8179 13.5
      vertex 23.645 16.2209 13.5
    endloop
  endfacet
  facet normal 0 1 0
    outer loop
      vertex 24.2 1.2 12.9799
      vertex 1.2 1.2 12.9799
      vertex 12.7 1.2 23.7555
    endloop
  endfacet
  facet normal 0 1 -0
    outer loop
      vertex 24.2 1.2 1.5
      vertex 1.2 1.2 12.9799
      vertex 24.2 1.2 12.9799
    endloop
  endfacet
  facet normal 0 1 0
    outer loop
      vertex 1.2 1.2 12.9799
      vertex 24.2 1.2 1.5
      vertex 1.2 1.2 1.5
    endloop
  endfacet
  facet normal 1 -0 0
    outer loop
      vertex 1.2 5 8.4
      vertex 1.2 6.6 7.6
      vertex 1.2 6.6 8.4
    endloop
  endfacet
  facet normal 1 0 0
    outer loop
      vertex 1.2 6.6 7.6
      vertex 1.2 5 8.4
      vertex 1.2 5 7.6
    endloop
  endfacet
  facet normal 1 -0 0
    outer loop
      vertex 1.2 7.4 8.4
      vertex 1.2 9 7.6
      vertex 1.2 9 8.4
    endloop
  endfacet
  facet normal 1 0 0
    outer loop
      vertex 1.2 9 7.6
      vertex 1.2 7.4 8.4
      vertex 1.2 7.4 7.6
    endloop
  endfacet
  facet normal 1 0 0
    outer loop
      vertex 1.2 17.85 7.48092
      vertex 1.2 17.8488 4.16021
      vertex 1.2 17.85 4.15947
    endloop
  endfacet
  facet normal 1 0 0
    outer loop
      vertex 1.2 17.85 7.48092
      vertex 1.2 17.5298 4.29232
      vertex 1.2 17.8488 4.16021
    endloop
  endfacet
  facet normal 1 0 0
    outer loop
      vertex 1.2 17.85 7.48092
      vertex 1.2 17.1942 4.37291
      vertex 1.2 17.5298 4.29232
    endloop
  endfacet
  facet normal 1 0 0
    outer loop
      vertex 1.2 17.85 7.48092
      vertex 1.2 16.85 4.4
      vertex 1.2 17.1942 4.37291
    endloop
  endfacet
  facet normal 1 0 0
    outer loop
      vertex 1.2 17.85 7.48092
      vertex 1.2 16.5058 4.37291
      vertex 1.2 16.85 4.4
    endloop
  endfacet
  facet normal 1 -0 0
    outer loop
      vertex 1.2 9 10
      vertex 1.2 17.85 7.48092
      vertex 1.2 16.3616 12.9799
    endloop
  endfacet
  facet normal 1 0 0
    outer loop
      vertex 1.2 17.85 7.48092
      vertex 1.2 16.1702 4.29232
      vertex 1.2 16.5058 4.37291
    endloop
  endfacet
  facet normal 1 0 0
    outer loop
      vertex 1.2 17.85 7.48092
      vertex 1.2 15.8512 4.16021
      vertex 1.2 16.1702 4.29232
    endloop
  endfacet
  facet normal 1 -0 0
    outer loop
      vertex 1.2 9 7.6
      vertex 1.2 17.85 7.48092
      vertex 1.2 9 8.4
    endloop
  endfacet
  facet normal 1 0 0
    outer loop
      vertex 1.2 17.85 7.48092
      vertex 1.2 9 7.6
      vertex 1.2 15.8512 4.16021
    endloop
  endfacet
  facet normal 1 0 0
    outer loop
      vertex 1.2 15.8512 4.16021
      vertex 1.2 9 7.6
      vertex 1.2 15.5569 3.97984
    endloop
  endfacet
  facet normal 1 0 0
    outer loop
      vertex 1.2 15.5569 3.97984
      vertex 1.2 9 7.6
      vertex 1.2 15.2944 3.75563
    endloop
  endfacet
  facet normal 1 -0 0
    outer loop
      vertex 1.2 9 6
      vertex 1.2 15.2944 3.75563
      vertex 1.2 9 7.6
    endloop
  endfacet
  facet normal 1 0 0
    outer loop
      vertex 1.2 15.2944 3.75563
      vertex 1.2 9 6
      vertex 1.2 15.0702 3.49313
    endloop
  endfacet
  facet normal 1 0 0
    outer loop
      vertex 1.2 14.6771 2.54416
      vertex 1.2 13.35 2.2
      vertex 1.2 14.65 2.2
    endloop
  endfacet
  facet normal 1 0 0
    outer loop
      vertex 1.2 15.0702 3.49313
      vertex 1.2 13.35 2.2
      vertex 1.2 14.8898 3.19878
    endloop
  endfacet
  facet normal 1 0 -0
    outer loop
      vertex 1.2 13.35 2.2
      vertex 1.2 15.0702 3.49313
      vertex 1.2 9 6
    endloop
  endfacet
  facet normal 1 0 0
    outer loop
      vertex 1.2 17.85 7.48092
      vertex 1.2 9 10
      vertex 1.2 9 8.4
    endloop
  endfacet
  facet normal 1 -0 0
    outer loop
      vertex 1.2 1.2 12.9799
      vertex 1.2 9 10
      vertex 1.2 16.3616 12.9799
    endloop
  endfacet
  facet normal 1 0 0
    outer loop
      vertex 1.2 6.6 8.4
      vertex 1.2 7.4 8.4
      vertex 1.2 7.4 10
    endloop
  endfacet
  facet normal 1 0 0
    outer loop
      vertex 1.2 7.4 8.4
      vertex 1.2 6.6 8.4
      vertex 1.2 7.4 7.6
    endloop
  endfacet
  facet normal 1 0 0
    outer loop
      vertex 1.2 6.6 8.4
      vertex 1.2 7.4 10
      vertex 1.2 6.6 10
    endloop
  endfacet
  facet normal 1 0 0
    outer loop
      vertex 1.2 9 10
      vertex 1.2 1.2 12.9799
      vertex 1.2 7.4 10
    endloop
  endfacet
  facet normal 1 0 0
    outer loop
      vertex 1.2 7.4 10
      vertex 1.2 1.2 12.9799
      vertex 1.2 6.6 10
    endloop
  endfacet
  facet normal 1 0 0
    outer loop
      vertex 1.2 1.2 12.9799
      vertex 1.2 5 8.4
      vertex 1.2 5 10
    endloop
  endfacet
  facet normal 1 0 0
    outer loop
      vertex 1.2 5 8.4
      vertex 1.2 1.2 12.9799
      vertex 1.2 5 7.6
    endloop
  endfacet
  facet normal 1 0 0
    outer loop
      vertex 1.2 1.2 1.5
      vertex 1.2 5 7.6
      vertex 1.2 1.2 12.9799
    endloop
  endfacet
  facet normal 1 0 0
    outer loop
      vertex 1.2 6.6 10
      vertex 1.2 1.2 12.9799
      vertex 1.2 5 10
    endloop
  endfacet
  facet normal 1 0 0
    outer loop
      vertex 1.2 14.8898 3.19878
      vertex 1.2 13.35 2.2
      vertex 1.2 14.7577 2.87984
    endloop
  endfacet
  facet normal 1 0 0
    outer loop
      vertex 1.2 14.7577 2.87984
      vertex 1.2 13.35 2.2
      vertex 1.2 14.6771 2.54416
    endloop
  endfacet
  facet normal 1 0 0
    outer loop
      vertex 1.2 13.35 2.2
      vertex 1.2 9 6
      vertex 1.2 13.35 1.5
    endloop
  endfacet
  facet normal 1 -0 0
    outer loop
      vertex 1.2 7.4 6
      vertex 1.2 13.35 1.5
      vertex 1.2 9 6
    endloop
  endfacet
  facet normal 1 0 0
    outer loop
      vertex 1.2 6.6 7.6
      vertex 1.2 7.4 7.6
      vertex 1.2 6.6 8.4
    endloop
  endfacet
  facet normal 1 0 0
    outer loop
      vertex 1.2 7.4 7.6
      vertex 1.2 6.6 7.6
      vertex 1.2 7.4 6
    endloop
  endfacet
  facet normal 1 0 0
    outer loop
      vertex 1.2 6.6 6
      vertex 1.2 7.4 6
      vertex 1.2 6.6 7.6
    endloop
  endfacet
  facet normal 1 0 0
    outer loop
      vertex 1.2 1.2 1.5
      vertex 1.2 7.4 6
      vertex 1.2 6.6 6
    endloop
  endfacet
  facet normal 1 0 0
    outer loop
      vertex 1.2 1.2 1.5
      vertex 1.2 6.6 6
      vertex 1.2 5 6
    endloop
  endfacet
  facet normal 1 0 0
    outer loop
      vertex 1.2 7.4 6
      vertex 1.2 1.2 1.5
      vertex 1.2 13.35 1.5
    endloop
  endfacet
  facet normal 1 0 0
    outer loop
      vertex 1.2 5 7.6
      vertex 1.2 1.2 1.5
      vertex 1.2 5 6
    endloop
  endfacet
  facet normal 0 0 1
    outer loop
      vertex 19.4 14.35 1.5
      vertex 6 14.35 1.5
      vertex 19.4 13.35 1.5
    endloop
  endfacet
  facet normal -0 0 1
    outer loop
      vertex 19.4 13.35 1.5
      vertex 24.2 1.2 1.5
      vertex 24.2 13.35 1.5
    endloop
  endfacet
  facet normal 0 0 1
    outer loop
      vertex 6 13.35 1.5
      vertex 19.4 13.35 1.5
      vertex 6 14.35 1.5
    endloop
  endfacet
  facet normal 0 0 1
    outer loop
      vertex 19.4 13.35 1.5
      vertex 6 13.35 1.5
      vertex 24.2 1.2 1.5
    endloop
  endfacet
  facet normal 0 0 1
    outer loop
      vertex 1.2 1.2 1.5
      vertex 6 13.35 1.5
      vertex 1.2 13.35 1.5
    endloop
  endfacet
  facet normal 0 0 1
    outer loop
      vertex 6 13.35 1.5
      vertex 1.2 1.2 1.5
      vertex 24.2 1.2 1.5
    endloop
  endfacet
  facet normal -1 0 0
    outer loop
      vertex 24.2 5 7.6
      vertex 24.2 6.6 8.4
      vertex 24.2 6.6 7.6
    endloop
  endfacet
  facet normal -1 -0 0
    outer loop
      vertex 24.2 6.6 8.4
      vertex 24.2 5 7.6
      vertex 24.2 5 8.4
    endloop
  endfacet
  facet normal -1 0 0
    outer loop
      vertex 24.2 7.4 7.6
      vertex 24.2 9 8.4
      vertex 24.2 9 7.6
    endloop
  endfacet
  facet normal -1 -0 0
    outer loop
      vertex 24.2 9 8.4
      vertex 24.2 7.4 7.6
      vertex 24.2 7.4 8.4
    endloop
  endfacet
  facet normal -1 0 0
    outer loop
      vertex 24.2 13.35 1.5
      vertex 24.2 9 6
      vertex 24.2 13.35 2.2
    endloop
  endfacet
  facet normal -1 0 0
    outer loop
      vertex 24.2 13.35 1.5
      vertex 24.2 7.4 6
      vertex 24.2 9 6
    endloop
  endfacet
  facet normal -1 0 0
    outer loop
      vertex 24.2 6.6 7.6
      vertex 24.2 7.4 7.6
      vertex 24.2 7.4 6
    endloop
  endfacet
  facet normal -1 0 0
    outer loop
      vertex 24.2 7.4 7.6
      vertex 24.2 6.6 7.6
      vertex 24.2 7.4 8.4
    endloop
  endfacet
  facet normal -1 0 0
    outer loop
      vertex 24.2 6.6 7.6
      vertex 24.2 7.4 6
      vertex 24.2 6.6 6
    endloop
  endfacet
  facet normal -1 0 0
    outer loop
      vertex 24.2 1.2 1.5
      vertex 24.2 7.4 6
      vertex 24.2 13.35 1.5
    endloop
  endfacet
  facet normal -1 -0 0
    outer loop
      vertex 24.2 7.4 6
      vertex 24.2 1.2 1.5
      vertex 24.2 6.6 6
    endloop
  endfacet
  facet normal -1 0 0
    outer loop
      vertex 24.2 1.2 1.5
      vertex 24.2 5 7.6
      vertex 24.2 5 6
    endloop
  endfacet
  facet normal -1 0 0
    outer loop
      vertex 24.2 5 7.6
      vertex 24.2 1.2 12.9799
      vertex 24.2 5 8.4
    endloop
  endfacet
  facet normal -1 -0 0
    outer loop
      vertex 24.2 5 7.6
      vertex 24.2 1.2 1.5
      vertex 24.2 1.2 12.9799
    endloop
  endfacet
  facet normal -1 -0 0
    outer loop
      vertex 24.2 6.6 6
      vertex 24.2 1.2 1.5
      vertex 24.2 5 6
    endloop
  endfacet
  facet normal -1 0 0
    outer loop
      vertex 24.2 17.5298 4.29232
      vertex 24.2 17.6 8.40458
      vertex 24.2 17.6 4.26326
    endloop
  endfacet
  facet normal -1 0 0
    outer loop
      vertex 24.2 17.1942 4.37291
      vertex 24.2 17.6 8.40458
      vertex 24.2 17.5298 4.29232
    endloop
  endfacet
  facet normal -1 0 0
    outer loop
      vertex 24.2 16.85 4.4
      vertex 24.2 17.6 8.40458
      vertex 24.2 17.1942 4.37291
    endloop
  endfacet
  facet normal -1 0 0
    outer loop
      vertex 24.2 16.5058 4.37291
      vertex 24.2 17.6 8.40458
      vertex 24.2 16.85 4.4
    endloop
  endfacet
  facet normal -1 0 0
    outer loop
      vertex 24.2 16.1702 4.29232
      vertex 24.2 17.6 8.40458
      vertex 24.2 16.5058 4.37291
    endloop
  endfacet
  facet normal -1 0 0
    outer loop
      vertex 24.2 15.8512 4.16021
      vertex 24.2 17.6 8.40458
      vertex 24.2 16.1702 4.29232
    endloop
  endfacet
  facet normal -1 0 0
    outer loop
      vertex 24.2 15.5569 3.97984
      vertex 24.2 17.6 8.40458
      vertex 24.2 15.8512 4.16021
    endloop
  endfacet
  facet normal -1 0 0
    outer loop
      vertex 24.2 17.6 8.40458
      vertex 24.2 15.5569 3.97984
      vertex 24.2 9 7.6
    endloop
  endfacet
  facet normal -1 0 0
    outer loop
      vertex 24.2 9 7.6
      vertex 24.2 15.5569 3.97984
      vertex 24.2 15.2944 3.75563
    endloop
  endfacet
  facet normal -1 0 0
    outer loop
      vertex 24.2 9 6
      vertex 24.2 15.2944 3.75563
      vertex 24.2 15.0702 3.49313
    endloop
  endfacet
  facet normal -1 0 0
    outer loop
      vertex 24.2 13.35 2.2
      vertex 24.2 15.0702 3.49313
      vertex 24.2 14.8898 3.19878
    endloop
  endfacet
  facet normal -1 0 0
    outer loop
      vertex 24.2 13.35 2.2
      vertex 24.2 14.8898 3.19878
      vertex 24.2 14.7577 2.87984
    endloop
  endfacet
  facet normal -1 0 0
    outer loop
      vertex 24.2 13.35 2.2
      vertex 24.2 14.7577 2.87984
      vertex 24.2 14.6771 2.54416
    endloop
  endfacet
  facet normal -1 0 0
    outer loop
      vertex 24.2 13.35 2.2
      vertex 24.2 14.6771 2.54416
      vertex 24.2 14.65 2.2
    endloop
  endfacet
  facet normal -1 -0 0
    outer loop
      vertex 24.2 15.0702 3.49313
      vertex 24.2 13.35 2.2
      vertex 24.2 9 6
    endloop
  endfacet
  facet normal -1 0 0
    outer loop
      vertex 24.2 15.2944 3.75563
      vertex 24.2 9 6
      vertex 24.2 9 7.6
    endloop
  endfacet
  facet normal -1 0 0
    outer loop
      vertex 24.2 17.6 8.40458
      vertex 24.2 9 7.6
      vertex 24.2 9 8.4
    endloop
  endfacet
  facet normal -1 0 0
    outer loop
      vertex 24.2 9 10
      vertex 24.2 17.6 8.40458
      vertex 24.2 9 8.4
    endloop
  endfacet
  facet normal -1 0 0
    outer loop
      vertex 24.2 17.6 8.40458
      vertex 24.2 9 10
      vertex 24.2 16.3616 12.9799
    endloop
  endfacet
  facet normal -1 0 0
    outer loop
      vertex 24.2 1.2 12.9799
      vertex 24.2 9 10
      vertex 24.2 7.4 10
    endloop
  endfacet
  facet normal -1 0 0
    outer loop
      vertex 24.2 6.6 8.4
      vertex 24.2 7.4 8.4
      vertex 24.2 6.6 7.6
    endloop
  endfacet
  facet normal -1 0 0
    outer loop
      vertex 24.2 7.4 8.4
      vertex 24.2 6.6 8.4
      vertex 24.2 7.4 10
    endloop
  endfacet
  facet normal -1 0 0
    outer loop
      vertex 24.2 6.6 10
      vertex 24.2 7.4 10
      vertex 24.2 6.6 8.4
    endloop
  endfacet
  facet normal -1 0 0
    outer loop
      vertex 24.2 1.2 12.9799
      vertex 24.2 7.4 10
      vertex 24.2 6.6 10
    endloop
  endfacet
  facet normal -1 0 0
    outer loop
      vertex 24.2 1.2 12.9799
      vertex 24.2 6.6 10
      vertex 24.2 5 10
    endloop
  endfacet
  facet normal -1 0 0
    outer loop
      vertex 24.2 9 10
      vertex 24.2 1.2 12.9799
      vertex 24.2 16.3616 12.9799
    endloop
  endfacet
  facet normal -1 0 0
    outer loop
      vertex 24.2 5 8.4
      vertex 24.2 1.2 12.9799
      vertex 24.2 5 10
    endloop
  endfacet
  facet normal -0.6837 -0.0013799 0.729762
    outer loop
      vertex 7.91601 13.031 19.684
      vertex 12.7 13.3338 24.1666
      vertex 7.91715 13.0479 19.6851
    endloop
  endfacet
  facet normal -0.683787 0.00136867 0.72968
    outer loop
      vertex 12.7 13.3338 24.1666
      vertex 7.91601 13.0648 19.684
      vertex 7.91715 13.0479 19.6851
    endloop
  endfacet
  facet normal -0.683765 0.000588379 0.729702
    outer loop
      vertex 12.7 13.3338 24.1666
      vertex 7.91327 13.1051 19.6814
      vertex 7.91601 13.0648 19.684
    endloop
  endfacet
  facet normal -0.683745 -0.000183076 0.729721
    outer loop
      vertex 12.7 13.3338 24.1666
      vertex 7.90237 13.1579 19.6712
      vertex 7.91327 13.1051 19.6814
    endloop
  endfacet
  facet normal -0.68375 7.53206e-05 0.729716
    outer loop
      vertex 12.7 13.3338 24.1666
      vertex 7.90109 13.164 19.67
      vertex 7.90237 13.1579 19.6712
    endloop
  endfacet
  facet normal -0.683596 -0.00717725 0.729826
    outer loop
      vertex 12.7 13.3338 24.1666
      vertex 7.89977 13.1677 19.6688
      vertex 7.90109 13.164 19.67
    endloop
  endfacet
  facet normal -0.68378 0.0019237 0.729686
    outer loop
      vertex 12.7 13.3338 24.1666
      vertex 7.8949 13.1815 19.6642
      vertex 7.89977 13.1677 19.6688
    endloop
  endfacet
  facet normal -0.68374 -0.000477805 0.729725
    outer loop
      vertex 12.7 13.3338 24.1666
      vertex 7.87566 13.2236 19.6462
      vertex 7.8949 13.1815 19.6642
    endloop
  endfacet
  facet normal -0.683734 -0.000992524 0.729731
    outer loop
      vertex 12.7 13.3338 24.1666
      vertex 7.85812 13.2489 19.6298
      vertex 7.87566 13.2236 19.6462
    endloop
  endfacet
  facet normal -0.683741 -0.000290189 0.729725
    outer loop
      vertex 12.7 13.3338 24.1666
      vertex 7.83516 13.282 19.6083
      vertex 7.85812 13.2489 19.6298
    endloop
  endfacet
  facet normal -0.683757 0.00323538 0.729702
    outer loop
      vertex 12.7 13.3338 24.1666
      vertex 7.82252 13.2946 19.5964
      vertex 7.83516 13.282 19.6083
    endloop
  endfacet
  facet normal -0.683734 -0.00251252 0.729727
    outer loop
      vertex 12.7 13.3338 24.1666
      vertex 7.79652 13.3124 19.5721
      vertex 7.82252 13.2946 19.5964
    endloop
  endfacet
  facet normal -0.683746 0.00375954 0.72971
    outer loop
      vertex 12.7 13.3338 24.1666
      vertex 7.77483 13.3272 19.5517
      vertex 7.79652 13.3124 19.5721
    endloop
  endfacet
  facet normal -0.683748 0.00214853 0.729715
    outer loop
      vertex 12.7 13.3338 24.1666
      vertex 7.7598 13.3329 19.5376
      vertex 7.77483 13.3272 19.5517
    endloop
  endfacet
  facet normal -0.683727 -0.00797936 0.729694
    outer loop
      vertex 12.7 13.3338 24.1666
      vertex 7.74179 13.3398 19.5208
      vertex 7.7598 13.3329 19.5376
    endloop
  endfacet
  facet normal -0.683744 3.39848e-05 0.729722
    outer loop
      vertex 1.31626 16.2209 13.5
      vertex 7.74179 13.3398 19.5208
      vertex 12.7 13.3338 24.1666
    endloop
  endfacet
  facet normal 0.862288 -0.459571 -0.212729
    outer loop
      vertex 7.56484 13.282 19.355
      vertex 7.52434 13.2236 19.317
      vertex 7.54187 13.2489 19.3334
    endloop
  endfacet
  facet normal 0.836512 -0.414619 0.358245
    outer loop
      vertex 7.50509 13.1815 19.299
      vertex 7.4989 13.164 19.2932
      vertex 7.50022 13.1677 19.2944
    endloop
  endfacet
  facet normal -0.683735 -0.0007618 0.72973
    outer loop
      vertex 7.48672 13.1051 19.2818
      vertex 1.31626 12.8539 13.5
      vertex 7.48399 13.0648 19.2792
    endloop
  endfacet
  facet normal -0.683759 0.000317909 0.729708
    outer loop
      vertex 7.49763 13.1579 19.292
      vertex 1.31626 12.8539 13.5
      vertex 7.48672 13.1051 19.2818
    endloop
  endfacet
  facet normal -0.683718 -0.00120849 0.729745
    outer loop
      vertex 7.4989 13.164 19.2932
      vertex 1.31626 12.8539 13.5
      vertex 7.49763 13.1579 19.292
    endloop
  endfacet
  facet normal -0.683751 4.09225e-06 0.729715
    outer loop
      vertex 7.50509 13.1815 19.299
      vertex 1.31626 12.8539 13.5
      vertex 7.4989 13.164 19.2932
    endloop
  endfacet
  facet normal -0.683751 0 0.729715
    outer loop
      vertex 1.31626 12.8539 13.5
      vertex 7.50509 13.1815 19.299
      vertex 1.31626 16.2209 13.5
    endloop
  endfacet
  facet normal -0.683612 0.000530265 0.729845
    outer loop
      vertex 7.52434 13.2236 19.317
      vertex 1.31626 16.2209 13.5
      vertex 7.50509 13.1815 19.299
    endloop
  endfacet
  facet normal -0.683872 -0.000480237 0.729602
    outer loop
      vertex 7.56484 13.282 19.355
      vertex 1.31626 16.2209 13.5
      vertex 7.52434 13.2236 19.317
    endloop
  endfacet
  facet normal -0.683411 0.00135738 0.730032
    outer loop
      vertex 7.57747 13.2946 19.3668
      vertex 1.31626 16.2209 13.5
      vertex 7.56484 13.282 19.355
    endloop
  endfacet
  facet normal -0.683979 -0.000920852 0.729501
    outer loop
      vertex 7.60347 13.3124 19.3912
      vertex 1.31626 16.2209 13.5
      vertex 7.57747 13.2946 19.3668
    endloop
  endfacet
  facet normal -0.683511 0.000975387 0.729939
    outer loop
      vertex 7.62517 13.3272 19.4115
      vertex 1.31626 16.2209 13.5
      vertex 7.60347 13.3124 19.3912
    endloop
  endfacet
  facet normal -0.684119 -0.00151432 0.729369
    outer loop
      vertex 7.64019 13.3329 19.4256
      vertex 1.31626 16.2209 13.5
      vertex 7.62517 13.3272 19.4115
    endloop
  endfacet
  facet normal -0.682748 0.00410304 0.730643
    outer loop
      vertex 7.65821 13.3398 19.4424
      vertex 1.31626 16.2209 13.5
      vertex 7.64019 13.3329 19.4256
    endloop
  endfacet
  facet normal -0.684054 -0.00127557 0.72943
    outer loop
      vertex 7.7 13.3453 19.4816
      vertex 1.31626 16.2209 13.5
      vertex 7.65821 13.3398 19.4424
    endloop
  endfacet
  facet normal -0.684305 -0.00232784 0.729192
    outer loop
      vertex 7.74179 13.3398 19.5208
      vertex 1.31626 16.2209 13.5
      vertex 7.7 13.3453 19.4816
    endloop
  endfacet
  facet normal -0.683727 -0.000594692 0.729738
    outer loop
      vertex 7.91327 12.9908 19.6814
      vertex 12.7 13.3338 24.1666
      vertex 7.91601 13.031 19.684
    endloop
  endfacet
  facet normal -0.683747 -7.53711e-05 0.729719
    outer loop
      vertex 7.91071 12.9784 19.679
      vertex 12.7 13.3338 24.1666
      vertex 7.91327 12.9908 19.6814
    endloop
  endfacet
  facet normal -0.683759 0.000222809 0.729708
    outer loop
      vertex 7.90109 12.9318 19.67
      vertex 12.7 13.3338 24.1666
      vertex 7.91071 12.9784 19.679
    endloop
  endfacet
  facet normal -0.683749 2.47142e-06 0.729718
    outer loop
      vertex 7.8949 12.9143 19.6642
      vertex 12.7 13.3338 24.1666
      vertex 7.90109 12.9318 19.67
    endloop
  endfacet
  facet normal -0.683771 0.000478399 0.729697
    outer loop
      vertex 7.88154 12.8851 19.6517
      vertex 12.7 13.3338 24.1666
      vertex 7.8949 12.9143 19.6642
    endloop
  endfacet
  facet normal -0.683775 0.00056495 0.729693
    outer loop
      vertex 7.87566 12.8722 19.6462
      vertex 12.7 13.3338 24.1666
      vertex 7.88154 12.8851 19.6517
    endloop
  endfacet
  facet normal -0.683746 0 0.72972
    outer loop
      vertex 12.7 13.3338 24.1666
      vertex 7.87566 12.8722 19.6462
      vertex 12.7 9.96688 24.1666
    endloop
  endfacet
  facet normal -0.683928 -0.000566979 0.729549
    outer loop
      vertex 7.84977 12.8349 19.6219
      vertex 12.7 9.96688 24.1666
      vertex 7.87566 12.8722 19.6462
    endloop
  endfacet
  facet normal -0.683054 0.0022023 0.730364
    outer loop
      vertex 7.83516 12.8138 19.6083
      vertex 12.7 9.96688 24.1666
      vertex 7.84977 12.8349 19.6219
    endloop
  endfacet
  facet normal -0.684382 -0.00205873 0.72912
    outer loop
      vertex 7.82252 12.8012 19.5964
      vertex 12.7 9.96688 24.1666
      vertex 7.83516 12.8138 19.6083
    endloop
  endfacet
  facet normal -0.683319 0.00137988 0.730118
    outer loop
      vertex 7.79652 12.7835 19.5721
      vertex 12.7 9.96688 24.1666
      vertex 7.82252 12.8012 19.5964
    endloop
  endfacet
  facet normal -0.684366 -0.00204514 0.729136
    outer loop
      vertex 7.77483 12.7686 19.5517
      vertex 12.7 9.96688 24.1666
      vertex 7.79652 12.7835 19.5721
    endloop
  endfacet
  facet normal -0.684009 -0.000862168 0.729473
    outer loop
      vertex 7.7598 12.7629 19.5376
      vertex 12.7 9.96688 24.1666
      vertex 7.77483 12.7686 19.5517
    endloop
  endfacet
  facet normal -0.682773 0.00322666 0.730624
    outer loop
      vertex 7.74179 12.756 19.5208
      vertex 12.7 9.96688 24.1666
      vertex 7.7598 12.7629 19.5376
    endloop
  endfacet
  facet normal -0.684068 -0.00108453 0.729417
    outer loop
      vertex 7.7 12.7505 19.4816
      vertex 12.7 9.96688 24.1666
      vertex 7.74179 12.756 19.5208
    endloop
  endfacet
  facet normal -0.684266 -0.0017556 0.72923
    outer loop
      vertex 7.65821 12.756 19.4424
      vertex 12.7 9.96688 24.1666
      vertex 7.7 12.7505 19.4816
    endloop
  endfacet
  facet normal -0.683793 -0.00933471 0.729616
    outer loop
      vertex 1.31626 12.8539 13.5
      vertex 7.65821 12.756 19.4424
      vertex 7.64019 12.7629 19.4256
    endloop
  endfacet
  facet normal -0.683721 0.00346988 0.729735
    outer loop
      vertex 1.31626 12.8539 13.5
      vertex 7.64019 12.7629 19.4256
      vertex 7.62517 12.7686 19.4115
    endloop
  endfacet
  facet normal -0.669053 0.0194492 0.74296
    outer loop
      vertex 7.52434 12.8722 19.317
      vertex 7.56484 12.8138 19.355
      vertex 7.55024 12.8349 19.3413
    endloop
  endfacet
  facet normal -0.641257 0.0345292 0.766549
    outer loop
      vertex 7.50509 12.9143 19.299
      vertex 7.52434 12.8722 19.317
      vertex 7.51846 12.8851 19.3115
    endloop
  endfacet
  facet normal -0.370522 0.101894 0.923218
    outer loop
      vertex 7.48672 12.9908 19.2818
      vertex 7.4989 12.9318 19.2932
      vertex 7.48929 12.9784 19.2842
    endloop
  endfacet
  facet normal -0.683731 -0.000971342 0.729733
    outer loop
      vertex 7.48399 13.0648 19.2792
      vertex 1.31626 12.8539 13.5
      vertex 7.48284 13.0479 19.2781
    endloop
  endfacet
  facet normal -0.683764 0.000967151 0.729703
    outer loop
      vertex 7.48284 13.0479 19.2781
      vertex 1.31626 12.8539 13.5
      vertex 7.48399 13.031 19.2792
    endloop
  endfacet
  facet normal -0.683761 0.000760418 0.729706
    outer loop
      vertex 7.48399 13.031 19.2792
      vertex 1.31626 12.8539 13.5
      vertex 7.48672 12.9908 19.2818
    endloop
  endfacet
  facet normal -0.68375 -0.000157785 0.729716
    outer loop
      vertex 7.48672 12.9908 19.2818
      vertex 1.31626 12.8539 13.5
      vertex 7.4989 12.9318 19.2932
    endloop
  endfacet
  facet normal -0.683751 -4.00181e-06 0.729715
    outer loop
      vertex 7.4989 12.9318 19.2932
      vertex 1.31626 12.8539 13.5
      vertex 7.50509 12.9143 19.299
    endloop
  endfacet
  facet normal -0.683748 -0.000646343 0.729718
    outer loop
      vertex 7.50509 12.9143 19.299
      vertex 1.31626 12.8539 13.5
      vertex 7.52434 12.8722 19.317
    endloop
  endfacet
  facet normal -0.68375 0.000639825 0.729716
    outer loop
      vertex 7.52434 12.8722 19.317
      vertex 1.31626 12.8539 13.5
      vertex 7.56484 12.8138 19.355
    endloop
  endfacet
  facet normal -0.683757 -0.00200936 0.729707
    outer loop
      vertex 7.56484 12.8138 19.355
      vertex 1.31626 12.8539 13.5
      vertex 7.57747 12.8012 19.3668
    endloop
  endfacet
  facet normal -0.683742 0.00157823 0.729722
    outer loop
      vertex 7.57747 12.8012 19.3668
      vertex 1.31626 12.8539 13.5
      vertex 7.60347 12.7835 19.3912
    endloop
  endfacet
  facet normal -0.683761 -0.00165241 0.729704
    outer loop
      vertex 7.60347 12.7835 19.3912
      vertex 1.31626 12.8539 13.5
      vertex 7.62517 12.7686 19.4115
    endloop
  endfacet
  facet normal -0.683746 1.3041e-05 0.72972
    outer loop
      vertex 7.65821 12.756 19.4424
      vertex 1.31626 12.8539 13.5
      vertex 12.7 9.96688 24.1666
    endloop
  endfacet
  facet normal 0.683753 0 0.729714
    outer loop
      vertex 17.8949 13.1815 19.299
      vertex 24.0837 12.8539 13.5
      vertex 24.0837 16.2209 13.5
    endloop
  endfacet
  facet normal 0.68377 0.00105664 0.729697
    outer loop
      vertex 24.0837 12.8539 13.5
      vertex 17.916 13.0648 19.2792
      vertex 17.9172 13.0479 19.2781
    endloop
  endfacet
  facet normal 0.683727 -0.00127174 0.729736
    outer loop
      vertex 24.0837 12.8539 13.5
      vertex 17.9133 13.1051 19.2818
      vertex 17.916 13.0648 19.2792
    endloop
  endfacet
  facet normal 0.68376 0.000188695 0.729707
    outer loop
      vertex 24.0837 12.8539 13.5
      vertex 17.9024 13.1579 19.292
      vertex 17.9133 13.1051 19.2818
    endloop
  endfacet
  facet normal 0.68381 0.00219108 0.729657
    outer loop
      vertex 24.0837 12.8539 13.5
      vertex 17.9011 13.164 19.2932
      vertex 17.9024 13.1579 19.292
    endloop
  endfacet
  facet normal 0.683846 0.00363762 0.729617
    outer loop
      vertex 24.0837 12.8539 13.5
      vertex 17.8998 13.1677 19.2944
      vertex 17.9011 13.164 19.2932
    endloop
  endfacet
  facet normal 0.68374 -0.000464829 0.729726
    outer loop
      vertex 24.0837 12.8539 13.5
      vertex 17.8949 13.1815 19.299
      vertex 17.8998 13.1677 19.2944
    endloop
  endfacet
  facet normal 0.683787 -0.000131794 0.729681
    outer loop
      vertex 24.0837 16.2209 13.5
      vertex 17.8757 13.2236 19.317
      vertex 17.8949 13.1815 19.299
    endloop
  endfacet
  facet normal 0.683244 0.00197673 0.730188
    outer loop
      vertex 24.0837 16.2209 13.5
      vertex 17.8581 13.2489 19.3334
      vertex 17.8757 13.2236 19.317
    endloop
  endfacet
  facet normal 0.684346 -0.00236227 0.729154
    outer loop
      vertex 24.0837 16.2209 13.5
      vertex 17.8352 13.282 19.355
      vertex 17.8581 13.2489 19.3334
    endloop
  endfacet
  facet normal 0.682763 0.00394226 0.730629
    outer loop
      vertex 24.0837 16.2209 13.5
      vertex 17.8225 13.2946 19.3668
      vertex 17.8352 13.282 19.355
    endloop
  endfacet
  facet normal 0.683979 -0.000919904 0.729501
    outer loop
      vertex 24.0837 16.2209 13.5
      vertex 17.7965 13.3124 19.3912
      vertex 17.8225 13.2946 19.3668
    endloop
  endfacet
  facet normal 0.683512 0.000976337 0.729939
    outer loop
      vertex 24.0837 16.2209 13.5
      vertex 17.7748 13.3272 19.4115
      vertex 17.7965 13.3124 19.3912
    endloop
  endfacet
  facet normal 0.684383 -0.00259976 0.729118
    outer loop
      vertex 24.0837 16.2209 13.5
      vertex 17.7598 13.3329 19.4256
      vertex 17.7748 13.3272 19.4115
    endloop
  endfacet
  facet normal 0.682971 0.00320291 0.730439
    outer loop
      vertex 24.0837 16.2209 13.5
      vertex 17.7418 13.3398 19.4424
      vertex 17.7598 13.3329 19.4256
    endloop
  endfacet
  facet normal 0.683988 -0.000987121 0.729493
    outer loop
      vertex 24.0837 16.2209 13.5
      vertex 17.7 13.3453 19.4816
      vertex 17.7418 13.3398 19.4424
    endloop
  endfacet
  facet normal 0.684182 -0.00180129 0.729309
    outer loop
      vertex 24.0837 16.2209 13.5
      vertex 17.6582 13.3398 19.5208
      vertex 17.7 13.3453 19.4816
    endloop
  endfacet
  facet normal 0.683744 3.80398e-05 0.729722
    outer loop
      vertex 12.7 13.3338 24.1666
      vertex 17.6582 13.3398 19.5208
      vertex 24.0837 16.2209 13.5
    endloop
  endfacet
  facet normal 0.683732 -0.00698898 0.7297
    outer loop
      vertex 17.6582 13.3398 19.5208
      vertex 12.7 13.3338 24.1666
      vertex 17.6402 13.3329 19.5376
    endloop
  endfacet
  facet normal 0.683784 0.00126457 0.729684
    outer loop
      vertex 12.7 13.3338 24.1666
      vertex 17.484 13.0648 19.684
      vertex 17.4867 13.1051 19.6814
    endloop
  endfacet
  facet normal 0.683714 -0.00104933 0.729749
    outer loop
      vertex 17.484 13.0648 19.684
      vertex 12.7 13.3338 24.1666
      vertex 17.4828 13.0479 19.6851
    endloop
  endfacet
  facet normal 0.683747 -0.000183952 0.729719
    outer loop
      vertex 17.4976 13.1579 19.6712
      vertex 12.7 13.3338 24.1666
      vertex 17.4867 13.1051 19.6814
    endloop
  endfacet
  facet normal 0.683707 -0.00215011 0.729753
    outer loop
      vertex 17.4989 13.164 19.67
      vertex 12.7 13.3338 24.1666
      vertex 17.4976 13.1579 19.6712
    endloop
  endfacet
  facet normal 0.683679 -0.00352776 0.729775
    outer loop
      vertex 17.5002 13.1677 19.6688
      vertex 12.7 13.3338 24.1666
      vertex 17.4989 13.164 19.67
    endloop
  endfacet
  facet normal 0.683756 0.000453779 0.72971
    outer loop
      vertex 17.5051 13.1815 19.6642
      vertex 12.7 13.3338 24.1666
      vertex 17.5002 13.1677 19.6688
    endloop
  endfacet
  facet normal 0.683751 0.000162571 0.729715
    outer loop
      vertex 17.5243 13.2236 19.6462
      vertex 12.7 13.3338 24.1666
      vertex 17.5051 13.1815 19.6642
    endloop
  endfacet
  facet normal 0.683716 -0.00259259 0.729744
    outer loop
      vertex 17.5419 13.2489 19.6298
      vertex 12.7 13.3338 24.1666
      vertex 17.5243 13.2236 19.6462
    endloop
  endfacet
  facet normal 0.683751 0.000936284 0.729715
    outer loop
      vertex 17.5648 13.282 19.6083
      vertex 12.7 13.3338 24.1666
      vertex 17.5419 13.2489 19.6298
    endloop
  endfacet
  facet normal 0.683746 8.36264e-06 0.729721
    outer loop
      vertex 17.5775 13.2946 19.5964
      vertex 12.7 13.3338 24.1666
      vertex 17.5648 13.282 19.6083
    endloop
  endfacet
  facet normal 0.683751 0.00154352 0.729713
    outer loop
      vertex 17.6035 13.3124 19.572
      vertex 12.7 13.3338 24.1666
      vertex 17.5775 13.2946 19.5964
    endloop
  endfacet
  facet normal 0.683744 -0.00161628 0.72972
    outer loop
      vertex 17.6252 13.3272 19.5517
      vertex 12.7 13.3338 24.1666
      vertex 17.6035 13.3124 19.572
    endloop
  endfacet
  facet normal 0.683739 0.0057454 0.729704
    outer loop
      vertex 17.6402 13.3329 19.5376
      vertex 12.7 13.3338 24.1666
      vertex 17.6252 13.3272 19.5517
    endloop
  endfacet
  facet normal 0.683735 -0.00105198 0.72973
    outer loop
      vertex 17.916 13.031 19.2792
      vertex 24.0837 12.8539 13.5
      vertex 17.9172 13.0479 19.2781
    endloop
  endfacet
  facet normal 0.68377 0.00126947 0.729697
    outer loop
      vertex 17.9133 12.9908 19.2818
      vertex 24.0837 12.8539 13.5
      vertex 17.916 13.031 19.2792
    endloop
  endfacet
  facet normal 0.683729 -0.00212382 0.729733
    outer loop
      vertex 17.9107 12.9784 19.2842
      vertex 24.0837 12.8539 13.5
      vertex 17.9133 12.9908 19.2818
    endloop
  endfacet
  facet normal 0.683754 7.24516e-05 0.729713
    outer loop
      vertex 17.9011 12.9318 19.2932
      vertex 24.0837 12.8539 13.5
      vertex 17.9107 12.9784 19.2842
    endloop
  endfacet
  facet normal 0.683751 -0.000394541 0.729716
    outer loop
      vertex 17.8949 12.9143 19.299
      vertex 24.0837 12.8539 13.5
      vertex 17.9011 12.9318 19.2932
    endloop
  endfacet
  facet normal 0.683745 -0.00139333 0.72972
    outer loop
      vertex 17.8815 12.8851 19.3115
      vertex 24.0837 12.8539 13.5
      vertex 17.8949 12.9143 19.299
    endloop
  endfacet
  facet normal 0.683755 0.00368904 0.729703
    outer loop
      vertex 17.8757 12.8722 19.317
      vertex 24.0837 12.8539 13.5
      vertex 17.8815 12.8851 19.3115
    endloop
  endfacet
  facet normal 0.683754 0.00061042 0.729712
    outer loop
      vertex 17.8498 12.8349 19.3413
      vertex 24.0837 12.8539 13.5
      vertex 17.8757 12.8722 19.317
    endloop
  endfacet
  facet normal 0.683754 0.000675186 0.729712
    outer loop
      vertex 17.8352 12.8138 19.355
      vertex 24.0837 12.8539 13.5
      vertex 17.8498 12.8349 19.3413
    endloop
  endfacet
  facet normal 0.683765 -0.0058414 0.729679
    outer loop
      vertex 17.8225 12.8012 19.3668
      vertex 24.0837 12.8539 13.5
      vertex 17.8352 12.8138 19.355
    endloop
  endfacet
  facet normal 0.683742 0.00157661 0.729722
    outer loop
      vertex 17.7965 12.7835 19.3912
      vertex 24.0837 12.8539 13.5
      vertex 17.8225 12.8012 19.3668
    endloop
  endfacet
  facet normal 0.683762 -0.00165402 0.729704
    outer loop
      vertex 17.7748 12.7686 19.4115
      vertex 24.0837 12.8539 13.5
      vertex 17.7965 12.7835 19.3912
    endloop
  endfacet
  facet normal 0.683696 0.00595452 0.729743
    outer loop
      vertex 17.7598 12.7629 19.4256
      vertex 24.0837 12.8539 13.5
      vertex 17.7748 12.7686 19.4115
    endloop
  endfacet
  facet normal 0.683791 -0.00728444 0.729641
    outer loop
      vertex 17.7418 12.756 19.4424
      vertex 24.0837 12.8539 13.5
      vertex 17.7598 12.7629 19.4256
    endloop
  endfacet
  facet normal 0.684153 -0.00137076 0.729338
    outer loop
      vertex 12.7 9.96688 24.1666
      vertex 17.7418 12.756 19.4424
      vertex 17.7 12.7505 19.4816
    endloop
  endfacet
  facet normal 0.683889 -0.000434931 0.729586
    outer loop
      vertex 12.7 9.96688 24.1666
      vertex 17.5502 12.8349 19.6219
      vertex 17.5243 12.8722 19.6462
    endloop
  endfacet
  facet normal 0.683833 0.00216457 0.729635
    outer loop
      vertex 12.7 13.3338 24.1666
      vertex 17.4893 12.9784 19.679
      vertex 17.4867 12.9908 19.6814
    endloop
  endfacet
  facet normal 0.683782 0.00105818 0.729686
    outer loop
      vertex 12.7 13.3338 24.1666
      vertex 17.484 13.031 19.684
      vertex 17.4828 13.0479 19.6851
    endloop
  endfacet
  facet normal 0.683703 -0.00127806 0.72976
    outer loop
      vertex 17.484 13.031 19.684
      vertex 12.7 13.3338 24.1666
      vertex 17.4867 12.9908 19.6814
    endloop
  endfacet
  facet normal 0.683746 -7.55056e-05 0.72972
    outer loop
      vertex 17.4893 12.9784 19.679
      vertex 12.7 13.3338 24.1666
      vertex 17.4989 12.9318 19.67
    endloop
  endfacet
  facet normal 0.683767 0.000405646 0.7297
    outer loop
      vertex 12.7 13.3338 24.1666
      vertex 17.5051 12.9143 19.6642
      vertex 17.4989 12.9318 19.67
    endloop
  endfacet
  facet normal 0.683816 0.00145408 0.729654
    outer loop
      vertex 12.7 13.3338 24.1666
      vertex 17.5185 12.8851 19.6517
      vertex 17.5051 12.9143 19.6642
    endloop
  endfacet
  facet normal 0.683547 -0.00386455 0.729896
    outer loop
      vertex 12.7 13.3338 24.1666
      vertex 17.5243 12.8722 19.6462
      vertex 17.5185 12.8851 19.6517
    endloop
  endfacet
  facet normal 0.683749 -0 0.729717
    outer loop
      vertex 12.7 9.96688 24.1666
      vertex 17.5243 12.8722 19.6462
      vertex 12.7 13.3338 24.1666
    endloop
  endfacet
  facet normal 0.683129 0.00197447 0.730295
    outer loop
      vertex 17.5502 12.8349 19.6219
      vertex 12.7 9.96688 24.1666
      vertex 17.5648 12.8138 19.6083
    endloop
  endfacet
  facet normal 0.683747 -5.31645e-06 0.729719
    outer loop
      vertex 17.5648 12.8138 19.6083
      vertex 12.7 9.96688 24.1666
      vertex 17.5775 12.8012 19.5964
    endloop
  endfacet
  facet normal 0.684007 -0.000846975 0.729475
    outer loop
      vertex 17.5775 12.8012 19.5964
      vertex 12.7 9.96688 24.1666
      vertex 17.6035 12.7835 19.572
    endloop
  endfacet
  facet normal 0.683479 0.000880047 0.72997
    outer loop
      vertex 17.6035 12.7835 19.572
      vertex 12.7 9.96688 24.1666
      vertex 17.6252 12.7686 19.5517
    endloop
  endfacet
  facet normal 0.684443 -0.00230702 0.729063
    outer loop
      vertex 17.6252 12.7686 19.5517
      vertex 12.7 9.96688 24.1666
      vertex 17.6402 12.7629 19.5376
    endloop
  endfacet
  facet normal 0.682894 0.00282666 0.730512
    outer loop
      vertex 17.6402 12.7629 19.5376
      vertex 12.7 9.96688 24.1666
      vertex 17.6582 12.756 19.5208
    endloop
  endfacet
  facet normal 0.683749 4.94832e-07 0.729717
    outer loop
      vertex 17.7418 12.756 19.4424
      vertex 12.7 9.96688 24.1666
      vertex 24.0837 12.8539 13.5
    endloop
  endfacet
  facet normal 0.683998 -0.000846849 0.729484
    outer loop
      vertex 17.6582 12.756 19.5208
      vertex 12.7 9.96688 24.1666
      vertex 17.7 12.7505 19.4816
    endloop
  endfacet
  facet normal -0 0 1
    outer loop
      vertex 0 16.2209 13.5
      vertex 1.31626 12.8539 13.5
      vertex 1.31626 16.2209 13.5
    endloop
  endfacet
  facet normal 0 0 1
    outer loop
      vertex 1.31626 12.8539 13.5
      vertex 0 16.2209 13.5
      vertex 0 12.8539 13.5
    endloop
  endfacet
  facet normal -0 0 1
    outer loop
      vertex 24.0837 16.2209 13.5
      vertex 25.4 12.8539 13.5
      vertex 25.4 16.2209 13.5
    endloop
  endfacet
  facet normal 0 0 1
    outer loop
      vertex 25.4 12.8539 13.5
      vertex 24.0837 16.2209 13.5
      vertex 24.0837 12.8539 13.5
    endloop
  endfacet
  facet normal -0 0.965269 0.261259
    outer loop
      vertex 24.0837 12.8539 13.5
      vertex 12.7 9.63306 25.4
      vertex 25.4 12.8539 13.5
    endloop
  endfacet
  facet normal -8.66613e-06 0.965271 0.261251
    outer loop
      vertex 12.7 9.63306 25.4
      vertex 24.0837 12.8539 13.5
      vertex 12.7 9.96688 24.1666
    endloop
  endfacet
  facet normal 8.6661e-06 0.965271 0.261251
    outer loop
      vertex 1.31626 12.8539 13.5
      vertex 12.7 9.63306 25.4
      vertex 12.7 9.96688 24.1666
    endloop
  endfacet
  facet normal 0 0.965269 0.261259
    outer loop
      vertex 12.7 9.63306 25.4
      vertex 1.31626 12.8539 13.5
      vertex 0 12.8539 13.5
    endloop
  endfacet
  facet normal -0 0.965267 0.261266
    outer loop
      vertex 23.645 16.2209 13.5
      vertex 12.7 13.3338 24.1666
      vertex 24.0837 16.2209 13.5
    endloop
  endfacet
  facet normal -0 0.965267 0.261266
    outer loop
      vertex 22.3287 16.2209 13.5
      vertex 12.7 13.3338 24.1666
      vertex 23.645 16.2209 13.5
    endloop
  endfacet
  facet normal 9.53594e-06 0.965265 0.261274
    outer loop
      vertex 12.7 13.3338 24.1666
      vertex 22.3287 16.2209 13.5
      vertex 12.7 13.7789 22.5222
    endloop
  endfacet
  facet normal -9.53594e-06 0.965265 0.261274
    outer loop
      vertex 3.0713 16.2209 13.5
      vertex 12.7 13.3338 24.1666
      vertex 12.7 13.7789 22.5222
    endloop
  endfacet
  facet normal -0 0.965267 0.261266
    outer loop
      vertex 1.75502 16.2209 13.5
      vertex 12.7 13.3338 24.1666
      vertex 3.0713 16.2209 13.5
    endloop
  endfacet
  facet normal 0 0.965267 0.261266
    outer loop
      vertex 1.75502 16.2209 13.5
      vertex 1.31626 16.2209 13.5
      vertex 12.7 13.3338 24.1666
    endloop
  endfacet
  facet normal 0 0.965301 0.261138
    outer loop
      vertex 1.2 16.3616 12.9799
      vertex 1.31626 16.2209 13.5
      vertex 1.75502 16.2209 13.5
    endloop
  endfacet
  facet normal 0 0.965301 0.261138
    outer loop
      vertex 1.31626 16.2209 13.5
      vertex 1.2 16.3616 12.9799
      vertex 0 16.2209 13.5
    endloop
  endfacet
  facet normal 6.00264e-05 0.965267 0.261267
    outer loop
      vertex 1.2 17.85 7.48092
      vertex 0 16.2209 13.5
      vertex 1.2 16.3616 12.9799
    endloop
  endfacet
  facet normal -0 0.965268 0.261261
    outer loop
      vertex 0 19.05 3.04733
      vertex 1.2 17.85 7.48092
      vertex 1.2 19.05 3.04733
    endloop
  endfacet
  facet normal 1.03529e-05 0.965269 0.261258
    outer loop
      vertex 1.2 17.85 7.48092
      vertex 0 19.05 3.04733
      vertex 0 16.2209 13.5
    endloop
  endfacet
  facet normal 0 0.965301 0.261138
    outer loop
      vertex 24.2 16.3616 12.9799
      vertex 24.0837 16.2209 13.5
      vertex 25.4 16.2209 13.5
    endloop
  endfacet
  facet normal 0 0.965301 0.261138
    outer loop
      vertex 24.0837 16.2209 13.5
      vertex 24.2 16.3616 12.9799
      vertex 23.645 16.2209 13.5
    endloop
  endfacet
  facet normal -6.05343e-05 0.965266 0.261268
    outer loop
      vertex 25.4 16.2209 13.5
      vertex 24.2 17.6 8.40458
      vertex 24.2 16.3616 12.9799
    endloop
  endfacet
  facet normal -1.35076e-05 0.965269 0.261258
    outer loop
      vertex 25.4 19.05 3.04733
      vertex 24.2 17.6 8.40458
      vertex 25.4 16.2209 13.5
    endloop
  endfacet
  facet normal 0 0.965268 0.261261
    outer loop
      vertex 24.2 17.6 8.40458
      vertex 25.4 19.05 3.04733
      vertex 24.2 19.05 3.04733
    endloop
  endfacet
  facet normal 1 -0 0
    outer loop
      vertex 1.2 19.0229 1.85584
      vertex 1.2 19.05 0
      vertex 1.2 19.05 2.2
    endloop
  endfacet
  facet normal 1 -0 0
    outer loop
      vertex 1.2 18.9423 1.52016
      vertex 1.2 19.05 0
      vertex 1.2 19.0229 1.85584
    endloop
  endfacet
  facet normal 1 -0 0
    outer loop
      vertex 1.2 18.8102 1.20122
      vertex 1.2 19.05 0
      vertex 1.2 18.9423 1.52016
    endloop
  endfacet
  facet normal 1 -0 0
    outer loop
      vertex 1.2 18.6298 0.906872
      vertex 1.2 19.05 0
      vertex 1.2 18.8102 1.20122
    endloop
  endfacet
  facet normal 1 -0 0
    outer loop
      vertex 1.2 18.4056 0.644364
      vertex 1.2 19.05 0
      vertex 1.2 18.6298 0.906872
    endloop
  endfacet
  facet normal 1 -0 0
    outer loop
      vertex 1.2 18.1431 0.420162
      vertex 1.2 19.05 0
      vertex 1.2 18.4056 0.644364
    endloop
  endfacet
  facet normal 1 -0 0
    outer loop
      vertex 1.2 17.8488 0.239785
      vertex 1.2 19.05 0
      vertex 1.2 18.1431 0.420162
    endloop
  endfacet
  facet normal 1 -0 0
    outer loop
      vertex 1.2 17.5298 0.107676
      vertex 1.2 19.05 0
      vertex 1.2 17.8488 0.239785
    endloop
  endfacet
  facet normal 1 -0 0
    outer loop
      vertex 1.2 17.1942 0.0270853
      vertex 1.2 19.05 0
      vertex 1.2 17.5298 0.107676
    endloop
  endfacet
  facet normal 1 0 0
    outer loop
      vertex 1.2 19.05 0
      vertex 1.2 17.1942 0.0270853
      vertex 1.2 16.85 0
    endloop
  endfacet
  facet normal 1 0 0
    outer loop
      vertex 1.2 19.05 3.04733
      vertex 1.2 19.0229 2.54416
      vertex 1.2 19.05 2.2
    endloop
  endfacet
  facet normal 1 0 0
    outer loop
      vertex 1.2 19.05 3.04733
      vertex 1.2 18.9423 2.87984
      vertex 1.2 19.0229 2.54416
    endloop
  endfacet
  facet normal 1 0 0
    outer loop
      vertex 1.2 19.05 3.04733
      vertex 1.2 18.8102 3.19878
      vertex 1.2 18.9423 2.87984
    endloop
  endfacet
  facet normal 1 0 0
    outer loop
      vertex 1.2 19.05 3.04733
      vertex 1.2 18.6298 3.49313
      vertex 1.2 18.8102 3.19878
    endloop
  endfacet
  facet normal 1 0 0
    outer loop
      vertex 1.2 17.85 7.48092
      vertex 1.2 18.6298 3.49313
      vertex 1.2 19.05 3.04733
    endloop
  endfacet
  facet normal 1 0 0
    outer loop
      vertex 1.2 18.6298 3.49313
      vertex 1.2 17.85 7.48092
      vertex 1.2 18.4056 3.75563
    endloop
  endfacet
  facet normal 1 0 0
    outer loop
      vertex 1.2 17.85 7.48092
      vertex 1.2 18.1431 3.97984
      vertex 1.2 18.4056 3.75563
    endloop
  endfacet
  facet normal 1 0 0
    outer loop
      vertex 1.2 18.1431 3.97984
      vertex 1.2 17.85 7.48092
      vertex 1.2 17.85 4.15947
    endloop
  endfacet
  facet normal -1 0 0
    outer loop
      vertex 24.2 19.0229 2.54416
      vertex 24.2 19.05 3.04733
      vertex 24.2 19.05 2.2
    endloop
  endfacet
  facet normal -1 0 0
    outer loop
      vertex 24.2 18.9423 2.87984
      vertex 24.2 19.05 3.04733
      vertex 24.2 19.0229 2.54416
    endloop
  endfacet
  facet normal -1 0 0
    outer loop
      vertex 24.2 18.8102 3.19878
      vertex 24.2 19.05 3.04733
      vertex 24.2 18.9423 2.87984
    endloop
  endfacet
  facet normal -1 0 0
    outer loop
      vertex 24.2 18.6298 3.49313
      vertex 24.2 19.05 3.04733
      vertex 24.2 18.8102 3.19878
    endloop
  endfacet
  facet normal -1 0 0
    outer loop
      vertex 24.2 17.6 8.40458
      vertex 24.2 18.6298 3.49313
      vertex 24.2 18.4056 3.75563
    endloop
  endfacet
  facet normal -1 0 0
    outer loop
      vertex 24.2 18.6298 3.49313
      vertex 24.2 17.6 8.40458
      vertex 24.2 19.05 3.04733
    endloop
  endfacet
  facet normal -1 0 0
    outer loop
      vertex 24.2 18.1431 3.97984
      vertex 24.2 17.6 8.40458
      vertex 24.2 18.4056 3.75563
    endloop
  endfacet
  facet normal -1 0 0
    outer loop
      vertex 24.2 17.8488 4.16021
      vertex 24.2 17.6 8.40458
      vertex 24.2 18.1431 3.97984
    endloop
  endfacet
  facet normal -1 0 0
    outer loop
      vertex 24.2 17.6 8.40458
      vertex 24.2 17.8488 4.16021
      vertex 24.2 17.6 4.26326
    endloop
  endfacet
  facet normal -1 0 0
    outer loop
      vertex 24.2 19.05 0
      vertex 24.2 19.0229 1.85584
      vertex 24.2 19.05 2.2
    endloop
  endfacet
  facet normal -1 0 0
    outer loop
      vertex 24.2 19.05 0
      vertex 24.2 18.9423 1.52016
      vertex 24.2 19.0229 1.85584
    endloop
  endfacet
  facet normal -1 0 0
    outer loop
      vertex 24.2 19.05 0
      vertex 24.2 18.8102 1.20122
      vertex 24.2 18.9423 1.52016
    endloop
  endfacet
  facet normal -1 0 0
    outer loop
      vertex 24.2 19.05 0
      vertex 24.2 18.6298 0.906872
      vertex 24.2 18.8102 1.20122
    endloop
  endfacet
  facet normal -1 0 0
    outer loop
      vertex 24.2 19.05 0
      vertex 24.2 18.4056 0.644364
      vertex 24.2 18.6298 0.906872
    endloop
  endfacet
  facet normal -1 0 0
    outer loop
      vertex 24.2 19.05 0
      vertex 24.2 18.1431 0.420162
      vertex 24.2 18.4056 0.644364
    endloop
  endfacet
  facet normal -1 0 0
    outer loop
      vertex 24.2 19.05 0
      vertex 24.2 17.8488 0.239785
      vertex 24.2 18.1431 0.420162
    endloop
  endfacet
  facet normal -1 0 0
    outer loop
      vertex 24.2 19.05 0
      vertex 24.2 17.5298 0.107676
      vertex 24.2 17.8488 0.239785
    endloop
  endfacet
  facet normal -1 0 0
    outer loop
      vertex 24.2 19.05 0
      vertex 24.2 17.1942 0.0270853
      vertex 24.2 17.5298 0.107676
    endloop
  endfacet
  facet normal -1 0 -0
    outer loop
      vertex 24.2 17.1942 0.0270853
      vertex 24.2 19.05 0
      vertex 24.2 16.85 0
    endloop
  endfacet
  facet normal 0 1 -0
    outer loop
      vertex 19.4 14.35 0
      vertex 6 14.35 1.5
      vertex 19.4 14.35 1.5
    endloop
  endfacet
  facet normal 0 1 0
    outer loop
      vertex 6 14.35 1.5
      vertex 19.4 14.35 0
      vertex 6 14.35 0
    endloop
  endfacet
  facet normal 0 0.0784481 -0.996918
    outer loop
      vertex 1.2 16.85 0
      vertex 6 17.1942 0.0270853
      vertex 6 16.85 0
    endloop
  endfacet
  facet normal 0 0.0784481 -0.996918
    outer loop
      vertex 6 17.1942 0.0270853
      vertex 1.2 16.85 0
      vertex 1.2 17.1942 0.0270853
    endloop
  endfacet
  facet normal -0 0.0784616 0.996917
    outer loop
      vertex 1.2 17.1942 4.37291
      vertex 6 16.85 4.4
      vertex 6 17.1942 4.37291
    endloop
  endfacet
  facet normal 0 0.0784616 0.996917
    outer loop
      vertex 6 16.85 4.4
      vertex 1.2 17.1942 4.37291
      vertex 1.2 16.85 4.4
    endloop
  endfacet
  facet normal 0 0.996914 0.0784995
    outer loop
      vertex 6 19.05 2.2
      vertex 1.2 19.0229 2.54416
      vertex 6 19.0229 2.54416
    endloop
  endfacet
  facet normal 0 0.996914 0.0784995
    outer loop
      vertex 1.2 19.0229 2.54416
      vertex 6 19.05 2.2
      vertex 1.2 19.05 2.2
    endloop
  endfacet
  facet normal 0 0.760401 0.649454
    outer loop
      vertex 6 18.6298 3.49313
      vertex 1.2 18.4056 3.75563
      vertex 6 18.4056 3.75563
    endloop
  endfacet
  facet normal 0 0.760401 0.649454
    outer loop
      vertex 1.2 18.4056 3.75563
      vertex 6 18.6298 3.49313
      vertex 1.2 18.6298 3.49313
    endloop
  endfacet
  facet normal 0 0.923889 0.382661
    outer loop
      vertex 6 18.9423 2.87984
      vertex 1.2 18.8102 3.19878
      vertex 6 18.8102 3.19878
    endloop
  endfacet
  facet normal 0 0.923889 0.382661
    outer loop
      vertex 1.2 18.8102 3.19878
      vertex 6 18.9423 2.87984
      vertex 1.2 18.9423 2.87984
    endloop
  endfacet
  facet normal 0 0.649458 -0.760398
    outer loop
      vertex 1.2 18.1431 0.420162
      vertex 6 18.4056 0.644364
      vertex 6 18.1431 0.420162
    endloop
  endfacet
  facet normal 0 0.649458 -0.760398
    outer loop
      vertex 6 18.4056 0.644364
      vertex 1.2 18.1431 0.420162
      vertex 1.2 18.4056 0.644364
    endloop
  endfacet
  facet normal 0 0.996914 -0.0784995
    outer loop
      vertex 6 19.0229 1.85584
      vertex 1.2 19.05 2.2
      vertex 6 19.05 2.2
    endloop
  endfacet
  facet normal 0 0.996914 -0.0784995
    outer loop
      vertex 1.2 19.05 2.2
      vertex 6 19.0229 1.85584
      vertex 1.2 19.0229 1.85584
    endloop
  endfacet
  facet normal 0 0.85261 -0.522548
    outer loop
      vertex 6 18.6298 0.906872
      vertex 1.2 18.8102 1.20122
      vertex 6 18.8102 1.20122
    endloop
  endfacet
  facet normal 0 0.85261 -0.522548
    outer loop
      vertex 1.2 18.8102 1.20122
      vertex 6 18.6298 0.906872
      vertex 1.2 18.6298 0.906872
    endloop
  endfacet
  facet normal -0 0.522546 0.852611
    outer loop
      vertex 1.2 18.1431 3.97984
      vertex 6 17.8488 4.16021
      vertex 6 18.1431 3.97984
    endloop
  endfacet
  facet normal -8.10873e-07 0.522537 0.852617
    outer loop
      vertex 1.2 17.85 4.15947
      vertex 6 17.8488 4.16021
      vertex 1.2 18.1431 3.97984
    endloop
  endfacet
  facet normal 0 0.524889 0.851171
    outer loop
      vertex 1.2 17.85 4.15947
      vertex 1.2 17.8488 4.16021
      vertex 6 17.8488 4.16021
    endloop
  endfacet
  facet normal -0 0.649471 0.760386
    outer loop
      vertex 1.2 18.4056 3.75563
      vertex 6 18.1431 3.97984
      vertex 6 18.4056 3.75563
    endloop
  endfacet
  facet normal 0 0.649471 0.760386
    outer loop
      vertex 6 18.1431 3.97984
      vertex 1.2 18.4056 3.75563
      vertex 1.2 18.1431 3.97984
    endloop
  endfacet
  facet normal -0 0.233499 0.972357
    outer loop
      vertex 1.2 17.5298 4.29232
      vertex 6 17.1942 4.37291
      vertex 6 17.5298 4.29232
    endloop
  endfacet
  facet normal 0 0.233499 0.972357
    outer loop
      vertex 6 17.1942 4.37291
      vertex 1.2 17.5298 4.29232
      vertex 1.2 17.1942 4.37291
    endloop
  endfacet
  facet normal 0 0.852612 0.522545
    outer loop
      vertex 6 18.8102 3.19878
      vertex 1.2 18.6298 3.49313
      vertex 6 18.6298 3.49313
    endloop
  endfacet
  facet normal 0 0.852612 0.522545
    outer loop
      vertex 1.2 18.6298 3.49313
      vertex 6 18.8102 3.19878
      vertex 1.2 18.8102 3.19878
    endloop
  endfacet
  facet normal 0 0.972363 0.233474
    outer loop
      vertex 6 19.0229 2.54416
      vertex 1.2 18.9423 2.87984
      vertex 6 18.9423 2.87984
    endloop
  endfacet
  facet normal 0 0.972363 0.233474
    outer loop
      vertex 1.2 18.9423 2.87984
      vertex 6 19.0229 2.54416
      vertex 1.2 19.0229 2.54416
    endloop
  endfacet
  facet normal 0 0.233501 -0.972357
    outer loop
      vertex 1.2 17.1942 0.0270853
      vertex 6 17.5298 0.107676
      vertex 6 17.1942 0.0270853
    endloop
  endfacet
  facet normal 0 0.233501 -0.972357
    outer loop
      vertex 6 17.5298 0.107676
      vertex 1.2 17.1942 0.0270853
      vertex 1.2 17.5298 0.107676
    endloop
  endfacet
  facet normal 0 0.522561 -0.852602
    outer loop
      vertex 1.2 17.8488 0.239785
      vertex 6 18.1431 0.420162
      vertex 6 17.8488 0.239785
    endloop
  endfacet
  facet normal 0 0.522561 -0.852602
    outer loop
      vertex 6 18.1431 0.420162
      vertex 1.2 17.8488 0.239785
      vertex 1.2 18.1431 0.420162
    endloop
  endfacet
  facet normal 0 0.76041 -0.649443
    outer loop
      vertex 6 18.4056 0.644364
      vertex 1.2 18.6298 0.906872
      vertex 6 18.6298 0.906872
    endloop
  endfacet
  facet normal 0 0.76041 -0.649443
    outer loop
      vertex 1.2 18.6298 0.906872
      vertex 6 18.4056 0.644364
      vertex 1.2 18.4056 0.644364
    endloop
  endfacet
  facet normal 0 0.923889 -0.382661
    outer loop
      vertex 6 18.8102 1.20122
      vertex 1.2 18.9423 1.52016
      vertex 6 18.9423 1.52016
    endloop
  endfacet
  facet normal 0 0.923889 -0.382661
    outer loop
      vertex 1.2 18.9423 1.52016
      vertex 6 18.8102 1.20122
      vertex 1.2 18.8102 1.20122
    endloop
  endfacet
  facet normal -0 0.382624 0.923904
    outer loop
      vertex 1.2 17.8488 4.16021
      vertex 6 17.5298 4.29232
      vertex 6 17.8488 4.16021
    endloop
  endfacet
  facet normal 0 0.382624 0.923904
    outer loop
      vertex 6 17.5298 4.29232
      vertex 1.2 17.8488 4.16021
      vertex 1.2 17.5298 4.29232
    endloop
  endfacet
  facet normal 0 -0.649471 0.760386
    outer loop
      vertex 1.2 15.5569 3.97984
      vertex 6 15.2944 3.75563
      vertex 6 15.5569 3.97984
    endloop
  endfacet
  facet normal 0 -0.649471 0.760386
    outer loop
      vertex 6 15.2944 3.75563
      vertex 1.2 15.5569 3.97984
      vertex 1.2 15.2944 3.75563
    endloop
  endfacet
  facet normal 0 -0.382624 0.923904
    outer loop
      vertex 1.2 16.1702 4.29232
      vertex 6 15.8512 4.16021
      vertex 6 16.1702 4.29232
    endloop
  endfacet
  facet normal 0 -0.382624 0.923904
    outer loop
      vertex 6 15.8512 4.16021
      vertex 1.2 16.1702 4.29232
      vertex 1.2 15.8512 4.16021
    endloop
  endfacet
  facet normal 0 0.382621 -0.923905
    outer loop
      vertex 1.2 17.5298 0.107676
      vertex 6 17.8488 0.239785
      vertex 6 17.5298 0.107676
    endloop
  endfacet
  facet normal 0 0.382621 -0.923905
    outer loop
      vertex 6 17.8488 0.239785
      vertex 1.2 17.5298 0.107676
      vertex 1.2 17.8488 0.239785
    endloop
  endfacet
  facet normal 0 0.972363 -0.233474
    outer loop
      vertex 6 18.9423 1.52016
      vertex 1.2 19.0229 1.85584
      vertex 6 19.0229 1.85584
    endloop
  endfacet
  facet normal 0 0.972363 -0.233474
    outer loop
      vertex 1.2 19.0229 1.85584
      vertex 6 18.9423 1.52016
      vertex 1.2 18.9423 1.52016
    endloop
  endfacet
  facet normal 0 -0.996914 0.0784995
    outer loop
      vertex 1.2 14.65 2.2
      vertex 6 14.6771 2.54416
      vertex 1.2 14.6771 2.54416
    endloop
  endfacet
  facet normal 0 -0.996914 0.0784995
    outer loop
      vertex 6 14.6771 2.54416
      vertex 1.2 14.65 2.2
      vertex 6 14.65 2.2
    endloop
  endfacet
  facet normal 0 -0.972363 0.233474
    outer loop
      vertex 1.2 14.6771 2.54416
      vertex 6 14.7577 2.87984
      vertex 1.2 14.7577 2.87984
    endloop
  endfacet
  facet normal 0 -0.972363 0.233474
    outer loop
      vertex 6 14.7577 2.87984
      vertex 1.2 14.6771 2.54416
      vertex 6 14.6771 2.54416
    endloop
  endfacet
  facet normal 0 -0.760401 0.649454
    outer loop
      vertex 1.2 15.0702 3.49313
      vertex 6 15.2944 3.75563
      vertex 1.2 15.2944 3.75563
    endloop
  endfacet
  facet normal 0 -0.760401 0.649454
    outer loop
      vertex 6 15.2944 3.75563
      vertex 1.2 15.0702 3.49313
      vertex 6 15.0702 3.49313
    endloop
  endfacet
  facet normal 0 -0.0784616 0.996917
    outer loop
      vertex 1.2 16.85 4.4
      vertex 6 16.5058 4.37291
      vertex 6 16.85 4.4
    endloop
  endfacet
  facet normal 0 -0.0784616 0.996917
    outer loop
      vertex 6 16.5058 4.37291
      vertex 1.2 16.85 4.4
      vertex 1.2 16.5058 4.37291
    endloop
  endfacet
  facet normal 1 -0 0
    outer loop
      vertex 6 13.35 2.2
      vertex 6 14.35 1.5
      vertex 6 14.65 2.2
    endloop
  endfacet
  facet normal 1 0 0
    outer loop
      vertex 6 14.35 1.5
      vertex 6 13.35 2.2
      vertex 6 13.35 1.5
    endloop
  endfacet
  facet normal 1 0 0
    outer loop
      vertex 6 18.15 2.2
      vertex 6 19.05 2.2
      vertex 6 19.0229 2.54416
    endloop
  endfacet
  facet normal 1 0 0
    outer loop
      vertex 6 18.134 2.40336
      vertex 6 19.0229 2.54416
      vertex 6 18.9423 2.87984
    endloop
  endfacet
  facet normal 1 0 0
    outer loop
      vertex 6 19.05 2.2
      vertex 6 18.15 2.2
      vertex 6 19.0229 1.85584
    endloop
  endfacet
  facet normal 1 0 0
    outer loop
      vertex 6 18.0864 2.60172
      vertex 6 18.9423 2.87984
      vertex 6 18.8102 3.19878
    endloop
  endfacet
  facet normal 1 -0 0
    outer loop
      vertex 6 18.134 1.99663
      vertex 6 19.0229 1.85584
      vertex 6 18.15 2.2
    endloop
  endfacet
  facet normal 1 0 0
    outer loop
      vertex 6 18.0083 2.79019
      vertex 6 18.8102 3.19878
      vertex 6 18.6298 3.49313
    endloop
  endfacet
  facet normal 1 0 0
    outer loop
      vertex 6 19.0229 1.85584
      vertex 6 18.134 1.99663
      vertex 6 18.9423 1.52016
    endloop
  endfacet
  facet normal 1 0 0
    outer loop
      vertex 6 17.9017 2.96412
      vertex 6 18.6298 3.49313
      vertex 6 18.4056 3.75563
    endloop
  endfacet
  facet normal 1 -0 0
    outer loop
      vertex 6 18.0864 1.79828
      vertex 6 18.9423 1.52016
      vertex 6 18.134 1.99663
    endloop
  endfacet
  facet normal 1 0 0
    outer loop
      vertex 6 18.9423 1.52016
      vertex 6 18.0864 1.79828
      vertex 6 18.8102 1.20122
    endloop
  endfacet
  facet normal 1 0 0
    outer loop
      vertex 6 17.7692 3.11924
      vertex 6 18.4056 3.75563
      vertex 6 18.1431 3.97984
    endloop
  endfacet
  facet normal 1 0 0
    outer loop
      vertex 6 19.0229 2.54416
      vertex 6 18.134 2.40336
      vertex 6 18.15 2.2
    endloop
  endfacet
  facet normal 1 0 0
    outer loop
      vertex 6 18.9423 2.87984
      vertex 6 18.0864 2.60172
      vertex 6 18.134 2.40336
    endloop
  endfacet
  facet normal 1 0 0
    outer loop
      vertex 6 18.8102 3.19878
      vertex 6 18.0083 2.79019
      vertex 6 18.0864 2.60172
    endloop
  endfacet
  facet normal 1 0 0
    outer loop
      vertex 6 18.6298 3.49313
      vertex 6 17.9017 2.96412
      vertex 6 18.0083 2.79019
    endloop
  endfacet
  facet normal 1 0 0
    outer loop
      vertex 6 17.6141 3.25172
      vertex 6 18.1431 3.97984
      vertex 6 17.8488 4.16021
    endloop
  endfacet
  facet normal 1 0 0
    outer loop
      vertex 6 18.4056 3.75563
      vertex 6 17.7692 3.11924
      vertex 6 17.9017 2.96412
    endloop
  endfacet
  facet normal 1 0 0
    outer loop
      vertex 6 18.1431 3.97984
      vertex 6 17.6141 3.25172
      vertex 6 17.7692 3.11924
    endloop
  endfacet
  facet normal 1 0 0
    outer loop
      vertex 6 17.4402 3.35831
      vertex 6 17.8488 4.16021
      vertex 6 17.5298 4.29232
    endloop
  endfacet
  facet normal 1 0 0
    outer loop
      vertex 6 17.8488 4.16021
      vertex 6 17.4402 3.35831
      vertex 6 17.6141 3.25172
    endloop
  endfacet
  facet normal 1 0 0
    outer loop
      vertex 6 17.5298 4.29232
      vertex 6 17.2517 3.43637
      vertex 6 17.4402 3.35831
    endloop
  endfacet
  facet normal 1 0 0
    outer loop
      vertex 6 17.1942 4.37291
      vertex 6 17.2517 3.43637
      vertex 6 17.5298 4.29232
    endloop
  endfacet
  facet normal 1 0 0
    outer loop
      vertex 6 17.1942 4.37291
      vertex 6 17.0534 3.48399
      vertex 6 17.2517 3.43637
    endloop
  endfacet
  facet normal 1 0 0
    outer loop
      vertex 6 16.85 4.4
      vertex 6 17.0534 3.48399
      vertex 6 17.1942 4.37291
    endloop
  endfacet
  facet normal 1 0 0
    outer loop
      vertex 6 16.85 4.4
      vertex 6 16.85 3.5
      vertex 6 17.0534 3.48399
    endloop
  endfacet
  facet normal 1 0 0
    outer loop
      vertex 6 16.85 4.4
      vertex 6 16.6466 3.48399
      vertex 6 16.85 3.5
    endloop
  endfacet
  facet normal 1 -0 0
    outer loop
      vertex 6 16.5058 4.37291
      vertex 6 16.6466 3.48399
      vertex 6 16.85 4.4
    endloop
  endfacet
  facet normal 1 0 0
    outer loop
      vertex 6 16.5058 4.37291
      vertex 6 16.4483 3.43637
      vertex 6 16.6466 3.48399
    endloop
  endfacet
  facet normal 1 -0 0
    outer loop
      vertex 6 16.1702 4.29232
      vertex 6 16.4483 3.43637
      vertex 6 16.5058 4.37291
    endloop
  endfacet
  facet normal 1 0 0
    outer loop
      vertex 6 16.4483 3.43637
      vertex 6 16.1702 4.29232
      vertex 6 16.2598 3.35831
    endloop
  endfacet
  facet normal 1 -0 0
    outer loop
      vertex 6 15.8512 4.16021
      vertex 6 16.2598 3.35831
      vertex 6 16.1702 4.29232
    endloop
  endfacet
  facet normal 1 0 0
    outer loop
      vertex 6 16.2598 3.35831
      vertex 6 15.8512 4.16021
      vertex 6 16.0859 3.25172
    endloop
  endfacet
  facet normal 1 -0 0
    outer loop
      vertex 6 15.5569 3.97984
      vertex 6 16.0859 3.25172
      vertex 6 15.8512 4.16021
    endloop
  endfacet
  facet normal 1 0 0
    outer loop
      vertex 6 16.0859 3.25172
      vertex 6 15.5569 3.97984
      vertex 6 15.9308 3.11924
    endloop
  endfacet
  facet normal 1 -0 0
    outer loop
      vertex 6 15.2944 3.75563
      vertex 6 15.9308 3.11924
      vertex 6 15.5569 3.97984
    endloop
  endfacet
  facet normal 1 0 0
    outer loop
      vertex 6 15.9308 3.11924
      vertex 6 15.2944 3.75563
      vertex 6 15.7983 2.96412
    endloop
  endfacet
  facet normal 1 -0 0
    outer loop
      vertex 6 15.0702 3.49313
      vertex 6 15.7983 2.96412
      vertex 6 15.2944 3.75563
    endloop
  endfacet
  facet normal 1 0 0
    outer loop
      vertex 6 15.7983 2.96412
      vertex 6 15.0702 3.49313
      vertex 6 15.6917 2.79019
    endloop
  endfacet
  facet normal 1 -0 0
    outer loop
      vertex 6 14.8898 3.19878
      vertex 6 15.6917 2.79019
      vertex 6 15.0702 3.49313
    endloop
  endfacet
  facet normal 1 0 0
    outer loop
      vertex 6 15.6917 2.79019
      vertex 6 14.8898 3.19878
      vertex 6 15.6136 2.60172
    endloop
  endfacet
  facet normal 1 -0 0
    outer loop
      vertex 6 18.0083 1.60981
      vertex 6 18.8102 1.20122
      vertex 6 18.0864 1.79828
    endloop
  endfacet
  facet normal 1 0 0
    outer loop
      vertex 6 18.8102 1.20122
      vertex 6 18.0083 1.60981
      vertex 6 18.6298 0.906872
    endloop
  endfacet
  facet normal 1 -0 0
    outer loop
      vertex 6 17.9017 1.43588
      vertex 6 18.6298 0.906872
      vertex 6 18.0083 1.60981
    endloop
  endfacet
  facet normal 1 0 0
    outer loop
      vertex 6 18.6298 0.906872
      vertex 6 17.9017 1.43588
      vertex 6 18.4056 0.644364
    endloop
  endfacet
  facet normal 1 -0 0
    outer loop
      vertex 6 17.7692 1.28076
      vertex 6 18.4056 0.644364
      vertex 6 17.9017 1.43588
    endloop
  endfacet
  facet normal 1 0 0
    outer loop
      vertex 6 18.4056 0.644364
      vertex 6 17.7692 1.28076
      vertex 6 18.1431 0.420162
    endloop
  endfacet
  facet normal 1 -0 0
    outer loop
      vertex 6 17.6141 1.14828
      vertex 6 18.1431 0.420162
      vertex 6 17.7692 1.28076
    endloop
  endfacet
  facet normal 1 0 0
    outer loop
      vertex 6 18.1431 0.420162
      vertex 6 17.6141 1.14828
      vertex 6 17.8488 0.239785
    endloop
  endfacet
  facet normal 1 -0 0
    outer loop
      vertex 6 17.4402 1.04169
      vertex 6 17.8488 0.239785
      vertex 6 17.6141 1.14828
    endloop
  endfacet
  facet normal 1 0 0
    outer loop
      vertex 6 17.8488 0.239785
      vertex 6 17.4402 1.04169
      vertex 6 17.5298 0.107676
    endloop
  endfacet
  facet normal 1 -0 0
    outer loop
      vertex 6 17.2517 0.963626
      vertex 6 17.5298 0.107676
      vertex 6 17.4402 1.04169
    endloop
  endfacet
  facet normal 1 0 0
    outer loop
      vertex 6 17.2517 0.963626
      vertex 6 17.1942 0.0270853
      vertex 6 17.5298 0.107676
    endloop
  endfacet
  facet normal 1 -0 0
    outer loop
      vertex 6 17.0534 0.916005
      vertex 6 17.1942 0.0270853
      vertex 6 17.2517 0.963626
    endloop
  endfacet
  facet normal 1 -0 0
    outer loop
      vertex 6 16.85 0.9
      vertex 6 17.1942 0.0270853
      vertex 6 17.0534 0.916005
    endloop
  endfacet
  facet normal 1 0 0
    outer loop
      vertex 6 16.85 0.9
      vertex 6 16.85 0
      vertex 6 17.1942 0.0270853
    endloop
  endfacet
  facet normal 1 0 0
    outer loop
      vertex 6 16.6466 0.916005
      vertex 6 16.85 0
      vertex 6 16.85 0.9
    endloop
  endfacet
  facet normal 1 0 0
    outer loop
      vertex 6 16.4483 0.963626
      vertex 6 16.85 0
      vertex 6 16.6466 0.916005
    endloop
  endfacet
  facet normal 1 0 0
    outer loop
      vertex 6 16.2598 1.04169
      vertex 6 16.85 0
      vertex 6 16.4483 0.963626
    endloop
  endfacet
  facet normal 1 0 0
    outer loop
      vertex 6 14.35 0
      vertex 6 16.2598 1.04169
      vertex 6 16.0859 1.14828
    endloop
  endfacet
  facet normal 1 0 0
    outer loop
      vertex 6 14.35 0
      vertex 6 16.0859 1.14828
      vertex 6 15.9308 1.28076
    endloop
  endfacet
  facet normal 1 0 0
    outer loop
      vertex 6 14.35 0
      vertex 6 15.9308 1.28076
      vertex 6 15.7983 1.43588
    endloop
  endfacet
  facet normal 1 -0 0
    outer loop
      vertex 6 14.7577 2.87984
      vertex 6 15.6136 2.60172
      vertex 6 14.8898 3.19878
    endloop
  endfacet
  facet normal 1 0 0
    outer loop
      vertex 6 15.6136 2.60172
      vertex 6 14.7577 2.87984
      vertex 6 15.566 2.40336
    endloop
  endfacet
  facet normal 1 -0 0
    outer loop
      vertex 6 14.6771 2.54416
      vertex 6 15.566 2.40336
      vertex 6 14.7577 2.87984
    endloop
  endfacet
  facet normal 1 0 0
    outer loop
      vertex 6 15.566 2.40336
      vertex 6 14.6771 2.54416
      vertex 6 15.55 2.2
    endloop
  endfacet
  facet normal 1 0 0
    outer loop
      vertex 6 14.65 2.2
      vertex 6 15.55 2.2
      vertex 6 14.6771 2.54416
    endloop
  endfacet
  facet normal 1 0 0
    outer loop
      vertex 6 15.55 2.2
      vertex 6 14.65 2.2
      vertex 6 15.566 1.99663
    endloop
  endfacet
  facet normal 1 0 0
    outer loop
      vertex 6 15.566 1.99663
      vertex 6 14.65 2.2
      vertex 6 15.6136 1.79828
    endloop
  endfacet
  facet normal 1 0 0
    outer loop
      vertex 6 14.35 1.5
      vertex 6 15.6136 1.79828
      vertex 6 14.65 2.2
    endloop
  endfacet
  facet normal 1 0 0
    outer loop
      vertex 6 15.6136 1.79828
      vertex 6 14.35 1.5
      vertex 6 15.6917 1.60981
    endloop
  endfacet
  facet normal 1 0 0
    outer loop
      vertex 6 15.6917 1.60981
      vertex 6 14.35 1.5
      vertex 6 15.7983 1.43588
    endloop
  endfacet
  facet normal 1 0 0
    outer loop
      vertex 6 14.35 0
      vertex 6 15.7983 1.43588
      vertex 6 14.35 1.5
    endloop
  endfacet
  facet normal 1 0 0
    outer loop
      vertex 6 16.2598 1.04169
      vertex 6 14.35 0
      vertex 6 16.85 0
    endloop
  endfacet
  facet normal 0 -0.522546 0.852611
    outer loop
      vertex 1.2 15.8512 4.16021
      vertex 6 15.5569 3.97984
      vertex 6 15.8512 4.16021
    endloop
  endfacet
  facet normal 0 -0.522546 0.852611
    outer loop
      vertex 6 15.5569 3.97984
      vertex 1.2 15.8512 4.16021
      vertex 1.2 15.5569 3.97984
    endloop
  endfacet
  facet normal 0 -0.233499 0.972357
    outer loop
      vertex 1.2 16.5058 4.37291
      vertex 6 16.1702 4.29232
      vertex 6 16.5058 4.37291
    endloop
  endfacet
  facet normal 0 -0.233499 0.972357
    outer loop
      vertex 6 16.1702 4.29232
      vertex 1.2 16.5058 4.37291
      vertex 1.2 16.1702 4.29232
    endloop
  endfacet
  facet normal 0 -0.852612 0.522545
    outer loop
      vertex 1.2 14.8898 3.19878
      vertex 6 15.0702 3.49313
      vertex 1.2 15.0702 3.49313
    endloop
  endfacet
  facet normal 0 -0.852612 0.522545
    outer loop
      vertex 6 15.0702 3.49313
      vertex 1.2 14.8898 3.19878
      vertex 6 14.8898 3.19878
    endloop
  endfacet
  facet normal 0 -0.923889 0.382661
    outer loop
      vertex 1.2 14.7577 2.87984
      vertex 6 14.8898 3.19878
      vertex 1.2 14.8898 3.19878
    endloop
  endfacet
  facet normal 0 -0.923889 0.382661
    outer loop
      vertex 6 14.8898 3.19878
      vertex 1.2 14.7577 2.87984
      vertex 6 14.7577 2.87984
    endloop
  endfacet
  facet normal -0 0 1
    outer loop
      vertex 1.2 14.65 2.2
      vertex 6 13.35 2.2
      vertex 6 14.65 2.2
    endloop
  endfacet
  facet normal 0 0 1
    outer loop
      vertex 6 13.35 2.2
      vertex 1.2 14.65 2.2
      vertex 1.2 13.35 2.2
    endloop
  endfacet
  facet normal 0 -1 0
    outer loop
      vertex 1.2 13.35 1.5
      vertex 6 13.35 2.2
      vertex 1.2 13.35 2.2
    endloop
  endfacet
  facet normal 0 -1 -0
    outer loop
      vertex 6 13.35 2.2
      vertex 1.2 13.35 1.5
      vertex 6 13.35 1.5
    endloop
  endfacet
  facet normal -0 0.233499 0.972357
    outer loop
      vertex 19.4 17.5298 4.29232
      vertex 24.2 17.1942 4.37291
      vertex 24.2 17.5298 4.29232
    endloop
  endfacet
  facet normal 0 0.233499 0.972357
    outer loop
      vertex 24.2 17.1942 4.37291
      vertex 19.4 17.5298 4.29232
      vertex 19.4 17.1942 4.37291
    endloop
  endfacet
  facet normal 0 0.649458 -0.760398
    outer loop
      vertex 19.4 18.1431 0.420162
      vertex 24.2 18.4056 0.644364
      vertex 24.2 18.1431 0.420162
    endloop
  endfacet
  facet normal 0 0.649458 -0.760398
    outer loop
      vertex 24.2 18.4056 0.644364
      vertex 19.4 18.1431 0.420162
      vertex 19.4 18.4056 0.644364
    endloop
  endfacet
  facet normal 0 0.996914 -0.0784995
    outer loop
      vertex 24.2 19.0229 1.85584
      vertex 19.4 19.05 2.2
      vertex 24.2 19.05 2.2
    endloop
  endfacet
  facet normal 0 0.996914 -0.0784995
    outer loop
      vertex 19.4 19.05 2.2
      vertex 24.2 19.0229 1.85584
      vertex 19.4 19.0229 1.85584
    endloop
  endfacet
  facet normal 0 0.923889 0.382661
    outer loop
      vertex 24.2 18.9423 2.87984
      vertex 19.4 18.8102 3.19878
      vertex 24.2 18.8102 3.19878
    endloop
  endfacet
  facet normal 0 0.923889 0.382661
    outer loop
      vertex 19.4 18.8102 3.19878
      vertex 24.2 18.9423 2.87984
      vertex 19.4 18.9423 2.87984
    endloop
  endfacet
  facet normal -0 0.382663 0.923888
    outer loop
      vertex 19.4 17.8488 4.16021
      vertex 24.2 17.6 4.26326
      vertex 24.2 17.8488 4.16021
    endloop
  endfacet
  facet normal -2.40268e-06 0.382624 0.923904
    outer loop
      vertex 19.4 17.5298 4.29232
      vertex 24.2 17.6 4.26326
      vertex 19.4 17.8488 4.16021
    endloop
  endfacet
  facet normal 0 0.382484 0.923962
    outer loop
      vertex 24.2 17.6 4.26326
      vertex 19.4 17.5298 4.29232
      vertex 24.2 17.5298 4.29232
    endloop
  endfacet
  facet normal 0 0.522561 -0.852602
    outer loop
      vertex 19.4 17.8488 0.239785
      vertex 24.2 18.1431 0.420162
      vertex 24.2 17.8488 0.239785
    endloop
  endfacet
  facet normal 0 0.522561 -0.852602
    outer loop
      vertex 24.2 18.1431 0.420162
      vertex 19.4 17.8488 0.239785
      vertex 19.4 18.1431 0.420162
    endloop
  endfacet
  facet normal 0 0.996914 0.0784995
    outer loop
      vertex 24.2 19.05 2.2
      vertex 19.4 19.0229 2.54416
      vertex 24.2 19.0229 2.54416
    endloop
  endfacet
  facet normal 0 0.996914 0.0784995
    outer loop
      vertex 19.4 19.0229 2.54416
      vertex 24.2 19.05 2.2
      vertex 19.4 19.05 2.2
    endloop
  endfacet
  facet normal 0 0.85261 -0.522548
    outer loop
      vertex 24.2 18.6298 0.906872
      vertex 19.4 18.8102 1.20122
      vertex 24.2 18.8102 1.20122
    endloop
  endfacet
  facet normal 0 0.85261 -0.522548
    outer loop
      vertex 19.4 18.8102 1.20122
      vertex 24.2 18.6298 0.906872
      vertex 19.4 18.6298 0.906872
    endloop
  endfacet
  facet normal -0 0.0784616 0.996917
    outer loop
      vertex 19.4 17.1942 4.37291
      vertex 24.2 16.85 4.4
      vertex 24.2 17.1942 4.37291
    endloop
  endfacet
  facet normal 0 0.0784616 0.996917
    outer loop
      vertex 24.2 16.85 4.4
      vertex 19.4 17.1942 4.37291
      vertex 19.4 16.85 4.4
    endloop
  endfacet
  facet normal -0 0.649471 0.760386
    outer loop
      vertex 19.4 18.4056 3.75563
      vertex 24.2 18.1431 3.97984
      vertex 24.2 18.4056 3.75563
    endloop
  endfacet
  facet normal 0 0.649471 0.760386
    outer loop
      vertex 24.2 18.1431 3.97984
      vertex 19.4 18.4056 3.75563
      vertex 19.4 18.1431 3.97984
    endloop
  endfacet
  facet normal 0 0.852612 0.522545
    outer loop
      vertex 24.2 18.8102 3.19878
      vertex 19.4 18.6298 3.49313
      vertex 24.2 18.6298 3.49313
    endloop
  endfacet
  facet normal 0 0.852612 0.522545
    outer loop
      vertex 19.4 18.6298 3.49313
      vertex 24.2 18.8102 3.19878
      vertex 19.4 18.8102 3.19878
    endloop
  endfacet
  facet normal 0 0.972363 0.233474
    outer loop
      vertex 24.2 19.0229 2.54416
      vertex 19.4 18.9423 2.87984
      vertex 24.2 18.9423 2.87984
    endloop
  endfacet
  facet normal 0 0.972363 0.233474
    outer loop
      vertex 19.4 18.9423 2.87984
      vertex 24.2 19.0229 2.54416
      vertex 19.4 19.0229 2.54416
    endloop
  endfacet
  facet normal 0 0.760401 0.649454
    outer loop
      vertex 24.2 18.6298 3.49313
      vertex 19.4 18.4056 3.75563
      vertex 24.2 18.4056 3.75563
    endloop
  endfacet
  facet normal 0 0.760401 0.649454
    outer loop
      vertex 19.4 18.4056 3.75563
      vertex 24.2 18.6298 3.49313
      vertex 19.4 18.6298 3.49313
    endloop
  endfacet
  facet normal 0 0.0784481 -0.996918
    outer loop
      vertex 19.4 16.85 0
      vertex 24.2 17.1942 0.0270853
      vertex 24.2 16.85 0
    endloop
  endfacet
  facet normal 0 0.0784481 -0.996918
    outer loop
      vertex 24.2 17.1942 0.0270853
      vertex 19.4 16.85 0
      vertex 19.4 17.1942 0.0270853
    endloop
  endfacet
  facet normal 0 -0.0784616 0.996917
    outer loop
      vertex 19.4 16.85 4.4
      vertex 24.2 16.5058 4.37291
      vertex 24.2 16.85 4.4
    endloop
  endfacet
  facet normal 0 -0.0784616 0.996917
    outer loop
      vertex 24.2 16.5058 4.37291
      vertex 19.4 16.85 4.4
      vertex 19.4 16.5058 4.37291
    endloop
  endfacet
  facet normal 0 0.233501 -0.972357
    outer loop
      vertex 19.4 17.1942 0.0270853
      vertex 24.2 17.5298 0.107676
      vertex 24.2 17.1942 0.0270853
    endloop
  endfacet
  facet normal 0 0.233501 -0.972357
    outer loop
      vertex 24.2 17.5298 0.107676
      vertex 19.4 17.1942 0.0270853
      vertex 19.4 17.5298 0.107676
    endloop
  endfacet
  facet normal 0 0.382621 -0.923905
    outer loop
      vertex 19.4 17.5298 0.107676
      vertex 24.2 17.8488 0.239785
      vertex 24.2 17.5298 0.107676
    endloop
  endfacet
  facet normal 0 0.382621 -0.923905
    outer loop
      vertex 24.2 17.8488 0.239785
      vertex 19.4 17.5298 0.107676
      vertex 19.4 17.8488 0.239785
    endloop
  endfacet
  facet normal 0 0.76041 -0.649443
    outer loop
      vertex 24.2 18.4056 0.644364
      vertex 19.4 18.6298 0.906872
      vertex 24.2 18.6298 0.906872
    endloop
  endfacet
  facet normal 0 0.76041 -0.649443
    outer loop
      vertex 19.4 18.6298 0.906872
      vertex 24.2 18.4056 0.644364
      vertex 19.4 18.4056 0.644364
    endloop
  endfacet
  facet normal 0 0.923889 -0.382661
    outer loop
      vertex 24.2 18.8102 1.20122
      vertex 19.4 18.9423 1.52016
      vertex 24.2 18.9423 1.52016
    endloop
  endfacet
  facet normal 0 0.923889 -0.382661
    outer loop
      vertex 19.4 18.9423 1.52016
      vertex 24.2 18.8102 1.20122
      vertex 19.4 18.8102 1.20122
    endloop
  endfacet
  facet normal -0 0.522546 0.852611
    outer loop
      vertex 19.4 18.1431 3.97984
      vertex 24.2 17.8488 4.16021
      vertex 24.2 18.1431 3.97984
    endloop
  endfacet
  facet normal 0 0.522546 0.852611
    outer loop
      vertex 24.2 17.8488 4.16021
      vertex 19.4 18.1431 3.97984
      vertex 19.4 17.8488 4.16021
    endloop
  endfacet
  facet normal -1 0 0
    outer loop
      vertex 19.4 18.15 2.2
      vertex 19.4 19.05 2.2
      vertex 19.4 19.0229 1.85584
    endloop
  endfacet
  facet normal -1 0 0
    outer loop
      vertex 19.4 18.134 1.99663
      vertex 19.4 19.0229 1.85584
      vertex 19.4 18.9423 1.52016
    endloop
  endfacet
  facet normal -1 0 0
    outer loop
      vertex 19.4 19.05 2.2
      vertex 19.4 18.15 2.2
      vertex 19.4 19.0229 2.54416
    endloop
  endfacet
  facet normal -1 0 0
    outer loop
      vertex 19.4 18.0864 1.79828
      vertex 19.4 18.9423 1.52016
      vertex 19.4 18.8102 1.20122
    endloop
  endfacet
  facet normal -1 0 0
    outer loop
      vertex 19.4 18.134 2.40336
      vertex 19.4 19.0229 2.54416
      vertex 19.4 18.15 2.2
    endloop
  endfacet
  facet normal -1 0 0
    outer loop
      vertex 19.4 18.0083 1.60981
      vertex 19.4 18.8102 1.20122
      vertex 19.4 18.6298 0.906872
    endloop
  endfacet
  facet normal -1 -0 0
    outer loop
      vertex 19.4 19.0229 2.54416
      vertex 19.4 18.134 2.40336
      vertex 19.4 18.9423 2.87984
    endloop
  endfacet
  facet normal -1 0 0
    outer loop
      vertex 19.4 17.9017 1.43588
      vertex 19.4 18.6298 0.906872
      vertex 19.4 18.4056 0.644364
    endloop
  endfacet
  facet normal -1 0 0
    outer loop
      vertex 19.4 18.0864 2.60172
      vertex 19.4 18.9423 2.87984
      vertex 19.4 18.134 2.40336
    endloop
  endfacet
  facet normal -1 -0 0
    outer loop
      vertex 19.4 18.9423 2.87984
      vertex 19.4 18.0864 2.60172
      vertex 19.4 18.8102 3.19878
    endloop
  endfacet
  facet normal -1 0 0
    outer loop
      vertex 19.4 17.7692 1.28076
      vertex 19.4 18.4056 0.644364
      vertex 19.4 18.1431 0.420162
    endloop
  endfacet
  facet normal -1 0 0
    outer loop
      vertex 19.4 19.0229 1.85584
      vertex 19.4 18.134 1.99663
      vertex 19.4 18.15 2.2
    endloop
  endfacet
  facet normal -1 0 0
    outer loop
      vertex 19.4 18.9423 1.52016
      vertex 19.4 18.0864 1.79828
      vertex 19.4 18.134 1.99663
    endloop
  endfacet
  facet normal -1 0 0
    outer loop
      vertex 19.4 18.8102 1.20122
      vertex 19.4 18.0083 1.60981
      vertex 19.4 18.0864 1.79828
    endloop
  endfacet
  facet normal -1 0 0
    outer loop
      vertex 19.4 18.6298 0.906872
      vertex 19.4 17.9017 1.43588
      vertex 19.4 18.0083 1.60981
    endloop
  endfacet
  facet normal -1 0 0
    outer loop
      vertex 19.4 17.6141 1.14828
      vertex 19.4 18.1431 0.420162
      vertex 19.4 17.8488 0.239785
    endloop
  endfacet
  facet normal -1 0 0
    outer loop
      vertex 19.4 18.4056 0.644364
      vertex 19.4 17.7692 1.28076
      vertex 19.4 17.9017 1.43588
    endloop
  endfacet
  facet normal -1 0 0
    outer loop
      vertex 19.4 18.1431 0.420162
      vertex 19.4 17.6141 1.14828
      vertex 19.4 17.7692 1.28076
    endloop
  endfacet
  facet normal -1 0 0
    outer loop
      vertex 19.4 17.4402 1.04169
      vertex 19.4 17.8488 0.239785
      vertex 19.4 17.5298 0.107676
    endloop
  endfacet
  facet normal -1 0 0
    outer loop
      vertex 19.4 17.8488 0.239785
      vertex 19.4 17.4402 1.04169
      vertex 19.4 17.6141 1.14828
    endloop
  endfacet
  facet normal -1 0 0
    outer loop
      vertex 19.4 17.5298 0.107676
      vertex 19.4 17.2517 0.963626
      vertex 19.4 17.4402 1.04169
    endloop
  endfacet
  facet normal -1 0 0
    outer loop
      vertex 19.4 17.1942 0.0270853
      vertex 19.4 17.2517 0.963626
      vertex 19.4 17.5298 0.107676
    endloop
  endfacet
  facet normal -1 0 0
    outer loop
      vertex 19.4 17.1942 0.0270853
      vertex 19.4 17.0534 0.916005
      vertex 19.4 17.2517 0.963626
    endloop
  endfacet
  facet normal -1 0 0
    outer loop
      vertex 19.4 16.85 0
      vertex 19.4 17.0534 0.916005
      vertex 19.4 17.1942 0.0270853
    endloop
  endfacet
  facet normal -1 0 0
    outer loop
      vertex 19.4 16.85 0
      vertex 19.4 16.85 0.9
      vertex 19.4 17.0534 0.916005
    endloop
  endfacet
  facet normal -1 0 0
    outer loop
      vertex 19.4 16.85 0
      vertex 19.4 16.6466 0.916005
      vertex 19.4 16.85 0.9
    endloop
  endfacet
  facet normal -1 0 0
    outer loop
      vertex 19.4 16.85 0
      vertex 19.4 16.4483 0.963626
      vertex 19.4 16.6466 0.916005
    endloop
  endfacet
  facet normal -1 0 0
    outer loop
      vertex 19.4 16.85 0
      vertex 19.4 16.2598 1.04169
      vertex 19.4 16.4483 0.963626
    endloop
  endfacet
  facet normal -1 0 0
    outer loop
      vertex 19.4 14.35 0
      vertex 19.4 16.2598 1.04169
      vertex 19.4 16.85 0
    endloop
  endfacet
  facet normal -1 -0 0
    outer loop
      vertex 19.4 16.2598 1.04169
      vertex 19.4 14.35 0
      vertex 19.4 16.0859 1.14828
    endloop
  endfacet
  facet normal -1 -0 0
    outer loop
      vertex 19.4 16.0859 1.14828
      vertex 19.4 14.35 0
      vertex 19.4 15.9308 1.28076
    endloop
  endfacet
  facet normal -1 0 0
    outer loop
      vertex 19.4 14.65 2.2
      vertex 19.4 15.55 2.2
      vertex 19.4 15.566 1.99663
    endloop
  endfacet
  facet normal -1 0 0
    outer loop
      vertex 19.4 15.55 2.2
      vertex 19.4 15.0702 3.49313
      vertex 19.4 15.2944 3.75563
    endloop
  endfacet
  facet normal -1 0 0
    outer loop
      vertex 19.4 14.65 2.2
      vertex 19.4 15.566 1.99663
      vertex 19.4 15.6136 1.79828
    endloop
  endfacet
  facet normal -1 0 0
    outer loop
      vertex 19.4 15.55 2.2
      vertex 19.4 14.8898 3.19878
      vertex 19.4 15.0702 3.49313
    endloop
  endfacet
  facet normal -1 0 0
    outer loop
      vertex 19.4 14.35 1.5
      vertex 19.4 15.6136 1.79828
      vertex 19.4 15.6917 1.60981
    endloop
  endfacet
  facet normal -1 0 0
    outer loop
      vertex 19.4 15.55 2.2
      vertex 19.4 14.7577 2.87984
      vertex 19.4 14.8898 3.19878
    endloop
  endfacet
  facet normal -1 0 0
    outer loop
      vertex 19.4 14.35 1.5
      vertex 19.4 15.6917 1.60981
      vertex 19.4 15.7983 1.43588
    endloop
  endfacet
  facet normal -1 0 0
    outer loop
      vertex 19.4 15.55 2.2
      vertex 19.4 14.6771 2.54416
      vertex 19.4 14.7577 2.87984
    endloop
  endfacet
  facet normal -1 -0 0
    outer loop
      vertex 19.4 15.9308 1.28076
      vertex 19.4 14.35 0
      vertex 19.4 15.7983 1.43588
    endloop
  endfacet
  facet normal -1 0 0
    outer loop
      vertex 19.4 15.55 2.2
      vertex 19.4 14.65 2.2
      vertex 19.4 14.6771 2.54416
    endloop
  endfacet
  facet normal -1 -0 0
    outer loop
      vertex 19.4 15.7983 1.43588
      vertex 19.4 14.35 0
      vertex 19.4 14.35 1.5
    endloop
  endfacet
  facet normal -1 -0 0
    outer loop
      vertex 19.4 15.6136 1.79828
      vertex 19.4 14.35 1.5
      vertex 19.4 14.65 2.2
    endloop
  endfacet
  facet normal -1 0 0
    outer loop
      vertex 19.4 13.35 2.2
      vertex 19.4 14.35 1.5
      vertex 19.4 13.35 1.5
    endloop
  endfacet
  facet normal -1 0 0
    outer loop
      vertex 19.4 14.35 1.5
      vertex 19.4 13.35 2.2
      vertex 19.4 14.65 2.2
    endloop
  endfacet
  facet normal -1 0 0
    outer loop
      vertex 19.4 18.0083 2.79019
      vertex 19.4 18.8102 3.19878
      vertex 19.4 18.0864 2.60172
    endloop
  endfacet
  facet normal -1 -0 0
    outer loop
      vertex 19.4 18.8102 3.19878
      vertex 19.4 18.0083 2.79019
      vertex 19.4 18.6298 3.49313
    endloop
  endfacet
  facet normal -1 0 0
    outer loop
      vertex 19.4 17.9017 2.96412
      vertex 19.4 18.6298 3.49313
      vertex 19.4 18.0083 2.79019
    endloop
  endfacet
  facet normal -1 -0 0
    outer loop
      vertex 19.4 18.6298 3.49313
      vertex 19.4 17.9017 2.96412
      vertex 19.4 18.4056 3.75563
    endloop
  endfacet
  facet normal -1 0 0
    outer loop
      vertex 19.4 17.7692 3.11924
      vertex 19.4 18.4056 3.75563
      vertex 19.4 17.9017 2.96412
    endloop
  endfacet
  facet normal -1 -0 0
    outer loop
      vertex 19.4 18.4056 3.75563
      vertex 19.4 17.7692 3.11924
      vertex 19.4 18.1431 3.97984
    endloop
  endfacet
  facet normal -1 0 0
    outer loop
      vertex 19.4 17.6141 3.25172
      vertex 19.4 18.1431 3.97984
      vertex 19.4 17.7692 3.11924
    endloop
  endfacet
  facet normal -1 -0 0
    outer loop
      vertex 19.4 18.1431 3.97984
      vertex 19.4 17.6141 3.25172
      vertex 19.4 17.8488 4.16021
    endloop
  endfacet
  facet normal -1 0 0
    outer loop
      vertex 19.4 17.4402 3.35831
      vertex 19.4 17.8488 4.16021
      vertex 19.4 17.6141 3.25172
    endloop
  endfacet
  facet normal -1 -0 0
    outer loop
      vertex 19.4 17.8488 4.16021
      vertex 19.4 17.4402 3.35831
      vertex 19.4 17.5298 4.29232
    endloop
  endfacet
  facet normal -1 0 0
    outer loop
      vertex 19.4 17.2517 3.43637
      vertex 19.4 17.5298 4.29232
      vertex 19.4 17.4402 3.35831
    endloop
  endfacet
  facet normal -1 0 0
    outer loop
      vertex 19.4 17.2517 3.43637
      vertex 19.4 17.1942 4.37291
      vertex 19.4 17.5298 4.29232
    endloop
  endfacet
  facet normal -1 0 0
    outer loop
      vertex 19.4 17.0534 3.48399
      vertex 19.4 17.1942 4.37291
      vertex 19.4 17.2517 3.43637
    endloop
  endfacet
  facet normal -1 0 0
    outer loop
      vertex 19.4 16.85 3.5
      vertex 19.4 17.1942 4.37291
      vertex 19.4 17.0534 3.48399
    endloop
  endfacet
  facet normal -1 0 0
    outer loop
      vertex 19.4 16.85 3.5
      vertex 19.4 16.85 4.4
      vertex 19.4 17.1942 4.37291
    endloop
  endfacet
  facet normal -1 0 0
    outer loop
      vertex 19.4 16.6466 3.48399
      vertex 19.4 16.85 4.4
      vertex 19.4 16.85 3.5
    endloop
  endfacet
  facet normal -1 0 0
    outer loop
      vertex 19.4 16.6466 3.48399
      vertex 19.4 16.5058 4.37291
      vertex 19.4 16.85 4.4
    endloop
  endfacet
  facet normal -1 0 0
    outer loop
      vertex 19.4 16.4483 3.43637
      vertex 19.4 16.5058 4.37291
      vertex 19.4 16.6466 3.48399
    endloop
  endfacet
  facet normal -1 0 0
    outer loop
      vertex 19.4 16.1702 4.29232
      vertex 19.4 16.4483 3.43637
      vertex 19.4 16.2598 3.35831
    endloop
  endfacet
  facet normal -1 0 0
    outer loop
      vertex 19.4 16.4483 3.43637
      vertex 19.4 16.1702 4.29232
      vertex 19.4 16.5058 4.37291
    endloop
  endfacet
  facet normal -1 0 0
    outer loop
      vertex 19.4 15.8512 4.16021
      vertex 19.4 16.2598 3.35831
      vertex 19.4 16.0859 3.25172
    endloop
  endfacet
  facet normal -1 0 0
    outer loop
      vertex 19.4 15.5569 3.97984
      vertex 19.4 16.0859 3.25172
      vertex 19.4 15.9308 3.11924
    endloop
  endfacet
  facet normal -1 0 0
    outer loop
      vertex 19.4 16.2598 3.35831
      vertex 19.4 15.8512 4.16021
      vertex 19.4 16.1702 4.29232
    endloop
  endfacet
  facet normal -1 0 0
    outer loop
      vertex 19.4 15.2944 3.75563
      vertex 19.4 15.9308 3.11924
      vertex 19.4 15.7983 2.96412
    endloop
  endfacet
  facet normal -1 0 0
    outer loop
      vertex 19.4 15.2944 3.75563
      vertex 19.4 15.7983 2.96412
      vertex 19.4 15.6917 2.79019
    endloop
  endfacet
  facet normal -1 0 0
    outer loop
      vertex 19.4 15.2944 3.75563
      vertex 19.4 15.6917 2.79019
      vertex 19.4 15.6136 2.60172
    endloop
  endfacet
  facet normal -1 0 0
    outer loop
      vertex 19.4 15.2944 3.75563
      vertex 19.4 15.6136 2.60172
      vertex 19.4 15.566 2.40336
    endloop
  endfacet
  facet normal -1 0 0
    outer loop
      vertex 19.4 16.0859 3.25172
      vertex 19.4 15.5569 3.97984
      vertex 19.4 15.8512 4.16021
    endloop
  endfacet
  facet normal -1 0 0
    outer loop
      vertex 19.4 15.2944 3.75563
      vertex 19.4 15.566 2.40336
      vertex 19.4 15.55 2.2
    endloop
  endfacet
  facet normal -1 0 0
    outer loop
      vertex 19.4 15.9308 3.11924
      vertex 19.4 15.2944 3.75563
      vertex 19.4 15.5569 3.97984
    endloop
  endfacet
  facet normal 0 0.972363 -0.233474
    outer loop
      vertex 24.2 18.9423 1.52016
      vertex 19.4 19.0229 1.85584
      vertex 24.2 19.0229 1.85584
    endloop
  endfacet
  facet normal 0 0.972363 -0.233474
    outer loop
      vertex 19.4 19.0229 1.85584
      vertex 24.2 18.9423 1.52016
      vertex 19.4 18.9423 1.52016
    endloop
  endfacet
  facet normal 0 -0.996914 0.0784995
    outer loop
      vertex 19.4 14.65 2.2
      vertex 24.2 14.6771 2.54416
      vertex 19.4 14.6771 2.54416
    endloop
  endfacet
  facet normal 0 -0.996914 0.0784995
    outer loop
      vertex 24.2 14.6771 2.54416
      vertex 19.4 14.65 2.2
      vertex 24.2 14.65 2.2
    endloop
  endfacet
  facet normal 1 0 0
    outer loop
      vertex 25.4 19.0229 2.54416
      vertex 25.4 19.0229 1.85584
      vertex 25.4 19.05 2.2
    endloop
  endfacet
  facet normal 1 0 0
    outer loop
      vertex 25.4 18.9423 2.87984
      vertex 25.4 19.0229 1.85584
      vertex 25.4 19.0229 2.54416
    endloop
  endfacet
  facet normal 1 0 0
    outer loop
      vertex 25.4 18.9423 2.87984
      vertex 25.4 18.9423 1.52016
      vertex 25.4 19.0229 1.85584
    endloop
  endfacet
  facet normal 1 0 0
    outer loop
      vertex 25.4 18.8102 3.19878
      vertex 25.4 18.9423 1.52016
      vertex 25.4 18.9423 2.87984
    endloop
  endfacet
  facet normal 1 0 0
    outer loop
      vertex 25.4 18.8102 3.19878
      vertex 25.4 18.8102 1.20122
      vertex 25.4 18.9423 1.52016
    endloop
  endfacet
  facet normal 1 0 0
    outer loop
      vertex 25.4 18.6298 3.49313
      vertex 25.4 18.8102 1.20122
      vertex 25.4 18.8102 3.19878
    endloop
  endfacet
  facet normal 1 0 0
    outer loop
      vertex 25.4 18.6298 3.49313
      vertex 25.4 18.6298 0.906872
      vertex 25.4 18.8102 1.20122
    endloop
  endfacet
  facet normal 1 0 0
    outer loop
      vertex 25.4 18.4056 3.75563
      vertex 25.4 18.6298 0.906872
      vertex 25.4 18.6298 3.49313
    endloop
  endfacet
  facet normal 1 0 0
    outer loop
      vertex 25.4 18.4056 3.75563
      vertex 25.4 18.4056 0.644364
      vertex 25.4 18.6298 0.906872
    endloop
  endfacet
  facet normal 1 0 0
    outer loop
      vertex 25.4 18.1431 3.97984
      vertex 25.4 18.4056 0.644364
      vertex 25.4 18.4056 3.75563
    endloop
  endfacet
  facet normal 1 0 0
    outer loop
      vertex 25.4 18.1431 3.97984
      vertex 25.4 18.1431 0.420162
      vertex 25.4 18.4056 0.644364
    endloop
  endfacet
  facet normal 1 0 0
    outer loop
      vertex 25.4 17.8488 4.16021
      vertex 25.4 18.1431 0.420162
      vertex 25.4 18.1431 3.97984
    endloop
  endfacet
  facet normal 1 0 0
    outer loop
      vertex 25.4 17.8488 4.16021
      vertex 25.4 17.8488 0.239785
      vertex 25.4 18.1431 0.420162
    endloop
  endfacet
  facet normal 1 0 0
    outer loop
      vertex 25.4 17.5298 4.29232
      vertex 25.4 17.8488 0.239785
      vertex 25.4 17.8488 4.16021
    endloop
  endfacet
  facet normal 1 0 0
    outer loop
      vertex 25.4 17.5298 4.29232
      vertex 25.4 17.5298 0.107676
      vertex 25.4 17.8488 0.239785
    endloop
  endfacet
  facet normal 1 0 0
    outer loop
      vertex 25.4 17.1942 4.37291
      vertex 25.4 17.5298 0.107676
      vertex 25.4 17.5298 4.29232
    endloop
  endfacet
  facet normal 1 0 0
    outer loop
      vertex 25.4 17.1942 4.37291
      vertex 25.4 17.1942 0.0270853
      vertex 25.4 17.5298 0.107676
    endloop
  endfacet
  facet normal 1 0 0
    outer loop
      vertex 25.4 16.85 4.4
      vertex 25.4 17.1942 0.0270853
      vertex 25.4 17.1942 4.37291
    endloop
  endfacet
  facet normal 1 0 0
    outer loop
      vertex 25.4 16.85 4.4
      vertex 25.4 16.85 0
      vertex 25.4 17.1942 0.0270853
    endloop
  endfacet
  facet normal 1 -0 0
    outer loop
      vertex 25.4 16.5058 4.37291
      vertex 25.4 16.85 0
      vertex 25.4 16.85 4.4
    endloop
  endfacet
  facet normal 1 -0 0
    outer loop
      vertex 25.4 16.1702 4.29232
      vertex 25.4 16.85 0
      vertex 25.4 16.5058 4.37291
    endloop
  endfacet
  facet normal 1 -0 0
    outer loop
      vertex 25.4 15.8512 4.16021
      vertex 25.4 16.85 0
      vertex 25.4 16.1702 4.29232
    endloop
  endfacet
  facet normal 1 -0 0
    outer loop
      vertex 25.4 15.5569 3.97984
      vertex 25.4 16.85 0
      vertex 25.4 15.8512 4.16021
    endloop
  endfacet
  facet normal 1 -0 0
    outer loop
      vertex 25.4 15.2944 3.75563
      vertex 25.4 16.85 0
      vertex 25.4 15.5569 3.97984
    endloop
  endfacet
  facet normal 1 -0 0
    outer loop
      vertex 25.4 15.0702 3.49313
      vertex 25.4 16.85 0
      vertex 25.4 15.2944 3.75563
    endloop
  endfacet
  facet normal 1 -0 0
    outer loop
      vertex 25.4 14.8898 3.19878
      vertex 25.4 16.85 0
      vertex 25.4 15.0702 3.49313
    endloop
  endfacet
  facet normal 1 -0 0
    outer loop
      vertex 25.4 14.7577 2.87984
      vertex 25.4 16.85 0
      vertex 25.4 14.8898 3.19878
    endloop
  endfacet
  facet normal 1 -0 0
    outer loop
      vertex 25.4 14.6771 2.54416
      vertex 25.4 16.85 0
      vertex 25.4 14.7577 2.87984
    endloop
  endfacet
  facet normal 1 -0 0
    outer loop
      vertex 25.4 14.65 2.2
      vertex 25.4 16.85 0
      vertex 25.4 14.6771 2.54416
    endloop
  endfacet
  facet normal 1 0 0
    outer loop
      vertex 25.4 13.35 0
      vertex 25.4 14.65 2.2
      vertex 25.4 13.35 2.2
    endloop
  endfacet
  facet normal 1 0 0
    outer loop
      vertex 25.4 14.65 2.2
      vertex 25.4 13.35 0
      vertex 25.4 16.85 0
    endloop
  endfacet
  facet normal 0 -0.852612 0.522545
    outer loop
      vertex 19.4 14.8898 3.19878
      vertex 24.2 15.0702 3.49313
      vertex 19.4 15.0702 3.49313
    endloop
  endfacet
  facet normal 0 -0.852612 0.522545
    outer loop
      vertex 24.2 15.0702 3.49313
      vertex 19.4 14.8898 3.19878
      vertex 24.2 14.8898 3.19878
    endloop
  endfacet
  facet normal 0 -0.972363 0.233474
    outer loop
      vertex 19.4 14.6771 2.54416
      vertex 24.2 14.7577 2.87984
      vertex 19.4 14.7577 2.87984
    endloop
  endfacet
  facet normal 0 -0.972363 0.233474
    outer loop
      vertex 24.2 14.7577 2.87984
      vertex 19.4 14.6771 2.54416
      vertex 24.2 14.6771 2.54416
    endloop
  endfacet
  facet normal 0 -0.233499 0.972357
    outer loop
      vertex 19.4 16.5058 4.37291
      vertex 24.2 16.1702 4.29232
      vertex 24.2 16.5058 4.37291
    endloop
  endfacet
  facet normal 0 -0.233499 0.972357
    outer loop
      vertex 24.2 16.1702 4.29232
      vertex 19.4 16.5058 4.37291
      vertex 19.4 16.1702 4.29232
    endloop
  endfacet
  facet normal 0 -0.382624 0.923904
    outer loop
      vertex 19.4 16.1702 4.29232
      vertex 24.2 15.8512 4.16021
      vertex 24.2 16.1702 4.29232
    endloop
  endfacet
  facet normal 0 -0.382624 0.923904
    outer loop
      vertex 24.2 15.8512 4.16021
      vertex 19.4 16.1702 4.29232
      vertex 19.4 15.8512 4.16021
    endloop
  endfacet
  facet normal 0 -0.760401 0.649454
    outer loop
      vertex 19.4 15.0702 3.49313
      vertex 24.2 15.2944 3.75563
      vertex 19.4 15.2944 3.75563
    endloop
  endfacet
  facet normal 0 -0.760401 0.649454
    outer loop
      vertex 24.2 15.2944 3.75563
      vertex 19.4 15.0702 3.49313
      vertex 24.2 15.0702 3.49313
    endloop
  endfacet
  facet normal 0 -0.923889 0.382661
    outer loop
      vertex 19.4 14.7577 2.87984
      vertex 24.2 14.8898 3.19878
      vertex 19.4 14.8898 3.19878
    endloop
  endfacet
  facet normal 0 -0.923889 0.382661
    outer loop
      vertex 24.2 14.8898 3.19878
      vertex 19.4 14.7577 2.87984
      vertex 24.2 14.7577 2.87984
    endloop
  endfacet
  facet normal 0 -0.649471 0.760386
    outer loop
      vertex 19.4 15.5569 3.97984
      vertex 24.2 15.2944 3.75563
      vertex 24.2 15.5569 3.97984
    endloop
  endfacet
  facet normal 0 -0.649471 0.760386
    outer loop
      vertex 24.2 15.2944 3.75563
      vertex 19.4 15.5569 3.97984
      vertex 19.4 15.2944 3.75563
    endloop
  endfacet
  facet normal 0 -0.522546 0.852611
    outer loop
      vertex 19.4 15.8512 4.16021
      vertex 24.2 15.5569 3.97984
      vertex 24.2 15.8512 4.16021
    endloop
  endfacet
  facet normal 0 -0.522546 0.852611
    outer loop
      vertex 24.2 15.5569 3.97984
      vertex 19.4 15.8512 4.16021
      vertex 19.4 15.5569 3.97984
    endloop
  endfacet
  facet normal -0 0 1
    outer loop
      vertex 19.4 14.65 2.2
      vertex 24.2 13.35 2.2
      vertex 24.2 14.65 2.2
    endloop
  endfacet
  facet normal 0 0 1
    outer loop
      vertex 24.2 13.35 2.2
      vertex 19.4 14.65 2.2
      vertex 19.4 13.35 2.2
    endloop
  endfacet
  facet normal 0 -1 0
    outer loop
      vertex 19.4 13.35 1.5
      vertex 24.2 13.35 2.2
      vertex 19.4 13.35 2.2
    endloop
  endfacet
  facet normal 0 -1 -0
    outer loop
      vertex 24.2 13.35 2.2
      vertex 19.4 13.35 1.5
      vertex 24.2 13.35 1.5
    endloop
  endfacet
  facet normal 0.683751 0 -0.729715
    outer loop
      vertex 3.0713 11.8179 13.5
      vertex 12.7 13.7789 22.5222
      vertex 12.7 9.376 22.5222
    endloop
  endfacet
  facet normal 0.683751 0 -0.729715
    outer loop
      vertex 12.7 13.7789 22.5222
      vertex 3.0713 11.8179 13.5
      vertex 3.0713 16.2209 13.5
    endloop
  endfacet
  facet normal -0.683751 -0 -0.729715
    outer loop
      vertex 12.7 13.7789 22.5222
      vertex 22.3287 11.8179 13.5
      vertex 12.7 9.376 22.5222
    endloop
  endfacet
  facet normal -0.683751 0 -0.729715
    outer loop
      vertex 22.3287 11.8179 13.5
      vertex 12.7 13.7789 22.5222
      vertex 22.3287 16.2209 13.5
    endloop
  endfacet
  facet normal 0 0 -1
    outer loop
      vertex 1.75502 11.8179 13.5
      vertex 3.0713 16.2209 13.5
      vertex 3.0713 11.8179 13.5
    endloop
  endfacet
  facet normal -0 0 -1
    outer loop
      vertex 3.0713 16.2209 13.5
      vertex 1.75502 11.8179 13.5
      vertex 1.75502 16.2209 13.5
    endloop
  endfacet
  facet normal 0 0 -1
    outer loop
      vertex 22.3287 11.8179 13.5
      vertex 23.645 16.2209 13.5
      vertex 23.645 11.8179 13.5
    endloop
  endfacet
  facet normal -0 0 -1
    outer loop
      vertex 23.645 16.2209 13.5
      vertex 22.3287 11.8179 13.5
      vertex 22.3287 16.2209 13.5
    endloop
  endfacet
  facet normal -0 -0.965269 -0.261257
    outer loop
      vertex 3.0713 11.8179 13.5
      vertex 12.7 9.04218 23.7555
      vertex 1.75502 11.8179 13.5
    endloop
  endfacet
  facet normal 1.5894e-05 -0.965266 -0.261271
    outer loop
      vertex 12.7 9.04218 23.7555
      vertex 3.0713 11.8179 13.5
      vertex 12.7 9.376 22.5222
    endloop
  endfacet
  facet normal -1.5894e-05 -0.965266 -0.261271
    outer loop
      vertex 22.3287 11.8179 13.5
      vertex 12.7 9.04218 23.7555
      vertex 12.7 9.376 22.5222
    endloop
  endfacet
  facet normal 0 -0.965269 -0.261257
    outer loop
      vertex 12.7 9.04218 23.7555
      vertex 22.3287 11.8179 13.5
      vertex 23.645 11.8179 13.5
    endloop
  endfacet
  facet normal -0.766797 0.588323 0.256707
    outer loop
      vertex 7.50401 13.2439 19.5964
      vertex 7.44241 13.1966 19.5208
      vertex 7.45997 13.1865 19.5964
    endloop
  endfacet
  facet normal 0.065563 -0.499456 0.863855
    outer loop
      vertex 7.7 12.9331 19.7588
      vertex 7.7 12.8653 19.7196
      vertex 7.72971 12.937 19.7588
    endloop
  endfacet
  facet normal -0.704836 0.0937294 -0.70315
    outer loop
      vertex 7.48284 13.0479 19.2781
      vertex 7.46199 13.0479 19.299
      vertex 7.48399 13.0648 19.2792
    endloop
  endfacet
  facet normal 0.240318 0.0995106 0.96558
    outer loop
      vertex 7.79942 13.1053 19.7588
      vertex 7.73391 13.0675 19.779
      vertex 7.81089 13.0776 19.7588
    endloop
  endfacet
  facet normal -0.656182 -0.272166 0.703811
    outer loop
      vertex 7.52359 13.0006 19.7196
      vertex 7.4701 12.9863 19.6642
      vertex 7.54184 12.9566 19.7196
    endloop
  endfacet
  facet normal -0.125191 0.957712 -0.259064
    outer loop
      vertex 7.64019 13.3329 19.4256
      vertex 7.62302 13.3352 19.4424
      vertex 7.65821 13.3398 19.4424
    endloop
  endfacet
  facet normal -0.688903 -0.526449 -0.498262
    outer loop
      vertex 7.52434 12.8722 19.317
      vertex 7.45997 12.9093 19.3668
      vertex 7.51846 12.8851 19.3115
    endloop
  endfacet
  facet normal -0.688675 -0.528384 -0.496525
    outer loop
      vertex 7.45997 12.9093 19.3668
      vertex 7.52434 12.8722 19.317
      vertex 7.50401 12.8519 19.3668
    endloop
  endfacet
  facet normal -0.499208 -0.0658887 0.863973
    outer loop
      vertex 7.58519 13.0479 19.7588
      vertex 7.52359 13.0006 19.7196
      vertex 7.58911 13.0182 19.7588
    endloop
  endfacet
  facet normal -0.587811 -0.76696 0.257393
    outer loop
      vertex 7.56142 12.8079 19.5964
      vertex 7.50401 12.8519 19.5964
      vertex 7.55128 12.7903 19.5208
    endloop
  endfacet
  facet normal -0.958179 -0.126057 0.256909
    outer loop
      vertex 7.42284 13.0479 19.5964
      vertex 7.40257 13.0479 19.5208
      vertex 7.4127 12.9709 19.5208
    endloop
  endfacet
  facet normal -0.332256 0.801733 0.496819
    outer loop
      vertex 7.62826 13.3156 19.5964
      vertex 7.56142 13.2879 19.5964
      vertex 7.581 13.254 19.6642
    endloop
  endfacet
  facet normal -0.86042 0.113283 0.496835
    outer loop
      vertex 7.43228 13.1196 19.5964
      vertex 7.42284 13.0479 19.5964
      vertex 7.46199 13.0479 19.6642
    endloop
  endfacet
  facet normal -0.860421 0.11328 0.496833
    outer loop
      vertex 7.4701 13.1095 19.6642
      vertex 7.43228 13.1196 19.5964
      vertex 7.46199 13.0479 19.6642
    endloop
  endfacet
  facet normal -0.0925806 -0.70407 0.70407
    outer loop
      vertex 7.7 12.8653 19.7196
      vertex 7.6384 12.818 19.6642
      vertex 7.7 12.8099 19.6642
    endloop
  endfacet
  facet normal 0.528209 -0.688767 0.496583
    outer loop
      vertex 7.819 12.8418 19.6642
      vertex 7.84977 12.8349 19.6219
      vertex 7.86829 12.8796 19.6642
    endloop
  endfacet
  facet normal 0.529553 -0.687211 0.497307
    outer loop
      vertex 7.84977 12.8349 19.6219
      vertex 7.819 12.8418 19.6642
      vertex 7.83516 12.8138 19.6083
    endloop
  endfacet
  facet normal 0.36948 -0.893438 0.255447
    outer loop
      vertex 7.82252 12.8012 19.5964
      vertex 7.77174 12.7802 19.5964
      vertex 7.79652 12.7835 19.5721
    endloop
  endfacet
  facet normal 0.369131 0.892594 0.258879
    outer loop
      vertex 7.79652 13.3124 19.5721
      vertex 7.77174 13.3156 19.5964
      vertex 7.82252 13.2946 19.5964
    endloop
  endfacet
  facet normal 0.465328 0.192683 0.863911
    outer loop
      vertex 7.85816 13.1392 19.7196
      vertex 7.79942 13.1053 19.7588
      vertex 7.81089 13.0776 19.7588
    endloop
  endfacet
  facet normal -0.588638 -0.766598 0.256581
    outer loop
      vertex 7.50401 12.8519 19.5964
      vertex 7.48968 12.8376 19.5208
      vertex 7.55128 12.7903 19.5208
    endloop
  endfacet
  facet normal -0.193204 0.465202 0.863863
    outer loop
      vertex 7.65273 13.2243 19.7196
      vertex 7.6426 13.1473 19.7588
      vertex 7.67029 13.1588 19.7588
    endloop
  endfacet
  facet normal -0.271424 -0.656786 0.703534
    outer loop
      vertex 7.60869 12.8897 19.7196
      vertex 7.581 12.8418 19.6642
      vertex 7.65273 12.8715 19.7196
    endloop
  endfacet
  facet normal -0.271424 0.656786 0.703534
    outer loop
      vertex 7.65273 13.2243 19.7196
      vertex 7.581 13.254 19.6642
      vertex 7.60869 13.2061 19.7196
    endloop
  endfacet
  facet normal 0.43292 0.562796 0.704159
    outer loop
      vertex 7.86829 13.2162 19.6642
      vertex 7.79131 13.2061 19.7196
      vertex 7.82914 13.177 19.7196
    endloop
  endfacet
  facet normal -0.656277 0.271886 0.703831
    outer loop
      vertex 7.49388 13.1669 19.6642
      vertex 7.4701 13.1095 19.6642
      vertex 7.52359 13.0952 19.7196
    endloop
  endfacet
  facet normal -0.958143 0.126149 -0.256998
    outer loop
      vertex 7.42284 13.0479 19.3668
      vertex 7.4127 13.1249 19.4424
      vertex 7.43228 13.1196 19.3668
    endloop
  endfacet
  facet normal 0.271246 -0.656355 0.704006
    outer loop
      vertex 7.79131 12.8897 19.7196
      vertex 7.74727 12.8715 19.7196
      vertex 7.7616 12.818 19.6642
    endloop
  endfacet
  facet normal 0.704272 -0.0935184 0.703743
    outer loop
      vertex 7.91601 13.031 19.684
      vertex 7.8764 13.0006 19.7196
      vertex 7.91327 12.9908 19.6814
    endloop
  endfacet
  facet normal -0.332256 -0.801733 0.496819
    outer loop
      vertex 7.581 12.8418 19.6642
      vertex 7.56142 12.8079 19.5964
      vertex 7.62826 12.7802 19.5964
    endloop
  endfacet
  facet normal -0.382511 0.923951 0
    outer loop
      vertex 7.62302 13.3352 19.4424
      vertex 7.55128 13.3055 19.5208
      vertex 7.62302 13.3352 19.5208
    endloop
  endfacet
  facet normal -0.382511 0.923951 0
    outer loop
      vertex 7.55128 13.3055 19.5208
      vertex 7.62302 13.3352 19.4424
      vertex 7.55128 13.3055 19.4424
    endloop
  endfacet
  facet normal -0.892995 0.369612 0.2568
    outer loop
      vertex 7.44241 13.1966 19.5208
      vertex 7.43228 13.1196 19.5964
      vertex 7.45997 13.1865 19.5964
    endloop
  endfacet
  facet normal 0.704194 0.093288 0.703853
    outer loop
      vertex 7.91327 13.1051 19.6814
      vertex 7.8764 13.0952 19.7196
      vertex 7.91601 13.0648 19.684
    endloop
  endfacet
  facet normal -0.80181 0.332179 0.496747
    outer loop
      vertex 7.49388 13.1669 19.6642
      vertex 7.43228 13.1196 19.5964
      vertex 7.4701 13.1095 19.6642
    endloop
  endfacet
  facet normal -0.958143 -0.126149 0.256998
    outer loop
      vertex 7.42284 13.0479 19.5964
      vertex 7.4127 12.9709 19.5208
      vertex 7.43228 12.9762 19.5964
    endloop
  endfacet
  facet normal 0.193204 0.465202 0.863863
    outer loop
      vertex 7.74727 13.2243 19.7196
      vertex 7.72971 13.1588 19.7588
      vertex 7.7574 13.1473 19.7588
    endloop
  endfacet
  facet normal 0.465172 0.192835 0.863962
    outer loop
      vertex 7.85816 13.1392 19.7196
      vertex 7.81089 13.0776 19.7588
      vertex 7.8764 13.0952 19.7196
    endloop
  endfacet
  facet normal -0.564433 0.433377 -0.702567
    outer loop
      vertex 7.50022 13.1677 19.2944
      vertex 7.49388 13.1669 19.299
      vertex 7.50509 13.1815 19.299
    endloop
  endfacet
  facet normal -0.257809 -0.0340273 0.965596
    outer loop
      vertex 7.66218 13.0378 19.779
      vertex 7.58519 13.0479 19.7588
      vertex 7.58911 13.0182 19.7588
    endloop
  endfacet
  facet normal -0.704235 0.0927166 0.703887
    outer loop
      vertex 7.4701 13.1095 19.6642
      vertex 7.46199 13.0479 19.6642
      vertex 7.52359 13.0952 19.7196
    endloop
  endfacet
  facet normal -0.527643 -0.688455 -0.497617
    outer loop
      vertex 7.50401 12.8519 19.3668
      vertex 7.55024 12.8349 19.3413
      vertex 7.56142 12.8079 19.3668
    endloop
  endfacet
  facet normal -0.527366 -0.689563 -0.496375
    outer loop
      vertex 7.55024 12.8349 19.3413
      vertex 7.50401 12.8519 19.3668
      vertex 7.52434 12.8722 19.317
    endloop
  endfacet
  facet normal -0.528174 -0.688319 -0.497241
    outer loop
      vertex 7.56142 12.8079 19.3668
      vertex 7.55024 12.8349 19.3413
      vertex 7.56484 12.8138 19.355
    endloop
  endfacet
  facet normal -0.588638 -0.766598 -0.256581
    outer loop
      vertex 7.55128 12.7903 19.4424
      vertex 7.48968 12.8376 19.4424
      vertex 7.50401 12.8519 19.3668
    endloop
  endfacet
  facet normal -0.801911 -0.331912 0.496764
    outer loop
      vertex 7.4701 12.9863 19.6642
      vertex 7.43228 12.9762 19.5964
      vertex 7.45997 12.9093 19.5964
    endloop
  endfacet
  facet normal 0.527253 0.688861 0.497469
    outer loop
      vertex 7.83516 13.282 19.6083
      vertex 7.819 13.254 19.6642
      vertex 7.85812 13.2489 19.6298
    endloop
  endfacet
  facet normal -0.433278 -0.563261 0.703568
    outer loop
      vertex 7.60869 12.8897 19.7196
      vertex 7.57086 12.9188 19.7196
      vertex 7.581 12.8418 19.6642
    endloop
  endfacet
  facet normal -0.240593 -0.0990232 0.965562
    outer loop
      vertex 7.66218 13.0378 19.779
      vertex 7.60058 12.9905 19.7588
      vertex 7.66609 13.0283 19.779
    endloop
  endfacet
  facet normal -0.369944 -0.892674 0.257438
    outer loop
      vertex 7.56142 12.8079 19.5964
      vertex 7.55128 12.7903 19.5208
      vertex 7.62826 12.7802 19.5964
    endloop
  endfacet
  facet normal 0.240402 0.0989443 0.965617
    outer loop
      vertex 7.81089 13.0776 19.7588
      vertex 7.73391 13.0675 19.779
      vertex 7.73782 13.058 19.779
    endloop
  endfacet
  facet normal 0.257765 0.0341985 0.965602
    outer loop
      vertex 7.81089 13.0776 19.7588
      vertex 7.73782 13.058 19.779
      vertex 7.73916 13.0479 19.779
    endloop
  endfacet
  facet normal -0.958179 -0.126057 -0.256909
    outer loop
      vertex 7.4127 12.9709 19.4424
      vertex 7.40257 13.0479 19.4424
      vertex 7.42284 13.0479 19.3668
    endloop
  endfacet
  facet normal 0.656383 0.271482 0.703888
    outer loop
      vertex 7.90237 13.1579 19.6712
      vertex 7.8764 13.0952 19.7196
      vertex 7.91327 13.1051 19.6814
    endloop
  endfacet
  facet normal 0.399622 0.3068 0.863815
    outer loop
      vertex 7.82914 13.177 19.7196
      vertex 7.78118 13.1291 19.7588
      vertex 7.85816 13.1392 19.7196
    endloop
  endfacet
  facet normal 0.563543 0.432158 0.704031
    outer loop
      vertex 7.82914 13.177 19.7196
      vertex 7.8949 13.1815 19.6642
      vertex 7.86829 13.2162 19.6642
    endloop
  endfacet
  facet normal 0.563148 0.433285 0.703653
    outer loop
      vertex 7.8949 13.1815 19.6642
      vertex 7.82914 13.177 19.7196
      vertex 7.89977 13.1677 19.6688
    endloop
  endfacet
  facet normal 0.687895 0.527518 0.498523
    outer loop
      vertex 7.87566 13.2236 19.6462
      vertex 7.86829 13.2162 19.6642
      vertex 7.8949 13.1815 19.6642
    endloop
  endfacet
  facet normal -0.801689 -0.332128 0.496976
    outer loop
      vertex 7.4701 12.9863 19.6642
      vertex 7.45997 12.9093 19.5964
      vertex 7.49388 12.9289 19.6642
    endloop
  endfacet
  facet normal -0.892762 -0.36993 0.257155
    outer loop
      vertex 7.43228 12.9762 19.5964
      vertex 7.4127 12.9709 19.5208
      vertex 7.44241 12.8992 19.5208
    endloop
  endfacet
  facet normal 0.0356531 0.257976 0.965493
    outer loop
      vertex 7.7 13.1627 19.7588
      vertex 7.7 13.0871 19.779
      vertex 7.71013 13.0857 19.779
    endloop
  endfacet
  facet normal 0.033837 0.257768 0.965614
    outer loop
      vertex 7.72971 13.1588 19.7588
      vertex 7.7 13.1627 19.7588
      vertex 7.71013 13.0857 19.779
    endloop
  endfacet
  facet normal -0.257809 0.0340273 0.965596
    outer loop
      vertex 7.58911 13.0776 19.7588
      vertex 7.58519 13.0479 19.7588
      vertex 7.66218 13.058 19.779
    endloop
  endfacet
  facet normal -0.991457 -0.130435 0
    outer loop
      vertex 7.4127 12.9709 19.4424
      vertex 7.40257 13.0479 19.5208
      vertex 7.40257 13.0479 19.4424
    endloop
  endfacet
  facet normal -0.991457 -0.130435 0
    outer loop
      vertex 7.40257 13.0479 19.5208
      vertex 7.4127 12.9709 19.4424
      vertex 7.4127 12.9709 19.5208
    endloop
  endfacet
  facet normal -0.991457 0.130435 0
    outer loop
      vertex 7.40257 13.0479 19.4424
      vertex 7.4127 13.1249 19.5208
      vertex 7.4127 13.1249 19.4424
    endloop
  endfacet
  facet normal -0.991457 0.130435 0
    outer loop
      vertex 7.4127 13.1249 19.5208
      vertex 7.40257 13.0479 19.4424
      vertex 7.40257 13.0479 19.5208
    endloop
  endfacet
  facet normal -0.526201 0.689732 -0.497375
    outer loop
      vertex 7.54187 13.2489 19.3334
      vertex 7.56142 13.2879 19.3668
      vertex 7.56484 13.282 19.355
    endloop
  endfacet
  facet normal -0.52832 0.689337 -0.495674
    outer loop
      vertex 7.56142 13.2879 19.3668
      vertex 7.54187 13.2489 19.3334
      vertex 7.50401 13.2439 19.3668
    endloop
  endfacet
  facet normal -0.860421 0.11328 -0.496833
    outer loop
      vertex 7.46199 13.0479 19.299
      vertex 7.43228 13.1196 19.3668
      vertex 7.4701 13.1095 19.299
    endloop
  endfacet
  facet normal -0.369652 0.892889 0.257111
    outer loop
      vertex 7.62302 13.3352 19.5208
      vertex 7.55128 13.3055 19.5208
      vertex 7.62826 13.3156 19.5964
    endloop
  endfacet
  facet normal -0.86042 -0.113283 0.496835
    outer loop
      vertex 7.46199 13.0479 19.6642
      vertex 7.42284 13.0479 19.5964
      vertex 7.43228 12.9762 19.5964
    endloop
  endfacet
  facet normal -0.860421 -0.11328 0.496833
    outer loop
      vertex 7.46199 13.0479 19.6642
      vertex 7.43228 12.9762 19.5964
      vertex 7.4701 12.9863 19.6642
    endloop
  endfacet
  facet normal -0.704235 -0.0927166 0.703887
    outer loop
      vertex 7.52359 13.0006 19.7196
      vertex 7.46199 13.0479 19.6642
      vertex 7.4701 12.9863 19.6642
    endloop
  endfacet
  facet normal -0.382511 -0.923951 0
    outer loop
      vertex 7.55128 12.7903 19.4424
      vertex 7.62302 12.7606 19.5208
      vertex 7.55128 12.7903 19.5208
    endloop
  endfacet
  facet normal -0.382511 -0.923951 -0
    outer loop
      vertex 7.62302 12.7606 19.5208
      vertex 7.55128 12.7903 19.4424
      vertex 7.62302 12.7606 19.4424
    endloop
  endfacet
  facet normal 0.130485 -0.99145 0
    outer loop
      vertex 7.7 12.7505 19.5208
      vertex 7.7 12.7505 19.4816
      vertex 7.74179 12.756 19.5208
    endloop
  endfacet
  facet normal -0.703994 0.0931141 -0.704075
    outer loop
      vertex 7.48399 13.0648 19.2792
      vertex 7.4701 13.1095 19.299
      vertex 7.48672 13.1051 19.2818
    endloop
  endfacet
  facet normal -0.704503 0.0927519 -0.703614
    outer loop
      vertex 7.4701 13.1095 19.299
      vertex 7.48399 13.0648 19.2792
      vertex 7.46199 13.0479 19.299
    endloop
  endfacet
  facet normal -0.12279 -0.958649 -0.256738
    outer loop
      vertex 7.64019 12.7629 19.4256
      vertex 7.62302 12.7606 19.4424
      vertex 7.62517 12.7686 19.4115
    endloop
  endfacet
  facet normal -0.126861 -0.958004 0.257165
    outer loop
      vertex 7.62826 12.7802 19.5964
      vertex 7.62302 12.7606 19.5208
      vertex 7.7 12.7707 19.5964
    endloop
  endfacet
  facet normal 0.272173 -0.656417 0.70359
    outer loop
      vertex 7.79131 12.8897 19.7196
      vertex 7.7616 12.818 19.6642
      vertex 7.819 12.8418 19.6642
    endloop
  endfacet
  facet normal 0.703817 -0.0933136 0.704225
    outer loop
      vertex 7.88263 13.0479 19.7196
      vertex 7.91601 13.031 19.684
      vertex 7.91715 13.0479 19.6851
    endloop
  endfacet
  facet normal 0.704002 -0.0927258 0.704119
    outer loop
      vertex 7.91601 13.031 19.684
      vertex 7.88263 13.0479 19.7196
      vertex 7.8764 13.0006 19.7196
    endloop
  endfacet
  facet normal -0.192356 -0.46546 0.863913
    outer loop
      vertex 7.67029 12.937 19.7588
      vertex 7.60869 12.8897 19.7196
      vertex 7.65273 12.8715 19.7196
    endloop
  endfacet
  facet normal -0.206419 -0.158197 0.96559
    outer loop
      vertex 7.67231 13.0202 19.779
      vertex 7.60058 12.9905 19.7588
      vertex 7.61882 12.9667 19.7588
    endloop
  endfacet
  facet normal 0.656672 -0.271736 0.703521
    outer loop
      vertex 7.8764 13.0006 19.7196
      vertex 7.91071 12.9784 19.679
      vertex 7.91327 12.9908 19.6814
    endloop
  endfacet
  facet normal 0.656463 -0.272134 0.703562
    outer loop
      vertex 7.91071 12.9784 19.679
      vertex 7.8764 13.0006 19.7196
      vertex 7.85816 12.9566 19.7196
    endloop
  endfacet
  facet normal -0.65616 -0.271838 0.703959
    outer loop
      vertex 7.54184 12.9566 19.7196
      vertex 7.4701 12.9863 19.6642
      vertex 7.49388 12.9289 19.6642
    endloop
  endfacet
  facet normal -0.688483 -0.528163 0.497027
    outer loop
      vertex 7.49388 12.9289 19.6642
      vertex 7.45997 12.9093 19.5964
      vertex 7.5317 12.8796 19.6642
    endloop
  endfacet
  facet normal -0.130088 -0.991502 0
    outer loop
      vertex 7.62302 12.7606 19.5208
      vertex 7.7 12.7505 19.4816
      vertex 7.7 12.7505 19.5208
    endloop
  endfacet
  facet normal -0.129616 -0.991564 0
    outer loop
      vertex 7.65821 12.756 19.4424
      vertex 7.62302 12.7606 19.5208
      vertex 7.62302 12.7606 19.4424
    endloop
  endfacet
  facet normal -0.130228 -0.991484 -0.000279187
    outer loop
      vertex 7.62302 12.7606 19.5208
      vertex 7.65821 12.756 19.4424
      vertex 7.7 12.7505 19.4816
    endloop
  endfacet
  facet normal 0.126896 -0.958266 0.256171
    outer loop
      vertex 7.7598 12.7629 19.5376
      vertex 7.77174 12.7802 19.5964
      vertex 7.7 12.7707 19.5964
    endloop
  endfacet
  facet normal 0.122241 -0.958592 0.257212
    outer loop
      vertex 7.77174 12.7802 19.5964
      vertex 7.7598 12.7629 19.5376
      vertex 7.77483 12.7686 19.5517
    endloop
  endfacet
  facet normal 0.240318 -0.0995106 0.96558
    outer loop
      vertex 7.81089 13.0182 19.7588
      vertex 7.73391 13.0283 19.779
      vertex 7.79942 12.9905 19.7588
    endloop
  endfacet
  facet normal 0.206444 -0.158216 0.965582
    outer loop
      vertex 7.79942 12.9905 19.7588
      vertex 7.73391 13.0283 19.779
      vertex 7.78118 12.9667 19.7588
    endloop
  endfacet
  facet normal -0.587811 0.76696 0.257393
    outer loop
      vertex 7.55128 13.3055 19.5208
      vertex 7.50401 13.2439 19.5964
      vertex 7.56142 13.2879 19.5964
    endloop
  endfacet
  facet normal -0.12279 0.958649 -0.256738
    outer loop
      vertex 7.62517 13.3272 19.4115
      vertex 7.62302 13.3352 19.4424
      vertex 7.64019 13.3329 19.4256
    endloop
  endfacet
  facet normal 0.499294 0.0657632 0.863933
    outer loop
      vertex 7.8764 13.0952 19.7196
      vertex 7.81089 13.0776 19.7588
      vertex 7.88263 13.0479 19.7196
    endloop
  endfacet
  facet normal 0.703817 0.0933136 0.704225
    outer loop
      vertex 7.91601 13.0648 19.684
      vertex 7.88263 13.0479 19.7196
      vertex 7.91715 13.0479 19.6851
    endloop
  endfacet
  facet normal 0.704002 0.0927258 0.704119
    outer loop
      vertex 7.88263 13.0479 19.7196
      vertex 7.91601 13.0648 19.684
      vertex 7.8764 13.0952 19.7196
    endloop
  endfacet
  facet normal -0.0923488 0.704085 0.704085
    outer loop
      vertex 7.7 13.2859 19.6642
      vertex 7.65273 13.2243 19.7196
      vertex 7.7 13.2305 19.7196
    endloop
  endfacet
  facet normal -0.793337 -0.608783 0
    outer loop
      vertex 7.48968 12.8376 19.4424
      vertex 7.44241 12.8992 19.5208
      vertex 7.44241 12.8992 19.4424
    endloop
  endfacet
  facet normal -0.793337 -0.608783 0
    outer loop
      vertex 7.44241 12.8992 19.5208
      vertex 7.48968 12.8376 19.4424
      vertex 7.48968 12.8376 19.5208
    endloop
  endfacet
  facet normal 0.206244 0.158375 0.965599
    outer loop
      vertex 7.78118 13.1291 19.7588
      vertex 7.72769 13.0756 19.779
      vertex 7.73391 13.0675 19.779
    endloop
  endfacet
  facet normal 0.306284 0.400189 0.863735
    outer loop
      vertex 7.82914 13.177 19.7196
      vertex 7.7574 13.1473 19.7588
      vertex 7.78118 13.1291 19.7588
    endloop
  endfacet
  facet normal 0.0655594 0.499428 0.863871
    outer loop
      vertex 7.74727 13.2243 19.7196
      vertex 7.7 13.1627 19.7588
      vertex 7.72971 13.1588 19.7588
    endloop
  endfacet
  facet normal 0.272173 0.656417 0.70359
    outer loop
      vertex 7.819 13.254 19.6642
      vertex 7.7616 13.2778 19.6642
      vertex 7.79131 13.2061 19.7196
    endloop
  endfacet
  facet normal -0.527909 0.688801 0.496856
    outer loop
      vertex 7.56142 13.2879 19.5964
      vertex 7.50401 13.2439 19.5964
      vertex 7.581 13.254 19.6642
    endloop
  endfacet
  facet normal 0.271246 0.656355 0.704006
    outer loop
      vertex 7.7616 13.2778 19.6642
      vertex 7.74727 13.2243 19.7196
      vertex 7.79131 13.2061 19.7196
    endloop
  endfacet
  facet normal -0.465187 0.192947 0.863928
    outer loop
      vertex 7.54184 13.1392 19.7196
      vertex 7.52359 13.0952 19.7196
      vertex 7.60058 13.1053 19.7588
    endloop
  endfacet
  facet normal -0.158071 0.206535 0.965586
    outer loop
      vertex 7.6426 13.1473 19.7588
      vertex 7.61882 13.1291 19.7588
      vertex 7.67231 13.0756 19.779
    endloop
  endfacet
  facet normal -0.25783 0.0342071 0.965585
    outer loop
      vertex 7.66218 13.058 19.779
      vertex 7.58519 13.0479 19.7588
      vertex 7.66084 13.0479 19.779
    endloop
  endfacet
  facet normal -0.206318 0.158432 0.965574
    outer loop
      vertex 7.67231 13.0756 19.779
      vertex 7.60058 13.1053 19.7588
      vertex 7.66609 13.0675 19.779
    endloop
  endfacet
  facet normal -0.86042 -0.113283 -0.496835
    outer loop
      vertex 7.43228 12.9762 19.3668
      vertex 7.42284 13.0479 19.3668
      vertex 7.46199 13.0479 19.299
    endloop
  endfacet
  facet normal -0.958143 -0.126149 -0.256998
    outer loop
      vertex 7.43228 12.9762 19.3668
      vertex 7.4127 12.9709 19.4424
      vertex 7.42284 13.0479 19.3668
    endloop
  endfacet
  facet normal -0.958179 0.126057 0.256909
    outer loop
      vertex 7.4127 13.1249 19.5208
      vertex 7.40257 13.0479 19.5208
      vertex 7.42284 13.0479 19.5964
    endloop
  endfacet
  facet normal -0.368875 0.893262 -0.256931
    outer loop
      vertex 7.60347 13.3124 19.3912
      vertex 7.62302 13.3352 19.4424
      vertex 7.62517 13.3272 19.4115
    endloop
  endfacet
  facet normal -0.369713 0.893037 -0.256511
    outer loop
      vertex 7.62302 13.3352 19.4424
      vertex 7.60347 13.3124 19.3912
      vertex 7.55128 13.3055 19.4424
    endloop
  endfacet
  facet normal -0.130088 0.991502 0
    outer loop
      vertex 7.7 13.3453 19.4816
      vertex 7.62302 13.3352 19.5208
      vertex 7.7 13.3453 19.5208
    endloop
  endfacet
  facet normal -0.130228 0.991484 -0.000279187
    outer loop
      vertex 7.65821 13.3398 19.4424
      vertex 7.62302 13.3352 19.5208
      vertex 7.7 13.3453 19.4816
    endloop
  endfacet
  facet normal -0.129616 0.991564 0
    outer loop
      vertex 7.62302 13.3352 19.5208
      vertex 7.65821 13.3398 19.4424
      vertex 7.62302 13.3352 19.4424
    endloop
  endfacet
  facet normal -0.704196 0.0926025 0.703941
    outer loop
      vertex 7.52359 13.0952 19.7196
      vertex 7.46199 13.0479 19.6642
      vertex 7.51737 13.0479 19.7196
    endloop
  endfacet
  facet normal -0.704196 -0.0926025 0.703941
    outer loop
      vertex 7.51737 13.0479 19.7196
      vertex 7.46199 13.0479 19.6642
      vertex 7.52359 13.0006 19.7196
    endloop
  endfacet
  facet normal 0.113895 -0.860084 0.497276
    outer loop
      vertex 7.7 12.8099 19.6642
      vertex 7.7 12.7707 19.5964
      vertex 7.77174 12.7802 19.5964
    endloop
  endfacet
  facet normal 0.371049 -0.892283 0.257204
    outer loop
      vertex 7.79652 12.7835 19.5721
      vertex 7.77174 12.7802 19.5964
      vertex 7.77483 12.7686 19.5517
    endloop
  endfacet
  facet normal -0.125191 -0.957712 -0.259064
    outer loop
      vertex 7.65821 12.756 19.4424
      vertex 7.62302 12.7606 19.4424
      vertex 7.64019 12.7629 19.4256
    endloop
  endfacet
  facet normal -0.655407 -0.272197 -0.704521
    outer loop
      vertex 7.48929 12.9784 19.2842
      vertex 7.4701 12.9863 19.299
      vertex 7.48672 12.9908 19.2818
    endloop
  endfacet
  facet normal -0.656444 0.271599 -0.703787
    outer loop
      vertex 7.4701 13.1095 19.299
      vertex 7.49763 13.1579 19.292
      vertex 7.48672 13.1051 19.2818
    endloop
  endfacet
  facet normal -0.657519 0.272401 -0.702472
    outer loop
      vertex 7.49763 13.1579 19.292
      vertex 7.4701 13.1095 19.299
      vertex 7.49388 13.1669 19.299
    endloop
  endfacet
  facet normal -0.033837 -0.257768 0.965614
    outer loop
      vertex 7.68987 13.0101 19.779
      vertex 7.67029 12.937 19.7588
      vertex 7.7 12.9331 19.7588
    endloop
  endfacet
  facet normal -0.399622 -0.3068 0.863815
    outer loop
      vertex 7.61882 12.9667 19.7588
      vertex 7.54184 12.9566 19.7196
      vertex 7.57086 12.9188 19.7196
    endloop
  endfacet
  facet normal 0.0356531 -0.257976 0.965493
    outer loop
      vertex 7.7 13.0087 19.779
      vertex 7.7 12.9331 19.7588
      vertex 7.71013 13.0101 19.779
    endloop
  endfacet
  facet normal -0.240252 -0.0994835 0.965599
    outer loop
      vertex 7.66218 13.0378 19.779
      vertex 7.58911 13.0182 19.7588
      vertex 7.60058 12.9905 19.7588
    endloop
  endfacet
  facet normal -0.465183 -0.192623 0.864003
    outer loop
      vertex 7.58911 13.0182 19.7588
      vertex 7.52359 13.0006 19.7196
      vertex 7.60058 12.9905 19.7588
    endloop
  endfacet
  facet normal -0.399735 -0.306351 0.863922
    outer loop
      vertex 7.60058 12.9905 19.7588
      vertex 7.54184 12.9566 19.7196
      vertex 7.61882 12.9667 19.7588
    endloop
  endfacet
  facet normal -0.465187 -0.192947 0.863928
    outer loop
      vertex 7.60058 12.9905 19.7588
      vertex 7.52359 13.0006 19.7196
      vertex 7.54184 12.9566 19.7196
    endloop
  endfacet
  facet normal -0.892995 -0.369612 0.2568
    outer loop
      vertex 7.45997 12.9093 19.5964
      vertex 7.43228 12.9762 19.5964
      vertex 7.44241 12.8992 19.5208
    endloop
  endfacet
  facet normal -0.563247 -0.432419 0.704107
    outer loop
      vertex 7.54184 12.9566 19.7196
      vertex 7.5317 12.8796 19.6642
      vertex 7.57086 12.9188 19.7196
    endloop
  endfacet
  facet normal 0.099161 -0.240275 0.965627
    outer loop
      vertex 7.71958 13.014 19.779
      vertex 7.71013 13.0101 19.779
      vertex 7.72971 12.937 19.7588
    endloop
  endfacet
  facet normal -0.892995 -0.369612 -0.2568
    outer loop
      vertex 7.44241 12.8992 19.4424
      vertex 7.43228 12.9762 19.3668
      vertex 7.45997 12.9093 19.3668
    endloop
  endfacet
  facet normal -0.801689 -0.332128 -0.496976
    outer loop
      vertex 7.49388 12.9289 19.299
      vertex 7.45997 12.9093 19.3668
      vertex 7.4701 12.9863 19.299
    endloop
  endfacet
  facet normal -0.656483 -0.27132 -0.703857
    outer loop
      vertex 7.49388 12.9289 19.299
      vertex 7.48929 12.9784 19.2842
      vertex 7.4989 12.9318 19.2932
    endloop
  endfacet
  facet normal -0.655362 -0.271507 -0.70483
    outer loop
      vertex 7.48929 12.9784 19.2842
      vertex 7.49388 12.9289 19.299
      vertex 7.4701 12.9863 19.299
    endloop
  endfacet
  facet normal -0.528902 0.688303 -0.496489
    outer loop
      vertex 7.52434 13.2236 19.317
      vertex 7.50401 13.2439 19.3668
      vertex 7.54187 13.2489 19.3334
    endloop
  endfacet
  facet normal -0.689407 0.527491 -0.49646
    outer loop
      vertex 7.50509 13.1815 19.299
      vertex 7.50401 13.2439 19.3668
      vertex 7.52434 13.2236 19.317
    endloop
  endfacet
  facet normal -0.688158 0.528373 -0.497252
    outer loop
      vertex 7.50401 13.2439 19.3668
      vertex 7.50509 13.1815 19.299
      vertex 7.49388 13.1669 19.299
    endloop
  endfacet
  facet normal 0.654257 0.275815 0.704183
    outer loop
      vertex 7.85816 13.1392 19.7196
      vertex 7.90237 13.1579 19.6712
      vertex 7.90109 13.164 19.67
    endloop
  endfacet
  facet normal 0.655903 0.271902 0.704174
    outer loop
      vertex 7.90237 13.1579 19.6712
      vertex 7.85816 13.1392 19.7196
      vertex 7.8764 13.0952 19.7196
    endloop
  endfacet
  facet normal 0.565118 0.429969 0.704108
    outer loop
      vertex 7.89977 13.1677 19.6688
      vertex 7.85816 13.1392 19.7196
      vertex 7.90109 13.164 19.67
    endloop
  endfacet
  facet normal 0.563309 0.432467 0.704028
    outer loop
      vertex 7.85816 13.1392 19.7196
      vertex 7.89977 13.1677 19.6688
      vertex 7.82914 13.177 19.7196
    endloop
  endfacet
  facet normal 0.130485 0.99145 0
    outer loop
      vertex 7.74179 13.3398 19.5208
      vertex 7.7 13.3453 19.4816
      vertex 7.7 13.3453 19.5208
    endloop
  endfacet
  facet normal 0.331088 0.801876 0.497369
    outer loop
      vertex 7.82252 13.2946 19.5964
      vertex 7.819 13.254 19.6642
      vertex 7.83516 13.282 19.6083
    endloop
  endfacet
  facet normal 0.331552 0.801725 0.497302
    outer loop
      vertex 7.819 13.254 19.6642
      vertex 7.82252 13.2946 19.5964
      vertex 7.77174 13.3156 19.5964
    endloop
  endfacet
  facet normal -0.369944 0.892674 0.257438
    outer loop
      vertex 7.62826 13.3156 19.5964
      vertex 7.55128 13.3055 19.5208
      vertex 7.56142 13.2879 19.5964
    endloop
  endfacet
  facet normal -0.609026 -0.79315 0
    outer loop
      vertex 7.48968 12.8376 19.4424
      vertex 7.55128 12.7903 19.5208
      vertex 7.48968 12.8376 19.5208
    endloop
  endfacet
  facet normal -0.609026 -0.79315 -0
    outer loop
      vertex 7.55128 12.7903 19.5208
      vertex 7.48968 12.8376 19.4424
      vertex 7.55128 12.7903 19.4424
    endloop
  endfacet
  facet normal 0.399735 0.306351 0.863922
    outer loop
      vertex 7.85816 13.1392 19.7196
      vertex 7.78118 13.1291 19.7588
      vertex 7.79942 13.1053 19.7588
    endloop
  endfacet
  facet normal 0.206444 0.158216 0.965582
    outer loop
      vertex 7.78118 13.1291 19.7588
      vertex 7.73391 13.0675 19.779
      vertex 7.79942 13.1053 19.7588
    endloop
  endfacet
  facet normal 0.0997243 0.240119 0.965608
    outer loop
      vertex 7.72971 13.1588 19.7588
      vertex 7.71013 13.0857 19.779
      vertex 7.7574 13.1473 19.7588
    endloop
  endfacet
  facet normal 0.15806 0.206521 0.965591
    outer loop
      vertex 7.7574 13.1473 19.7588
      vertex 7.71958 13.0818 19.779
      vertex 7.78118 13.1291 19.7588
    endloop
  endfacet
  facet normal 0.432406 0.563844 0.703637
    outer loop
      vertex 7.819 13.254 19.6642
      vertex 7.79131 13.2061 19.7196
      vertex 7.86829 13.2162 19.6642
    endloop
  endfacet
  facet normal 0.52671 0.688407 0.49867
    outer loop
      vertex 7.85812 13.2489 19.6298
      vertex 7.86829 13.2162 19.6642
      vertex 7.87566 13.2236 19.6462
    endloop
  endfacet
  facet normal 0.527687 0.688088 0.498078
    outer loop
      vertex 7.86829 13.2162 19.6642
      vertex 7.85812 13.2489 19.6298
      vertex 7.819 13.254 19.6642
    endloop
  endfacet
  facet normal 0.127518 0.958023 0.256771
    outer loop
      vertex 7.74179 13.3398 19.5208
      vertex 7.7 13.3251 19.5964
      vertex 7.7598 13.3329 19.5376
    endloop
  endfacet
  facet normal 0.126134 0.958391 0.256078
    outer loop
      vertex 7.7 13.3251 19.5964
      vertex 7.74179 13.3398 19.5208
      vertex 7.7 13.3453 19.5208
    endloop
  endfacet
  facet normal -0.12575 0.958439 0.256091
    outer loop
      vertex 7.7 13.3453 19.5208
      vertex 7.62302 13.3352 19.5208
      vertex 7.7 13.3251 19.5964
    endloop
  endfacet
  facet normal -0.688504 0.528179 0.49698
    outer loop
      vertex 7.50401 13.2439 19.5964
      vertex 7.49388 13.1669 19.6642
      vertex 7.5317 13.2162 19.6642
    endloop
  endfacet
  facet normal -0.563419 0.432222 0.70409
    outer loop
      vertex 7.5317 13.2162 19.6642
      vertex 7.49388 13.1669 19.6642
      vertex 7.57086 13.177 19.7196
    endloop
  endfacet
  facet normal 0.0923488 0.704085 0.704085
    outer loop
      vertex 7.7 13.2859 19.6642
      vertex 7.7 13.2305 19.7196
      vertex 7.74727 13.2243 19.7196
    endloop
  endfacet
  facet normal -0.587811 0.76696 -0.257393
    outer loop
      vertex 7.56142 13.2879 19.3668
      vertex 7.50401 13.2439 19.3668
      vertex 7.55128 13.3055 19.4424
    endloop
  endfacet
  facet normal -0.0997243 0.240119 0.965608
    outer loop
      vertex 7.67029 13.1588 19.7588
      vertex 7.6426 13.1473 19.7588
      vertex 7.68987 13.0857 19.779
    endloop
  endfacet
  facet normal -0.305888 0.399671 0.864115
    outer loop
      vertex 7.6426 13.1473 19.7588
      vertex 7.60869 13.2061 19.7196
      vertex 7.61882 13.1291 19.7588
    endloop
  endfacet
  facet normal -0.433278 0.563261 0.703568
    outer loop
      vertex 7.581 13.254 19.6642
      vertex 7.57086 13.177 19.7196
      vertex 7.60869 13.2061 19.7196
    endloop
  endfacet
  facet normal 0 0 1
    outer loop
      vertex 7.73782 13.058 19.779
      vertex 7.73782 13.0378 19.779
      vertex 7.73916 13.0479 19.779
    endloop
  endfacet
  facet normal 0 0 1
    outer loop
      vertex 7.73391 13.0675 19.779
      vertex 7.73782 13.0378 19.779
      vertex 7.73782 13.058 19.779
    endloop
  endfacet
  facet normal 0 0 1
    outer loop
      vertex 7.73391 13.0675 19.779
      vertex 7.73391 13.0283 19.779
      vertex 7.73782 13.0378 19.779
    endloop
  endfacet
  facet normal 0 0 1
    outer loop
      vertex 7.72769 13.0756 19.779
      vertex 7.73391 13.0283 19.779
      vertex 7.73391 13.0675 19.779
    endloop
  endfacet
  facet normal 0 0 1
    outer loop
      vertex 7.72769 13.0756 19.779
      vertex 7.72769 13.0202 19.779
      vertex 7.73391 13.0283 19.779
    endloop
  endfacet
  facet normal 0 0 1
    outer loop
      vertex 7.71958 13.0818 19.779
      vertex 7.72769 13.0202 19.779
      vertex 7.72769 13.0756 19.779
    endloop
  endfacet
  facet normal 0 0 1
    outer loop
      vertex 7.71958 13.0818 19.779
      vertex 7.71958 13.014 19.779
      vertex 7.72769 13.0202 19.779
    endloop
  endfacet
  facet normal 0 0 1
    outer loop
      vertex 7.71013 13.0857 19.779
      vertex 7.71958 13.014 19.779
      vertex 7.71958 13.0818 19.779
    endloop
  endfacet
  facet normal 0 0 1
    outer loop
      vertex 7.71013 13.0857 19.779
      vertex 7.71013 13.0101 19.779
      vertex 7.71958 13.014 19.779
    endloop
  endfacet
  facet normal 0 0 1
    outer loop
      vertex 7.7 13.0871 19.779
      vertex 7.71013 13.0101 19.779
      vertex 7.71013 13.0857 19.779
    endloop
  endfacet
  facet normal 0 0 1
    outer loop
      vertex 7.7 13.0871 19.779
      vertex 7.7 13.0087 19.779
      vertex 7.71013 13.0101 19.779
    endloop
  endfacet
  facet normal -0 0 1
    outer loop
      vertex 7.68987 13.0857 19.779
      vertex 7.7 13.0087 19.779
      vertex 7.7 13.0871 19.779
    endloop
  endfacet
  facet normal 0 0 1
    outer loop
      vertex 7.68987 13.0857 19.779
      vertex 7.68987 13.0101 19.779
      vertex 7.7 13.0087 19.779
    endloop
  endfacet
  facet normal -0 0 1
    outer loop
      vertex 7.68042 13.0818 19.779
      vertex 7.68987 13.0101 19.779
      vertex 7.68987 13.0857 19.779
    endloop
  endfacet
  facet normal 0 0 1
    outer loop
      vertex 7.68042 13.0818 19.779
      vertex 7.68042 13.014 19.779
      vertex 7.68987 13.0101 19.779
    endloop
  endfacet
  facet normal -0 0 1
    outer loop
      vertex 7.67231 13.0756 19.779
      vertex 7.68042 13.014 19.779
      vertex 7.68042 13.0818 19.779
    endloop
  endfacet
  facet normal 0 0 1
    outer loop
      vertex 7.67231 13.0756 19.779
      vertex 7.67231 13.0202 19.779
      vertex 7.68042 13.014 19.779
    endloop
  endfacet
  facet normal -0 0 1
    outer loop
      vertex 7.66609 13.0675 19.779
      vertex 7.67231 13.0202 19.779
      vertex 7.67231 13.0756 19.779
    endloop
  endfacet
  facet normal 0 0 1
    outer loop
      vertex 7.66609 13.0675 19.779
      vertex 7.66609 13.0283 19.779
      vertex 7.67231 13.0202 19.779
    endloop
  endfacet
  facet normal -0 0 1
    outer loop
      vertex 7.66218 13.058 19.779
      vertex 7.66609 13.0283 19.779
      vertex 7.66609 13.0675 19.779
    endloop
  endfacet
  facet normal 0 0 1
    outer loop
      vertex 7.66218 13.058 19.779
      vertex 7.66218 13.0378 19.779
      vertex 7.66609 13.0283 19.779
    endloop
  endfacet
  facet normal 0 -0 1
    outer loop
      vertex 7.66218 13.0378 19.779
      vertex 7.66218 13.058 19.779
      vertex 7.66084 13.0479 19.779
    endloop
  endfacet
  facet normal -0.499208 0.0658887 0.863973
    outer loop
      vertex 7.58911 13.0776 19.7588
      vertex 7.52359 13.0952 19.7196
      vertex 7.58519 13.0479 19.7588
    endloop
  endfacet
  facet normal -0.307187 0.399343 0.863806
    outer loop
      vertex 7.60869 13.2061 19.7196
      vertex 7.57086 13.177 19.7196
      vertex 7.61882 13.1291 19.7588
    endloop
  endfacet
  facet normal -0.25783 -0.0342071 0.965585
    outer loop
      vertex 7.66084 13.0479 19.779
      vertex 7.58519 13.0479 19.7588
      vertex 7.66218 13.0378 19.779
    endloop
  endfacet
  facet normal -0.958179 0.126057 -0.256909
    outer loop
      vertex 7.42284 13.0479 19.3668
      vertex 7.40257 13.0479 19.4424
      vertex 7.4127 13.1249 19.4424
    endloop
  endfacet
  facet normal -0.80181 0.332179 -0.496747
    outer loop
      vertex 7.4701 13.1095 19.299
      vertex 7.43228 13.1196 19.3668
      vertex 7.49388 13.1669 19.299
    endloop
  endfacet
  facet normal -0.892762 0.36993 0.257155
    outer loop
      vertex 7.44241 13.1966 19.5208
      vertex 7.4127 13.1249 19.5208
      vertex 7.43228 13.1196 19.5964
    endloop
  endfacet
  facet normal -0.958143 0.126149 0.256998
    outer loop
      vertex 7.43228 13.1196 19.5964
      vertex 7.4127 13.1249 19.5208
      vertex 7.42284 13.0479 19.5964
    endloop
  endfacet
  facet normal -0.499342 0.065664 0.863913
    outer loop
      vertex 7.52359 13.0952 19.7196
      vertex 7.51737 13.0479 19.7196
      vertex 7.58519 13.0479 19.7588
    endloop
  endfacet
  facet normal -0.499342 -0.065664 0.863913
    outer loop
      vertex 7.58519 13.0479 19.7588
      vertex 7.51737 13.0479 19.7196
      vertex 7.52359 13.0006 19.7196
    endloop
  endfacet
  facet normal -0.12575 -0.958439 0.256091
    outer loop
      vertex 7.7 12.7707 19.5964
      vertex 7.62302 12.7606 19.5208
      vertex 7.7 12.7505 19.5208
    endloop
  endfacet
  facet normal -0.113895 -0.860084 0.497276
    outer loop
      vertex 7.7 12.8099 19.6642
      vertex 7.62826 12.7802 19.5964
      vertex 7.7 12.7707 19.5964
    endloop
  endfacet
  facet normal 0.126134 -0.958391 0.256078
    outer loop
      vertex 7.74179 12.756 19.5208
      vertex 7.7 12.7707 19.5964
      vertex 7.7 12.7505 19.5208
    endloop
  endfacet
  facet normal 0.127518 -0.958023 0.256771
    outer loop
      vertex 7.7 12.7707 19.5964
      vertex 7.74179 12.756 19.5208
      vertex 7.7598 12.7629 19.5376
    endloop
  endfacet
  facet normal -0.587811 -0.76696 -0.257393
    outer loop
      vertex 7.55128 12.7903 19.4424
      vertex 7.50401 12.8519 19.3668
      vertex 7.56142 12.8079 19.3668
    endloop
  endfacet
  facet normal -0.334236 -0.80067 -0.497207
    outer loop
      vertex 7.57747 12.8012 19.3668
      vertex 7.56142 12.8079 19.3668
      vertex 7.56484 12.8138 19.355
    endloop
  endfacet
  facet normal -0.703673 -0.0933428 -0.704366
    outer loop
      vertex 7.4701 12.9863 19.299
      vertex 7.48399 13.031 19.2792
      vertex 7.48672 12.9908 19.2818
    endloop
  endfacet
  facet normal -0.704503 -0.0927519 -0.703614
    outer loop
      vertex 7.48399 13.031 19.2792
      vertex 7.4701 12.9863 19.299
      vertex 7.46199 13.0479 19.299
    endloop
  endfacet
  facet normal -0.92383 0.382803 0
    outer loop
      vertex 7.4127 13.1249 19.4424
      vertex 7.44241 13.1966 19.5208
      vertex 7.44241 13.1966 19.4424
    endloop
  endfacet
  facet normal -0.92383 0.382803 0
    outer loop
      vertex 7.44241 13.1966 19.5208
      vertex 7.4127 13.1249 19.4424
      vertex 7.4127 13.1249 19.5208
    endloop
  endfacet
  facet normal -0.86042 0.113283 -0.496835
    outer loop
      vertex 7.46199 13.0479 19.299
      vertex 7.42284 13.0479 19.3668
      vertex 7.43228 13.1196 19.3668
    endloop
  endfacet
  facet normal 0.15806 -0.206521 0.965591
    outer loop
      vertex 7.78118 12.9667 19.7588
      vertex 7.71958 13.014 19.779
      vertex 7.7574 12.9485 19.7588
    endloop
  endfacet
  facet normal 0.332427 -0.801735 0.496702
    outer loop
      vertex 7.819 12.8418 19.6642
      vertex 7.7616 12.818 19.6642
      vertex 7.77174 12.7802 19.5964
    endloop
  endfacet
  facet normal -0.332427 -0.801735 0.496702
    outer loop
      vertex 7.6384 12.818 19.6642
      vertex 7.581 12.8418 19.6642
      vertex 7.62826 12.7802 19.5964
    endloop
  endfacet
  facet normal -0.0923657 -0.704214 0.703954
    outer loop
      vertex 7.65273 12.8715 19.7196
      vertex 7.6384 12.818 19.6642
      vertex 7.7 12.8653 19.7196
    endloop
  endfacet
  facet normal -0.0997525 -0.240187 0.965588
    outer loop
      vertex 7.68042 13.014 19.779
      vertex 7.6426 12.9485 19.7588
      vertex 7.67029 12.937 19.7588
    endloop
  endfacet
  facet normal -0.0356531 -0.257976 0.965493
    outer loop
      vertex 7.7 13.0087 19.779
      vertex 7.68987 13.0101 19.779
      vertex 7.7 12.9331 19.7588
    endloop
  endfacet
  facet normal -0.766797 -0.588323 0.256707
    outer loop
      vertex 7.45997 12.9093 19.5964
      vertex 7.44241 12.8992 19.5208
      vertex 7.50401 12.8519 19.5964
    endloop
  endfacet
  facet normal -0.766766 -0.588393 0.256637
    outer loop
      vertex 7.50401 12.8519 19.5964
      vertex 7.44241 12.8992 19.5208
      vertex 7.48968 12.8376 19.5208
    endloop
  endfacet
  facet normal 0.563287 -0.43245 0.704056
    outer loop
      vertex 7.85816 12.9566 19.7196
      vertex 7.82914 12.9188 19.7196
      vertex 7.86829 12.8796 19.6642
    endloop
  endfacet
  facet normal 0.499294 -0.0657632 0.863933
    outer loop
      vertex 7.88263 13.0479 19.7196
      vertex 7.81089 13.0182 19.7588
      vertex 7.8764 13.0006 19.7196
    endloop
  endfacet
  facet normal 0.0997525 -0.240187 0.965588
    outer loop
      vertex 7.7574 12.9485 19.7588
      vertex 7.71958 13.014 19.779
      vertex 7.72971 12.937 19.7588
    endloop
  endfacet
  facet normal 0.033837 -0.257768 0.965614
    outer loop
      vertex 7.71013 13.0101 19.779
      vertex 7.7 12.9331 19.7588
      vertex 7.72971 12.937 19.7588
    endloop
  endfacet
  facet normal 0.257864 -0.0339477 0.965585
    outer loop
      vertex 7.8148 13.0479 19.7588
      vertex 7.73916 13.0479 19.779
      vertex 7.81089 13.0182 19.7588
    endloop
  endfacet
  facet normal 0.499285 -0.0657308 0.863941
    outer loop
      vertex 7.8148 13.0479 19.7588
      vertex 7.81089 13.0182 19.7588
      vertex 7.88263 13.0479 19.7196
    endloop
  endfacet
  facet normal -0.563384 -0.432571 -0.703904
    outer loop
      vertex 7.50509 12.9143 19.299
      vertex 7.49388 12.9289 19.299
      vertex 7.4989 12.9318 19.2932
    endloop
  endfacet
  facet normal -0.68827 -0.528459 -0.497006
    outer loop
      vertex 7.50509 12.9143 19.299
      vertex 7.45997 12.9093 19.3668
      vertex 7.49388 12.9289 19.299
    endloop
  endfacet
  facet normal -0.688494 -0.528056 -0.497125
    outer loop
      vertex 7.45997 12.9093 19.3668
      vertex 7.50509 12.9143 19.299
      vertex 7.51846 12.8851 19.3115
    endloop
  endfacet
  facet normal -0.56512 0.429969 -0.704106
    outer loop
      vertex 7.4989 13.164 19.2932
      vertex 7.49388 13.1669 19.299
      vertex 7.50022 13.1677 19.2944
    endloop
  endfacet
  facet normal -0.588638 0.766598 0.256581
    outer loop
      vertex 7.55128 13.3055 19.5208
      vertex 7.48968 13.2582 19.5208
      vertex 7.50401 13.2439 19.5964
    endloop
  endfacet
  facet normal -0.688448 0.52821 -0.497024
    outer loop
      vertex 7.49388 13.1669 19.299
      vertex 7.45997 13.1865 19.3668
      vertex 7.50401 13.2439 19.3668
    endloop
  endfacet
  facet normal -0.766797 0.588323 -0.256707
    outer loop
      vertex 7.45997 13.1865 19.3668
      vertex 7.44241 13.1966 19.4424
      vertex 7.50401 13.2439 19.3668
    endloop
  endfacet
  facet normal 0.113895 0.860084 0.497276
    outer loop
      vertex 7.7 13.3251 19.5964
      vertex 7.7 13.2859 19.6642
      vertex 7.77174 13.3156 19.5964
    endloop
  endfacet
  facet normal 0.0925936 0.704169 0.703969
    outer loop
      vertex 7.7616 13.2778 19.6642
      vertex 7.7 13.2859 19.6642
      vertex 7.74727 13.2243 19.7196
    endloop
  endfacet
  facet normal 0.122241 0.958592 0.257212
    outer loop
      vertex 7.7598 13.3329 19.5376
      vertex 7.77174 13.3156 19.5964
      vertex 7.77483 13.3272 19.5517
    endloop
  endfacet
  facet normal 0.126896 0.958266 0.256171
    outer loop
      vertex 7.77174 13.3156 19.5964
      vertex 7.7598 13.3329 19.5376
      vertex 7.7 13.3251 19.5964
    endloop
  endfacet
  facet normal 0.367736 0.893619 0.257322
    outer loop
      vertex 7.77483 13.3272 19.5517
      vertex 7.77174 13.3156 19.5964
      vertex 7.79652 13.3124 19.5721
    endloop
  endfacet
  facet normal -0.766766 -0.588393 -0.256637
    outer loop
      vertex 7.48968 12.8376 19.4424
      vertex 7.44241 12.8992 19.4424
      vertex 7.50401 12.8519 19.3668
    endloop
  endfacet
  facet normal -0.766797 -0.588323 -0.256707
    outer loop
      vertex 7.50401 12.8519 19.3668
      vertex 7.44241 12.8992 19.4424
      vertex 7.45997 12.9093 19.3668
    endloop
  endfacet
  facet normal -0.368885 -0.893123 -0.2574
    outer loop
      vertex 7.56142 12.8079 19.3668
      vertex 7.60347 12.7835 19.3912
      vertex 7.55128 12.7903 19.4424
    endloop
  endfacet
  facet normal -0.372929 -0.893359 -0.250668
    outer loop
      vertex 7.60347 12.7835 19.3912
      vertex 7.56142 12.8079 19.3668
      vertex 7.57747 12.8012 19.3668
    endloop
  endfacet
  facet normal -0.369547 -0.892636 -0.258139
    outer loop
      vertex 7.60347 12.7835 19.3912
      vertex 7.62302 12.7606 19.4424
      vertex 7.55128 12.7903 19.4424
    endloop
  endfacet
  facet normal -0.372181 -0.891924 -0.256815
    outer loop
      vertex 7.62302 12.7606 19.4424
      vertex 7.60347 12.7835 19.3912
      vertex 7.62517 12.7686 19.4115
    endloop
  endfacet
  facet normal 0.0992435 0.240475 0.965569
    outer loop
      vertex 7.7574 13.1473 19.7588
      vertex 7.71013 13.0857 19.779
      vertex 7.71958 13.0818 19.779
    endloop
  endfacet
  facet normal 0.192244 0.465189 0.864084
    outer loop
      vertex 7.79131 13.2061 19.7196
      vertex 7.74727 13.2243 19.7196
      vertex 7.7574 13.1473 19.7588
    endloop
  endfacet
  facet normal 0.306938 0.399019 0.864045
    outer loop
      vertex 7.79131 13.2061 19.7196
      vertex 7.7574 13.1473 19.7588
      vertex 7.82914 13.177 19.7196
    endloop
  endfacet
  facet normal 0.0655096 0.499458 0.863858
    outer loop
      vertex 7.7 13.2305 19.7196
      vertex 7.7 13.1627 19.7588
      vertex 7.74727 13.2243 19.7196
    endloop
  endfacet
  facet normal -0.0655096 0.499458 0.863858
    outer loop
      vertex 7.7 13.2305 19.7196
      vertex 7.65273 13.2243 19.7196
      vertex 7.7 13.1627 19.7588
    endloop
  endfacet
  facet normal -0.0992435 0.240475 0.965569
    outer loop
      vertex 7.68987 13.0857 19.779
      vertex 7.6426 13.1473 19.7588
      vertex 7.68042 13.0818 19.779
    endloop
  endfacet
  facet normal -0.157938 0.206593 0.965596
    outer loop
      vertex 7.68042 13.0818 19.779
      vertex 7.6426 13.1473 19.7588
      vertex 7.67231 13.0756 19.779
    endloop
  endfacet
  facet normal -0.399622 0.3068 0.863815
    outer loop
      vertex 7.57086 13.177 19.7196
      vertex 7.54184 13.1392 19.7196
      vertex 7.61882 13.1291 19.7588
    endloop
  endfacet
  facet normal -0.192244 0.465189 0.864084
    outer loop
      vertex 7.65273 13.2243 19.7196
      vertex 7.60869 13.2061 19.7196
      vertex 7.6426 13.1473 19.7588
    endloop
  endfacet
  facet normal -0.432056 0.563502 0.704126
    outer loop
      vertex 7.581 13.254 19.6642
      vertex 7.5317 13.2162 19.6642
      vertex 7.57086 13.177 19.7196
    endloop
  endfacet
  facet normal -0.528001 0.688637 0.496985
    outer loop
      vertex 7.581 13.254 19.6642
      vertex 7.50401 13.2439 19.5964
      vertex 7.5317 13.2162 19.6642
    endloop
  endfacet
  facet normal -0.563363 0.432508 0.70396
    outer loop
      vertex 7.57086 13.177 19.7196
      vertex 7.49388 13.1669 19.6642
      vertex 7.54184 13.1392 19.7196
    endloop
  endfacet
  facet normal -0.656029 0.272103 0.703979
    outer loop
      vertex 7.54184 13.1392 19.7196
      vertex 7.49388 13.1669 19.6642
      vertex 7.52359 13.0952 19.7196
    endloop
  endfacet
  facet normal -0.240593 0.0990232 0.965562
    outer loop
      vertex 7.66609 13.0675 19.779
      vertex 7.60058 13.1053 19.7588
      vertex 7.66218 13.058 19.779
    endloop
  endfacet
  facet normal -0.399735 0.306351 0.863922
    outer loop
      vertex 7.61882 13.1291 19.7588
      vertex 7.54184 13.1392 19.7196
      vertex 7.60058 13.1053 19.7588
    endloop
  endfacet
  facet normal -0.206419 0.158197 0.96559
    outer loop
      vertex 7.61882 13.1291 19.7588
      vertex 7.60058 13.1053 19.7588
      vertex 7.67231 13.0756 19.779
    endloop
  endfacet
  facet normal -0.860421 -0.11328 -0.496833
    outer loop
      vertex 7.4701 12.9863 19.299
      vertex 7.43228 12.9762 19.3668
      vertex 7.46199 13.0479 19.299
    endloop
  endfacet
  facet normal -0.801911 -0.331912 -0.496764
    outer loop
      vertex 7.45997 12.9093 19.3668
      vertex 7.43228 12.9762 19.3668
      vertex 7.4701 12.9863 19.299
    endloop
  endfacet
  facet normal -0.801807 0.331869 0.49696
    outer loop
      vertex 7.45997 13.1865 19.5964
      vertex 7.43228 13.1196 19.5964
      vertex 7.49388 13.1669 19.6642
    endloop
  endfacet
  facet normal -0.688448 0.52821 0.497024
    outer loop
      vertex 7.50401 13.2439 19.5964
      vertex 7.45997 13.1865 19.5964
      vertex 7.49388 13.1669 19.6642
    endloop
  endfacet
  facet normal -0.372584 0.892534 -0.254095
    outer loop
      vertex 7.56142 13.2879 19.3668
      vertex 7.60347 13.3124 19.3912
      vertex 7.57747 13.2946 19.3668
    endloop
  endfacet
  facet normal -0.370561 0.892412 -0.25746
    outer loop
      vertex 7.60347 13.3124 19.3912
      vertex 7.56142 13.2879 19.3668
      vertex 7.55128 13.3055 19.4424
    endloop
  endfacet
  facet normal -0.334236 0.80067 -0.497207
    outer loop
      vertex 7.56484 13.282 19.355
      vertex 7.56142 13.2879 19.3668
      vertex 7.57747 13.2946 19.3668
    endloop
  endfacet
  facet normal -0.240252 0.0994835 0.965599
    outer loop
      vertex 7.60058 13.1053 19.7588
      vertex 7.58911 13.0776 19.7588
      vertex 7.66218 13.058 19.779
    endloop
  endfacet
  facet normal -0.465183 0.192623 0.864003
    outer loop
      vertex 7.60058 13.1053 19.7588
      vertex 7.52359 13.0952 19.7196
      vertex 7.58911 13.0776 19.7588
    endloop
  endfacet
  facet normal -0.369652 -0.892889 0.257111
    outer loop
      vertex 7.62826 12.7802 19.5964
      vertex 7.55128 12.7903 19.5208
      vertex 7.62302 12.7606 19.5208
    endloop
  endfacet
  facet normal 0.331552 -0.801725 0.497302
    outer loop
      vertex 7.82252 12.8012 19.5964
      vertex 7.819 12.8418 19.6642
      vertex 7.77174 12.7802 19.5964
    endloop
  endfacet
  facet normal 0.331088 -0.801876 0.497369
    outer loop
      vertex 7.819 12.8418 19.6642
      vertex 7.82252 12.8012 19.5964
      vertex 7.83516 12.8138 19.6083
    endloop
  endfacet
  facet normal 0.113153 -0.860524 0.496684
    outer loop
      vertex 7.7616 12.818 19.6642
      vertex 7.7 12.8099 19.6642
      vertex 7.77174 12.7802 19.5964
    endloop
  endfacet
  facet normal -0.704836 -0.0937294 -0.70315
    outer loop
      vertex 7.48399 13.031 19.2792
      vertex 7.46199 13.0479 19.299
      vertex 7.48284 13.0479 19.2781
    endloop
  endfacet
  facet normal -0.609026 0.79315 0
    outer loop
      vertex 7.55128 13.3055 19.4424
      vertex 7.48968 13.2582 19.5208
      vertex 7.55128 13.3055 19.5208
    endloop
  endfacet
  facet normal -0.609026 0.79315 0
    outer loop
      vertex 7.48968 13.2582 19.5208
      vertex 7.55128 13.3055 19.4424
      vertex 7.48968 13.2582 19.4424
    endloop
  endfacet
  facet normal -0.801807 0.331869 -0.49696
    outer loop
      vertex 7.49388 13.1669 19.299
      vertex 7.43228 13.1196 19.3668
      vertex 7.45997 13.1865 19.3668
    endloop
  endfacet
  facet normal 0.525392 -0.689484 0.498573
    outer loop
      vertex 7.86829 12.8796 19.6642
      vertex 7.84977 12.8349 19.6219
      vertex 7.87566 12.8722 19.6462
    endloop
  endfacet
  facet normal 0.688761 -0.526462 0.498444
    outer loop
      vertex 7.88154 12.8851 19.6517
      vertex 7.86829 12.8796 19.6642
      vertex 7.87566 12.8722 19.6462
    endloop
  endfacet
  facet normal -0.307187 -0.399343 0.863806
    outer loop
      vertex 7.61882 12.9667 19.7588
      vertex 7.57086 12.9188 19.7196
      vertex 7.60869 12.8897 19.7196
    endloop
  endfacet
  facet normal -0.113153 -0.860524 0.496684
    outer loop
      vertex 7.6384 12.818 19.6642
      vertex 7.62826 12.7802 19.5964
      vertex 7.7 12.8099 19.6642
    endloop
  endfacet
  facet normal -0.0655073 -0.49944 0.863868
    outer loop
      vertex 7.67029 12.937 19.7588
      vertex 7.65273 12.8715 19.7196
      vertex 7.7 12.8653 19.7196
    endloop
  endfacet
  facet normal -0.065563 -0.499456 0.863855
    outer loop
      vertex 7.7 12.9331 19.7588
      vertex 7.67029 12.937 19.7588
      vertex 7.7 12.8653 19.7196
    endloop
  endfacet
  facet normal -0.52805 -0.6887 0.496846
    outer loop
      vertex 7.581 12.8418 19.6642
      vertex 7.5317 12.8796 19.6642
      vertex 7.56142 12.8079 19.5964
    endloop
  endfacet
  facet normal -0.272036 -0.656086 0.703951
    outer loop
      vertex 7.65273 12.8715 19.7196
      vertex 7.581 12.8418 19.6642
      vertex 7.6384 12.818 19.6642
    endloop
  endfacet
  facet normal -0.206318 -0.158432 0.965574
    outer loop
      vertex 7.66609 13.0283 19.779
      vertex 7.60058 12.9905 19.7588
      vertex 7.67231 13.0202 19.779
    endloop
  endfacet
  facet normal 0.206244 -0.158375 0.965599
    outer loop
      vertex 7.73391 13.0283 19.779
      vertex 7.72769 13.0202 19.779
      vertex 7.78118 12.9667 19.7588
    endloop
  endfacet
  facet normal 0.432406 -0.563844 0.703637
    outer loop
      vertex 7.86829 12.8796 19.6642
      vertex 7.79131 12.8897 19.7196
      vertex 7.819 12.8418 19.6642
    endloop
  endfacet
  facet normal 0.307187 -0.399343 0.863806
    outer loop
      vertex 7.82914 12.9188 19.7196
      vertex 7.78118 12.9667 19.7588
      vertex 7.79131 12.8897 19.7196
    endloop
  endfacet
  facet normal 0.240402 -0.0989443 0.965617
    outer loop
      vertex 7.73782 13.0378 19.779
      vertex 7.73391 13.0283 19.779
      vertex 7.81089 13.0182 19.7588
    endloop
  endfacet
  facet normal 0.257765 -0.0341985 0.965602
    outer loop
      vertex 7.73916 13.0479 19.779
      vertex 7.73782 13.0378 19.779
      vertex 7.81089 13.0182 19.7588
    endloop
  endfacet
  facet normal 0.465328 -0.192683 0.863911
    outer loop
      vertex 7.81089 13.0182 19.7588
      vertex 7.79942 12.9905 19.7588
      vertex 7.85816 12.9566 19.7196
    endloop
  endfacet
  facet normal 0.399622 -0.3068 0.863815
    outer loop
      vertex 7.85816 12.9566 19.7196
      vertex 7.78118 12.9667 19.7588
      vertex 7.82914 12.9188 19.7196
    endloop
  endfacet
  facet normal 0.499285 0.0657308 0.863941
    outer loop
      vertex 7.88263 13.0479 19.7196
      vertex 7.81089 13.0776 19.7588
      vertex 7.8148 13.0479 19.7588
    endloop
  endfacet
  facet normal 0.257864 0.0339477 0.965585
    outer loop
      vertex 7.81089 13.0776 19.7588
      vertex 7.73916 13.0479 19.779
      vertex 7.8148 13.0479 19.7588
    endloop
  endfacet
  facet normal -0.892995 0.369612 -0.2568
    outer loop
      vertex 7.45997 13.1865 19.3668
      vertex 7.43228 13.1196 19.3668
      vertex 7.44241 13.1966 19.4424
    endloop
  endfacet
  facet normal -0.892762 0.36993 -0.257155
    outer loop
      vertex 7.43228 13.1196 19.3668
      vertex 7.4127 13.1249 19.4424
      vertex 7.44241 13.1966 19.4424
    endloop
  endfacet
  facet normal -0.588638 0.766598 -0.256581
    outer loop
      vertex 7.50401 13.2439 19.3668
      vertex 7.48968 13.2582 19.4424
      vertex 7.55128 13.3055 19.4424
    endloop
  endfacet
  facet normal -0.0925936 0.704169 0.703969
    outer loop
      vertex 7.7 13.2859 19.6642
      vertex 7.6384 13.2778 19.6642
      vertex 7.65273 13.2243 19.7196
    endloop
  endfacet
  facet normal -0.113153 0.860524 0.496684
    outer loop
      vertex 7.7 13.2859 19.6642
      vertex 7.62826 13.3156 19.5964
      vertex 7.6384 13.2778 19.6642
    endloop
  endfacet
  facet normal -0.113895 0.860084 0.497276
    outer loop
      vertex 7.7 13.3251 19.5964
      vertex 7.62826 13.3156 19.5964
      vertex 7.7 13.2859 19.6642
    endloop
  endfacet
  facet normal -0.126861 0.958004 0.257165
    outer loop
      vertex 7.7 13.3251 19.5964
      vertex 7.62302 13.3352 19.5208
      vertex 7.62826 13.3156 19.5964
    endloop
  endfacet
  facet normal 0.15797 0.206635 0.965582
    outer loop
      vertex 7.78118 13.1291 19.7588
      vertex 7.71958 13.0818 19.779
      vertex 7.72769 13.0756 19.779
    endloop
  endfacet
  facet normal -0.033837 0.257768 0.965614
    outer loop
      vertex 7.7 13.1627 19.7588
      vertex 7.67029 13.1588 19.7588
      vertex 7.68987 13.0857 19.779
    endloop
  endfacet
  facet normal -0.0655594 0.499428 0.863871
    outer loop
      vertex 7.7 13.1627 19.7588
      vertex 7.65273 13.2243 19.7196
      vertex 7.67029 13.1588 19.7588
    endloop
  endfacet
  facet normal -0.0356531 0.257976 0.965493
    outer loop
      vertex 7.7 13.1627 19.7588
      vertex 7.68987 13.0857 19.779
      vertex 7.7 13.0871 19.779
    endloop
  endfacet
  facet normal -0.892762 -0.36993 -0.257155
    outer loop
      vertex 7.44241 12.8992 19.4424
      vertex 7.4127 12.9709 19.4424
      vertex 7.43228 12.9762 19.3668
    endloop
  endfacet
  facet normal -0.92383 -0.382803 0
    outer loop
      vertex 7.44241 12.8992 19.4424
      vertex 7.4127 12.9709 19.5208
      vertex 7.4127 12.9709 19.4424
    endloop
  endfacet
  facet normal -0.92383 -0.382803 0
    outer loop
      vertex 7.4127 12.9709 19.5208
      vertex 7.44241 12.8992 19.4424
      vertex 7.44241 12.8992 19.5208
    endloop
  endfacet
  facet normal 0.192356 -0.46546 0.863913
    outer loop
      vertex 7.79131 12.8897 19.7196
      vertex 7.72971 12.937 19.7588
      vertex 7.74727 12.8715 19.7196
    endloop
  endfacet
  facet normal 0.0925806 -0.70407 0.70407
    outer loop
      vertex 7.7 12.8653 19.7196
      vertex 7.7 12.8099 19.6642
      vertex 7.7616 12.818 19.6642
    endloop
  endfacet
  facet normal 0.43292 -0.562796 0.704159
    outer loop
      vertex 7.82914 12.9188 19.7196
      vertex 7.79131 12.8897 19.7196
      vertex 7.86829 12.8796 19.6642
    endloop
  endfacet
  facet normal 0.688396 -0.527903 0.497423
    outer loop
      vertex 7.8949 12.9143 19.6642
      vertex 7.86829 12.8796 19.6642
      vertex 7.88154 12.8851 19.6517
    endloop
  endfacet
  facet normal -0.099161 -0.240275 0.965627
    outer loop
      vertex 7.68042 13.014 19.779
      vertex 7.67029 12.937 19.7588
      vertex 7.68987 13.0101 19.779
    endloop
  endfacet
  facet normal -0.158071 -0.206535 0.965586
    outer loop
      vertex 7.67231 13.0202 19.779
      vertex 7.61882 12.9667 19.7588
      vertex 7.6426 12.9485 19.7588
    endloop
  endfacet
  facet normal -0.432056 -0.563502 0.704126
    outer loop
      vertex 7.57086 12.9188 19.7196
      vertex 7.5317 12.8796 19.6642
      vertex 7.581 12.8418 19.6642
    endloop
  endfacet
  facet normal -0.563509 -0.43229 0.703977
    outer loop
      vertex 7.54184 12.9566 19.7196
      vertex 7.49388 12.9289 19.6642
      vertex 7.5317 12.8796 19.6642
    endloop
  endfacet
  facet normal 0.15797 -0.206635 0.965582
    outer loop
      vertex 7.72769 13.0202 19.779
      vertex 7.71958 13.014 19.779
      vertex 7.78118 12.9667 19.7588
    endloop
  endfacet
  facet normal 0.193025 -0.464772 0.864134
    outer loop
      vertex 7.7574 12.9485 19.7588
      vertex 7.72971 12.937 19.7588
      vertex 7.79131 12.8897 19.7196
    endloop
  endfacet
  facet normal 0.305888 -0.399671 0.864115
    outer loop
      vertex 7.78118 12.9667 19.7588
      vertex 7.7574 12.9485 19.7588
      vertex 7.79131 12.8897 19.7196
    endloop
  endfacet
  facet normal 0.0655073 -0.49944 0.863868
    outer loop
      vertex 7.72971 12.937 19.7588
      vertex 7.7 12.8653 19.7196
      vertex 7.74727 12.8715 19.7196
    endloop
  endfacet
  facet normal 0.0923657 -0.704214 0.703954
    outer loop
      vertex 7.74727 12.8715 19.7196
      vertex 7.7 12.8653 19.7196
      vertex 7.7616 12.818 19.6642
    endloop
  endfacet
  facet normal 0.399735 -0.306351 0.863922
    outer loop
      vertex 7.79942 12.9905 19.7588
      vertex 7.78118 12.9667 19.7588
      vertex 7.85816 12.9566 19.7196
    endloop
  endfacet
  facet normal 0.465172 -0.192835 0.863962
    outer loop
      vertex 7.8764 13.0006 19.7196
      vertex 7.81089 13.0182 19.7588
      vertex 7.85816 12.9566 19.7196
    endloop
  endfacet
  facet normal -0.654749 0.27483 -0.704111
    outer loop
      vertex 7.49763 13.1579 19.292
      vertex 7.49388 13.1669 19.299
      vertex 7.4989 13.164 19.2932
    endloop
  endfacet
  facet normal -0.766766 0.588393 -0.256637
    outer loop
      vertex 7.50401 13.2439 19.3668
      vertex 7.44241 13.1966 19.4424
      vertex 7.48968 13.2582 19.4424
    endloop
  endfacet
  facet normal -0.793337 0.608783 0
    outer loop
      vertex 7.44241 13.1966 19.4424
      vertex 7.48968 13.2582 19.5208
      vertex 7.48968 13.2582 19.4424
    endloop
  endfacet
  facet normal -0.793337 0.608783 0
    outer loop
      vertex 7.48968 13.2582 19.5208
      vertex 7.44241 13.1966 19.4424
      vertex 7.44241 13.1966 19.5208
    endloop
  endfacet
  facet normal 0.332427 0.801735 0.496702
    outer loop
      vertex 7.77174 13.3156 19.5964
      vertex 7.7616 13.2778 19.6642
      vertex 7.819 13.254 19.6642
    endloop
  endfacet
  facet normal 0.113153 0.860524 0.496684
    outer loop
      vertex 7.77174 13.3156 19.5964
      vertex 7.7 13.2859 19.6642
      vertex 7.7616 13.2778 19.6642
    endloop
  endfacet
  facet normal -0.332427 0.801735 0.496702
    outer loop
      vertex 7.62826 13.3156 19.5964
      vertex 7.581 13.254 19.6642
      vertex 7.6384 13.2778 19.6642
    endloop
  endfacet
  facet normal -0.272036 0.656086 0.703951
    outer loop
      vertex 7.6384 13.2778 19.6642
      vertex 7.581 13.254 19.6642
      vertex 7.65273 13.2243 19.7196
    endloop
  endfacet
  facet normal 0.563382 -0.432571 0.703906
    outer loop
      vertex 7.85816 12.9566 19.7196
      vertex 7.8949 12.9143 19.6642
      vertex 7.90109 12.9318 19.67
    endloop
  endfacet
  facet normal 0.563675 -0.432259 0.703863
    outer loop
      vertex 7.8949 12.9143 19.6642
      vertex 7.85816 12.9566 19.7196
      vertex 7.86829 12.8796 19.6642
    endloop
  endfacet
  facet normal 0.656417 -0.27145 0.703869
    outer loop
      vertex 7.91071 12.9784 19.679
      vertex 7.85816 12.9566 19.7196
      vertex 7.90109 12.9318 19.67
    endloop
  endfacet
  facet normal -0.157938 -0.206593 0.965596
    outer loop
      vertex 7.67231 13.0202 19.779
      vertex 7.6426 12.9485 19.7588
      vertex 7.68042 13.014 19.779
    endloop
  endfacet
  facet normal -0.193025 -0.464772 0.864134
    outer loop
      vertex 7.6426 12.9485 19.7588
      vertex 7.60869 12.8897 19.7196
      vertex 7.67029 12.937 19.7588
    endloop
  endfacet
  facet normal -0.305888 -0.399671 0.864115
    outer loop
      vertex 7.61882 12.9667 19.7588
      vertex 7.60869 12.8897 19.7196
      vertex 7.6426 12.9485 19.7588
    endloop
  endfacet
  facet normal -0.688467 -0.528224 0.496983
    outer loop
      vertex 7.5317 12.8796 19.6642
      vertex 7.45997 12.9093 19.5964
      vertex 7.50401 12.8519 19.5964
    endloop
  endfacet
  facet normal -0.527867 -0.688747 0.496975
    outer loop
      vertex 7.5317 12.8796 19.6642
      vertex 7.50401 12.8519 19.5964
      vertex 7.56142 12.8079 19.5964
    endloop
  endfacet
  facet normal -0.766766 0.588393 0.256637
    outer loop
      vertex 7.48968 13.2582 19.5208
      vertex 7.44241 13.1966 19.5208
      vertex 7.50401 13.2439 19.5964
    endloop
  endfacet
  facet normal 0.307123 0.398943 0.864014
    outer loop
      vertex 17.7913 13.2061 19.7196
      vertex 17.7574 13.1473 19.7588
      vertex 17.8291 13.177 19.7196
    endloop
  endfacet
  facet normal -0.065585 -0.499455 0.863854
    outer loop
      vertex 17.7 12.9331 19.7588
      vertex 17.6703 12.937 19.7588
      vertex 17.7 12.8653 19.7196
    endloop
  endfacet
  facet normal 0.464822 0.192977 0.864118
    outer loop
      vertex 17.8582 13.1392 19.7196
      vertex 17.7994 13.1053 19.7588
      vertex 17.8109 13.0776 19.7588
    endloop
  endfacet
  facet normal 0.527927 0.688705 0.496969
    outer loop
      vertex 17.8386 13.2879 19.5964
      vertex 17.819 13.254 19.6642
      vertex 17.896 13.2439 19.5964
    endloop
  endfacet
  facet normal 0.122762 0.958603 -0.256922
    outer loop
      vertex 17.7748 13.3272 19.4115
      vertex 17.7598 13.3329 19.4256
      vertex 17.777 13.3352 19.4424
    endloop
  endfacet
  facet normal 0.766972 -0.587923 -0.2571
    outer loop
      vertex 17.9576 12.8992 19.4424
      vertex 17.896 12.8519 19.3668
      vertex 17.94 12.9093 19.3668
    endloop
  endfacet
  facet normal 0.527903 -0.688674 0.497038
    outer loop
      vertex 17.8683 12.8796 19.6642
      vertex 17.8386 12.8079 19.5964
      vertex 17.896 12.8519 19.5964
    endloop
  endfacet
  facet normal 0.860078 0.113957 0.497272
    outer loop
      vertex 17.9677 13.1196 19.5964
      vertex 17.938 13.0479 19.6642
      vertex 17.9772 13.0479 19.5964
    endloop
  endfacet
  facet normal 0.528193 0.689052 -0.496205
    outer loop
      vertex 17.8581 13.2489 19.3334
      vertex 17.8386 13.2879 19.3668
      vertex 17.896 13.2439 19.3668
    endloop
  endfacet
  facet normal 0.52768 0.689148 -0.496617
    outer loop
      vertex 17.8386 13.2879 19.3668
      vertex 17.8581 13.2489 19.3334
      vertex 17.8352 13.282 19.355
    endloop
  endfacet
  facet normal 0.68861 0.527981 0.497044
    outer loop
      vertex 17.896 13.2439 19.5964
      vertex 17.8683 13.2162 19.6642
      vertex 17.9061 13.1669 19.6642
    endloop
  endfacet
  facet normal 0.95797 0.126928 0.257261
    outer loop
      vertex 17.9873 13.1249 19.5208
      vertex 17.9677 13.1196 19.5964
      vertex 17.9772 13.0479 19.5964
    endloop
  endfacet
  facet normal 0.80163 -0.332383 0.496902
    outer loop
      vertex 17.9299 12.9863 19.6642
      vertex 17.9061 12.9289 19.6642
      vertex 17.94 12.9093 19.5964
    endloop
  endfacet
  facet normal 0.130055 0.991507 0
    outer loop
      vertex 17.777 13.3352 19.5208
      vertex 17.7 13.3453 19.4816
      vertex 17.7 13.3453 19.5208
    endloop
  endfacet
  facet normal 0.12958 0.991569 0
    outer loop
      vertex 17.7418 13.3398 19.4424
      vertex 17.777 13.3352 19.5208
      vertex 17.777 13.3352 19.4424
    endloop
  endfacet
  facet normal 0.130195 0.991488 -0.000281034
    outer loop
      vertex 17.777 13.3352 19.5208
      vertex 17.7418 13.3398 19.4424
      vertex 17.7 13.3453 19.4816
    endloop
  endfacet
  facet normal -0.70405 0.0925946 0.704088
    outer loop
      vertex 17.4867 13.1051 19.6814
      vertex 17.484 13.0648 19.684
      vertex 17.5236 13.0952 19.7196
    endloop
  endfacet
  facet normal 0.371815 -0.893467 -0.251933
    outer loop
      vertex 17.8386 12.8079 19.3668
      vertex 17.7965 12.7835 19.3912
      vertex 17.8225 12.8012 19.3668
    endloop
  endfacet
  facet normal 0.368647 -0.893276 -0.257209
    outer loop
      vertex 17.7965 12.7835 19.3912
      vertex 17.8386 12.8079 19.3668
      vertex 17.8487 12.7903 19.4424
    endloop
  endfacet
  facet normal 0.801966 -0.332055 0.496579
    outer loop
      vertex 17.9677 12.9762 19.5964
      vertex 17.9299 12.9863 19.6642
      vertex 17.94 12.9093 19.5964
    endloop
  endfacet
  facet normal 0.113157 0.860552 0.496634
    outer loop
      vertex 17.7717 13.3156 19.5964
      vertex 17.7 13.2859 19.6642
      vertex 17.7616 13.2778 19.6642
    endloop
  endfacet
  facet normal 0.369681 -0.892839 0.257245
    outer loop
      vertex 17.8386 12.8079 19.5964
      vertex 17.7717 12.7802 19.5964
      vertex 17.8487 12.7903 19.5208
    endloop
  endfacet
  facet normal 0.704089 0.0922907 0.704089
    outer loop
      vertex 17.938 13.0479 19.6642
      vertex 17.8764 13.0952 19.7196
      vertex 17.8826 13.0479 19.7196
    endloop
  endfacet
  facet normal 0.240226 0.0997329 0.96558
    outer loop
      vertex 17.7994 13.1053 19.7588
      vertex 17.7339 13.0675 19.779
      vertex 17.8109 13.0776 19.7588
    endloop
  endfacet
  facet normal 0.656154 0.272064 0.703877
    outer loop
      vertex 17.9061 13.1669 19.6642
      vertex 17.8764 13.0952 19.7196
      vertex 17.9299 13.1095 19.6642
    endloop
  endfacet
  facet normal 0.690156 0.526856 -0.496091
    outer loop
      vertex 17.896 13.2439 19.3668
      vertex 17.8949 13.1815 19.299
      vertex 17.8757 13.2236 19.317
    endloop
  endfacet
  facet normal 0.688408 0.528094 -0.497202
    outer loop
      vertex 17.8949 13.1815 19.299
      vertex 17.896 13.2439 19.3668
      vertex 17.9061 13.1669 19.299
    endloop
  endfacet
  facet normal 0.860552 -0.113157 0.496634
    outer loop
      vertex 17.938 13.0479 19.6642
      vertex 17.9299 12.9863 19.6642
      vertex 17.9677 12.9762 19.5964
    endloop
  endfacet
  facet normal -0.465142 -0.193109 0.863916
    outer loop
      vertex 17.5891 13.0182 19.7588
      vertex 17.5236 13.0006 19.7196
      vertex 17.6006 12.9905 19.7588
    endloop
  endfacet
  facet normal -0.240105 -0.0996825 0.965615
    outer loop
      vertex 17.6622 13.0378 19.779
      vertex 17.5891 13.0182 19.7588
      vertex 17.6006 12.9905 19.7588
    endloop
  endfacet
  facet normal -0.0925806 -0.70407 0.70407
    outer loop
      vertex 17.7 12.8653 19.7196
      vertex 17.6384 12.818 19.6642
      vertex 17.7 12.8099 19.6642
    endloop
  endfacet
  facet normal 0.923875 0.382693 0
    outer loop
      vertex 17.9873 13.1249 19.5208
      vertex 17.9576 13.1966 19.4424
      vertex 17.9576 13.1966 19.5208
    endloop
  endfacet
  facet normal 0.923875 0.382693 0
    outer loop
      vertex 17.9576 13.1966 19.4424
      vertex 17.9873 13.1249 19.5208
      vertex 17.9873 13.1249 19.4424
    endloop
  endfacet
  facet normal 0.12515 -0.95767 -0.259239
    outer loop
      vertex 17.777 12.7606 19.4424
      vertex 17.7418 12.756 19.4424
      vertex 17.7598 12.7629 19.4256
    endloop
  endfacet
  facet normal 0.704513 0.0925958 -0.703624
    outer loop
      vertex 17.9299 13.1095 19.299
      vertex 17.916 13.0648 19.2792
      vertex 17.9133 13.1051 19.2818
    endloop
  endfacet
  facet normal 0.704462 0.0926322 -0.703671
    outer loop
      vertex 17.916 13.0648 19.2792
      vertex 17.9299 13.1095 19.299
      vertex 17.938 13.0479 19.299
    endloop
  endfacet
  facet normal 0.860078 -0.113957 0.497272
    outer loop
      vertex 17.9772 13.0479 19.5964
      vertex 17.938 13.0479 19.6642
      vertex 17.9677 12.9762 19.5964
    endloop
  endfacet
  facet normal -0.272064 0.656154 0.703877
    outer loop
      vertex 17.6384 13.2778 19.6642
      vertex 17.581 13.254 19.6642
      vertex 17.6527 13.2243 19.7196
    endloop
  endfacet
  facet normal 0.157993 -0.206606 0.965584
    outer loop
      vertex 17.7812 12.9667 19.7588
      vertex 17.7196 13.014 19.779
      vertex 17.7574 12.9485 19.7588
    endloop
  endfacet
  facet normal 0.958443 0.125718 0.256092
    outer loop
      vertex 17.9873 13.1249 19.5208
      vertex 17.9772 13.0479 19.5964
      vertex 17.9974 13.0479 19.5208
    endloop
  endfacet
  facet normal 0.563378 0.431961 0.704283
    outer loop
      vertex 17.8683 13.2162 19.6642
      vertex 17.8291 13.177 19.7196
      vertex 17.9061 13.1669 19.6642
    endloop
  endfacet
  facet normal 0.588673 0.766644 0.256363
    outer loop
      vertex 17.9103 13.2582 19.5208
      vertex 17.8487 13.3055 19.5208
      vertex 17.896 13.2439 19.5964
    endloop
  endfacet
  facet normal 0.892751 0.3698 0.257379
    outer loop
      vertex 17.9873 13.1249 19.5208
      vertex 17.9576 13.1966 19.5208
      vertex 17.9677 13.1196 19.5964
    endloop
  endfacet
  facet normal -0.368485 0.893296 0.257372
    outer loop
      vertex 17.6252 13.3272 19.5517
      vertex 17.6035 13.3124 19.572
      vertex 17.6283 13.3156 19.5964
    endloop
  endfacet
  facet normal -0.305734 -0.399806 0.864107
    outer loop
      vertex 17.6188 12.9667 19.7588
      vertex 17.6087 12.8897 19.7196
      vertex 17.6426 12.9485 19.7588
    endloop
  endfacet
  facet normal -0.704129 -0.0928232 0.703979
    outer loop
      vertex 17.5236 13.0006 19.7196
      vertex 17.484 13.031 19.684
      vertex 17.4867 12.9908 19.6814
    endloop
  endfacet
  facet normal -0.499459 0.0654682 0.86386
    outer loop
      vertex 17.5236 13.0952 19.7196
      vertex 17.5174 13.0479 19.7196
      vertex 17.5852 13.0479 19.7588
    endloop
  endfacet
  facet normal -0.0923119 -0.70425 0.703925
    outer loop
      vertex 17.6527 12.8715 19.7196
      vertex 17.6384 12.818 19.6642
      vertex 17.7 12.8653 19.7196
    endloop
  endfacet
  facet normal 0.065585 -0.499455 0.863854
    outer loop
      vertex 17.7 12.9331 19.7588
      vertex 17.7 12.8653 19.7196
      vertex 17.7297 12.937 19.7588
    endloop
  endfacet
  facet normal 0.860078 -0.113957 -0.497272
    outer loop
      vertex 17.9677 12.9762 19.3668
      vertex 17.938 13.0479 19.299
      vertex 17.9772 13.0479 19.3668
    endloop
  endfacet
  facet normal -0.157983 -0.206594 0.965588
    outer loop
      vertex 17.6723 13.0202 19.779
      vertex 17.6188 12.9667 19.7588
      vertex 17.6426 12.9485 19.7588
    endloop
  endfacet
  facet normal 0.113157 -0.860552 0.496634
    outer loop
      vertex 17.7616 12.818 19.6642
      vertex 17.7 12.8099 19.6642
      vertex 17.7717 12.7802 19.5964
    endloop
  endfacet
  facet normal 0.688523 -0.528182 -0.496951
    outer loop
      vertex 17.94 12.9093 19.3668
      vertex 17.8949 12.9143 19.299
      vertex 17.9061 12.9289 19.299
    endloop
  endfacet
  facet normal 0.688314 -0.528558 -0.49684
    outer loop
      vertex 17.8949 12.9143 19.299
      vertex 17.94 12.9093 19.3668
      vertex 17.8815 12.8851 19.3115
    endloop
  endfacet
  facet normal 0.528836 -0.68832 -0.496536
    outer loop
      vertex 17.8386 12.8079 19.3668
      vertex 17.8352 12.8138 19.355
      vertex 17.8498 12.8349 19.3413
    endloop
  endfacet
  facet normal 0.860552 -0.113157 -0.496634
    outer loop
      vertex 17.9677 12.9762 19.3668
      vertex 17.9299 12.9863 19.299
      vertex 17.938 13.0479 19.299
    endloop
  endfacet
  facet normal 0.892839 -0.369681 0.257245
    outer loop
      vertex 17.9677 12.9762 19.5964
      vertex 17.94 12.9093 19.5964
      vertex 17.9576 12.8992 19.5208
    endloop
  endfacet
  facet normal 0.95797 -0.126928 0.257261
    outer loop
      vertex 17.9772 13.0479 19.5964
      vertex 17.9677 12.9762 19.5964
      vertex 17.9873 12.9709 19.5208
    endloop
  endfacet
  facet normal 0.958443 -0.125718 0.256092
    outer loop
      vertex 17.9974 13.0479 19.5208
      vertex 17.9772 13.0479 19.5964
      vertex 17.9873 12.9709 19.5208
    endloop
  endfacet
  facet normal 0.704194 -0.0925969 0.703944
    outer loop
      vertex 17.938 13.0479 19.6642
      vertex 17.8764 13.0006 19.7196
      vertex 17.9299 12.9863 19.6642
    endloop
  endfacet
  facet normal 0.563852 -0.432325 0.703681
    outer loop
      vertex 17.9061 12.9289 19.6642
      vertex 17.8582 12.9566 19.7196
      vertex 17.8683 12.8796 19.6642
    endloop
  endfacet
  facet normal 0.801813 0.332459 0.496554
    outer loop
      vertex 17.9677 13.1196 19.5964
      vertex 17.9061 13.1669 19.6642
      vertex 17.9299 13.1095 19.6642
    endloop
  endfacet
  facet normal 0.465334 0.192479 0.863954
    outer loop
      vertex 17.8582 13.1392 19.7196
      vertex 17.8109 13.0776 19.7588
      vertex 17.8764 13.0952 19.7196
    endloop
  endfacet
  facet normal -0.126963 0.95824 0.256236
    outer loop
      vertex 17.6402 13.3329 19.5376
      vertex 17.6283 13.3156 19.5964
      vertex 17.7 13.3251 19.5964
    endloop
  endfacet
  facet normal -0.122442 0.958558 0.257245
    outer loop
      vertex 17.6283 13.3156 19.5964
      vertex 17.6402 13.3329 19.5376
      vertex 17.6252 13.3272 19.5517
    endloop
  endfacet
  facet normal 0.369681 0.892839 0.257245
    outer loop
      vertex 17.8487 13.3055 19.5208
      vertex 17.7717 13.3156 19.5964
      vertex 17.8386 13.2879 19.5964
    endloop
  endfacet
  facet normal 0.688705 0.527927 0.496969
    outer loop
      vertex 17.94 13.1865 19.5964
      vertex 17.896 13.2439 19.5964
      vertex 17.9061 13.1669 19.6642
    endloop
  endfacet
  facet normal 0.801808 0.331989 0.496877
    outer loop
      vertex 17.94 13.1865 19.5964
      vertex 17.9061 13.1669 19.6642
      vertex 17.9677 13.1196 19.5964
    endloop
  endfacet
  facet normal 0.433006 0.562461 0.704374
    outer loop
      vertex 17.8683 13.2162 19.6642
      vertex 17.7913 13.2061 19.7196
      vertex 17.8291 13.177 19.7196
    endloop
  endfacet
  facet normal 0.766644 0.588673 0.256363
    outer loop
      vertex 17.9103 13.2582 19.5208
      vertex 17.896 13.2439 19.5964
      vertex 17.9576 13.1966 19.5208
    endloop
  endfacet
  facet normal 0.79315 0.609026 0
    outer loop
      vertex 17.9576 13.1966 19.5208
      vertex 17.9103 13.2582 19.4424
      vertex 17.9103 13.2582 19.5208
    endloop
  endfacet
  facet normal 0.79315 0.609026 0
    outer loop
      vertex 17.9103 13.2582 19.4424
      vertex 17.9576 13.1966 19.5208
      vertex 17.9576 13.1966 19.4424
    endloop
  endfacet
  facet normal 0.272164 0.656395 0.703614
    outer loop
      vertex 17.819 13.254 19.6642
      vertex 17.7616 13.2778 19.6642
      vertex 17.7913 13.2061 19.7196
    endloop
  endfacet
  facet normal 0.432325 0.563852 0.703681
    outer loop
      vertex 17.819 13.254 19.6642
      vertex 17.7913 13.2061 19.7196
      vertex 17.8683 13.2162 19.6642
    endloop
  endfacet
  facet normal 0.704089 -0.0922907 0.704089
    outer loop
      vertex 17.8826 13.0479 19.7196
      vertex 17.8764 13.0006 19.7196
      vertex 17.938 13.0479 19.6642
    endloop
  endfacet
  facet normal -0.653497 0.277784 0.704115
    outer loop
      vertex 17.4976 13.1579 19.6712
      vertex 17.5418 13.1392 19.7196
      vertex 17.4989 13.164 19.67
    endloop
  endfacet
  facet normal -0.656178 0.271419 0.704104
    outer loop
      vertex 17.5418 13.1392 19.7196
      vertex 17.4976 13.1579 19.6712
      vertex 17.5236 13.0952 19.7196
    endloop
  endfacet
  facet normal -0.399372 0.307453 0.863698
    outer loop
      vertex 17.5709 13.177 19.7196
      vertex 17.5418 13.1392 19.7196
      vertex 17.6188 13.1291 19.7588
    endloop
  endfacet
  facet normal 0.20651 0.158069 0.965592
    outer loop
      vertex 17.7812 13.1291 19.7588
      vertex 17.7277 13.0756 19.779
      vertex 17.7339 13.0675 19.779
    endloop
  endfacet
  facet normal 0.79315 -0.609026 0
    outer loop
      vertex 17.9103 12.8376 19.5208
      vertex 17.9576 12.8992 19.4424
      vertex 17.9576 12.8992 19.5208
    endloop
  endfacet
  facet normal 0.79315 -0.609026 0
    outer loop
      vertex 17.9576 12.8992 19.4424
      vertex 17.9103 12.8376 19.5208
      vertex 17.9103 12.8376 19.4424
    endloop
  endfacet
  facet normal 0.688674 -0.527903 0.497038
    outer loop
      vertex 17.94 12.9093 19.5964
      vertex 17.8683 12.8796 19.6642
      vertex 17.896 12.8519 19.5964
    endloop
  endfacet
  facet normal -0.690678 -0.523328 0.499091
    outer loop
      vertex 17.5317 12.8796 19.6642
      vertex 17.5185 12.8851 19.6517
      vertex 17.5243 12.8722 19.6462
    endloop
  endfacet
  facet normal -0.206594 -0.157983 0.965588
    outer loop
      vertex 17.6723 13.0202 19.779
      vertex 17.6006 12.9905 19.7588
      vertex 17.6188 12.9667 19.7588
    endloop
  endfacet
  facet normal 0.240382 0.0986831 0.965649
    outer loop
      vertex 17.8109 13.0776 19.7588
      vertex 17.7339 13.0675 19.779
      vertex 17.7378 13.058 19.779
    endloop
  endfacet
  facet normal -0.562461 -0.433006 0.704374
    outer loop
      vertex 17.5418 12.9566 19.7196
      vertex 17.5317 12.8796 19.6642
      vertex 17.5709 12.9188 19.7196
    endloop
  endfacet
  facet normal -0.528054 -0.688705 0.496835
    outer loop
      vertex 17.5502 12.8349 19.6219
      vertex 17.581 12.8418 19.6642
      vertex 17.5317 12.8796 19.6642
    endloop
  endfacet
  facet normal -0.529458 -0.687078 0.497592
    outer loop
      vertex 17.581 12.8418 19.6642
      vertex 17.5502 12.8349 19.6219
      vertex 17.5648 12.8138 19.6083
    endloop
  endfacet
  facet normal -0.0997329 -0.240226 0.96558
    outer loop
      vertex 17.6804 13.014 19.779
      vertex 17.6426 12.9485 19.7588
      vertex 17.6703 12.937 19.7588
    endloop
  endfacet
  facet normal 0.656881 0.271494 -0.703419
    outer loop
      vertex 17.9024 13.1579 19.292
      vertex 17.9299 13.1095 19.299
      vertex 17.9133 13.1051 19.2818
    endloop
  endfacet
  facet normal 0.659514 0.273457 -0.700188
    outer loop
      vertex 17.9299 13.1095 19.299
      vertex 17.9024 13.1579 19.292
      vertex 17.9061 13.1669 19.299
    endloop
  endfacet
  facet normal 0.654523 0.277813 -0.70315
    outer loop
      vertex 17.9024 13.1579 19.292
      vertex 17.9011 13.164 19.2932
      vertex 17.9061 13.1669 19.299
    endloop
  endfacet
  facet normal 0.892751 0.3698 -0.257379
    outer loop
      vertex 17.9677 13.1196 19.3668
      vertex 17.9576 13.1966 19.4424
      vertex 17.9873 13.1249 19.4424
    endloop
  endfacet
  facet normal 0.122762 -0.958603 -0.256922
    outer loop
      vertex 17.777 12.7606 19.4424
      vertex 17.7598 12.7629 19.4256
      vertex 17.7748 12.7686 19.4115
    endloop
  endfacet
  facet normal 0.689611 -0.523431 -0.500456
    outer loop
      vertex 17.94 12.9093 19.3668
      vertex 17.8757 12.8722 19.317
      vertex 17.8815 12.8851 19.3115
    endloop
  endfacet
  facet normal 0.689058 -0.528198 -0.496191
    outer loop
      vertex 17.8757 12.8722 19.317
      vertex 17.94 12.9093 19.3668
      vertex 17.896 12.8519 19.3668
    endloop
  endfacet
  facet normal 0.609026 -0.79315 0
    outer loop
      vertex 17.8487 12.7903 19.4424
      vertex 17.9103 12.8376 19.5208
      vertex 17.8487 12.7903 19.5208
    endloop
  endfacet
  facet normal 0.609026 -0.79315 0
    outer loop
      vertex 17.9103 12.8376 19.5208
      vertex 17.8487 12.7903 19.4424
      vertex 17.9103 12.8376 19.4424
    endloop
  endfacet
  facet normal 0.892751 -0.3698 0.257379
    outer loop
      vertex 17.9677 12.9762 19.5964
      vertex 17.9576 12.8992 19.5208
      vertex 17.9873 12.9709 19.5208
    endloop
  endfacet
  facet normal 0.923875 -0.382693 0
    outer loop
      vertex 17.9576 12.8992 19.5208
      vertex 17.9873 12.9709 19.4424
      vertex 17.9873 12.9709 19.5208
    endloop
  endfacet
  facet normal 0.923875 -0.382693 0
    outer loop
      vertex 17.9873 12.9709 19.4424
      vertex 17.9576 12.8992 19.5208
      vertex 17.9576 12.8992 19.4424
    endloop
  endfacet
  facet normal 0.257287 0.0356635 0.965677
    outer loop
      vertex 17.8109 13.0776 19.7588
      vertex 17.7378 13.058 19.779
      vertex 17.7392 13.0479 19.779
    endloop
  endfacet
  facet normal 0.206606 0.157993 0.965584
    outer loop
      vertex 17.7812 13.1291 19.7588
      vertex 17.7339 13.0675 19.779
      vertex 17.7994 13.1053 19.7588
    endloop
  endfacet
  facet normal 0.704194 0.0925969 0.703944
    outer loop
      vertex 17.9299 13.1095 19.6642
      vertex 17.8764 13.0952 19.7196
      vertex 17.938 13.0479 19.6642
    endloop
  endfacet
  facet normal 0.860552 0.113157 0.496634
    outer loop
      vertex 17.9677 13.1196 19.5964
      vertex 17.9299 13.1095 19.6642
      vertex 17.938 13.0479 19.6642
    endloop
  endfacet
  facet normal 0.566452 0.434538 -0.700221
    outer loop
      vertex 17.8998 13.1677 19.2944
      vertex 17.8949 13.1815 19.299
      vertex 17.9061 13.1669 19.299
    endloop
  endfacet
  facet normal 0.860078 0.113957 -0.497272
    outer loop
      vertex 17.9772 13.0479 19.3668
      vertex 17.938 13.0479 19.299
      vertex 17.9677 13.1196 19.3668
    endloop
  endfacet
  facet normal 0.527829 -0.688577 -0.497251
    outer loop
      vertex 17.8498 12.8349 19.3413
      vertex 17.896 12.8519 19.3668
      vertex 17.8386 12.8079 19.3668
    endloop
  endfacet
  facet normal 0.527582 -0.689563 -0.496145
    outer loop
      vertex 17.896 12.8519 19.3668
      vertex 17.8498 12.8349 19.3413
      vertex 17.8757 12.8722 19.317
    endloop
  endfacet
  facet normal 0.12515 0.95767 -0.259239
    outer loop
      vertex 17.7598 13.3329 19.4256
      vertex 17.7418 13.3398 19.4424
      vertex 17.777 13.3352 19.4424
    endloop
  endfacet
  facet normal 0.56785 0.427624 -0.703338
    outer loop
      vertex 17.9011 13.164 19.2932
      vertex 17.8998 13.1677 19.2944
      vertex 17.9061 13.1669 19.299
    endloop
  endfacet
  facet normal 0.192396 0.465132 0.864081
    outer loop
      vertex 17.7913 13.2061 19.7196
      vertex 17.7473 13.2243 19.7196
      vertex 17.7574 13.1473 19.7588
    endloop
  endfacet
  facet normal -0.307453 0.399372 0.863698
    outer loop
      vertex 17.6087 13.2061 19.7196
      vertex 17.5709 13.177 19.7196
      vertex 17.6188 13.1291 19.7588
    endloop
  endfacet
  facet normal 0.766972 0.587923 0.2571
    outer loop
      vertex 17.9576 13.1966 19.5208
      vertex 17.896 13.2439 19.5964
      vertex 17.94 13.1865 19.5964
    endloop
  endfacet
  facet normal 0.892839 0.369681 0.257245
    outer loop
      vertex 17.9576 13.1966 19.5208
      vertex 17.94 13.1865 19.5964
      vertex 17.9677 13.1196 19.5964
    endloop
  endfacet
  facet normal 0.609026 0.79315 -0
    outer loop
      vertex 17.9103 13.2582 19.4424
      vertex 17.8487 13.3055 19.5208
      vertex 17.9103 13.2582 19.5208
    endloop
  endfacet
  facet normal 0.609026 0.79315 0
    outer loop
      vertex 17.8487 13.3055 19.5208
      vertex 17.9103 13.2582 19.4424
      vertex 17.8487 13.3055 19.4424
    endloop
  endfacet
  facet normal 0.370322 0.892567 -0.257268
    outer loop
      vertex 17.8386 13.2879 19.3668
      vertex 17.7965 13.3124 19.3912
      vertex 17.8487 13.3055 19.4424
    endloop
  endfacet
  facet normal 0.37147 0.892638 -0.255357
    outer loop
      vertex 17.7965 13.3124 19.3912
      vertex 17.8386 13.2879 19.3668
      vertex 17.8225 13.2946 19.3668
    endloop
  endfacet
  facet normal 0.125718 0.958443 0.256092
    outer loop
      vertex 17.7 13.3453 19.5208
      vertex 17.7 13.3251 19.5964
      vertex 17.777 13.3352 19.5208
    endloop
  endfacet
  facet normal 0.3698 0.892751 0.257379
    outer loop
      vertex 17.777 13.3352 19.5208
      vertex 17.7717 13.3156 19.5964
      vertex 17.8487 13.3055 19.5208
    endloop
  endfacet
  facet normal -0.331453 0.801802 0.497245
    outer loop
      vertex 17.5775 13.2946 19.5964
      vertex 17.581 13.254 19.6642
      vertex 17.6283 13.3156 19.5964
    endloop
  endfacet
  facet normal -0.329864 0.802316 0.497472
    outer loop
      vertex 17.581 13.254 19.6642
      vertex 17.5775 13.2946 19.5964
      vertex 17.5648 13.282 19.6083
    endloop
  endfacet
  facet normal 0.527981 0.68861 0.497044
    outer loop
      vertex 17.896 13.2439 19.5964
      vertex 17.819 13.254 19.6642
      vertex 17.8683 13.2162 19.6642
    endloop
  endfacet
  facet normal 0.587923 0.766972 0.2571
    outer loop
      vertex 17.8487 13.3055 19.5208
      vertex 17.8386 13.2879 19.5964
      vertex 17.896 13.2439 19.5964
    endloop
  endfacet
  facet normal -0.0654682 0.499459 0.86386
    outer loop
      vertex 17.7 13.2305 19.7196
      vertex 17.6527 13.2243 19.7196
      vertex 17.7 13.1627 19.7588
    endloop
  endfacet
  facet normal -0.399806 0.305734 0.864107
    outer loop
      vertex 17.6188 13.1291 19.7588
      vertex 17.5418 13.1392 19.7196
      vertex 17.6006 13.1053 19.7588
    endloop
  endfacet
  facet normal 0.0338469 0.257757 0.965617
    outer loop
      vertex 17.7297 13.1588 19.7588
      vertex 17.7 13.1627 19.7588
      vertex 17.7101 13.0857 19.779
    endloop
  endfacet
  facet normal -0.527723 0.688273 0.497784
    outer loop
      vertex 17.5419 13.2489 19.6298
      vertex 17.5317 13.2162 19.6642
      vertex 17.581 13.254 19.6642
    endloop
  endfacet
  facet normal -0.525316 0.689057 0.499242
    outer loop
      vertex 17.5317 13.2162 19.6642
      vertex 17.5419 13.2489 19.6298
      vertex 17.5243 13.2236 19.6462
    endloop
  endfacet
  facet normal -0.305734 0.399806 0.864107
    outer loop
      vertex 17.6426 13.1473 19.7588
      vertex 17.6087 13.2061 19.7196
      vertex 17.6188 13.1291 19.7588
    endloop
  endfacet
  facet normal -0.70394 0.0922712 0.704241
    outer loop
      vertex 17.484 13.0648 19.684
      vertex 17.5174 13.0479 19.7196
      vertex 17.5236 13.0952 19.7196
    endloop
  endfacet
  facet normal -0.702836 0.0957849 0.704873
    outer loop
      vertex 17.5174 13.0479 19.7196
      vertex 17.484 13.0648 19.684
      vertex 17.4828 13.0479 19.6851
    endloop
  endfacet
  facet normal -0.70394 -0.0922712 0.704241
    outer loop
      vertex 17.5174 13.0479 19.7196
      vertex 17.484 13.031 19.684
      vertex 17.5236 13.0006 19.7196
    endloop
  endfacet
  facet normal -0.702836 -0.0957849 0.704873
    outer loop
      vertex 17.484 13.031 19.684
      vertex 17.5174 13.0479 19.7196
      vertex 17.4828 13.0479 19.6851
    endloop
  endfacet
  facet normal 0.564326 -0.432908 -0.702942
    outer loop
      vertex 17.9061 12.9289 19.299
      vertex 17.8949 12.9143 19.299
      vertex 17.9011 12.9318 19.2932
    endloop
  endfacet
  facet normal 0.130055 -0.991507 0
    outer loop
      vertex 17.7 12.7505 19.4816
      vertex 17.777 12.7606 19.5208
      vertex 17.7 12.7505 19.5208
    endloop
  endfacet
  facet normal 0.130195 -0.991488 -0.000281034
    outer loop
      vertex 17.7418 12.756 19.4424
      vertex 17.777 12.7606 19.5208
      vertex 17.7 12.7505 19.4816
    endloop
  endfacet
  facet normal 0.12958 -0.991569 0
    outer loop
      vertex 17.777 12.7606 19.5208
      vertex 17.7418 12.756 19.4424
      vertex 17.777 12.7606 19.4424
    endloop
  endfacet
  facet normal 0.3698 -0.892751 0.257379
    outer loop
      vertex 17.8487 12.7903 19.5208
      vertex 17.7717 12.7802 19.5964
      vertex 17.777 12.7606 19.5208
    endloop
  endfacet
  facet normal 0.125718 -0.958443 0.256092
    outer loop
      vertex 17.7 12.7707 19.5964
      vertex 17.7 12.7505 19.5208
      vertex 17.777 12.7606 19.5208
    endloop
  endfacet
  facet normal 0.528009 -0.688647 0.496963
    outer loop
      vertex 17.8683 12.8796 19.6642
      vertex 17.819 12.8418 19.6642
      vertex 17.8386 12.8079 19.5964
    endloop
  endfacet
  facet normal 0.688647 -0.528009 0.496963
    outer loop
      vertex 17.9061 12.9289 19.6642
      vertex 17.8683 12.8796 19.6642
      vertex 17.94 12.9093 19.5964
    endloop
  endfacet
  facet normal 0.766644 -0.588673 0.256363
    outer loop
      vertex 17.9576 12.8992 19.5208
      vertex 17.896 12.8519 19.5964
      vertex 17.9103 12.8376 19.5208
    endloop
  endfacet
  facet normal 0.766972 -0.587923 0.2571
    outer loop
      vertex 17.94 12.9093 19.5964
      vertex 17.896 12.8519 19.5964
      vertex 17.9576 12.8992 19.5208
    endloop
  endfacet
  facet normal -0.689381 -0.528459 0.495464
    outer loop
      vertex 17.5317 12.8796 19.6642
      vertex 17.5051 12.9143 19.6642
      vertex 17.5185 12.8851 19.6517
    endloop
  endfacet
  facet normal -0.240737 -0.098829 0.965546
    outer loop
      vertex 17.6622 13.0378 19.779
      vertex 17.6006 12.9905 19.7588
      vertex 17.6661 13.0283 19.779
    endloop
  endfacet
  facet normal 0.499421 -0.0654632 0.863883
    outer loop
      vertex 17.8826 13.0479 19.7196
      vertex 17.8109 13.0182 19.7588
      vertex 17.8764 13.0006 19.7196
    endloop
  endfacet
  facet normal 0.0925806 -0.70407 0.70407
    outer loop
      vertex 17.7 12.8653 19.7196
      vertex 17.7 12.8099 19.6642
      vertex 17.7616 12.818 19.6642
    endloop
  endfacet
  facet normal 0.432325 -0.563852 0.703681
    outer loop
      vertex 17.8683 12.8796 19.6642
      vertex 17.7913 12.8897 19.7196
      vertex 17.819 12.8418 19.6642
    endloop
  endfacet
  facet normal -0.431961 -0.563378 0.704283
    outer loop
      vertex 17.5709 12.9188 19.7196
      vertex 17.5317 12.8796 19.6642
      vertex 17.581 12.8418 19.6642
    endloop
  endfacet
  facet normal -0.399806 -0.305734 0.864107
    outer loop
      vertex 17.6006 12.9905 19.7588
      vertex 17.5418 12.9566 19.7196
      vertex 17.6188 12.9667 19.7588
    endloop
  endfacet
  facet normal 0.892839 -0.369681 -0.257245
    outer loop
      vertex 17.9576 12.8992 19.4424
      vertex 17.94 12.9093 19.3668
      vertex 17.9677 12.9762 19.3668
    endloop
  endfacet
  facet normal 0.80163 -0.332383 -0.496902
    outer loop
      vertex 17.94 12.9093 19.3668
      vertex 17.9061 12.9289 19.299
      vertex 17.9299 12.9863 19.299
    endloop
  endfacet
  facet normal 0.958443 -0.125718 -0.256092
    outer loop
      vertex 17.9873 12.9709 19.4424
      vertex 17.9772 13.0479 19.3668
      vertex 17.9974 13.0479 19.4424
    endloop
  endfacet
  facet normal 0.95797 0.126928 -0.257261
    outer loop
      vertex 17.9772 13.0479 19.3668
      vertex 17.9677 13.1196 19.3668
      vertex 17.9873 13.1249 19.4424
    endloop
  endfacet
  facet normal 0.860552 0.113157 -0.496634
    outer loop
      vertex 17.938 13.0479 19.299
      vertex 17.9299 13.1095 19.299
      vertex 17.9677 13.1196 19.3668
    endloop
  endfacet
  facet normal 0.704462 -0.0926322 -0.703671
    outer loop
      vertex 17.9299 12.9863 19.299
      vertex 17.916 13.031 19.2792
      vertex 17.938 13.0479 19.299
    endloop
  endfacet
  facet normal 0.704194 -0.0928234 -0.703914
    outer loop
      vertex 17.916 13.031 19.2792
      vertex 17.9299 12.9863 19.299
      vertex 17.9133 12.9908 19.2818
    endloop
  endfacet
  facet normal 0.371672 -0.891969 -0.257393
    outer loop
      vertex 17.7965 12.7835 19.3912
      vertex 17.777 12.7606 19.4424
      vertex 17.7748 12.7686 19.4115
    endloop
  endfacet
  facet normal 0.369698 -0.892503 -0.258383
    outer loop
      vertex 17.777 12.7606 19.4424
      vertex 17.7965 12.7835 19.3912
      vertex 17.8487 12.7903 19.4424
    endloop
  endfacet
  facet normal 0.991507 -0.130055 0
    outer loop
      vertex 17.9873 12.9709 19.5208
      vertex 17.9974 13.0479 19.4424
      vertex 17.9974 13.0479 19.5208
    endloop
  endfacet
  facet normal 0.991507 -0.130055 0
    outer loop
      vertex 17.9974 13.0479 19.4424
      vertex 17.9873 12.9709 19.5208
      vertex 17.9873 12.9709 19.4424
    endloop
  endfacet
  facet normal 0.257992 -0.0338777 0.965553
    outer loop
      vertex 17.8148 13.0479 19.7588
      vertex 17.7392 13.0479 19.779
      vertex 17.8109 13.0182 19.7588
    endloop
  endfacet
  facet normal 0.499455 -0.065585 0.863854
    outer loop
      vertex 17.8148 13.0479 19.7588
      vertex 17.8109 13.0182 19.7588
      vertex 17.8826 13.0479 19.7196
    endloop
  endfacet
  facet normal 0.656663 0.27162 0.703574
    outer loop
      vertex 17.9061 13.1669 19.6642
      vertex 17.8582 13.1392 19.7196
      vertex 17.8764 13.0952 19.7196
    endloop
  endfacet
  facet normal 0.563078 0.433481 0.703589
    outer loop
      vertex 17.9061 13.1669 19.6642
      vertex 17.8291 13.177 19.7196
      vertex 17.8582 13.1392 19.7196
    endloop
  endfacet
  facet normal 0.333457 0.801292 -0.496727
    outer loop
      vertex 17.8352 13.282 19.355
      vertex 17.8225 13.2946 19.3668
      vertex 17.8386 13.2879 19.3668
    endloop
  endfacet
  facet normal -0.0922907 0.704089 0.704089
    outer loop
      vertex 17.7 13.2859 19.6642
      vertex 17.6527 13.2243 19.7196
      vertex 17.7 13.2305 19.7196
    endloop
  endfacet
  facet normal 0.27149 0.656349 0.703917
    outer loop
      vertex 17.7616 13.2778 19.6642
      vertex 17.7473 13.2243 19.7196
      vertex 17.7913 13.2061 19.7196
    endloop
  endfacet
  facet normal 0.588673 0.766644 -0.256363
    outer loop
      vertex 17.896 13.2439 19.3668
      vertex 17.8487 13.3055 19.4424
      vertex 17.9103 13.2582 19.4424
    endloop
  endfacet
  facet normal 0.528182 0.689072 -0.49619
    outer loop
      vertex 17.8757 13.2236 19.317
      vertex 17.8581 13.2489 19.3334
      vertex 17.896 13.2439 19.3668
    endloop
  endfacet
  facet normal 0.0922907 0.704089 0.704089
    outer loop
      vertex 17.7 13.2859 19.6642
      vertex 17.7 13.2305 19.7196
      vertex 17.7473 13.2243 19.7196
    endloop
  endfacet
  facet normal 0.0925969 0.704194 0.703944
    outer loop
      vertex 17.7616 13.2778 19.6642
      vertex 17.7 13.2859 19.6642
      vertex 17.7473 13.2243 19.7196
    endloop
  endfacet
  facet normal -0.113957 0.860078 0.497272
    outer loop
      vertex 17.7 13.3251 19.5964
      vertex 17.6283 13.3156 19.5964
      vertex 17.7 13.2859 19.6642
    endloop
  endfacet
  facet normal 0.331989 0.801808 0.496877
    outer loop
      vertex 17.8386 13.2879 19.5964
      vertex 17.7717 13.3156 19.5964
      vertex 17.819 13.254 19.6642
    endloop
  endfacet
  facet normal 0.332459 0.801813 0.496554
    outer loop
      vertex 17.7717 13.3156 19.5964
      vertex 17.7616 13.2778 19.6642
      vertex 17.819 13.254 19.6642
    endloop
  endfacet
  facet normal 0.306258 0.400491 0.863604
    outer loop
      vertex 17.8291 13.177 19.7196
      vertex 17.7574 13.1473 19.7588
      vertex 17.7812 13.1291 19.7588
    endloop
  endfacet
  facet normal 0.157993 0.206606 0.965584
    outer loop
      vertex 17.7574 13.1473 19.7588
      vertex 17.7196 13.0818 19.779
      vertex 17.7812 13.1291 19.7588
    endloop
  endfacet
  facet normal -0.240105 0.0996825 0.965615
    outer loop
      vertex 17.6006 13.1053 19.7588
      vertex 17.5891 13.0776 19.7588
      vertex 17.6622 13.058 19.779
    endloop
  endfacet
  facet normal 0 0 1
    outer loop
      vertex 17.7378 13.058 19.779
      vertex 17.7378 13.0378 19.779
      vertex 17.7392 13.0479 19.779
    endloop
  endfacet
  facet normal 0 0 1
    outer loop
      vertex 17.7339 13.0675 19.779
      vertex 17.7378 13.0378 19.779
      vertex 17.7378 13.058 19.779
    endloop
  endfacet
  facet normal 0 0 1
    outer loop
      vertex 17.7339 13.0675 19.779
      vertex 17.7339 13.0283 19.779
      vertex 17.7378 13.0378 19.779
    endloop
  endfacet
  facet normal 0 0 1
    outer loop
      vertex 17.7277 13.0756 19.779
      vertex 17.7339 13.0283 19.779
      vertex 17.7339 13.0675 19.779
    endloop
  endfacet
  facet normal 0 0 1
    outer loop
      vertex 17.7277 13.0756 19.779
      vertex 17.7277 13.0202 19.779
      vertex 17.7339 13.0283 19.779
    endloop
  endfacet
  facet normal 0 0 1
    outer loop
      vertex 17.7196 13.0818 19.779
      vertex 17.7277 13.0202 19.779
      vertex 17.7277 13.0756 19.779
    endloop
  endfacet
  facet normal 0 0 1
    outer loop
      vertex 17.7196 13.0818 19.779
      vertex 17.7196 13.014 19.779
      vertex 17.7277 13.0202 19.779
    endloop
  endfacet
  facet normal 0 0 1
    outer loop
      vertex 17.7101 13.0857 19.779
      vertex 17.7196 13.014 19.779
      vertex 17.7196 13.0818 19.779
    endloop
  endfacet
  facet normal 0 0 1
    outer loop
      vertex 17.7101 13.0857 19.779
      vertex 17.7101 13.0101 19.779
      vertex 17.7196 13.014 19.779
    endloop
  endfacet
  facet normal 0 0 1
    outer loop
      vertex 17.7 13.0871 19.779
      vertex 17.7101 13.0101 19.779
      vertex 17.7101 13.0857 19.779
    endloop
  endfacet
  facet normal 0 0 1
    outer loop
      vertex 17.7 13.0871 19.779
      vertex 17.7 13.0087 19.779
      vertex 17.7101 13.0101 19.779
    endloop
  endfacet
  facet normal -0 0 1
    outer loop
      vertex 17.6899 13.0857 19.779
      vertex 17.7 13.0087 19.779
      vertex 17.7 13.0871 19.779
    endloop
  endfacet
  facet normal 0 0 1
    outer loop
      vertex 17.6899 13.0857 19.779
      vertex 17.6899 13.0101 19.779
      vertex 17.7 13.0087 19.779
    endloop
  endfacet
  facet normal -0 0 1
    outer loop
      vertex 17.6804 13.0818 19.779
      vertex 17.6899 13.0101 19.779
      vertex 17.6899 13.0857 19.779
    endloop
  endfacet
  facet normal 0 0 1
    outer loop
      vertex 17.6804 13.0818 19.779
      vertex 17.6804 13.014 19.779
      vertex 17.6899 13.0101 19.779
    endloop
  endfacet
  facet normal -0 0 1
    outer loop
      vertex 17.6723 13.0756 19.779
      vertex 17.6804 13.014 19.779
      vertex 17.6804 13.0818 19.779
    endloop
  endfacet
  facet normal 0 0 1
    outer loop
      vertex 17.6723 13.0756 19.779
      vertex 17.6723 13.0202 19.779
      vertex 17.6804 13.014 19.779
    endloop
  endfacet
  facet normal -0 0 1
    outer loop
      vertex 17.6661 13.0675 19.779
      vertex 17.6723 13.0202 19.779
      vertex 17.6723 13.0756 19.779
    endloop
  endfacet
  facet normal 0 0 1
    outer loop
      vertex 17.6661 13.0675 19.779
      vertex 17.6661 13.0283 19.779
      vertex 17.6723 13.0202 19.779
    endloop
  endfacet
  facet normal -0 0 1
    outer loop
      vertex 17.6622 13.058 19.779
      vertex 17.6661 13.0283 19.779
      vertex 17.6661 13.0675 19.779
    endloop
  endfacet
  facet normal 0 0 1
    outer loop
      vertex 17.6622 13.058 19.779
      vertex 17.6622 13.0378 19.779
      vertex 17.6661 13.0283 19.779
    endloop
  endfacet
  facet normal 0 -0 1
    outer loop
      vertex 17.6622 13.0378 19.779
      vertex 17.6622 13.058 19.779
      vertex 17.6608 13.0479 19.779
    endloop
  endfacet
  facet normal -0.257757 0.0338469 0.965617
    outer loop
      vertex 17.5891 13.0776 19.7588
      vertex 17.5852 13.0479 19.7588
      vertex 17.6622 13.058 19.779
    endloop
  endfacet
  facet normal -0.499394 0.065577 0.86389
    outer loop
      vertex 17.5891 13.0776 19.7588
      vertex 17.5236 13.0952 19.7196
      vertex 17.5852 13.0479 19.7588
    endloop
  endfacet
  facet normal -0.433481 0.563078 0.703589
    outer loop
      vertex 17.581 13.254 19.6642
      vertex 17.5709 13.177 19.7196
      vertex 17.6087 13.2061 19.7196
    endloop
  endfacet
  facet normal -0.656114 0.271475 0.704142
    outer loop
      vertex 17.4976 13.1579 19.6712
      vertex 17.4867 13.1051 19.6814
      vertex 17.5236 13.0952 19.7196
    endloop
  endfacet
  facet normal -0.0925969 0.704194 0.703944
    outer loop
      vertex 17.7 13.2859 19.6642
      vertex 17.6384 13.2778 19.6642
      vertex 17.6527 13.2243 19.7196
    endloop
  endfacet
  facet normal -0.527675 0.688358 0.497717
    outer loop
      vertex 17.5648 13.282 19.6083
      vertex 17.5419 13.2489 19.6298
      vertex 17.581 13.254 19.6642
    endloop
  endfacet
  facet normal -0.431961 0.563378 0.704283
    outer loop
      vertex 17.581 13.254 19.6642
      vertex 17.5317 13.2162 19.6642
      vertex 17.5709 13.177 19.7196
    endloop
  endfacet
  facet normal -0.687601 0.527095 0.499375
    outer loop
      vertex 17.5243 13.2236 19.6462
      vertex 17.5051 13.1815 19.6642
      vertex 17.5317 13.2162 19.6642
    endloop
  endfacet
  facet normal 0.655305 -0.27367 -0.704045
    outer loop
      vertex 17.9299 12.9863 19.299
      vertex 17.9107 12.9784 19.2842
      vertex 17.9133 12.9908 19.2818
    endloop
  endfacet
  facet normal 0.655173 -0.271657 -0.704948
    outer loop
      vertex 17.9061 12.9289 19.299
      vertex 17.9107 12.9784 19.2842
      vertex 17.9299 12.9863 19.299
    endloop
  endfacet
  facet normal 0.657792 -0.27122 -0.702673
    outer loop
      vertex 17.9107 12.9784 19.2842
      vertex 17.9061 12.9289 19.299
      vertex 17.9011 12.9318 19.2932
    endloop
  endfacet
  facet normal -0.130455 -0.991454 -0
    outer loop
      vertex 17.7 12.7505 19.5208
      vertex 17.6582 12.756 19.5208
      vertex 17.7 12.7505 19.4816
    endloop
  endfacet
  facet normal -0.27162 -0.656663 0.703574
    outer loop
      vertex 17.6087 12.8897 19.7196
      vertex 17.581 12.8418 19.6642
      vertex 17.6527 12.8715 19.7196
    endloop
  endfacet
  facet normal 0.399372 -0.307453 0.863698
    outer loop
      vertex 17.8582 12.9566 19.7196
      vertex 17.7812 12.9667 19.7588
      vertex 17.8291 12.9188 19.7196
    endloop
  endfacet
  facet normal 0.464822 -0.192977 0.864118
    outer loop
      vertex 17.8109 13.0182 19.7588
      vertex 17.7994 12.9905 19.7588
      vertex 17.8582 12.9566 19.7196
    endloop
  endfacet
  facet normal 0.588673 -0.766644 0.256363
    outer loop
      vertex 17.896 12.8519 19.5964
      vertex 17.8487 12.7903 19.5208
      vertex 17.9103 12.8376 19.5208
    endloop
  endfacet
  facet normal 0.587923 -0.766972 0.2571
    outer loop
      vertex 17.896 12.8519 19.5964
      vertex 17.8386 12.8079 19.5964
      vertex 17.8487 12.7903 19.5208
    endloop
  endfacet
  facet normal 0.656395 -0.272164 0.703614
    outer loop
      vertex 17.9299 12.9863 19.6642
      vertex 17.8582 12.9566 19.7196
      vertex 17.9061 12.9289 19.6642
    endloop
  endfacet
  facet normal 0.656349 -0.27149 0.703917
    outer loop
      vertex 17.8764 13.0006 19.7196
      vertex 17.8582 12.9566 19.7196
      vertex 17.9299 12.9863 19.6642
    endloop
  endfacet
  facet normal -0.465132 -0.192396 0.864081
    outer loop
      vertex 17.6006 12.9905 19.7588
      vertex 17.5236 13.0006 19.7196
      vertex 17.5418 12.9566 19.7196
    endloop
  endfacet
  facet normal -0.656795 -0.271674 0.70343
    outer loop
      vertex 17.5236 13.0006 19.7196
      vertex 17.4893 12.9784 19.679
      vertex 17.5418 12.9566 19.7196
    endloop
  endfacet
  facet normal -0.65574 -0.273681 0.703636
    outer loop
      vertex 17.4893 12.9784 19.679
      vertex 17.5236 13.0006 19.7196
      vertex 17.4867 12.9908 19.6814
    endloop
  endfacet
  facet normal -0.158096 -0.206545 0.96558
    outer loop
      vertex 17.6723 13.0202 19.779
      vertex 17.6426 12.9485 19.7588
      vertex 17.6804 13.014 19.779
    endloop
  endfacet
  facet normal -0.192977 -0.464822 0.864118
    outer loop
      vertex 17.6426 12.9485 19.7588
      vertex 17.6087 12.8897 19.7196
      vertex 17.6703 12.937 19.7588
    endloop
  endfacet
  facet normal 0.192479 -0.465334 0.863954
    outer loop
      vertex 17.7913 12.8897 19.7196
      vertex 17.7297 12.937 19.7588
      vertex 17.7473 12.8715 19.7196
    endloop
  endfacet
  facet normal -0.113957 -0.860078 0.497272
    outer loop
      vertex 17.7 12.8099 19.6642
      vertex 17.6283 12.7802 19.5964
      vertex 17.7 12.7707 19.5964
    endloop
  endfacet
  facet normal -0.371793 -0.891958 0.257255
    outer loop
      vertex 17.6283 12.7802 19.5964
      vertex 17.6035 12.7835 19.572
      vertex 17.6252 12.7686 19.5517
    endloop
  endfacet
  facet normal -0.563925 -0.432289 0.703644
    outer loop
      vertex 17.5418 12.9566 19.7196
      vertex 17.5051 12.9143 19.6642
      vertex 17.5317 12.8796 19.6642
    endloop
  endfacet
  facet normal -0.563406 -0.43284 0.703721
    outer loop
      vertex 17.5051 12.9143 19.6642
      vertex 17.5418 12.9566 19.7196
      vertex 17.4989 12.9318 19.67
    endloop
  endfacet
  facet normal -0.656763 -0.271196 0.703645
    outer loop
      vertex 17.5418 12.9566 19.7196
      vertex 17.4893 12.9784 19.679
      vertex 17.4989 12.9318 19.67
    endloop
  endfacet
  facet normal 0.801813 0.332459 -0.496554
    outer loop
      vertex 17.9299 13.1095 19.299
      vertex 17.9061 13.1669 19.299
      vertex 17.9677 13.1196 19.3668
    endloop
  endfacet
  facet normal 0.801966 -0.332055 -0.496579
    outer loop
      vertex 17.94 12.9093 19.3668
      vertex 17.9299 12.9863 19.299
      vertex 17.9677 12.9762 19.3668
    endloop
  endfacet
  facet normal 0.70554 -0.0958006 -0.702165
    outer loop
      vertex 17.938 13.0479 19.299
      vertex 17.916 13.031 19.2792
      vertex 17.9172 13.0479 19.2781
    endloop
  endfacet
  facet normal 0.70554 0.0958006 -0.702165
    outer loop
      vertex 17.9172 13.0479 19.2781
      vertex 17.916 13.0648 19.2792
      vertex 17.938 13.0479 19.299
    endloop
  endfacet
  facet normal 0.95797 -0.126928 -0.257261
    outer loop
      vertex 17.9873 12.9709 19.4424
      vertex 17.9677 12.9762 19.3668
      vertex 17.9772 13.0479 19.3668
    endloop
  endfacet
  facet normal 0.892751 -0.3698 -0.257379
    outer loop
      vertex 17.9873 12.9709 19.4424
      vertex 17.9576 12.8992 19.4424
      vertex 17.9677 12.9762 19.3668
    endloop
  endfacet
  facet normal 0.587923 0.766972 -0.2571
    outer loop
      vertex 17.896 13.2439 19.3668
      vertex 17.8386 13.2879 19.3668
      vertex 17.8487 13.3055 19.4424
    endloop
  endfacet
  facet normal 0.766644 0.588673 -0.256363
    outer loop
      vertex 17.9576 13.1966 19.4424
      vertex 17.896 13.2439 19.3668
      vertex 17.9103 13.2582 19.4424
    endloop
  endfacet
  facet normal 0.333457 -0.801292 -0.496727
    outer loop
      vertex 17.8386 12.8079 19.3668
      vertex 17.8225 12.8012 19.3668
      vertex 17.8352 12.8138 19.355
    endloop
  endfacet
  facet normal 0.382693 -0.923875 0
    outer loop
      vertex 17.777 12.7606 19.4424
      vertex 17.8487 12.7903 19.5208
      vertex 17.777 12.7606 19.5208
    endloop
  endfacet
  facet normal 0.382693 -0.923875 0
    outer loop
      vertex 17.8487 12.7903 19.5208
      vertex 17.777 12.7606 19.4424
      vertex 17.8487 12.7903 19.4424
    endloop
  endfacet
  facet normal 0.958443 0.125718 -0.256092
    outer loop
      vertex 17.9974 13.0479 19.4424
      vertex 17.9772 13.0479 19.3668
      vertex 17.9873 13.1249 19.4424
    endloop
  endfacet
  facet normal 0.991507 0.130055 0
    outer loop
      vertex 17.9974 13.0479 19.5208
      vertex 17.9873 13.1249 19.4424
      vertex 17.9873 13.1249 19.5208
    endloop
  endfacet
  facet normal 0.991507 0.130055 0
    outer loop
      vertex 17.9873 13.1249 19.4424
      vertex 17.9974 13.0479 19.5208
      vertex 17.9974 13.0479 19.4424
    endloop
  endfacet
  facet normal 0.499421 0.0654632 0.863883
    outer loop
      vertex 17.8764 13.0952 19.7196
      vertex 17.8109 13.0776 19.7588
      vertex 17.8826 13.0479 19.7196
    endloop
  endfacet
  facet normal 0.257287 -0.0356635 0.965677
    outer loop
      vertex 17.7392 13.0479 19.779
      vertex 17.7378 13.0378 19.779
      vertex 17.8109 13.0182 19.7588
    endloop
  endfacet
  facet normal 0.399806 -0.305734 0.864107
    outer loop
      vertex 17.7994 12.9905 19.7588
      vertex 17.7812 12.9667 19.7588
      vertex 17.8582 12.9566 19.7196
    endloop
  endfacet
  facet normal 0.465334 -0.192479 0.863954
    outer loop
      vertex 17.8764 13.0006 19.7196
      vertex 17.8109 13.0182 19.7588
      vertex 17.8582 12.9566 19.7196
    endloop
  endfacet
  facet normal 0.369864 0.892904 -0.256755
    outer loop
      vertex 17.7965 13.3124 19.3912
      vertex 17.777 13.3352 19.4424
      vertex 17.8487 13.3055 19.4424
    endloop
  endfacet
  facet normal 0.368369 0.893306 -0.257504
    outer loop
      vertex 17.777 13.3352 19.4424
      vertex 17.7965 13.3124 19.3912
      vertex 17.7748 13.3272 19.4115
    endloop
  endfacet
  facet normal 0.382693 0.923875 -0
    outer loop
      vertex 17.8487 13.3055 19.4424
      vertex 17.777 13.3352 19.5208
      vertex 17.8487 13.3055 19.5208
    endloop
  endfacet
  facet normal 0.382693 0.923875 0
    outer loop
      vertex 17.777 13.3352 19.5208
      vertex 17.8487 13.3055 19.4424
      vertex 17.777 13.3352 19.4424
    endloop
  endfacet
  facet normal 0.113957 0.860078 0.497272
    outer loop
      vertex 17.7 13.3251 19.5964
      vertex 17.7 13.2859 19.6642
      vertex 17.7717 13.3156 19.5964
    endloop
  endfacet
  facet normal 0.126928 0.95797 0.257261
    outer loop
      vertex 17.777 13.3352 19.5208
      vertex 17.7 13.3251 19.5964
      vertex 17.7717 13.3156 19.5964
    endloop
  endfacet
  facet normal -0.157983 0.206594 0.965588
    outer loop
      vertex 17.6426 13.1473 19.7588
      vertex 17.6188 13.1291 19.7588
      vertex 17.6723 13.0756 19.779
    endloop
  endfacet
  facet normal -0.0338469 0.257757 0.965617
    outer loop
      vertex 17.7 13.1627 19.7588
      vertex 17.6703 13.1588 19.7588
      vertex 17.6899 13.0857 19.779
    endloop
  endfacet
  facet normal -0.126105 0.958395 0.256079
    outer loop
      vertex 17.6582 13.3398 19.5208
      vertex 17.7 13.3251 19.5964
      vertex 17.7 13.3453 19.5208
    endloop
  endfacet
  facet normal -0.127553 0.958009 0.256805
    outer loop
      vertex 17.7 13.3251 19.5964
      vertex 17.6582 13.3398 19.5208
      vertex 17.6402 13.3329 19.5376
    endloop
  endfacet
  facet normal -0.193109 0.465142 0.863916
    outer loop
      vertex 17.6527 13.2243 19.7196
      vertex 17.6426 13.1473 19.7588
      vertex 17.6703 13.1588 19.7588
    endloop
  endfacet
  facet normal -0.065577 0.499394 0.86389
    outer loop
      vertex 17.7 13.1627 19.7588
      vertex 17.6527 13.2243 19.7196
      vertex 17.6703 13.1588 19.7588
    endloop
  endfacet
  facet normal 0.098829 0.240737 0.965546
    outer loop
      vertex 17.7574 13.1473 19.7588
      vertex 17.7101 13.0857 19.779
      vertex 17.7196 13.0818 19.779
    endloop
  endfacet
  facet normal 0.399806 0.305734 0.864107
    outer loop
      vertex 17.8582 13.1392 19.7196
      vertex 17.7812 13.1291 19.7588
      vertex 17.7994 13.1053 19.7588
    endloop
  endfacet
  facet normal 0.399372 0.307453 0.863698
    outer loop
      vertex 17.8291 13.177 19.7196
      vertex 17.7812 13.1291 19.7588
      vertex 17.8582 13.1392 19.7196
    endloop
  endfacet
  facet normal -0.206594 0.157983 0.965588
    outer loop
      vertex 17.6188 13.1291 19.7588
      vertex 17.6006 13.1053 19.7588
      vertex 17.6723 13.0756 19.779
    endloop
  endfacet
  facet normal -0.499459 -0.0654682 0.86386
    outer loop
      vertex 17.5852 13.0479 19.7588
      vertex 17.5174 13.0479 19.7196
      vertex 17.5236 13.0006 19.7196
    endloop
  endfacet
  facet normal -0.465132 0.192396 0.864081
    outer loop
      vertex 17.5418 13.1392 19.7196
      vertex 17.5236 13.0952 19.7196
      vertex 17.6006 13.1053 19.7588
    endloop
  endfacet
  facet normal -0.465142 0.193109 0.863916
    outer loop
      vertex 17.6006 13.1053 19.7588
      vertex 17.5236 13.0952 19.7196
      vertex 17.5891 13.0776 19.7588
    endloop
  endfacet
  facet normal -0.499394 -0.065577 0.86389
    outer loop
      vertex 17.5852 13.0479 19.7588
      vertex 17.5236 13.0006 19.7196
      vertex 17.5891 13.0182 19.7588
    endloop
  endfacet
  facet normal -0.257757 -0.0338469 0.965617
    outer loop
      vertex 17.6622 13.0378 19.779
      vertex 17.5852 13.0479 19.7588
      vertex 17.5891 13.0182 19.7588
    endloop
  endfacet
  facet normal -0.563426 0.431906 0.704278
    outer loop
      vertex 17.5051 13.1815 19.6642
      vertex 17.5709 13.177 19.7196
      vertex 17.5317 13.2162 19.6642
    endloop
  endfacet
  facet normal -0.562601 0.434261 0.70349
    outer loop
      vertex 17.5709 13.177 19.7196
      vertex 17.5051 13.1815 19.6642
      vertex 17.5002 13.1677 19.6688
    endloop
  endfacet
  facet normal -0.562798 0.433265 0.703946
    outer loop
      vertex 17.5002 13.1677 19.6688
      vertex 17.5418 13.1392 19.7196
      vertex 17.5709 13.177 19.7196
    endloop
  endfacet
  facet normal -0.566927 0.427555 0.704124
    outer loop
      vertex 17.5418 13.1392 19.7196
      vertex 17.5002 13.1677 19.6688
      vertex 17.4989 13.164 19.67
    endloop
  endfacet
  facet normal -0.113157 0.860552 0.496634
    outer loop
      vertex 17.7 13.2859 19.6642
      vertex 17.6283 13.3156 19.5964
      vertex 17.6384 13.2778 19.6642
    endloop
  endfacet
  facet normal -0.332459 0.801813 0.496554
    outer loop
      vertex 17.6283 13.3156 19.5964
      vertex 17.581 13.254 19.6642
      vertex 17.6384 13.2778 19.6642
    endloop
  endfacet
  facet normal -0.369092 0.892851 0.258047
    outer loop
      vertex 17.6035 13.3124 19.572
      vertex 17.5775 13.2946 19.5964
      vertex 17.6283 13.3156 19.5964
    endloop
  endfacet
  facet normal -0.122442 -0.958558 0.257245
    outer loop
      vertex 17.6402 12.7629 19.5376
      vertex 17.6283 12.7802 19.5964
      vertex 17.6252 12.7686 19.5517
    endloop
  endfacet
  facet normal -0.126963 -0.95824 0.256236
    outer loop
      vertex 17.6283 12.7802 19.5964
      vertex 17.6402 12.7629 19.5376
      vertex 17.7 12.7707 19.5964
    endloop
  endfacet
  facet normal -0.127553 -0.958009 0.256805
    outer loop
      vertex 17.6582 12.756 19.5208
      vertex 17.7 12.7707 19.5964
      vertex 17.6402 12.7629 19.5376
    endloop
  endfacet
  facet normal -0.126105 -0.958395 0.256079
    outer loop
      vertex 17.7 12.7707 19.5964
      vertex 17.6582 12.756 19.5208
      vertex 17.7 12.7505 19.5208
    endloop
  endfacet
  facet normal 0.587923 -0.766972 -0.2571
    outer loop
      vertex 17.8487 12.7903 19.4424
      vertex 17.8386 12.8079 19.3668
      vertex 17.896 12.8519 19.3668
    endloop
  endfacet
  facet normal -0.307453 -0.399372 0.863698
    outer loop
      vertex 17.6188 12.9667 19.7588
      vertex 17.5709 12.9188 19.7196
      vertex 17.6087 12.8897 19.7196
    endloop
  endfacet
  facet normal -0.399372 -0.307453 0.863698
    outer loop
      vertex 17.6188 12.9667 19.7588
      vertex 17.5418 12.9566 19.7196
      vertex 17.5709 12.9188 19.7196
    endloop
  endfacet
  facet normal -0.206545 -0.158096 0.96558
    outer loop
      vertex 17.6661 13.0283 19.779
      vertex 17.6006 12.9905 19.7588
      vertex 17.6723 13.0202 19.779
    endloop
  endfacet
  facet normal 0.272164 -0.656395 0.703614
    outer loop
      vertex 17.7913 12.8897 19.7196
      vertex 17.7616 12.818 19.6642
      vertex 17.819 12.8418 19.6642
    endloop
  endfacet
  facet normal -0.0338469 -0.257757 0.965617
    outer loop
      vertex 17.6899 13.0101 19.779
      vertex 17.6703 12.937 19.7588
      vertex 17.7 12.9331 19.7588
    endloop
  endfacet
  facet normal 0.433006 -0.562461 0.704374
    outer loop
      vertex 17.8291 12.9188 19.7196
      vertex 17.7913 12.8897 19.7196
      vertex 17.8683 12.8796 19.6642
    endloop
  endfacet
  facet normal 0.562461 -0.433006 0.704374
    outer loop
      vertex 17.8582 12.9566 19.7196
      vertex 17.8291 12.9188 19.7196
      vertex 17.8683 12.8796 19.6642
    endloop
  endfacet
  facet normal -0.192479 -0.465334 0.863954
    outer loop
      vertex 17.6703 12.937 19.7588
      vertex 17.6087 12.8897 19.7196
      vertex 17.6527 12.8715 19.7196
    endloop
  endfacet
  facet normal 0.0986831 -0.240382 0.965649
    outer loop
      vertex 17.7196 13.014 19.779
      vertex 17.7101 13.0101 19.779
      vertex 17.7297 12.937 19.7588
    endloop
  endfacet
  facet normal 0.305734 -0.399806 0.864107
    outer loop
      vertex 17.7812 12.9667 19.7588
      vertex 17.7574 12.9485 19.7588
      vertex 17.7913 12.8897 19.7196
    endloop
  endfacet
  facet normal -0.0654632 -0.499421 0.863883
    outer loop
      vertex 17.6703 12.937 19.7588
      vertex 17.6527 12.8715 19.7196
      vertex 17.7 12.8653 19.7196
    endloop
  endfacet
  facet normal -0.272064 -0.656154 0.703877
    outer loop
      vertex 17.6527 12.8715 19.7196
      vertex 17.581 12.8418 19.6642
      vertex 17.6384 12.818 19.6642
    endloop
  endfacet
  facet normal 0.892839 0.369681 -0.257245
    outer loop
      vertex 17.9677 13.1196 19.3668
      vertex 17.94 13.1865 19.3668
      vertex 17.9576 13.1966 19.4424
    endloop
  endfacet
  facet normal 0.801808 0.331989 -0.496877
    outer loop
      vertex 17.9677 13.1196 19.3668
      vertex 17.9061 13.1669 19.299
      vertex 17.94 13.1865 19.3668
    endloop
  endfacet
  facet normal 0.499455 0.065585 0.863854
    outer loop
      vertex 17.8826 13.0479 19.7196
      vertex 17.8109 13.0776 19.7588
      vertex 17.8148 13.0479 19.7588
    endloop
  endfacet
  facet normal 0.257992 0.0338777 0.965553
    outer loop
      vertex 17.8109 13.0776 19.7588
      vertex 17.7392 13.0479 19.779
      vertex 17.8148 13.0479 19.7588
    endloop
  endfacet
  facet normal -0.130455 0.991454 0
    outer loop
      vertex 17.7 13.3453 19.4816
      vertex 17.6582 13.3398 19.5208
      vertex 17.7 13.3453 19.5208
    endloop
  endfacet
  facet normal 0.0996825 0.240105 0.965615
    outer loop
      vertex 17.7297 13.1588 19.7588
      vertex 17.7101 13.0857 19.779
      vertex 17.7574 13.1473 19.7588
    endloop
  endfacet
  facet normal 0.0654682 0.499459 0.86386
    outer loop
      vertex 17.7 13.2305 19.7196
      vertex 17.7 13.1627 19.7588
      vertex 17.7473 13.2243 19.7196
    endloop
  endfacet
  facet normal 0.158069 0.20651 0.965592
    outer loop
      vertex 17.7812 13.1291 19.7588
      vertex 17.7196 13.0818 19.779
      vertex 17.7277 13.0756 19.779
    endloop
  endfacet
  facet normal -0.206545 0.158096 0.96558
    outer loop
      vertex 17.6723 13.0756 19.779
      vertex 17.6006 13.1053 19.7588
      vertex 17.6661 13.0675 19.779
    endloop
  endfacet
  facet normal -0.240737 0.098829 0.965546
    outer loop
      vertex 17.6661 13.0675 19.779
      vertex 17.6006 13.1053 19.7588
      vertex 17.6622 13.058 19.779
    endloop
  endfacet
  facet normal -0.257975 0.0357589 0.96549
    outer loop
      vertex 17.6622 13.058 19.779
      vertex 17.5852 13.0479 19.7588
      vertex 17.6608 13.0479 19.779
    endloop
  endfacet
  facet normal -0.257975 -0.0357589 0.96549
    outer loop
      vertex 17.6608 13.0479 19.779
      vertex 17.5852 13.0479 19.7588
      vertex 17.6622 13.0378 19.779
    endloop
  endfacet
  facet normal -0.192396 0.465132 0.864081
    outer loop
      vertex 17.6527 13.2243 19.7196
      vertex 17.6087 13.2061 19.7196
      vertex 17.6426 13.1473 19.7588
    endloop
  endfacet
  facet normal -0.27162 0.656663 0.703574
    outer loop
      vertex 17.6527 13.2243 19.7196
      vertex 17.581 13.254 19.6642
      vertex 17.6087 13.2061 19.7196
    endloop
  endfacet
  facet normal -0.433481 -0.563078 0.703589
    outer loop
      vertex 17.6087 12.8897 19.7196
      vertex 17.5709 12.9188 19.7196
      vertex 17.581 12.8418 19.6642
    endloop
  endfacet
  facet normal -0.113157 -0.860552 0.496634
    outer loop
      vertex 17.6384 12.818 19.6642
      vertex 17.6283 12.7802 19.5964
      vertex 17.7 12.8099 19.6642
    endloop
  endfacet
  facet normal 0.126928 -0.95797 0.257261
    outer loop
      vertex 17.7717 12.7802 19.5964
      vertex 17.7 12.7707 19.5964
      vertex 17.777 12.7606 19.5208
    endloop
  endfacet
  facet normal 0.113957 -0.860078 0.497272
    outer loop
      vertex 17.7 12.8099 19.6642
      vertex 17.7 12.7707 19.5964
      vertex 17.7717 12.7802 19.5964
    endloop
  endfacet
  facet normal 0.588673 -0.766644 -0.256363
    outer loop
      vertex 17.9103 12.8376 19.4424
      vertex 17.8487 12.7903 19.4424
      vertex 17.896 12.8519 19.3668
    endloop
  endfacet
  facet normal 0.766644 -0.588673 -0.256363
    outer loop
      vertex 17.9103 12.8376 19.4424
      vertex 17.896 12.8519 19.3668
      vertex 17.9576 12.8992 19.4424
    endloop
  endfacet
  facet normal 0.332459 -0.801813 0.496554
    outer loop
      vertex 17.819 12.8418 19.6642
      vertex 17.7616 12.818 19.6642
      vertex 17.7717 12.7802 19.5964
    endloop
  endfacet
  facet normal 0.331989 -0.801808 0.496877
    outer loop
      vertex 17.819 12.8418 19.6642
      vertex 17.7717 12.7802 19.5964
      vertex 17.8386 12.8079 19.5964
    endloop
  endfacet
  facet normal -0.0986831 -0.240382 0.965649
    outer loop
      vertex 17.6804 13.014 19.779
      vertex 17.6703 12.937 19.7588
      vertex 17.6899 13.0101 19.779
    endloop
  endfacet
  facet normal 0.0338469 -0.257757 0.965617
    outer loop
      vertex 17.7101 13.0101 19.779
      vertex 17.7 12.9331 19.7588
      vertex 17.7297 12.937 19.7588
    endloop
  endfacet
  facet normal 0.307453 -0.399372 0.863698
    outer loop
      vertex 17.8291 12.9188 19.7196
      vertex 17.7812 12.9667 19.7588
      vertex 17.7913 12.8897 19.7196
    endloop
  endfacet
  facet normal 0.206606 -0.157993 0.965584
    outer loop
      vertex 17.7994 12.9905 19.7588
      vertex 17.7339 13.0283 19.779
      vertex 17.7812 12.9667 19.7588
    endloop
  endfacet
  facet normal 0.158069 -0.20651 0.965592
    outer loop
      vertex 17.7277 13.0202 19.779
      vertex 17.7196 13.014 19.779
      vertex 17.7812 12.9667 19.7588
    endloop
  endfacet
  facet normal 0.0923119 -0.70425 0.703925
    outer loop
      vertex 17.7473 12.8715 19.7196
      vertex 17.7 12.8653 19.7196
      vertex 17.7616 12.818 19.6642
    endloop
  endfacet
  facet normal 0.27149 -0.656349 0.703917
    outer loop
      vertex 17.7913 12.8897 19.7196
      vertex 17.7473 12.8715 19.7196
      vertex 17.7616 12.818 19.6642
    endloop
  endfacet
  facet normal 0.688705 0.527927 -0.496969
    outer loop
      vertex 17.9061 13.1669 19.299
      vertex 17.896 13.2439 19.3668
      vertex 17.94 13.1865 19.3668
    endloop
  endfacet
  facet normal 0.766972 0.587923 -0.2571
    outer loop
      vertex 17.94 13.1865 19.3668
      vertex 17.896 13.2439 19.3668
      vertex 17.9576 13.1966 19.4424
    endloop
  endfacet
  facet normal -0.0996825 0.240105 0.965615
    outer loop
      vertex 17.6703 13.1588 19.7588
      vertex 17.6426 13.1473 19.7588
      vertex 17.6899 13.0857 19.779
    endloop
  endfacet
  facet normal -0.098829 0.240737 0.965546
    outer loop
      vertex 17.6899 13.0857 19.779
      vertex 17.6426 13.1473 19.7588
      vertex 17.6804 13.0818 19.779
    endloop
  endfacet
  facet normal 0.193109 0.465142 0.863916
    outer loop
      vertex 17.7473 13.2243 19.7196
      vertex 17.7297 13.1588 19.7588
      vertex 17.7574 13.1473 19.7588
    endloop
  endfacet
  facet normal 0.065577 0.499394 0.86389
    outer loop
      vertex 17.7473 13.2243 19.7196
      vertex 17.7 13.1627 19.7588
      vertex 17.7297 13.1588 19.7588
    endloop
  endfacet
  facet normal -0.524707 -0.689555 0.499196
    outer loop
      vertex 17.5317 12.8796 19.6642
      vertex 17.5243 12.8722 19.6462
      vertex 17.5502 12.8349 19.6219
    endloop
  endfacet
  facet normal -0.332459 -0.801813 0.496554
    outer loop
      vertex 17.6384 12.818 19.6642
      vertex 17.581 12.8418 19.6642
      vertex 17.6283 12.7802 19.5964
    endloop
  endfacet
  facet normal 0.0654632 -0.499421 0.863883
    outer loop
      vertex 17.7297 12.937 19.7588
      vertex 17.7 12.8653 19.7196
      vertex 17.7473 12.8715 19.7196
    endloop
  endfacet
  facet normal 0.240226 -0.0997329 0.96558
    outer loop
      vertex 17.8109 13.0182 19.7588
      vertex 17.7339 13.0283 19.779
      vertex 17.7994 12.9905 19.7588
    endloop
  endfacet
  facet normal 0.240382 -0.0986831 0.965649
    outer loop
      vertex 17.7378 13.0378 19.779
      vertex 17.7339 13.0283 19.779
      vertex 17.8109 13.0182 19.7588
    endloop
  endfacet
  facet normal 0.192977 -0.464822 0.864118
    outer loop
      vertex 17.7574 12.9485 19.7588
      vertex 17.7297 12.937 19.7588
      vertex 17.7913 12.8897 19.7196
    endloop
  endfacet
  facet normal 0.0997329 -0.240226 0.96558
    outer loop
      vertex 17.7574 12.9485 19.7588
      vertex 17.7196 13.014 19.779
      vertex 17.7297 12.937 19.7588
    endloop
  endfacet
  facet normal -0.0357589 0.257975 0.96549
    outer loop
      vertex 17.7 13.1627 19.7588
      vertex 17.6899 13.0857 19.779
      vertex 17.7 13.0871 19.779
    endloop
  endfacet
  facet normal -0.369438 -0.893689 0.254627
    outer loop
      vertex 17.6283 12.7802 19.5964
      vertex 17.5775 12.8012 19.5964
      vertex 17.6035 12.7835 19.572
    endloop
  endfacet
  facet normal -0.329864 -0.802316 0.497472
    outer loop
      vertex 17.5775 12.8012 19.5964
      vertex 17.581 12.8418 19.6642
      vertex 17.5648 12.8138 19.6083
    endloop
  endfacet
  facet normal -0.331453 -0.801802 0.497245
    outer loop
      vertex 17.581 12.8418 19.6642
      vertex 17.5775 12.8012 19.5964
      vertex 17.6283 12.7802 19.5964
    endloop
  endfacet
  facet normal 0.20651 -0.158069 0.965592
    outer loop
      vertex 17.7339 13.0283 19.779
      vertex 17.7277 13.0202 19.779
      vertex 17.7812 12.9667 19.7588
    endloop
  endfacet
  facet normal 0.0357589 -0.257975 0.96549
    outer loop
      vertex 17.7 13.0087 19.779
      vertex 17.7 12.9331 19.7588
      vertex 17.7101 13.0101 19.779
    endloop
  endfacet
  facet normal -0.0357589 -0.257975 0.96549
    outer loop
      vertex 17.7 13.0087 19.779
      vertex 17.6899 13.0101 19.779
      vertex 17.7 12.9331 19.7588
    endloop
  endfacet
  facet normal -0.158096 0.206545 0.96558
    outer loop
      vertex 17.6804 13.0818 19.779
      vertex 17.6426 13.1473 19.7588
      vertex 17.6723 13.0756 19.779
    endloop
  endfacet
  facet normal 0.0357589 0.257975 0.96549
    outer loop
      vertex 17.7 13.1627 19.7588
      vertex 17.7 13.0871 19.779
      vertex 17.7101 13.0857 19.779
    endloop
  endfacet
  facet normal -1 0 0
    outer loop
      vertex 17.5 0 20.9024
      vertex 17.5 4.5 24.2
      vertex 17.5 4.5 20.9024
    endloop
  endfacet
  facet normal -1 -0 0
    outer loop
      vertex 17.5 4.5 24.2
      vertex 17.5 0 20.9024
      vertex 17.5 0 24.2
    endloop
  endfacet
  facet normal -0 0 1
    outer loop
      vertex 17.5 4.5 24.2
      vertex 22.5 0 24.2
      vertex 22.5 4.5 24.2
    endloop
  endfacet
  facet normal 0 0 1
    outer loop
      vertex 22.5 0 24.2
      vertex 17.5 4.5 24.2
      vertex 17.5 0 24.2
    endloop
  endfacet
  facet normal 1 -0 0
    outer loop
      vertex 22.5 0 24.2
      vertex 22.5 4.5 16.2173
      vertex 22.5 4.5 24.2
    endloop
  endfacet
  facet normal 1 0 0
    outer loop
      vertex 22.5 4.5 16.2173
      vertex 22.5 0 24.2
      vertex 22.5 0 16.2173
    endloop
  endfacet
  facet normal 0 1 0
    outer loop
      vertex 22.5 4.5 24.2
      vertex 20 4.5 23.3
      vertex 17.5 4.5 24.2
    endloop
  endfacet
  facet normal 0 1 0
    outer loop
      vertex 22.5 4.5 24.2
      vertex 20.1721 4.5 23.2865
      vertex 20 4.5 23.3
    endloop
  endfacet
  facet normal 0 1 0
    outer loop
      vertex 22.5 4.5 24.2
      vertex 20.3399 4.5 23.2462
      vertex 20.1721 4.5 23.2865
    endloop
  endfacet
  facet normal 0 1 0
    outer loop
      vertex 22.5 4.5 24.2
      vertex 20.4994 4.5 23.1801
      vertex 20.3399 4.5 23.2462
    endloop
  endfacet
  facet normal 0 1 0
    outer loop
      vertex 22.5 4.5 24.2
      vertex 20.6466 4.5 23.0899
      vertex 20.4994 4.5 23.1801
    endloop
  endfacet
  facet normal 0 1 0
    outer loop
      vertex 22.5 4.5 24.2
      vertex 20.7778 4.5 22.9778
      vertex 20.6466 4.5 23.0899
    endloop
  endfacet
  facet normal 0 1 0
    outer loop
      vertex 22.5 4.5 24.2
      vertex 20.8899 4.5 22.8466
      vertex 20.7778 4.5 22.9778
    endloop
  endfacet
  facet normal 0 1 0
    outer loop
      vertex 22.5 4.5 24.2
      vertex 20.9801 4.5 22.6994
      vertex 20.8899 4.5 22.8466
    endloop
  endfacet
  facet normal 0 1 0
    outer loop
      vertex 22.5 4.5 24.2
      vertex 21.0462 4.5 22.5399
      vertex 20.9801 4.5 22.6994
    endloop
  endfacet
  facet normal 0 1 0
    outer loop
      vertex 22.5 4.5 24.2
      vertex 21.0865 4.5 22.3721
      vertex 21.0462 4.5 22.5399
    endloop
  endfacet
  facet normal 0 1 0
    outer loop
      vertex 22.5 4.5 24.2
      vertex 21.1 4.5 22.2
      vertex 21.0865 4.5 22.3721
    endloop
  endfacet
  facet normal 0 1 0
    outer loop
      vertex 22.5 4.5 24.2
      vertex 21.0865 4.5 22.0279
      vertex 21.1 4.5 22.2
    endloop
  endfacet
  facet normal 0 1 0
    outer loop
      vertex 22.5 4.5 24.2
      vertex 21.0462 4.5 21.8601
      vertex 21.0865 4.5 22.0279
    endloop
  endfacet
  facet normal 0 1 -0
    outer loop
      vertex 22.5 4.5 16.2173
      vertex 21.0462 4.5 21.8601
      vertex 22.5 4.5 24.2
    endloop
  endfacet
  facet normal 0 1 0
    outer loop
      vertex 22.5 4.5 16.2173
      vertex 20 4.5 21.1
      vertex 20.1721 4.5 21.1135
    endloop
  endfacet
  facet normal 0 1 0
    outer loop
      vertex 20 4.5 21.1
      vertex 22.5 4.5 16.2173
      vertex 17.5 4.5 20.9024
    endloop
  endfacet
  facet normal 0 1 0
    outer loop
      vertex 20.3399 4.5 21.1538
      vertex 22.5 4.5 16.2173
      vertex 20.1721 4.5 21.1135
    endloop
  endfacet
  facet normal 0 1 0
    outer loop
      vertex 20.4994 4.5 21.2199
      vertex 22.5 4.5 16.2173
      vertex 20.3399 4.5 21.1538
    endloop
  endfacet
  facet normal 0 1 0
    outer loop
      vertex 20.6466 4.5 21.3101
      vertex 22.5 4.5 16.2173
      vertex 20.4994 4.5 21.2199
    endloop
  endfacet
  facet normal 0 1 0
    outer loop
      vertex 20.7778 4.5 21.4222
      vertex 22.5 4.5 16.2173
      vertex 20.6466 4.5 21.3101
    endloop
  endfacet
  facet normal 0 1 0
    outer loop
      vertex 20.8899 4.5 21.5534
      vertex 22.5 4.5 16.2173
      vertex 20.7778 4.5 21.4222
    endloop
  endfacet
  facet normal 0 1 0
    outer loop
      vertex 20.9801 4.5 21.7006
      vertex 22.5 4.5 16.2173
      vertex 20.8899 4.5 21.5534
    endloop
  endfacet
  facet normal 0 1 0
    outer loop
      vertex 21.0462 4.5 21.8601
      vertex 22.5 4.5 16.2173
      vertex 20.9801 4.5 21.7006
    endloop
  endfacet
  facet normal 0 1 -0
    outer loop
      vertex 19.8279 4.5 23.2865
      vertex 17.5 4.5 24.2
      vertex 20 4.5 23.3
    endloop
  endfacet
  facet normal 0 1 -0
    outer loop
      vertex 19.6601 4.5 23.2462
      vertex 17.5 4.5 24.2
      vertex 19.8279 4.5 23.2865
    endloop
  endfacet
  facet normal 0 1 -0
    outer loop
      vertex 19.5006 4.5 23.1801
      vertex 17.5 4.5 24.2
      vertex 19.6601 4.5 23.2462
    endloop
  endfacet
  facet normal 0 1 -0
    outer loop
      vertex 19.3534 4.5 23.0899
      vertex 17.5 4.5 24.2
      vertex 19.5006 4.5 23.1801
    endloop
  endfacet
  facet normal 0 1 -0
    outer loop
      vertex 19.2222 4.5 22.9778
      vertex 17.5 4.5 24.2
      vertex 19.3534 4.5 23.0899
    endloop
  endfacet
  facet normal 0 1 -0
    outer loop
      vertex 19.1101 4.5 22.8466
      vertex 17.5 4.5 24.2
      vertex 19.2222 4.5 22.9778
    endloop
  endfacet
  facet normal 0 1 -0
    outer loop
      vertex 19.0199 4.5 22.6994
      vertex 17.5 4.5 24.2
      vertex 19.1101 4.5 22.8466
    endloop
  endfacet
  facet normal 0 1 -0
    outer loop
      vertex 18.9538 4.5 22.5399
      vertex 17.5 4.5 24.2
      vertex 19.0199 4.5 22.6994
    endloop
  endfacet
  facet normal 0 1 -0
    outer loop
      vertex 18.9135 4.5 22.3721
      vertex 17.5 4.5 24.2
      vertex 18.9538 4.5 22.5399
    endloop
  endfacet
  facet normal 0 1 0
    outer loop
      vertex 17.5 4.5 20.9024
      vertex 18.9135 4.5 22.3721
      vertex 18.9 4.5 22.2
    endloop
  endfacet
  facet normal 0 1 0
    outer loop
      vertex 17.5 4.5 20.9024
      vertex 18.9 4.5 22.2
      vertex 18.9135 4.5 22.0279
    endloop
  endfacet
  facet normal 0 1 0
    outer loop
      vertex 17.5 4.5 20.9024
      vertex 18.9135 4.5 22.0279
      vertex 18.9538 4.5 21.8601
    endloop
  endfacet
  facet normal 0 1 0
    outer loop
      vertex 17.5 4.5 20.9024
      vertex 18.9538 4.5 21.8601
      vertex 19.0199 4.5 21.7006
    endloop
  endfacet
  facet normal 0 1 0
    outer loop
      vertex 18.9135 4.5 22.3721
      vertex 17.5 4.5 20.9024
      vertex 17.5 4.5 24.2
    endloop
  endfacet
  facet normal 0 1 0
    outer loop
      vertex 19.1101 4.5 21.5534
      vertex 17.5 4.5 20.9024
      vertex 19.0199 4.5 21.7006
    endloop
  endfacet
  facet normal 0 1 0
    outer loop
      vertex 19.2222 4.5 21.4222
      vertex 17.5 4.5 20.9024
      vertex 19.1101 4.5 21.5534
    endloop
  endfacet
  facet normal 0 1 0
    outer loop
      vertex 19.3534 4.5 21.3101
      vertex 17.5 4.5 20.9024
      vertex 19.2222 4.5 21.4222
    endloop
  endfacet
  facet normal 0 1 0
    outer loop
      vertex 19.5006 4.5 21.2199
      vertex 17.5 4.5 20.9024
      vertex 19.3534 4.5 21.3101
    endloop
  endfacet
  facet normal 0 1 0
    outer loop
      vertex 19.6601 4.5 21.1538
      vertex 17.5 4.5 20.9024
      vertex 19.5006 4.5 21.2199
    endloop
  endfacet
  facet normal 0 1 0
    outer loop
      vertex 19.8279 4.5 21.1135
      vertex 17.5 4.5 20.9024
      vertex 19.6601 4.5 21.1538
    endloop
  endfacet
  facet normal 0 1 0
    outer loop
      vertex 17.5 4.5 20.9024
      vertex 19.8279 4.5 21.1135
      vertex 20 4.5 21.1
    endloop
  endfacet
  facet normal -0.996937 0 0.0782025
    outer loop
      vertex 21.0865 0 22.0279
      vertex 21.1 4.5 22.2
      vertex 21.0865 4.5 22.0279
    endloop
  endfacet
  facet normal -0.996937 0 0.0782025
    outer loop
      vertex 21.1 4.5 22.2
      vertex 21.0865 0 22.0279
      vertex 21.1 0 22.2
    endloop
  endfacet
  facet normal 0.996937 -0 0.0782025
    outer loop
      vertex 18.9 0 22.2
      vertex 18.9135 4.5 22.0279
      vertex 18.9 4.5 22.2
    endloop
  endfacet
  facet normal 0.996937 0 0.0782025
    outer loop
      vertex 18.9135 4.5 22.0279
      vertex 18.9 0 22.2
      vertex 18.9135 0 22.0279
    endloop
  endfacet
  facet normal -0.0782025 0 0.996937
    outer loop
      vertex 20 4.5 21.1
      vertex 20.1721 0 21.1135
      vertex 20.1721 4.5 21.1135
    endloop
  endfacet
  facet normal -0.0782025 0 0.996937
    outer loop
      vertex 20.1721 0 21.1135
      vertex 20 4.5 21.1
      vertex 20 0 21.1
    endloop
  endfacet
  facet normal -0.0782025 0 -0.996937
    outer loop
      vertex 20 0 23.3
      vertex 20.1721 4.5 23.2865
      vertex 20.1721 0 23.2865
    endloop
  endfacet
  facet normal -0.0782025 0 -0.996937
    outer loop
      vertex 20.1721 4.5 23.2865
      vertex 20 0 23.3
      vertex 20 4.5 23.3
    endloop
  endfacet
  facet normal -0.649598 0 0.760278
    outer loop
      vertex 20.6466 4.5 21.3101
      vertex 20.7778 0 21.4222
      vertex 20.7778 4.5 21.4222
    endloop
  endfacet
  facet normal -0.649598 0 0.760278
    outer loop
      vertex 20.7778 0 21.4222
      vertex 20.6466 4.5 21.3101
      vertex 20.6466 0 21.3101
    endloop
  endfacet
  facet normal 0.649598 0 0.760278
    outer loop
      vertex 19.2222 4.5 21.4222
      vertex 19.3534 0 21.3101
      vertex 19.3534 4.5 21.3101
    endloop
  endfacet
  facet normal 0.649598 0 0.760278
    outer loop
      vertex 19.3534 0 21.3101
      vertex 19.2222 4.5 21.4222
      vertex 19.2222 0 21.4222
    endloop
  endfacet
  facet normal 0.233526 0 0.97235
    outer loop
      vertex 19.6601 4.5 21.1538
      vertex 19.8279 0 21.1135
      vertex 19.8279 4.5 21.1135
    endloop
  endfacet
  facet normal 0.233526 0 0.97235
    outer loop
      vertex 19.8279 0 21.1135
      vertex 19.6601 4.5 21.1538
      vertex 19.6601 0 21.1538
    endloop
  endfacet
  facet normal -0.923812 0 -0.382846
    outer loop
      vertex 21.0462 0 22.5399
      vertex 20.9801 4.5 22.6994
      vertex 21.0462 4.5 22.5399
    endloop
  endfacet
  facet normal -0.923812 -0 -0.382846
    outer loop
      vertex 20.9801 4.5 22.6994
      vertex 21.0462 0 22.5399
      vertex 20.9801 0 22.6994
    endloop
  endfacet
  facet normal -0.852651 0 0.522481
    outer loop
      vertex 20.8899 0 21.5534
      vertex 20.9801 4.5 21.7006
      vertex 20.8899 4.5 21.5534
    endloop
  endfacet
  facet normal -0.852651 0 0.522481
    outer loop
      vertex 20.9801 4.5 21.7006
      vertex 20.8899 0 21.5534
      vertex 20.9801 0 21.7006
    endloop
  endfacet
  facet normal -0.97235 0 0.233526
    outer loop
      vertex 21.0462 0 21.8601
      vertex 21.0865 4.5 22.0279
      vertex 21.0462 4.5 21.8601
    endloop
  endfacet
  facet normal -0.97235 0 0.233526
    outer loop
      vertex 21.0865 4.5 22.0279
      vertex 21.0462 0 21.8601
      vertex 21.0865 0 22.0279
    endloop
  endfacet
  facet normal -0.760278 0 0.649598
    outer loop
      vertex 20.7778 0 21.4222
      vertex 20.8899 4.5 21.5534
      vertex 20.7778 4.5 21.4222
    endloop
  endfacet
  facet normal -0.760278 0 0.649598
    outer loop
      vertex 20.8899 4.5 21.5534
      vertex 20.7778 0 21.4222
      vertex 20.8899 0 21.5534
    endloop
  endfacet
  facet normal -0.382846 0 0.923812
    outer loop
      vertex 20.3399 4.5 21.1538
      vertex 20.4994 0 21.2199
      vertex 20.4994 4.5 21.2199
    endloop
  endfacet
  facet normal -0.382846 0 0.923812
    outer loop
      vertex 20.4994 0 21.2199
      vertex 20.3399 4.5 21.1538
      vertex 20.3399 0 21.1538
    endloop
  endfacet
  facet normal -0.233526 0 0.97235
    outer loop
      vertex 20.1721 4.5 21.1135
      vertex 20.3399 0 21.1538
      vertex 20.3399 4.5 21.1538
    endloop
  endfacet
  facet normal -0.233526 0 0.97235
    outer loop
      vertex 20.3399 0 21.1538
      vertex 20.1721 4.5 21.1135
      vertex 20.1721 0 21.1135
    endloop
  endfacet
  facet normal -0.522481 0 0.852651
    outer loop
      vertex 20.4994 4.5 21.2199
      vertex 20.6466 0 21.3101
      vertex 20.6466 4.5 21.3101
    endloop
  endfacet
  facet normal -0.522481 0 0.852651
    outer loop
      vertex 20.6466 0 21.3101
      vertex 20.4994 4.5 21.2199
      vertex 20.4994 0 21.2199
    endloop
  endfacet
  facet normal 0.923812 -0 0.382846
    outer loop
      vertex 18.9538 0 21.8601
      vertex 19.0199 4.5 21.7006
      vertex 18.9538 4.5 21.8601
    endloop
  endfacet
  facet normal 0.923812 0 0.382846
    outer loop
      vertex 19.0199 4.5 21.7006
      vertex 18.9538 0 21.8601
      vertex 19.0199 0 21.7006
    endloop
  endfacet
  facet normal 0.760278 -0 0.649598
    outer loop
      vertex 19.1101 0 21.5534
      vertex 19.2222 4.5 21.4222
      vertex 19.1101 4.5 21.5534
    endloop
  endfacet
  facet normal 0.760278 0 0.649598
    outer loop
      vertex 19.2222 4.5 21.4222
      vertex 19.1101 0 21.5534
      vertex 19.2222 0 21.4222
    endloop
  endfacet
  facet normal 0.97235 -0 0.233526
    outer loop
      vertex 18.9135 0 22.0279
      vertex 18.9538 4.5 21.8601
      vertex 18.9135 4.5 22.0279
    endloop
  endfacet
  facet normal 0.97235 0 0.233526
    outer loop
      vertex 18.9538 4.5 21.8601
      vertex 18.9135 0 22.0279
      vertex 18.9538 0 21.8601
    endloop
  endfacet
  facet normal 0.0782025 0 0.996937
    outer loop
      vertex 19.8279 4.5 21.1135
      vertex 20 0 21.1
      vertex 20 4.5 21.1
    endloop
  endfacet
  facet normal 0.0782025 0 0.996937
    outer loop
      vertex 20 0 21.1
      vertex 19.8279 4.5 21.1135
      vertex 19.8279 0 21.1135
    endloop
  endfacet
  facet normal -0.97235 0 -0.233526
    outer loop
      vertex 21.0865 0 22.3721
      vertex 21.0462 4.5 22.5399
      vertex 21.0865 4.5 22.3721
    endloop
  endfacet
  facet normal -0.97235 -0 -0.233526
    outer loop
      vertex 21.0462 4.5 22.5399
      vertex 21.0865 0 22.3721
      vertex 21.0462 0 22.5399
    endloop
  endfacet
  facet normal -0.923812 0 0.382846
    outer loop
      vertex 20.9801 0 21.7006
      vertex 21.0462 4.5 21.8601
      vertex 20.9801 4.5 21.7006
    endloop
  endfacet
  facet normal -0.923812 0 0.382846
    outer loop
      vertex 21.0462 4.5 21.8601
      vertex 20.9801 0 21.7006
      vertex 21.0462 0 21.8601
    endloop
  endfacet
  facet normal 0.852651 -0 0.522481
    outer loop
      vertex 19.0199 0 21.7006
      vertex 19.1101 4.5 21.5534
      vertex 19.0199 4.5 21.7006
    endloop
  endfacet
  facet normal 0.852651 0 0.522481
    outer loop
      vertex 19.1101 4.5 21.5534
      vertex 19.0199 0 21.7006
      vertex 19.1101 0 21.5534
    endloop
  endfacet
  facet normal 0.382846 0 0.923812
    outer loop
      vertex 19.5006 4.5 21.2199
      vertex 19.6601 0 21.1538
      vertex 19.6601 4.5 21.1538
    endloop
  endfacet
  facet normal 0.382846 0 0.923812
    outer loop
      vertex 19.6601 0 21.1538
      vertex 19.5006 4.5 21.2199
      vertex 19.5006 0 21.2199
    endloop
  endfacet
  facet normal 0.522481 0 0.852651
    outer loop
      vertex 19.3534 4.5 21.3101
      vertex 19.5006 0 21.2199
      vertex 19.5006 4.5 21.2199
    endloop
  endfacet
  facet normal 0.522481 0 0.852651
    outer loop
      vertex 19.5006 0 21.2199
      vertex 19.3534 4.5 21.3101
      vertex 19.3534 0 21.3101
    endloop
  endfacet
  facet normal -0.996937 0 -0.0782025
    outer loop
      vertex 21.1 0 22.2
      vertex 21.0865 4.5 22.3721
      vertex 21.1 4.5 22.2
    endloop
  endfacet
  facet normal -0.996937 -0 -0.0782025
    outer loop
      vertex 21.0865 4.5 22.3721
      vertex 21.1 0 22.2
      vertex 21.0865 0 22.3721
    endloop
  endfacet
  facet normal -0.852651 0 -0.522481
    outer loop
      vertex 20.9801 0 22.6994
      vertex 20.8899 4.5 22.8466
      vertex 20.9801 4.5 22.6994
    endloop
  endfacet
  facet normal -0.852651 -0 -0.522481
    outer loop
      vertex 20.8899 4.5 22.8466
      vertex 20.9801 0 22.6994
      vertex 20.8899 0 22.8466
    endloop
  endfacet
  facet normal 0.852651 0 -0.522481
    outer loop
      vertex 19.1101 0 22.8466
      vertex 19.0199 4.5 22.6994
      vertex 19.1101 4.5 22.8466
    endloop
  endfacet
  facet normal 0.852651 0 -0.522481
    outer loop
      vertex 19.0199 4.5 22.6994
      vertex 19.1101 0 22.8466
      vertex 19.0199 0 22.6994
    endloop
  endfacet
  facet normal -0.522481 0 -0.852651
    outer loop
      vertex 20.4994 0 23.1801
      vertex 20.6466 4.5 23.0899
      vertex 20.6466 0 23.0899
    endloop
  endfacet
  facet normal -0.522481 0 -0.852651
    outer loop
      vertex 20.6466 4.5 23.0899
      vertex 20.4994 0 23.1801
      vertex 20.4994 4.5 23.1801
    endloop
  endfacet
  facet normal 0.0782025 0 -0.996937
    outer loop
      vertex 19.8279 0 23.2865
      vertex 20 4.5 23.3
      vertex 20 0 23.3
    endloop
  endfacet
  facet normal 0.0782025 0 -0.996937
    outer loop
      vertex 20 4.5 23.3
      vertex 19.8279 0 23.2865
      vertex 19.8279 4.5 23.2865
    endloop
  endfacet
  facet normal 0.923812 0 -0.382846
    outer loop
      vertex 19.0199 0 22.6994
      vertex 18.9538 4.5 22.5399
      vertex 19.0199 4.5 22.6994
    endloop
  endfacet
  facet normal 0.923812 0 -0.382846
    outer loop
      vertex 18.9538 4.5 22.5399
      vertex 19.0199 0 22.6994
      vertex 18.9538 0 22.5399
    endloop
  endfacet
  facet normal -0.382846 0 -0.923812
    outer loop
      vertex 20.3399 0 23.2462
      vertex 20.4994 4.5 23.1801
      vertex 20.4994 0 23.1801
    endloop
  endfacet
  facet normal -0.382846 0 -0.923812
    outer loop
      vertex 20.4994 4.5 23.1801
      vertex 20.3399 0 23.2462
      vertex 20.3399 4.5 23.2462
    endloop
  endfacet
  facet normal -0.233526 0 -0.97235
    outer loop
      vertex 20.1721 0 23.2865
      vertex 20.3399 4.5 23.2462
      vertex 20.3399 0 23.2462
    endloop
  endfacet
  facet normal -0.233526 0 -0.97235
    outer loop
      vertex 20.3399 4.5 23.2462
      vertex 20.1721 0 23.2865
      vertex 20.1721 4.5 23.2865
    endloop
  endfacet
  facet normal -0.649598 0 -0.760278
    outer loop
      vertex 20.6466 0 23.0899
      vertex 20.7778 4.5 22.9778
      vertex 20.7778 0 22.9778
    endloop
  endfacet
  facet normal -0.649598 0 -0.760278
    outer loop
      vertex 20.7778 4.5 22.9778
      vertex 20.6466 0 23.0899
      vertex 20.6466 4.5 23.0899
    endloop
  endfacet
  facet normal 0.522481 0 -0.852651
    outer loop
      vertex 19.3534 0 23.0899
      vertex 19.5006 4.5 23.1801
      vertex 19.5006 0 23.1801
    endloop
  endfacet
  facet normal 0.522481 0 -0.852651
    outer loop
      vertex 19.5006 4.5 23.1801
      vertex 19.3534 0 23.0899
      vertex 19.3534 4.5 23.0899
    endloop
  endfacet
  facet normal 0.760278 0 -0.649598
    outer loop
      vertex 19.2222 0 22.9778
      vertex 19.1101 4.5 22.8466
      vertex 19.2222 4.5 22.9778
    endloop
  endfacet
  facet normal 0.760278 0 -0.649598
    outer loop
      vertex 19.1101 4.5 22.8466
      vertex 19.2222 0 22.9778
      vertex 19.1101 0 22.8466
    endloop
  endfacet
  facet normal 0.649598 0 -0.760278
    outer loop
      vertex 19.2222 0 22.9778
      vertex 19.3534 4.5 23.0899
      vertex 19.3534 0 23.0899
    endloop
  endfacet
  facet normal 0.649598 0 -0.760278
    outer loop
      vertex 19.3534 4.5 23.0899
      vertex 19.2222 0 22.9778
      vertex 19.2222 4.5 22.9778
    endloop
  endfacet
  facet normal 0.97235 0 -0.233526
    outer loop
      vertex 18.9538 0 22.5399
      vertex 18.9135 4.5 22.3721
      vertex 18.9538 4.5 22.5399
    endloop
  endfacet
  facet normal 0.97235 0 -0.233526
    outer loop
      vertex 18.9135 4.5 22.3721
      vertex 18.9538 0 22.5399
      vertex 18.9135 0 22.3721
    endloop
  endfacet
  facet normal 0.996937 0 -0.0782025
    outer loop
      vertex 18.9135 0 22.3721
      vertex 18.9 4.5 22.2
      vertex 18.9135 4.5 22.3721
    endloop
  endfacet
  facet normal 0.996937 0 -0.0782025
    outer loop
      vertex 18.9 4.5 22.2
      vertex 18.9135 0 22.3721
      vertex 18.9 0 22.2
    endloop
  endfacet
  facet normal -0.760278 0 -0.649598
    outer loop
      vertex 20.8899 0 22.8466
      vertex 20.7778 4.5 22.9778
      vertex 20.8899 4.5 22.8466
    endloop
  endfacet
  facet normal -0.760278 -0 -0.649598
    outer loop
      vertex 20.7778 4.5 22.9778
      vertex 20.8899 0 22.8466
      vertex 20.7778 0 22.9778
    endloop
  endfacet
  facet normal 0.382846 0 -0.923812
    outer loop
      vertex 19.5006 0 23.1801
      vertex 19.6601 4.5 23.2462
      vertex 19.6601 0 23.2462
    endloop
  endfacet
  facet normal 0.382846 0 -0.923812
    outer loop
      vertex 19.6601 4.5 23.2462
      vertex 19.5006 0 23.1801
      vertex 19.5006 4.5 23.1801
    endloop
  endfacet
  facet normal 0.233526 0 -0.97235
    outer loop
      vertex 19.6601 0 23.2462
      vertex 19.8279 4.5 23.2865
      vertex 19.8279 0 23.2865
    endloop
  endfacet
  facet normal 0.233526 0 -0.97235
    outer loop
      vertex 19.8279 4.5 23.2865
      vertex 19.6601 0 23.2462
      vertex 19.6601 4.5 23.2462
    endloop
  endfacet
  facet normal 0 -0.852606 0.522554
    outer loop
      vertex 1 17.9017 1.43588
      vertex 6 18.0083 1.60981
      vertex 1 18.0083 1.60981
    endloop
  endfacet
  facet normal 0 -0.852606 0.522554
    outer loop
      vertex 6 18.0083 1.60981
      vertex 1 17.9017 1.43588
      vertex 6 17.9017 1.43588
    endloop
  endfacet
  facet normal 0 -0.972394 -0.233343
    outer loop
      vertex 1 18.134 2.40336
      vertex 6 18.0864 2.60172
      vertex 1 18.0864 2.60172
    endloop
  endfacet
  facet normal 0 -0.972394 -0.233343
    outer loop
      vertex 6 18.0864 2.60172
      vertex 1 18.134 2.40336
      vertex 6 18.134 2.40336
    endloop
  endfacet
  facet normal 0 -0.522584 -0.852588
    outer loop
      vertex 1 17.4402 3.35831
      vertex 6 17.6141 3.25172
      vertex 6 17.4402 3.35831
    endloop
  endfacet
  facet normal -0 -0.522584 -0.852588
    outer loop
      vertex 6 17.6141 3.25172
      vertex 1 17.4402 3.35831
      vertex 1 17.6141 3.25172
    endloop
  endfacet
  facet normal 0 0.382603 -0.923913
    outer loop
      vertex 1 16.2598 3.35831
      vertex 6 16.4483 3.43637
      vertex 6 16.2598 3.35831
    endloop
  endfacet
  facet normal 0 0.382603 -0.923913
    outer loop
      vertex 6 16.4483 3.43637
      vertex 1 16.2598 3.35831
      vertex 1 16.4483 3.43637
    endloop
  endfacet
  facet normal 0 0.923822 -0.382822
    outer loop
      vertex 6 15.6136 2.60172
      vertex 1 15.6917 2.79019
      vertex 6 15.6917 2.79019
    endloop
  endfacet
  facet normal 0 0.923822 -0.382822
    outer loop
      vertex 1 15.6917 2.79019
      vertex 6 15.6136 2.60172
      vertex 1 15.6136 2.60172
    endloop
  endfacet
  facet normal 0 -0.38262 0.923906
    outer loop
      vertex 1 17.4402 1.04169
      vertex 6 17.2517 0.963626
      vertex 6 17.4402 1.04169
    endloop
  endfacet
  facet normal 0 -0.38262 0.923906
    outer loop
      vertex 6 17.2517 0.963626
      vertex 1 17.4402 1.04169
      vertex 1 17.2517 0.963626
    endloop
  endfacet
  facet normal 0 -0.233507 0.972355
    outer loop
      vertex 1 17.2517 0.963626
      vertex 6 17.0534 0.916005
      vertex 6 17.2517 0.963626
    endloop
  endfacet
  facet normal 0 -0.233507 0.972355
    outer loop
      vertex 6 17.0534 0.916005
      vertex 1 17.2517 0.963626
      vertex 1 17.0534 0.916005
    endloop
  endfacet
  facet normal 0 -0.522584 0.852588
    outer loop
      vertex 1 17.6141 1.14828
      vertex 6 17.4402 1.04169
      vertex 6 17.6141 1.14828
    endloop
  endfacet
  facet normal 0 -0.522584 0.852588
    outer loop
      vertex 6 17.4402 1.04169
      vertex 1 17.6141 1.14828
      vertex 1 17.4402 1.04169
    endloop
  endfacet
  facet normal 0 -0.972392 0.233354
    outer loop
      vertex 1 18.0864 1.79828
      vertex 6 18.134 1.99663
      vertex 1 18.134 1.99663
    endloop
  endfacet
  facet normal 0 -0.972392 0.233354
    outer loop
      vertex 6 18.134 1.99663
      vertex 1 18.0864 1.79828
      vertex 6 18.0864 1.79828
    endloop
  endfacet
  facet normal 0 -0.996919 0.078432
    outer loop
      vertex 1 18.134 1.99663
      vertex 6 18.15 2.2
      vertex 1 18.15 2.2
    endloop
  endfacet
  facet normal 0 -0.996919 0.078432
    outer loop
      vertex 6 18.15 2.2
      vertex 1 18.134 1.99663
      vertex 6 18.134 1.99663
    endloop
  endfacet
  facet normal 0 -0.0784692 -0.996917
    outer loop
      vertex 1 16.85 3.5
      vertex 6 17.0534 3.48399
      vertex 6 16.85 3.5
    endloop
  endfacet
  facet normal -0 -0.0784692 -0.996917
    outer loop
      vertex 6 17.0534 3.48399
      vertex 1 16.85 3.5
      vertex 1 17.0534 3.48399
    endloop
  endfacet
  facet normal 0 -0.649482 -0.760377
    outer loop
      vertex 1 17.6141 3.25172
      vertex 6 17.7692 3.11924
      vertex 6 17.6141 3.25172
    endloop
  endfacet
  facet normal -0 -0.649482 -0.760377
    outer loop
      vertex 6 17.7692 3.11924
      vertex 1 17.6141 3.25172
      vertex 1 17.7692 3.11924
    endloop
  endfacet
  facet normal 0 -0.996919 -0.0784358
    outer loop
      vertex 1 18.15 2.2
      vertex 6 18.134 2.40336
      vertex 1 18.134 2.40336
    endloop
  endfacet
  facet normal 0 -0.996919 -0.0784358
    outer loop
      vertex 6 18.134 2.40336
      vertex 1 18.15 2.2
      vertex 6 18.15 2.2
    endloop
  endfacet
  facet normal 0 -0.76037 -0.649491
    outer loop
      vertex 1 17.9017 2.96412
      vertex 6 17.7692 3.11924
      vertex 1 17.7692 3.11924
    endloop
  endfacet
  facet normal 0 -0.76037 -0.649491
    outer loop
      vertex 6 17.7692 3.11924
      vertex 1 17.9017 2.96412
      vertex 6 17.9017 2.96412
    endloop
  endfacet
  facet normal 0 -0.0784448 0.996918
    outer loop
      vertex 1 17.0534 0.916005
      vertex 6 16.85 0.9
      vertex 6 17.0534 0.916005
    endloop
  endfacet
  facet normal 0 -0.0784448 0.996918
    outer loop
      vertex 6 16.85 0.9
      vertex 1 17.0534 0.916005
      vertex 1 16.85 0.9
    endloop
  endfacet
  facet normal 0 0.996919 0.078432
    outer loop
      vertex 6 15.566 1.99663
      vertex 1 15.55 2.2
      vertex 6 15.55 2.2
    endloop
  endfacet
  facet normal 0 0.996919 0.078432
    outer loop
      vertex 1 15.55 2.2
      vertex 6 15.566 1.99663
      vertex 1 15.566 1.99663
    endloop
  endfacet
  facet normal 1 0 0
    outer loop
      vertex 1 18.134 2.40336
      vertex 1 18.134 1.99663
      vertex 1 18.15 2.2
    endloop
  endfacet
  facet normal 1 0 0
    outer loop
      vertex 1 18.0864 2.60172
      vertex 1 18.134 1.99663
      vertex 1 18.134 2.40336
    endloop
  endfacet
  facet normal 1 0 0
    outer loop
      vertex 1 18.0864 2.60172
      vertex 1 18.0864 1.79828
      vertex 1 18.134 1.99663
    endloop
  endfacet
  facet normal 1 0 0
    outer loop
      vertex 1 18.0083 2.79019
      vertex 1 18.0864 1.79828
      vertex 1 18.0864 2.60172
    endloop
  endfacet
  facet normal 1 0 0
    outer loop
      vertex 1 18.0083 2.79019
      vertex 1 18.0083 1.60981
      vertex 1 18.0864 1.79828
    endloop
  endfacet
  facet normal 1 0 0
    outer loop
      vertex 1 17.9017 2.96412
      vertex 1 18.0083 1.60981
      vertex 1 18.0083 2.79019
    endloop
  endfacet
  facet normal 1 0 0
    outer loop
      vertex 1 17.9017 2.96412
      vertex 1 17.9017 1.43588
      vertex 1 18.0083 1.60981
    endloop
  endfacet
  facet normal 1 0 0
    outer loop
      vertex 1 17.7692 3.11924
      vertex 1 17.9017 1.43588
      vertex 1 17.9017 2.96412
    endloop
  endfacet
  facet normal 1 0 0
    outer loop
      vertex 1 17.7692 3.11924
      vertex 1 17.7692 1.28076
      vertex 1 17.9017 1.43588
    endloop
  endfacet
  facet normal 1 0 0
    outer loop
      vertex 1 17.6141 3.25172
      vertex 1 17.7692 1.28076
      vertex 1 17.7692 3.11924
    endloop
  endfacet
  facet normal 1 0 0
    outer loop
      vertex 1 17.6141 3.25172
      vertex 1 17.6141 1.14828
      vertex 1 17.7692 1.28076
    endloop
  endfacet
  facet normal 1 0 0
    outer loop
      vertex 1 17.4402 3.35831
      vertex 1 17.6141 1.14828
      vertex 1 17.6141 3.25172
    endloop
  endfacet
  facet normal 1 0 0
    outer loop
      vertex 1 17.4402 3.35831
      vertex 1 17.4402 1.04169
      vertex 1 17.6141 1.14828
    endloop
  endfacet
  facet normal 1 0 0
    outer loop
      vertex 1 17.2517 3.43637
      vertex 1 17.4402 1.04169
      vertex 1 17.4402 3.35831
    endloop
  endfacet
  facet normal 1 0 0
    outer loop
      vertex 1 17.2517 3.43637
      vertex 1 17.2517 0.963626
      vertex 1 17.4402 1.04169
    endloop
  endfacet
  facet normal 1 0 0
    outer loop
      vertex 1 17.0534 3.48399
      vertex 1 17.2517 0.963626
      vertex 1 17.2517 3.43637
    endloop
  endfacet
  facet normal 1 0 0
    outer loop
      vertex 1 17.0534 3.48399
      vertex 1 17.0534 0.916005
      vertex 1 17.2517 0.963626
    endloop
  endfacet
  facet normal 1 0 0
    outer loop
      vertex 1 16.85 3.5
      vertex 1 17.0534 0.916005
      vertex 1 17.0534 3.48399
    endloop
  endfacet
  facet normal 1 0 0
    outer loop
      vertex 1 16.85 3.5
      vertex 1 16.85 0.9
      vertex 1 17.0534 0.916005
    endloop
  endfacet
  facet normal 1 -0 0
    outer loop
      vertex 1 16.6466 3.48399
      vertex 1 16.85 0.9
      vertex 1 16.85 3.5
    endloop
  endfacet
  facet normal 1 0 0
    outer loop
      vertex 1 16.6466 3.48399
      vertex 1 16.6466 0.916005
      vertex 1 16.85 0.9
    endloop
  endfacet
  facet normal 1 -0 0
    outer loop
      vertex 1 16.4483 3.43637
      vertex 1 16.6466 0.916005
      vertex 1 16.6466 3.48399
    endloop
  endfacet
  facet normal 1 0 0
    outer loop
      vertex 1 16.4483 3.43637
      vertex 1 16.4483 0.963626
      vertex 1 16.6466 0.916005
    endloop
  endfacet
  facet normal 1 -0 0
    outer loop
      vertex 1 16.2598 3.35831
      vertex 1 16.4483 0.963626
      vertex 1 16.4483 3.43637
    endloop
  endfacet
  facet normal 1 0 0
    outer loop
      vertex 1 16.2598 3.35831
      vertex 1 16.2598 1.04169
      vertex 1 16.4483 0.963626
    endloop
  endfacet
  facet normal 1 -0 0
    outer loop
      vertex 1 16.0859 3.25172
      vertex 1 16.2598 1.04169
      vertex 1 16.2598 3.35831
    endloop
  endfacet
  facet normal 1 0 0
    outer loop
      vertex 1 16.0859 3.25172
      vertex 1 16.0859 1.14828
      vertex 1 16.2598 1.04169
    endloop
  endfacet
  facet normal 1 -0 0
    outer loop
      vertex 1 15.9308 3.11924
      vertex 1 16.0859 1.14828
      vertex 1 16.0859 3.25172
    endloop
  endfacet
  facet normal 1 0 0
    outer loop
      vertex 1 15.9308 3.11924
      vertex 1 15.9308 1.28076
      vertex 1 16.0859 1.14828
    endloop
  endfacet
  facet normal 1 -0 0
    outer loop
      vertex 1 15.7983 2.96412
      vertex 1 15.9308 1.28076
      vertex 1 15.9308 3.11924
    endloop
  endfacet
  facet normal 1 0 0
    outer loop
      vertex 1 15.7983 2.96412
      vertex 1 15.7983 1.43588
      vertex 1 15.9308 1.28076
    endloop
  endfacet
  facet normal 1 -0 0
    outer loop
      vertex 1 15.6917 2.79019
      vertex 1 15.7983 1.43588
      vertex 1 15.7983 2.96412
    endloop
  endfacet
  facet normal 1 0 0
    outer loop
      vertex 1 15.6917 2.79019
      vertex 1 15.6917 1.60981
      vertex 1 15.7983 1.43588
    endloop
  endfacet
  facet normal 1 -0 0
    outer loop
      vertex 1 15.6136 2.60172
      vertex 1 15.6917 1.60981
      vertex 1 15.6917 2.79019
    endloop
  endfacet
  facet normal 1 0 0
    outer loop
      vertex 1 15.6136 2.60172
      vertex 1 15.6136 1.79828
      vertex 1 15.6917 1.60981
    endloop
  endfacet
  facet normal 1 -0 0
    outer loop
      vertex 1 15.566 2.40336
      vertex 1 15.6136 1.79828
      vertex 1 15.6136 2.60172
    endloop
  endfacet
  facet normal 1 0 0
    outer loop
      vertex 1 15.566 2.40336
      vertex 1 15.566 1.99663
      vertex 1 15.6136 1.79828
    endloop
  endfacet
  facet normal 1 0 -0
    outer loop
      vertex 1 15.566 1.99663
      vertex 1 15.566 2.40336
      vertex 1 15.55 2.2
    endloop
  endfacet
  facet normal -0 0.522584 0.852588
    outer loop
      vertex 1 16.2598 1.04169
      vertex 6 16.0859 1.14828
      vertex 6 16.2598 1.04169
    endloop
  endfacet
  facet normal 0 0.522584 0.852588
    outer loop
      vertex 6 16.0859 1.14828
      vertex 1 16.2598 1.04169
      vertex 1 16.0859 1.14828
    endloop
  endfacet
  facet normal 0 0.996919 -0.0784358
    outer loop
      vertex 6 15.55 2.2
      vertex 1 15.566 2.40336
      vertex 6 15.566 2.40336
    endloop
  endfacet
  facet normal 0 0.996919 -0.0784358
    outer loop
      vertex 1 15.566 2.40336
      vertex 6 15.55 2.2
      vertex 1 15.55 2.2
    endloop
  endfacet
  facet normal 0 0.76037 -0.649491
    outer loop
      vertex 6 15.7983 2.96412
      vertex 1 15.9308 3.11924
      vertex 6 15.9308 3.11924
    endloop
  endfacet
  facet normal 0 0.76037 -0.649491
    outer loop
      vertex 1 15.9308 3.11924
      vertex 6 15.7983 2.96412
      vertex 1 15.7983 2.96412
    endloop
  endfacet
  facet normal 0 0.522584 -0.852588
    outer loop
      vertex 1 16.0859 3.25172
      vertex 6 16.2598 3.35831
      vertex 6 16.0859 3.25172
    endloop
  endfacet
  facet normal 0 0.522584 -0.852588
    outer loop
      vertex 6 16.2598 3.35831
      vertex 1 16.0859 3.25172
      vertex 1 16.2598 3.35831
    endloop
  endfacet
  facet normal 0 0.0784692 -0.996917
    outer loop
      vertex 1 16.6466 3.48399
      vertex 6 16.85 3.5
      vertex 6 16.6466 3.48399
    endloop
  endfacet
  facet normal 0 0.0784692 -0.996917
    outer loop
      vertex 6 16.85 3.5
      vertex 1 16.6466 3.48399
      vertex 1 16.85 3.5
    endloop
  endfacet
  facet normal 0 0.649482 -0.760377
    outer loop
      vertex 1 15.9308 3.11924
      vertex 6 16.0859 3.25172
      vertex 6 15.9308 3.11924
    endloop
  endfacet
  facet normal 0 0.649482 -0.760377
    outer loop
      vertex 6 16.0859 3.25172
      vertex 1 15.9308 3.11924
      vertex 1 16.0859 3.25172
    endloop
  endfacet
  facet normal 0 -0.649482 0.760377
    outer loop
      vertex 1 17.7692 1.28076
      vertex 6 17.6141 1.14828
      vertex 6 17.7692 1.28076
    endloop
  endfacet
  facet normal 0 -0.649482 0.760377
    outer loop
      vertex 6 17.6141 1.14828
      vertex 1 17.7692 1.28076
      vertex 1 17.6141 1.14828
    endloop
  endfacet
  facet normal 0 -0.76037 0.649491
    outer loop
      vertex 1 17.7692 1.28076
      vertex 6 17.9017 1.43588
      vertex 1 17.9017 1.43588
    endloop
  endfacet
  facet normal 0 -0.76037 0.649491
    outer loop
      vertex 6 17.9017 1.43588
      vertex 1 17.7692 1.28076
      vertex 6 17.7692 1.28076
    endloop
  endfacet
  facet normal 0 -0.923822 0.382822
    outer loop
      vertex 1 18.0083 1.60981
      vertex 6 18.0864 1.79828
      vertex 1 18.0864 1.79828
    endloop
  endfacet
  facet normal 0 -0.923822 0.382822
    outer loop
      vertex 6 18.0864 1.79828
      vertex 1 18.0083 1.60981
      vertex 6 18.0083 1.60981
    endloop
  endfacet
  facet normal 0 -0.382603 -0.923913
    outer loop
      vertex 1 17.2517 3.43637
      vertex 6 17.4402 3.35831
      vertex 6 17.2517 3.43637
    endloop
  endfacet
  facet normal -0 -0.382603 -0.923913
    outer loop
      vertex 6 17.4402 3.35831
      vertex 1 17.2517 3.43637
      vertex 1 17.4402 3.35831
    endloop
  endfacet
  facet normal 0 -0.233503 -0.972356
    outer loop
      vertex 1 17.0534 3.48399
      vertex 6 17.2517 3.43637
      vertex 6 17.0534 3.48399
    endloop
  endfacet
  facet normal -0 -0.233503 -0.972356
    outer loop
      vertex 6 17.2517 3.43637
      vertex 1 17.0534 3.48399
      vertex 1 17.2517 3.43637
    endloop
  endfacet
  facet normal 0 -0.852606 -0.522554
    outer loop
      vertex 1 18.0083 2.79019
      vertex 6 17.9017 2.96412
      vertex 1 17.9017 2.96412
    endloop
  endfacet
  facet normal 0 -0.852606 -0.522554
    outer loop
      vertex 6 17.9017 2.96412
      vertex 1 18.0083 2.79019
      vertex 6 18.0083 2.79019
    endloop
  endfacet
  facet normal 0 -0.923822 -0.382822
    outer loop
      vertex 1 18.0864 2.60172
      vertex 6 18.0083 2.79019
      vertex 1 18.0083 2.79019
    endloop
  endfacet
  facet normal 0 -0.923822 -0.382822
    outer loop
      vertex 6 18.0083 2.79019
      vertex 1 18.0864 2.60172
      vertex 6 18.0864 2.60172
    endloop
  endfacet
  facet normal -0 0.233507 0.972355
    outer loop
      vertex 1 16.6466 0.916005
      vertex 6 16.4483 0.963626
      vertex 6 16.6466 0.916005
    endloop
  endfacet
  facet normal 0 0.233507 0.972355
    outer loop
      vertex 6 16.4483 0.963626
      vertex 1 16.6466 0.916005
      vertex 1 16.4483 0.963626
    endloop
  endfacet
  facet normal 0 0.972392 0.233354
    outer loop
      vertex 6 15.6136 1.79828
      vertex 1 15.566 1.99663
      vertex 6 15.566 1.99663
    endloop
  endfacet
  facet normal 0 0.972392 0.233354
    outer loop
      vertex 1 15.566 1.99663
      vertex 6 15.6136 1.79828
      vertex 1 15.6136 1.79828
    endloop
  endfacet
  facet normal -0 0.649482 0.760377
    outer loop
      vertex 1 16.0859 1.14828
      vertex 6 15.9308 1.28076
      vertex 6 16.0859 1.14828
    endloop
  endfacet
  facet normal 0 0.649482 0.760377
    outer loop
      vertex 6 15.9308 1.28076
      vertex 1 16.0859 1.14828
      vertex 1 15.9308 1.28076
    endloop
  endfacet
  facet normal 0 0.852606 0.522554
    outer loop
      vertex 6 15.7983 1.43588
      vertex 1 15.6917 1.60981
      vertex 6 15.6917 1.60981
    endloop
  endfacet
  facet normal 0 0.852606 0.522554
    outer loop
      vertex 1 15.6917 1.60981
      vertex 6 15.7983 1.43588
      vertex 1 15.7983 1.43588
    endloop
  endfacet
  facet normal -0 0.38262 0.923906
    outer loop
      vertex 1 16.4483 0.963626
      vertex 6 16.2598 1.04169
      vertex 6 16.4483 0.963626
    endloop
  endfacet
  facet normal 0 0.38262 0.923906
    outer loop
      vertex 6 16.2598 1.04169
      vertex 1 16.4483 0.963626
      vertex 1 16.2598 1.04169
    endloop
  endfacet
  facet normal 0 0.972394 -0.233343
    outer loop
      vertex 6 15.566 2.40336
      vertex 1 15.6136 2.60172
      vertex 6 15.6136 2.60172
    endloop
  endfacet
  facet normal 0 0.972394 -0.233343
    outer loop
      vertex 1 15.6136 2.60172
      vertex 6 15.566 2.40336
      vertex 1 15.566 2.40336
    endloop
  endfacet
  facet normal 0 0.852606 -0.522554
    outer loop
      vertex 6 15.6917 2.79019
      vertex 1 15.7983 2.96412
      vertex 6 15.7983 2.96412
    endloop
  endfacet
  facet normal 0 0.852606 -0.522554
    outer loop
      vertex 1 15.7983 2.96412
      vertex 6 15.6917 2.79019
      vertex 1 15.6917 2.79019
    endloop
  endfacet
  facet normal 0 0.233503 -0.972356
    outer loop
      vertex 1 16.4483 3.43637
      vertex 6 16.6466 3.48399
      vertex 6 16.4483 3.43637
    endloop
  endfacet
  facet normal 0 0.233503 -0.972356
    outer loop
      vertex 6 16.6466 3.48399
      vertex 1 16.4483 3.43637
      vertex 1 16.6466 3.48399
    endloop
  endfacet
  facet normal -0 0.0784448 0.996918
    outer loop
      vertex 1 16.85 0.9
      vertex 6 16.6466 0.916005
      vertex 6 16.85 0.9
    endloop
  endfacet
  facet normal 0 0.0784448 0.996918
    outer loop
      vertex 6 16.6466 0.916005
      vertex 1 16.85 0.9
      vertex 1 16.6466 0.916005
    endloop
  endfacet
  facet normal 0 0.923822 0.382822
    outer loop
      vertex 6 15.6917 1.60981
      vertex 1 15.6136 1.79828
      vertex 6 15.6136 1.79828
    endloop
  endfacet
  facet normal 0 0.923822 0.382822
    outer loop
      vertex 1 15.6136 1.79828
      vertex 6 15.6917 1.60981
      vertex 1 15.6917 1.60981
    endloop
  endfacet
  facet normal 0 0.76037 0.649491
    outer loop
      vertex 6 15.9308 1.28076
      vertex 1 15.7983 1.43588
      vertex 6 15.7983 1.43588
    endloop
  endfacet
  facet normal 0 0.76037 0.649491
    outer loop
      vertex 1 15.7983 1.43588
      vertex 6 15.9308 1.28076
      vertex 1 15.9308 1.28076
    endloop
  endfacet
  facet normal 0 -0.852606 0.522554
    outer loop
      vertex 19.4 17.9017 1.43588
      vertex 24.4 18.0083 1.60981
      vertex 19.4 18.0083 1.60981
    endloop
  endfacet
  facet normal 0 -0.852606 0.522554
    outer loop
      vertex 24.4 18.0083 1.60981
      vertex 19.4 17.9017 1.43588
      vertex 24.4 17.9017 1.43588
    endloop
  endfacet
  facet normal 0 0.972394 -0.233343
    outer loop
      vertex 24.4 15.566 2.40336
      vertex 19.4 15.6136 2.60172
      vertex 24.4 15.6136 2.60172
    endloop
  endfacet
  facet normal 0 0.972394 -0.233343
    outer loop
      vertex 19.4 15.6136 2.60172
      vertex 24.4 15.566 2.40336
      vertex 19.4 15.566 2.40336
    endloop
  endfacet
  facet normal 0 -0.972394 -0.233343
    outer loop
      vertex 19.4 18.134 2.40336
      vertex 24.4 18.0864 2.60172
      vertex 19.4 18.0864 2.60172
    endloop
  endfacet
  facet normal 0 -0.972394 -0.233343
    outer loop
      vertex 24.4 18.0864 2.60172
      vertex 19.4 18.134 2.40336
      vertex 24.4 18.134 2.40336
    endloop
  endfacet
  facet normal 0 -0.522584 -0.852588
    outer loop
      vertex 19.4 17.4402 3.35831
      vertex 24.4 17.6141 3.25172
      vertex 24.4 17.4402 3.35831
    endloop
  endfacet
  facet normal -0 -0.522584 -0.852588
    outer loop
      vertex 24.4 17.6141 3.25172
      vertex 19.4 17.4402 3.35831
      vertex 19.4 17.6141 3.25172
    endloop
  endfacet
  facet normal 0 0.382603 -0.923913
    outer loop
      vertex 19.4 16.2598 3.35831
      vertex 24.4 16.4483 3.43637
      vertex 24.4 16.2598 3.35831
    endloop
  endfacet
  facet normal 0 0.382603 -0.923913
    outer loop
      vertex 24.4 16.4483 3.43637
      vertex 19.4 16.2598 3.35831
      vertex 19.4 16.4483 3.43637
    endloop
  endfacet
  facet normal 0 0.923822 -0.382822
    outer loop
      vertex 24.4 15.6136 2.60172
      vertex 19.4 15.6917 2.79019
      vertex 24.4 15.6917 2.79019
    endloop
  endfacet
  facet normal 0 0.923822 -0.382822
    outer loop
      vertex 19.4 15.6917 2.79019
      vertex 24.4 15.6136 2.60172
      vertex 19.4 15.6136 2.60172
    endloop
  endfacet
  facet normal 0 -0.38262 0.923906
    outer loop
      vertex 19.4 17.4402 1.04169
      vertex 24.4 17.2517 0.963626
      vertex 24.4 17.4402 1.04169
    endloop
  endfacet
  facet normal 0 -0.38262 0.923906
    outer loop
      vertex 24.4 17.2517 0.963626
      vertex 19.4 17.4402 1.04169
      vertex 19.4 17.2517 0.963626
    endloop
  endfacet
  facet normal 0 -0.233507 0.972355
    outer loop
      vertex 19.4 17.2517 0.963626
      vertex 24.4 17.0534 0.916005
      vertex 24.4 17.2517 0.963626
    endloop
  endfacet
  facet normal 0 -0.233507 0.972355
    outer loop
      vertex 24.4 17.0534 0.916005
      vertex 19.4 17.2517 0.963626
      vertex 19.4 17.0534 0.916005
    endloop
  endfacet
  facet normal 0 -0.522584 0.852588
    outer loop
      vertex 19.4 17.6141 1.14828
      vertex 24.4 17.4402 1.04169
      vertex 24.4 17.6141 1.14828
    endloop
  endfacet
  facet normal 0 -0.522584 0.852588
    outer loop
      vertex 24.4 17.4402 1.04169
      vertex 19.4 17.6141 1.14828
      vertex 19.4 17.4402 1.04169
    endloop
  endfacet
  facet normal 0 -0.972392 0.233354
    outer loop
      vertex 19.4 18.0864 1.79828
      vertex 24.4 18.134 1.99663
      vertex 19.4 18.134 1.99663
    endloop
  endfacet
  facet normal 0 -0.972392 0.233354
    outer loop
      vertex 24.4 18.134 1.99663
      vertex 19.4 18.0864 1.79828
      vertex 24.4 18.0864 1.79828
    endloop
  endfacet
  facet normal 0 -0.996919 0.078432
    outer loop
      vertex 19.4 18.134 1.99663
      vertex 24.4 18.15 2.2
      vertex 19.4 18.15 2.2
    endloop
  endfacet
  facet normal 0 -0.996919 0.078432
    outer loop
      vertex 24.4 18.15 2.2
      vertex 19.4 18.134 1.99663
      vertex 24.4 18.134 1.99663
    endloop
  endfacet
  facet normal 0 -0.0784692 -0.996917
    outer loop
      vertex 19.4 16.85 3.5
      vertex 24.4 17.0534 3.48399
      vertex 24.4 16.85 3.5
    endloop
  endfacet
  facet normal -0 -0.0784692 -0.996917
    outer loop
      vertex 24.4 17.0534 3.48399
      vertex 19.4 16.85 3.5
      vertex 19.4 17.0534 3.48399
    endloop
  endfacet
  facet normal 0 -0.649482 -0.760377
    outer loop
      vertex 19.4 17.6141 3.25172
      vertex 24.4 17.7692 3.11924
      vertex 24.4 17.6141 3.25172
    endloop
  endfacet
  facet normal -0 -0.649482 -0.760377
    outer loop
      vertex 24.4 17.7692 3.11924
      vertex 19.4 17.6141 3.25172
      vertex 19.4 17.7692 3.11924
    endloop
  endfacet
  facet normal 0 -0.996919 -0.0784358
    outer loop
      vertex 19.4 18.15 2.2
      vertex 24.4 18.134 2.40336
      vertex 19.4 18.134 2.40336
    endloop
  endfacet
  facet normal 0 -0.996919 -0.0784358
    outer loop
      vertex 24.4 18.134 2.40336
      vertex 19.4 18.15 2.2
      vertex 24.4 18.15 2.2
    endloop
  endfacet
  facet normal 0 -0.76037 -0.649491
    outer loop
      vertex 19.4 17.9017 2.96412
      vertex 24.4 17.7692 3.11924
      vertex 19.4 17.7692 3.11924
    endloop
  endfacet
  facet normal 0 -0.76037 -0.649491
    outer loop
      vertex 24.4 17.7692 3.11924
      vertex 19.4 17.9017 2.96412
      vertex 24.4 17.9017 2.96412
    endloop
  endfacet
  facet normal 0 -0.0784448 0.996918
    outer loop
      vertex 19.4 17.0534 0.916005
      vertex 24.4 16.85 0.9
      vertex 24.4 17.0534 0.916005
    endloop
  endfacet
  facet normal 0 -0.0784448 0.996918
    outer loop
      vertex 24.4 16.85 0.9
      vertex 19.4 17.0534 0.916005
      vertex 19.4 16.85 0.9
    endloop
  endfacet
  facet normal 0 0.996919 0.078432
    outer loop
      vertex 24.4 15.566 1.99663
      vertex 19.4 15.55 2.2
      vertex 24.4 15.55 2.2
    endloop
  endfacet
  facet normal 0 0.996919 0.078432
    outer loop
      vertex 19.4 15.55 2.2
      vertex 24.4 15.566 1.99663
      vertex 19.4 15.566 1.99663
    endloop
  endfacet
  facet normal -0 0.522584 0.852588
    outer loop
      vertex 19.4 16.2598 1.04169
      vertex 24.4 16.0859 1.14828
      vertex 24.4 16.2598 1.04169
    endloop
  endfacet
  facet normal 0 0.522584 0.852588
    outer loop
      vertex 24.4 16.0859 1.14828
      vertex 19.4 16.2598 1.04169
      vertex 19.4 16.0859 1.14828
    endloop
  endfacet
  facet normal 0 0.996919 -0.0784358
    outer loop
      vertex 24.4 15.55 2.2
      vertex 19.4 15.566 2.40336
      vertex 24.4 15.566 2.40336
    endloop
  endfacet
  facet normal 0 0.996919 -0.0784358
    outer loop
      vertex 19.4 15.566 2.40336
      vertex 24.4 15.55 2.2
      vertex 19.4 15.55 2.2
    endloop
  endfacet
  facet normal 0 0.76037 -0.649491
    outer loop
      vertex 24.4 15.7983 2.96412
      vertex 19.4 15.9308 3.11924
      vertex 24.4 15.9308 3.11924
    endloop
  endfacet
  facet normal 0 0.76037 -0.649491
    outer loop
      vertex 19.4 15.9308 3.11924
      vertex 24.4 15.7983 2.96412
      vertex 19.4 15.7983 2.96412
    endloop
  endfacet
  facet normal 0 0.522584 -0.852588
    outer loop
      vertex 19.4 16.0859 3.25172
      vertex 24.4 16.2598 3.35831
      vertex 24.4 16.0859 3.25172
    endloop
  endfacet
  facet normal 0 0.522584 -0.852588
    outer loop
      vertex 24.4 16.2598 3.35831
      vertex 19.4 16.0859 3.25172
      vertex 19.4 16.2598 3.35831
    endloop
  endfacet
  facet normal 0 0.0784692 -0.996917
    outer loop
      vertex 19.4 16.6466 3.48399
      vertex 24.4 16.85 3.5
      vertex 24.4 16.6466 3.48399
    endloop
  endfacet
  facet normal 0 0.0784692 -0.996917
    outer loop
      vertex 24.4 16.85 3.5
      vertex 19.4 16.6466 3.48399
      vertex 19.4 16.85 3.5
    endloop
  endfacet
  facet normal 0 0.649482 -0.760377
    outer loop
      vertex 19.4 15.9308 3.11924
      vertex 24.4 16.0859 3.25172
      vertex 24.4 15.9308 3.11924
    endloop
  endfacet
  facet normal 0 0.649482 -0.760377
    outer loop
      vertex 24.4 16.0859 3.25172
      vertex 19.4 15.9308 3.11924
      vertex 19.4 16.0859 3.25172
    endloop
  endfacet
  facet normal 0 -0.649482 0.760377
    outer loop
      vertex 19.4 17.7692 1.28076
      vertex 24.4 17.6141 1.14828
      vertex 24.4 17.7692 1.28076
    endloop
  endfacet
  facet normal 0 -0.649482 0.760377
    outer loop
      vertex 24.4 17.6141 1.14828
      vertex 19.4 17.7692 1.28076
      vertex 19.4 17.6141 1.14828
    endloop
  endfacet
  facet normal 0 -0.76037 0.649491
    outer loop
      vertex 19.4 17.7692 1.28076
      vertex 24.4 17.9017 1.43588
      vertex 19.4 17.9017 1.43588
    endloop
  endfacet
  facet normal 0 -0.76037 0.649491
    outer loop
      vertex 24.4 17.9017 1.43588
      vertex 19.4 17.7692 1.28076
      vertex 24.4 17.7692 1.28076
    endloop
  endfacet
  facet normal 0 -0.923822 0.382822
    outer loop
      vertex 19.4 18.0083 1.60981
      vertex 24.4 18.0864 1.79828
      vertex 19.4 18.0864 1.79828
    endloop
  endfacet
  facet normal 0 -0.923822 0.382822
    outer loop
      vertex 24.4 18.0864 1.79828
      vertex 19.4 18.0083 1.60981
      vertex 24.4 18.0083 1.60981
    endloop
  endfacet
  facet normal 0 -0.382603 -0.923913
    outer loop
      vertex 19.4 17.2517 3.43637
      vertex 24.4 17.4402 3.35831
      vertex 24.4 17.2517 3.43637
    endloop
  endfacet
  facet normal -0 -0.382603 -0.923913
    outer loop
      vertex 24.4 17.4402 3.35831
      vertex 19.4 17.2517 3.43637
      vertex 19.4 17.4402 3.35831
    endloop
  endfacet
  facet normal 0 -0.233503 -0.972356
    outer loop
      vertex 19.4 17.0534 3.48399
      vertex 24.4 17.2517 3.43637
      vertex 24.4 17.0534 3.48399
    endloop
  endfacet
  facet normal -0 -0.233503 -0.972356
    outer loop
      vertex 24.4 17.2517 3.43637
      vertex 19.4 17.0534 3.48399
      vertex 19.4 17.2517 3.43637
    endloop
  endfacet
  facet normal 0 -0.852606 -0.522554
    outer loop
      vertex 19.4 18.0083 2.79019
      vertex 24.4 17.9017 2.96412
      vertex 19.4 17.9017 2.96412
    endloop
  endfacet
  facet normal 0 -0.852606 -0.522554
    outer loop
      vertex 24.4 17.9017 2.96412
      vertex 19.4 18.0083 2.79019
      vertex 24.4 18.0083 2.79019
    endloop
  endfacet
  facet normal 0 -0.923822 -0.382822
    outer loop
      vertex 19.4 18.0864 2.60172
      vertex 24.4 18.0083 2.79019
      vertex 19.4 18.0083 2.79019
    endloop
  endfacet
  facet normal 0 -0.923822 -0.382822
    outer loop
      vertex 24.4 18.0083 2.79019
      vertex 19.4 18.0864 2.60172
      vertex 24.4 18.0864 2.60172
    endloop
  endfacet
  facet normal -0 0.233507 0.972355
    outer loop
      vertex 19.4 16.6466 0.916005
      vertex 24.4 16.4483 0.963626
      vertex 24.4 16.6466 0.916005
    endloop
  endfacet
  facet normal 0 0.233507 0.972355
    outer loop
      vertex 24.4 16.4483 0.963626
      vertex 19.4 16.6466 0.916005
      vertex 19.4 16.4483 0.963626
    endloop
  endfacet
  facet normal 0 0.972392 0.233354
    outer loop
      vertex 24.4 15.6136 1.79828
      vertex 19.4 15.566 1.99663
      vertex 24.4 15.566 1.99663
    endloop
  endfacet
  facet normal 0 0.972392 0.233354
    outer loop
      vertex 19.4 15.566 1.99663
      vertex 24.4 15.6136 1.79828
      vertex 19.4 15.6136 1.79828
    endloop
  endfacet
  facet normal -0 0.649482 0.760377
    outer loop
      vertex 19.4 16.0859 1.14828
      vertex 24.4 15.9308 1.28076
      vertex 24.4 16.0859 1.14828
    endloop
  endfacet
  facet normal 0 0.649482 0.760377
    outer loop
      vertex 24.4 15.9308 1.28076
      vertex 19.4 16.0859 1.14828
      vertex 19.4 15.9308 1.28076
    endloop
  endfacet
  facet normal 0 0.852606 0.522554
    outer loop
      vertex 24.4 15.7983 1.43588
      vertex 19.4 15.6917 1.60981
      vertex 24.4 15.6917 1.60981
    endloop
  endfacet
  facet normal 0 0.852606 0.522554
    outer loop
      vertex 19.4 15.6917 1.60981
      vertex 24.4 15.7983 1.43588
      vertex 19.4 15.7983 1.43588
    endloop
  endfacet
  facet normal -0 0.38262 0.923906
    outer loop
      vertex 19.4 16.4483 0.963626
      vertex 24.4 16.2598 1.04169
      vertex 24.4 16.4483 0.963626
    endloop
  endfacet
  facet normal 0 0.38262 0.923906
    outer loop
      vertex 24.4 16.2598 1.04169
      vertex 19.4 16.4483 0.963626
      vertex 19.4 16.2598 1.04169
    endloop
  endfacet
  facet normal -1 0 0
    outer loop
      vertex 24.4 18.134 1.99663
      vertex 24.4 18.134 2.40336
      vertex 24.4 18.15 2.2
    endloop
  endfacet
  facet normal -1 0 0
    outer loop
      vertex 24.4 18.0864 1.79828
      vertex 24.4 18.134 2.40336
      vertex 24.4 18.134 1.99663
    endloop
  endfacet
  facet normal -1 0 0
    outer loop
      vertex 24.4 18.0864 1.79828
      vertex 24.4 18.0864 2.60172
      vertex 24.4 18.134 2.40336
    endloop
  endfacet
  facet normal -1 0 0
    outer loop
      vertex 24.4 18.0083 1.60981
      vertex 24.4 18.0864 2.60172
      vertex 24.4 18.0864 1.79828
    endloop
  endfacet
  facet normal -1 0 0
    outer loop
      vertex 24.4 18.0083 1.60981
      vertex 24.4 18.0083 2.79019
      vertex 24.4 18.0864 2.60172
    endloop
  endfacet
  facet normal -1 0 0
    outer loop
      vertex 24.4 17.9017 1.43588
      vertex 24.4 18.0083 2.79019
      vertex 24.4 18.0083 1.60981
    endloop
  endfacet
  facet normal -1 0 0
    outer loop
      vertex 24.4 17.9017 1.43588
      vertex 24.4 17.9017 2.96412
      vertex 24.4 18.0083 2.79019
    endloop
  endfacet
  facet normal -1 0 0
    outer loop
      vertex 24.4 17.7692 1.28076
      vertex 24.4 17.9017 2.96412
      vertex 24.4 17.9017 1.43588
    endloop
  endfacet
  facet normal -1 0 0
    outer loop
      vertex 24.4 17.7692 1.28076
      vertex 24.4 17.7692 3.11924
      vertex 24.4 17.9017 2.96412
    endloop
  endfacet
  facet normal -1 0 0
    outer loop
      vertex 24.4 17.6141 1.14828
      vertex 24.4 17.7692 3.11924
      vertex 24.4 17.7692 1.28076
    endloop
  endfacet
  facet normal -1 0 0
    outer loop
      vertex 24.4 17.6141 1.14828
      vertex 24.4 17.6141 3.25172
      vertex 24.4 17.7692 3.11924
    endloop
  endfacet
  facet normal -1 0 0
    outer loop
      vertex 24.4 17.4402 1.04169
      vertex 24.4 17.6141 3.25172
      vertex 24.4 17.6141 1.14828
    endloop
  endfacet
  facet normal -1 0 0
    outer loop
      vertex 24.4 17.4402 1.04169
      vertex 24.4 17.4402 3.35831
      vertex 24.4 17.6141 3.25172
    endloop
  endfacet
  facet normal -1 0 0
    outer loop
      vertex 24.4 17.2517 0.963626
      vertex 24.4 17.4402 3.35831
      vertex 24.4 17.4402 1.04169
    endloop
  endfacet
  facet normal -1 0 0
    outer loop
      vertex 24.4 17.2517 0.963626
      vertex 24.4 17.2517 3.43637
      vertex 24.4 17.4402 3.35831
    endloop
  endfacet
  facet normal -1 0 0
    outer loop
      vertex 24.4 17.0534 0.916005
      vertex 24.4 17.2517 3.43637
      vertex 24.4 17.2517 0.963626
    endloop
  endfacet
  facet normal -1 0 0
    outer loop
      vertex 24.4 17.0534 0.916005
      vertex 24.4 17.0534 3.48399
      vertex 24.4 17.2517 3.43637
    endloop
  endfacet
  facet normal -1 0 0
    outer loop
      vertex 24.4 16.85 0.9
      vertex 24.4 17.0534 3.48399
      vertex 24.4 17.0534 0.916005
    endloop
  endfacet
  facet normal -1 0 0
    outer loop
      vertex 24.4 16.85 0.9
      vertex 24.4 16.85 3.5
      vertex 24.4 17.0534 3.48399
    endloop
  endfacet
  facet normal -1 0 0
    outer loop
      vertex 24.4 16.6466 0.916005
      vertex 24.4 16.85 3.5
      vertex 24.4 16.85 0.9
    endloop
  endfacet
  facet normal -1 0 0
    outer loop
      vertex 24.4 16.6466 0.916005
      vertex 24.4 16.6466 3.48399
      vertex 24.4 16.85 3.5
    endloop
  endfacet
  facet normal -1 0 0
    outer loop
      vertex 24.4 16.4483 0.963626
      vertex 24.4 16.6466 3.48399
      vertex 24.4 16.6466 0.916005
    endloop
  endfacet
  facet normal -1 0 0
    outer loop
      vertex 24.4 16.4483 0.963626
      vertex 24.4 16.4483 3.43637
      vertex 24.4 16.6466 3.48399
    endloop
  endfacet
  facet normal -1 0 0
    outer loop
      vertex 24.4 16.2598 1.04169
      vertex 24.4 16.4483 3.43637
      vertex 24.4 16.4483 0.963626
    endloop
  endfacet
  facet normal -1 0 0
    outer loop
      vertex 24.4 16.2598 1.04169
      vertex 24.4 16.2598 3.35831
      vertex 24.4 16.4483 3.43637
    endloop
  endfacet
  facet normal -1 0 0
    outer loop
      vertex 24.4 16.0859 1.14828
      vertex 24.4 16.2598 3.35831
      vertex 24.4 16.2598 1.04169
    endloop
  endfacet
  facet normal -1 0 0
    outer loop
      vertex 24.4 16.0859 1.14828
      vertex 24.4 16.0859 3.25172
      vertex 24.4 16.2598 3.35831
    endloop
  endfacet
  facet normal -1 0 0
    outer loop
      vertex 24.4 15.9308 1.28076
      vertex 24.4 16.0859 3.25172
      vertex 24.4 16.0859 1.14828
    endloop
  endfacet
  facet normal -1 0 0
    outer loop
      vertex 24.4 15.9308 1.28076
      vertex 24.4 15.9308 3.11924
      vertex 24.4 16.0859 3.25172
    endloop
  endfacet
  facet normal -1 0 0
    outer loop
      vertex 24.4 15.7983 1.43588
      vertex 24.4 15.9308 3.11924
      vertex 24.4 15.9308 1.28076
    endloop
  endfacet
  facet normal -1 0 0
    outer loop
      vertex 24.4 15.7983 1.43588
      vertex 24.4 15.7983 2.96412
      vertex 24.4 15.9308 3.11924
    endloop
  endfacet
  facet normal -1 0 0
    outer loop
      vertex 24.4 15.6917 1.60981
      vertex 24.4 15.7983 2.96412
      vertex 24.4 15.7983 1.43588
    endloop
  endfacet
  facet normal -1 0 0
    outer loop
      vertex 24.4 15.6917 1.60981
      vertex 24.4 15.6917 2.79019
      vertex 24.4 15.7983 2.96412
    endloop
  endfacet
  facet normal -1 0 0
    outer loop
      vertex 24.4 15.6136 1.79828
      vertex 24.4 15.6917 2.79019
      vertex 24.4 15.6917 1.60981
    endloop
  endfacet
  facet normal -1 0 0
    outer loop
      vertex 24.4 15.6136 1.79828
      vertex 24.4 15.6136 2.60172
      vertex 24.4 15.6917 2.79019
    endloop
  endfacet
  facet normal -1 0 0
    outer loop
      vertex 24.4 15.566 1.99663
      vertex 24.4 15.6136 2.60172
      vertex 24.4 15.6136 1.79828
    endloop
  endfacet
  facet normal -1 0 0
    outer loop
      vertex 24.4 15.566 1.99663
      vertex 24.4 15.566 2.40336
      vertex 24.4 15.6136 2.60172
    endloop
  endfacet
  facet normal -1 0 -0
    outer loop
      vertex 24.4 15.566 2.40336
      vertex 24.4 15.566 1.99663
      vertex 24.4 15.55 2.2
    endloop
  endfacet
  facet normal 0 0.852606 -0.522554
    outer loop
      vertex 24.4 15.6917 2.79019
      vertex 19.4 15.7983 2.96412
      vertex 24.4 15.7983 2.96412
    endloop
  endfacet
  facet normal 0 0.852606 -0.522554
    outer loop
      vertex 19.4 15.7983 2.96412
      vertex 24.4 15.6917 2.79019
      vertex 19.4 15.6917 2.79019
    endloop
  endfacet
  facet normal 0 0.233503 -0.972356
    outer loop
      vertex 19.4 16.4483 3.43637
      vertex 24.4 16.6466 3.48399
      vertex 24.4 16.4483 3.43637
    endloop
  endfacet
  facet normal 0 0.233503 -0.972356
    outer loop
      vertex 24.4 16.6466 3.48399
      vertex 19.4 16.4483 3.43637
      vertex 19.4 16.6466 3.48399
    endloop
  endfacet
  facet normal -0 0.0784448 0.996918
    outer loop
      vertex 19.4 16.85 0.9
      vertex 24.4 16.6466 0.916005
      vertex 24.4 16.85 0.9
    endloop
  endfacet
  facet normal 0 0.0784448 0.996918
    outer loop
      vertex 24.4 16.6466 0.916005
      vertex 19.4 16.85 0.9
      vertex 19.4 16.6466 0.916005
    endloop
  endfacet
  facet normal 0 0.923822 0.382822
    outer loop
      vertex 24.4 15.6917 1.60981
      vertex 19.4 15.6136 1.79828
      vertex 24.4 15.6136 1.79828
    endloop
  endfacet
  facet normal 0 0.923822 0.382822
    outer loop
      vertex 19.4 15.6136 1.79828
      vertex 24.4 15.6917 1.60981
      vertex 19.4 15.6917 1.60981
    endloop
  endfacet
  facet normal 0 0.76037 0.649491
    outer loop
      vertex 24.4 15.9308 1.28076
      vertex 19.4 15.7983 1.43588
      vertex 24.4 15.7983 1.43588
    endloop
  endfacet
  facet normal 0 0.76037 0.649491
    outer loop
      vertex 19.4 15.7983 1.43588
      vertex 24.4 15.9308 1.28076
      vertex 19.4 15.9308 1.28076
    endloop
  endfacet
  facet normal 0 0 -1
    outer loop
      vertex 0 5 10
      vertex 1.2 6.6 10
      vertex 1.2 5 10
    endloop
  endfacet
  facet normal -0 0 -1
    outer loop
      vertex 1.2 6.6 10
      vertex 0 5 10
      vertex 0 6.6 10
    endloop
  endfacet
  facet normal 0 0 -1
    outer loop
      vertex 0 7.4 10
      vertex 1.2 9 10
      vertex 1.2 7.4 10
    endloop
  endfacet
  facet normal -0 0 -1
    outer loop
      vertex 1.2 9 10
      vertex 0 7.4 10
      vertex 0 9 10
    endloop
  endfacet
  facet normal 0 -1 0
    outer loop
      vertex 0 9 6
      vertex 1.2 9 7.6
      vertex 0 9 7.6
    endloop
  endfacet
  facet normal 0 -1 -0
    outer loop
      vertex 1.2 9 7.6
      vertex 0 9 6
      vertex 1.2 9 6
    endloop
  endfacet
  facet normal 0 -1 0
    outer loop
      vertex 0 9 8.4
      vertex 1.2 9 10
      vertex 0 9 10
    endloop
  endfacet
  facet normal 0 -1 -0
    outer loop
      vertex 1.2 9 10
      vertex 0 9 8.4
      vertex 1.2 9 8.4
    endloop
  endfacet
  facet normal -0 0 1
    outer loop
      vertex 0 6.6 6
      vertex 1.2 5 6
      vertex 1.2 6.6 6
    endloop
  endfacet
  facet normal 0 0 1
    outer loop
      vertex 1.2 5 6
      vertex 0 6.6 6
      vertex 0 5 6
    endloop
  endfacet
  facet normal -0 0 1
    outer loop
      vertex 0 9 6
      vertex 1.2 7.4 6
      vertex 1.2 9 6
    endloop
  endfacet
  facet normal 0 0 1
    outer loop
      vertex 1.2 7.4 6
      vertex 0 9 6
      vertex 0 7.4 6
    endloop
  endfacet
  facet normal 0 1 -0
    outer loop
      vertex 1.2 5 8.4
      vertex 0 5 10
      vertex 1.2 5 10
    endloop
  endfacet
  facet normal 0 1 0
    outer loop
      vertex 0 5 10
      vertex 1.2 5 8.4
      vertex 0 5 8.4
    endloop
  endfacet
  facet normal 0 1 -0
    outer loop
      vertex 1.2 5 6
      vertex 0 5 7.6
      vertex 1.2 5 7.6
    endloop
  endfacet
  facet normal 0 1 0
    outer loop
      vertex 0 5 7.6
      vertex 1.2 5 6
      vertex 0 5 6
    endloop
  endfacet
  facet normal 0 1 -0
    outer loop
      vertex 1.2 7.4 6
      vertex 0 7.4 7.6
      vertex 1.2 7.4 7.6
    endloop
  endfacet
  facet normal 0 1 0
    outer loop
      vertex 0 7.4 7.6
      vertex 1.2 7.4 6
      vertex 0 7.4 6
    endloop
  endfacet
  facet normal 0 1 -0
    outer loop
      vertex 1.2 7.4 8.4
      vertex 0 7.4 10
      vertex 1.2 7.4 10
    endloop
  endfacet
  facet normal 0 1 0
    outer loop
      vertex 0 7.4 10
      vertex 1.2 7.4 8.4
      vertex 0 7.4 8.4
    endloop
  endfacet
  facet normal 0 -1 0
    outer loop
      vertex 0 6.6 8.4
      vertex 1.2 6.6 10
      vertex 0 6.6 10
    endloop
  endfacet
  facet normal 0 -1 -0
    outer loop
      vertex 1.2 6.6 10
      vertex 0 6.6 8.4
      vertex 1.2 6.6 8.4
    endloop
  endfacet
  facet normal 0 -1 0
    outer loop
      vertex 0 6.6 6
      vertex 1.2 6.6 7.6
      vertex 0 6.6 7.6
    endloop
  endfacet
  facet normal 0 -1 -0
    outer loop
      vertex 1.2 6.6 7.6
      vertex 0 6.6 6
      vertex 1.2 6.6 6
    endloop
  endfacet
  facet normal -0 0 1
    outer loop
      vertex 0 6.6 8.4
      vertex 1.2 5 8.4
      vertex 1.2 6.6 8.4
    endloop
  endfacet
  facet normal 0 0 1
    outer loop
      vertex 1.2 5 8.4
      vertex 0 6.6 8.4
      vertex 0 5 8.4
    endloop
  endfacet
  facet normal -0 0 1
    outer loop
      vertex 0 9 8.4
      vertex 1.2 7.4 8.4
      vertex 1.2 9 8.4
    endloop
  endfacet
  facet normal 0 0 1
    outer loop
      vertex 1.2 7.4 8.4
      vertex 0 9 8.4
      vertex 0 7.4 8.4
    endloop
  endfacet
  facet normal 0 0 -1
    outer loop
      vertex 0 5 7.6
      vertex 1.2 6.6 7.6
      vertex 1.2 5 7.6
    endloop
  endfacet
  facet normal -0 0 -1
    outer loop
      vertex 1.2 6.6 7.6
      vertex 0 5 7.6
      vertex 0 6.6 7.6
    endloop
  endfacet
  facet normal 0 0 -1
    outer loop
      vertex 0 7.4 7.6
      vertex 1.2 9 7.6
      vertex 1.2 7.4 7.6
    endloop
  endfacet
  facet normal -0 0 -1
    outer loop
      vertex 1.2 9 7.6
      vertex 0 7.4 7.6
      vertex 0 9 7.6
    endloop
  endfacet
  facet normal 0 0 -1
    outer loop
      vertex 24.2 5 10
      vertex 25.4 6.6 10
      vertex 25.4 5 10
    endloop
  endfacet
  facet normal -0 0 -1
    outer loop
      vertex 25.4 6.6 10
      vertex 24.2 5 10
      vertex 24.2 6.6 10
    endloop
  endfacet
  facet normal 0 0 -1
    outer loop
      vertex 24.2 7.4 10
      vertex 25.4 9 10
      vertex 25.4 7.4 10
    endloop
  endfacet
  facet normal -0 0 -1
    outer loop
      vertex 25.4 9 10
      vertex 24.2 7.4 10
      vertex 24.2 9 10
    endloop
  endfacet
  facet normal 0 -1 0
    outer loop
      vertex 24.2 9 6
      vertex 25.4 9 7.6
      vertex 24.2 9 7.6
    endloop
  endfacet
  facet normal 0 -1 -0
    outer loop
      vertex 25.4 9 7.6
      vertex 24.2 9 6
      vertex 25.4 9 6
    endloop
  endfacet
  facet normal 0 -1 0
    outer loop
      vertex 24.2 9 8.4
      vertex 25.4 9 10
      vertex 24.2 9 10
    endloop
  endfacet
  facet normal 0 -1 -0
    outer loop
      vertex 25.4 9 10
      vertex 24.2 9 8.4
      vertex 25.4 9 8.4
    endloop
  endfacet
  facet normal -0 0 1
    outer loop
      vertex 24.2 6.6 6
      vertex 25.4 5 6
      vertex 25.4 6.6 6
    endloop
  endfacet
  facet normal 0 0 1
    outer loop
      vertex 25.4 5 6
      vertex 24.2 6.6 6
      vertex 24.2 5 6
    endloop
  endfacet
  facet normal -0 0 1
    outer loop
      vertex 24.2 9 6
      vertex 25.4 7.4 6
      vertex 25.4 9 6
    endloop
  endfacet
  facet normal 0 0 1
    outer loop
      vertex 25.4 7.4 6
      vertex 24.2 9 6
      vertex 24.2 7.4 6
    endloop
  endfacet
  facet normal 0 1 -0
    outer loop
      vertex 25.4 5 8.4
      vertex 24.2 5 10
      vertex 25.4 5 10
    endloop
  endfacet
  facet normal 0 1 0
    outer loop
      vertex 24.2 5 10
      vertex 25.4 5 8.4
      vertex 24.2 5 8.4
    endloop
  endfacet
  facet normal 0 1 -0
    outer loop
      vertex 25.4 5 6
      vertex 24.2 5 7.6
      vertex 25.4 5 7.6
    endloop
  endfacet
  facet normal 0 1 0
    outer loop
      vertex 24.2 5 7.6
      vertex 25.4 5 6
      vertex 24.2 5 6
    endloop
  endfacet
  facet normal 0 1 -0
    outer loop
      vertex 25.4 7.4 6
      vertex 24.2 7.4 7.6
      vertex 25.4 7.4 7.6
    endloop
  endfacet
  facet normal 0 1 0
    outer loop
      vertex 24.2 7.4 7.6
      vertex 25.4 7.4 6
      vertex 24.2 7.4 6
    endloop
  endfacet
  facet normal 0 1 -0
    outer loop
      vertex 25.4 7.4 8.4
      vertex 24.2 7.4 10
      vertex 25.4 7.4 10
    endloop
  endfacet
  facet normal 0 1 0
    outer loop
      vertex 24.2 7.4 10
      vertex 25.4 7.4 8.4
      vertex 24.2 7.4 8.4
    endloop
  endfacet
  facet normal 0 -1 0
    outer loop
      vertex 24.2 6.6 8.4
      vertex 25.4 6.6 10
      vertex 24.2 6.6 10
    endloop
  endfacet
  facet normal 0 -1 -0
    outer loop
      vertex 25.4 6.6 10
      vertex 24.2 6.6 8.4
      vertex 25.4 6.6 8.4
    endloop
  endfacet
  facet normal 0 -1 0
    outer loop
      vertex 24.2 6.6 6
      vertex 25.4 6.6 7.6
      vertex 24.2 6.6 7.6
    endloop
  endfacet
  facet normal 0 -1 -0
    outer loop
      vertex 25.4 6.6 7.6
      vertex 24.2 6.6 6
      vertex 25.4 6.6 6
    endloop
  endfacet
  facet normal -0 0 1
    outer loop
      vertex 24.2 6.6 8.4
      vertex 25.4 5 8.4
      vertex 25.4 6.6 8.4
    endloop
  endfacet
  facet normal 0 0 1
    outer loop
      vertex 25.4 5 8.4
      vertex 24.2 6.6 8.4
      vertex 24.2 5 8.4
    endloop
  endfacet
  facet normal -0 0 1
    outer loop
      vertex 24.2 9 8.4
      vertex 25.4 7.4 8.4
      vertex 25.4 9 8.4
    endloop
  endfacet
  facet normal 0 0 1
    outer loop
      vertex 25.4 7.4 8.4
      vertex 24.2 9 8.4
      vertex 24.2 7.4 8.4
    endloop
  endfacet
  facet normal 0 0 -1
    outer loop
      vertex 24.2 5 7.6
      vertex 25.4 6.6 7.6
      vertex 25.4 5 7.6
    endloop
  endfacet
  facet normal -0 0 -1
    outer loop
      vertex 25.4 6.6 7.6
      vertex 24.2 5 7.6
      vertex 24.2 6.6 7.6
    endloop
  endfacet
  facet normal 0 0 -1
    outer loop
      vertex 24.2 7.4 7.6
      vertex 25.4 9 7.6
      vertex 25.4 7.4 7.6
    endloop
  endfacet
  facet normal -0 0 -1
    outer loop
      vertex 25.4 9 7.6
      vertex 24.2 7.4 7.6
      vertex 24.2 9 7.6
    endloop
  endfacet
  facet normal -0.68375 0.729716 0
    outer loop
      vertex 12.7 40.05 7.62939e-07
      vertex 0.133403 28.275 5.97091
      vertex 12.7 40.05 9.15794
    endloop
  endfacet
  facet normal -0.68375 0.729716 0
    outer loop
      vertex 0.133403 28.275 5.97091
      vertex 12.7 40.05 7.62939e-07
      vertex 0.133403 28.275 2.60397
    endloop
  endfacet
  facet normal -0.68375 0.729716 -9.48818e-08
    outer loop
      vertex 0 28.15 7.62939e-07
      vertex 0.133403 28.275 2.60397
      vertex 12.7 40.05 7.62939e-07
    endloop
  endfacet
  facet normal -0.683751 0.729715 0
    outer loop
      vertex 0.133403 28.275 2.60397
      vertex 0 28.15 7.62939e-07
      vertex 0 28.15 2.57014
    endloop
  endfacet
  facet normal 0 0 -1
    outer loop
      vertex 2.6 23.2 7.62939e-07
      vertex 4.35 23.9 7.62939e-07
      vertex 4.35 23.2 7.62939e-07
    endloop
  endfacet
  facet normal -0 0 -1
    outer loop
      vertex 4.35 23.9 7.62939e-07
      vertex 2.6 23.2 7.62939e-07
      vertex 2.6 23.9 7.62939e-07
    endloop
  endfacet
  facet normal 0 0 -1
    outer loop
      vertex 5.05 23.2 7.62939e-07
      vertex 6.8 23.9 7.62939e-07
      vertex 6.8 23.2 7.62939e-07
    endloop
  endfacet
  facet normal -0 0 -1
    outer loop
      vertex 6.8 23.9 7.62939e-07
      vertex 5.05 23.2 7.62939e-07
      vertex 5.05 23.9 7.62939e-07
    endloop
  endfacet
  facet normal 0 0 -1
    outer loop
      vertex 25.4 28.15 7.62939e-07
      vertex 14.4778 32.0684 7.62939e-07
      vertex 14.5 32.35 7.62939e-07
    endloop
  endfacet
  facet normal 0 0 -1
    outer loop
      vertex 18.6 25.45 7.62939e-07
      vertex 14.4119 31.7938 7.62939e-07
      vertex 14.4778 32.0684 7.62939e-07
    endloop
  endfacet
  facet normal 0 0 -1
    outer loop
      vertex 15.2 27.15 7.62939e-07
      vertex 14.3038 31.5328 7.62939e-07
      vertex 14.4119 31.7938 7.62939e-07
    endloop
  endfacet
  facet normal 0 0 -1
    outer loop
      vertex 15.2 27.15 7.62939e-07
      vertex 14.1562 31.292 7.62939e-07
      vertex 14.3038 31.5328 7.62939e-07
    endloop
  endfacet
  facet normal 0 0 -1
    outer loop
      vertex 15.2 27.15 7.62939e-07
      vertex 13.9728 31.0772 7.62939e-07
      vertex 14.1562 31.292 7.62939e-07
    endloop
  endfacet
  facet normal 0 0 -1
    outer loop
      vertex 15.2 27.15 7.62939e-07
      vertex 13.758 30.8938 7.62939e-07
      vertex 13.9728 31.0772 7.62939e-07
    endloop
  endfacet
  facet normal 0 0 -1
    outer loop
      vertex 15.2 27.15 7.62939e-07
      vertex 13.5172 30.7462 7.62939e-07
      vertex 13.758 30.8938 7.62939e-07
    endloop
  endfacet
  facet normal 0 0 -1
    outer loop
      vertex 15.2 27.15 7.62939e-07
      vertex 13.2562 30.6381 7.62939e-07
      vertex 13.5172 30.7462 7.62939e-07
    endloop
  endfacet
  facet normal 0 0 -1
    outer loop
      vertex 15.2 27.15 7.62939e-07
      vertex 12.9816 30.5722 7.62939e-07
      vertex 13.2562 30.6381 7.62939e-07
    endloop
  endfacet
  facet normal 0 0 -1
    outer loop
      vertex 15.2 27.15 7.62939e-07
      vertex 12.7 30.55 7.62939e-07
      vertex 12.9816 30.5722 7.62939e-07
    endloop
  endfacet
  facet normal 0 0 -1
    outer loop
      vertex 10.2 27.15 7.62939e-07
      vertex 12.7 30.55 7.62939e-07
      vertex 15.2 27.15 7.62939e-07
    endloop
  endfacet
  facet normal -0 0 -1
    outer loop
      vertex 12.7 30.55 7.62939e-07
      vertex 10.2 27.15 7.62939e-07
      vertex 12.4184 30.5722 7.62939e-07
    endloop
  endfacet
  facet normal -0 0 -1
    outer loop
      vertex 12.4184 30.5722 7.62939e-07
      vertex 10.2 27.15 7.62939e-07
      vertex 12.1438 30.6381 7.62939e-07
    endloop
  endfacet
  facet normal -0 0 -1
    outer loop
      vertex 12.1438 30.6381 7.62939e-07
      vertex 10.2 27.15 7.62939e-07
      vertex 11.8828 30.7462 7.62939e-07
    endloop
  endfacet
  facet normal -0 0 -1
    outer loop
      vertex 11.8828 30.7462 7.62939e-07
      vertex 10.2 27.15 7.62939e-07
      vertex 11.642 30.8938 7.62939e-07
    endloop
  endfacet
  facet normal 0 0 -1
    outer loop
      vertex 5.05 25.45 7.62939e-07
      vertex 10.9881 31.7938 7.62939e-07
      vertex 6.8 25.45 7.62939e-07
    endloop
  endfacet
  facet normal 0 0 -1
    outer loop
      vertex 6.8 25.45 7.62939e-07
      vertex 10.9881 31.7938 7.62939e-07
      vertex 10.2 27.15 7.62939e-07
    endloop
  endfacet
  facet normal -0 0 -1
    outer loop
      vertex 11.0962 31.5328 7.62939e-07
      vertex 10.2 27.15 7.62939e-07
      vertex 10.9881 31.7938 7.62939e-07
    endloop
  endfacet
  facet normal -0 0 -1
    outer loop
      vertex 11.2438 31.292 7.62939e-07
      vertex 10.2 27.15 7.62939e-07
      vertex 11.0962 31.5328 7.62939e-07
    endloop
  endfacet
  facet normal -0 0 -1
    outer loop
      vertex 11.4272 31.0772 7.62939e-07
      vertex 10.2 27.15 7.62939e-07
      vertex 11.2438 31.292 7.62939e-07
    endloop
  endfacet
  facet normal -0 0 -1
    outer loop
      vertex 11.642 30.8938 7.62939e-07
      vertex 10.2 27.15 7.62939e-07
      vertex 11.4272 31.0772 7.62939e-07
    endloop
  endfacet
  facet normal 0 0 -1
    outer loop
      vertex 15.2 19.65 7.62939e-07
      vertex 19.1 19.35 7.62939e-07
      vertex 19.1 16.85 7.62939e-07
    endloop
  endfacet
  facet normal 0 0 -1
    outer loop
      vertex 15.2 19.65 7.62939e-07
      vertex 18.6 23.2 7.62939e-07
      vertex 18.6 21.65 7.62939e-07
    endloop
  endfacet
  facet normal 0 0 -1
    outer loop
      vertex 15.2 27.15 7.62939e-07
      vertex 18.6 23.2 7.62939e-07
      vertex 15.2 19.65 7.62939e-07
    endloop
  endfacet
  facet normal 0 0 -1
    outer loop
      vertex 18.6 23.2 7.62939e-07
      vertex 15.2 27.15 7.62939e-07
      vertex 18.6 23.9 7.62939e-07
    endloop
  endfacet
  facet normal 0 0 -1
    outer loop
      vertex 19.1 19.35 7.62939e-07
      vertex 15.2 19.65 7.62939e-07
      vertex 18.6 21.65 7.62939e-07
    endloop
  endfacet
  facet normal 0 0 -1
    outer loop
      vertex 19.1 16.85 7.62939e-07
      vertex 10.2 19.65 7.62939e-07
      vertex 15.2 19.65 7.62939e-07
    endloop
  endfacet
  facet normal 0 0 -1
    outer loop
      vertex 6.8 23.2 7.62939e-07
      vertex 10.2 19.65 7.62939e-07
      vertex 6.8 21.65 7.62939e-07
    endloop
  endfacet
  facet normal 0 0 -1
    outer loop
      vertex 6.3 16.85 7.62939e-07
      vertex 10.2 19.65 7.62939e-07
      vertex 19.1 16.85 7.62939e-07
    endloop
  endfacet
  facet normal 0 0 -1
    outer loop
      vertex 6.3 19.35 7.62939e-07
      vertex 10.2 19.65 7.62939e-07
      vertex 6.3 16.85 7.62939e-07
    endloop
  endfacet
  facet normal -0 0 -1
    outer loop
      vertex 10.2 19.65 7.62939e-07
      vertex 6.3 19.35 7.62939e-07
      vertex 6.8 21.65 7.62939e-07
    endloop
  endfacet
  facet normal 0 0 -1
    outer loop
      vertex 6.3 19.35 7.62939e-07
      vertex 5.05 21.65 7.62939e-07
      vertex 6.8 21.65 7.62939e-07
    endloop
  endfacet
  facet normal 0 0 -1
    outer loop
      vertex 4.35 23.2 7.62939e-07
      vertex 5.05 23.2 7.62939e-07
      vertex 5.05 21.65 7.62939e-07
    endloop
  endfacet
  facet normal 0 0 -1
    outer loop
      vertex 5.05 23.2 7.62939e-07
      vertex 4.35 23.2 7.62939e-07
      vertex 5.05 23.9 7.62939e-07
    endloop
  endfacet
  facet normal 0 0 -1
    outer loop
      vertex 4.35 23.2 7.62939e-07
      vertex 5.05 21.65 7.62939e-07
      vertex 4.35 21.65 7.62939e-07
    endloop
  endfacet
  facet normal 0 0 -1
    outer loop
      vertex 6.3 19.35 7.62939e-07
      vertex 4.35 21.65 7.62939e-07
      vertex 5.05 21.65 7.62939e-07
    endloop
  endfacet
  facet normal 0 0 -1
    outer loop
      vertex 6.3 19.35 7.62939e-07
      vertex 2.6 21.65 7.62939e-07
      vertex 4.35 21.65 7.62939e-07
    endloop
  endfacet
  facet normal 0 0 -1
    outer loop
      vertex 0 19.35 7.62939e-07
      vertex 2.6 23.2 7.62939e-07
      vertex 2.6 21.65 7.62939e-07
    endloop
  endfacet
  facet normal -0 0 -1
    outer loop
      vertex 2.6 23.2 7.62939e-07
      vertex 0 19.35 7.62939e-07
      vertex 2.6 23.9 7.62939e-07
    endloop
  endfacet
  facet normal 0 0 -1
    outer loop
      vertex 0 28.15 7.62939e-07
      vertex 2.6 23.9 7.62939e-07
      vertex 0 19.35 7.62939e-07
    endloop
  endfacet
  facet normal 0 0 -1
    outer loop
      vertex 0 19.35 7.62939e-07
      vertex 2.6 21.65 7.62939e-07
      vertex 6.3 19.35 7.62939e-07
    endloop
  endfacet
  facet normal 0 0 -1
    outer loop
      vertex 18.6 23.2 7.62939e-07
      vertex 20.35 23.9 7.62939e-07
      vertex 20.35 23.2 7.62939e-07
    endloop
  endfacet
  facet normal -0 0 -1
    outer loop
      vertex 20.35 23.9 7.62939e-07
      vertex 18.6 23.2 7.62939e-07
      vertex 18.6 23.9 7.62939e-07
    endloop
  endfacet
  facet normal 0 0 -1
    outer loop
      vertex 21.05 23.2 7.62939e-07
      vertex 22.8 23.9 7.62939e-07
      vertex 22.8 23.2 7.62939e-07
    endloop
  endfacet
  facet normal -0 0 -1
    outer loop
      vertex 22.8 23.9 7.62939e-07
      vertex 21.05 23.2 7.62939e-07
      vertex 21.05 23.9 7.62939e-07
    endloop
  endfacet
  facet normal 0 0 -1
    outer loop
      vertex 22.8 23.2 7.62939e-07
      vertex 25.4 19.35 7.62939e-07
      vertex 22.8 21.65 7.62939e-07
    endloop
  endfacet
  facet normal 0 0 -1
    outer loop
      vertex 19.1 19.35 7.62939e-07
      vertex 22.8 21.65 7.62939e-07
      vertex 25.4 19.35 7.62939e-07
    endloop
  endfacet
  facet normal 0 0 -1
    outer loop
      vertex 20.35 23.2 7.62939e-07
      vertex 21.05 23.2 7.62939e-07
      vertex 21.05 21.65 7.62939e-07
    endloop
  endfacet
  facet normal 0 0 -1
    outer loop
      vertex 21.05 23.2 7.62939e-07
      vertex 20.35 23.2 7.62939e-07
      vertex 21.05 23.9 7.62939e-07
    endloop
  endfacet
  facet normal 0 0 -1
    outer loop
      vertex 20.35 23.2 7.62939e-07
      vertex 21.05 21.65 7.62939e-07
      vertex 20.35 21.65 7.62939e-07
    endloop
  endfacet
  facet normal -0 0 -1
    outer loop
      vertex 22.8 21.65 7.62939e-07
      vertex 19.1 19.35 7.62939e-07
      vertex 21.05 21.65 7.62939e-07
    endloop
  endfacet
  facet normal -0 0 -1
    outer loop
      vertex 21.05 21.65 7.62939e-07
      vertex 19.1 19.35 7.62939e-07
      vertex 20.35 21.65 7.62939e-07
    endloop
  endfacet
  facet normal -0 0 -1
    outer loop
      vertex 20.35 21.65 7.62939e-07
      vertex 19.1 19.35 7.62939e-07
      vertex 18.6 21.65 7.62939e-07
    endloop
  endfacet
  facet normal 0 0 -1
    outer loop
      vertex 22.8 23.9 7.62939e-07
      vertex 25.4 19.35 7.62939e-07
      vertex 22.8 23.2 7.62939e-07
    endloop
  endfacet
  facet normal 0 0 -1
    outer loop
      vertex 25.4 19.35 7.62939e-07
      vertex 22.8 23.9 7.62939e-07
      vertex 25.4 28.15 7.62939e-07
    endloop
  endfacet
  facet normal 0 0 -1
    outer loop
      vertex 22.8 25.45 7.62939e-07
      vertex 25.4 28.15 7.62939e-07
      vertex 22.8 23.9 7.62939e-07
    endloop
  endfacet
  facet normal 0 0 -1
    outer loop
      vertex 21.05 25.45 7.62939e-07
      vertex 25.4 28.15 7.62939e-07
      vertex 22.8 25.45 7.62939e-07
    endloop
  endfacet
  facet normal 0 0 -1
    outer loop
      vertex 20.35 23.9 7.62939e-07
      vertex 21.05 23.9 7.62939e-07
      vertex 20.35 23.2 7.62939e-07
    endloop
  endfacet
  facet normal 0 0 -1
    outer loop
      vertex 21.05 23.9 7.62939e-07
      vertex 20.35 23.9 7.62939e-07
      vertex 21.05 25.45 7.62939e-07
    endloop
  endfacet
  facet normal 0 0 -1
    outer loop
      vertex 20.35 25.45 7.62939e-07
      vertex 21.05 25.45 7.62939e-07
      vertex 20.35 23.9 7.62939e-07
    endloop
  endfacet
  facet normal 0 0 -1
    outer loop
      vertex 20.35 25.45 7.62939e-07
      vertex 25.4 28.15 7.62939e-07
      vertex 21.05 25.45 7.62939e-07
    endloop
  endfacet
  facet normal 0 0 -1
    outer loop
      vertex 14.4778 32.0684 7.62939e-07
      vertex 20.35 25.45 7.62939e-07
      vertex 18.6 25.45 7.62939e-07
    endloop
  endfacet
  facet normal 0 0 -1
    outer loop
      vertex 18.6 23.9 7.62939e-07
      vertex 15.2 27.15 7.62939e-07
      vertex 18.6 25.45 7.62939e-07
    endloop
  endfacet
  facet normal 0 0 -1
    outer loop
      vertex 14.4119 31.7938 7.62939e-07
      vertex 18.6 25.45 7.62939e-07
      vertex 15.2 27.15 7.62939e-07
    endloop
  endfacet
  facet normal 0 0 -1
    outer loop
      vertex 14.4778 32.0684 7.62939e-07
      vertex 25.4 28.15 7.62939e-07
      vertex 20.35 25.45 7.62939e-07
    endloop
  endfacet
  facet normal 0 0 -1
    outer loop
      vertex 14.4778 32.6316 7.62939e-07
      vertex 25.4 28.15 7.62939e-07
      vertex 14.5 32.35 7.62939e-07
    endloop
  endfacet
  facet normal 0 0 -1
    outer loop
      vertex 14.4119 32.9062 7.62939e-07
      vertex 25.4 28.15 7.62939e-07
      vertex 14.4778 32.6316 7.62939e-07
    endloop
  endfacet
  facet normal 0 0 -1
    outer loop
      vertex 14.3038 33.1672 7.62939e-07
      vertex 25.4 28.15 7.62939e-07
      vertex 14.4119 32.9062 7.62939e-07
    endloop
  endfacet
  facet normal 0 0 -1
    outer loop
      vertex 14.1562 33.408 7.62939e-07
      vertex 25.4 28.15 7.62939e-07
      vertex 14.3038 33.1672 7.62939e-07
    endloop
  endfacet
  facet normal 0 0 -1
    outer loop
      vertex 12.7 40.05 7.62939e-07
      vertex 14.1562 33.408 7.62939e-07
      vertex 13.9728 33.6228 7.62939e-07
    endloop
  endfacet
  facet normal 0 0 -1
    outer loop
      vertex 12.7 40.05 7.62939e-07
      vertex 13.9728 33.6228 7.62939e-07
      vertex 13.758 33.8062 7.62939e-07
    endloop
  endfacet
  facet normal 0 0 -1
    outer loop
      vertex 12.7 40.05 7.62939e-07
      vertex 13.758 33.8062 7.62939e-07
      vertex 13.5172 33.9538 7.62939e-07
    endloop
  endfacet
  facet normal 0 0 -1
    outer loop
      vertex 14.1562 33.408 7.62939e-07
      vertex 12.7 40.05 7.62939e-07
      vertex 25.4 28.15 7.62939e-07
    endloop
  endfacet
  facet normal 0 0 -1
    outer loop
      vertex 13.2562 34.0619 7.62939e-07
      vertex 12.7 40.05 7.62939e-07
      vertex 13.5172 33.9538 7.62939e-07
    endloop
  endfacet
  facet normal 0 0 -1
    outer loop
      vertex 12.9816 34.1278 7.62939e-07
      vertex 12.7 40.05 7.62939e-07
      vertex 13.2562 34.0619 7.62939e-07
    endloop
  endfacet
  facet normal 0 0 -1
    outer loop
      vertex 12.7 34.15 7.62939e-07
      vertex 12.7 40.05 7.62939e-07
      vertex 12.9816 34.1278 7.62939e-07
    endloop
  endfacet
  facet normal 0 0 -1
    outer loop
      vertex 12.4184 34.1278 7.62939e-07
      vertex 12.7 40.05 7.62939e-07
      vertex 12.7 34.15 7.62939e-07
    endloop
  endfacet
  facet normal 0 0 -1
    outer loop
      vertex 12.1438 34.0619 7.62939e-07
      vertex 12.7 40.05 7.62939e-07
      vertex 12.4184 34.1278 7.62939e-07
    endloop
  endfacet
  facet normal 0 0 -1
    outer loop
      vertex 11.8828 33.9538 7.62939e-07
      vertex 12.7 40.05 7.62939e-07
      vertex 12.1438 34.0619 7.62939e-07
    endloop
  endfacet
  facet normal 0 0 -1
    outer loop
      vertex 11.642 33.8062 7.62939e-07
      vertex 12.7 40.05 7.62939e-07
      vertex 11.8828 33.9538 7.62939e-07
    endloop
  endfacet
  facet normal 0 0 -1
    outer loop
      vertex 11.4272 33.6228 7.62939e-07
      vertex 12.7 40.05 7.62939e-07
      vertex 11.642 33.8062 7.62939e-07
    endloop
  endfacet
  facet normal 0 0 -1
    outer loop
      vertex 11.2438 33.408 7.62939e-07
      vertex 12.7 40.05 7.62939e-07
      vertex 11.4272 33.6228 7.62939e-07
    endloop
  endfacet
  facet normal 0 0 -1
    outer loop
      vertex 11.0962 33.1672 7.62939e-07
      vertex 12.7 40.05 7.62939e-07
      vertex 11.2438 33.408 7.62939e-07
    endloop
  endfacet
  facet normal 0 0 -1
    outer loop
      vertex 0 28.15 7.62939e-07
      vertex 11.0962 33.1672 7.62939e-07
      vertex 10.9881 32.9062 7.62939e-07
    endloop
  endfacet
  facet normal 0 0 -1
    outer loop
      vertex 0 28.15 7.62939e-07
      vertex 10.9881 32.9062 7.62939e-07
      vertex 10.9222 32.6316 7.62939e-07
    endloop
  endfacet
  facet normal -0 0 -1
    outer loop
      vertex 10.9881 31.7938 7.62939e-07
      vertex 5.05 25.45 7.62939e-07
      vertex 10.9222 32.0684 7.62939e-07
    endloop
  endfacet
  facet normal 0 0 -1
    outer loop
      vertex 10.2 19.65 7.62939e-07
      vertex 6.8 23.2 7.62939e-07
      vertex 10.2 27.15 7.62939e-07
    endloop
  endfacet
  facet normal 0 0 -1
    outer loop
      vertex 6.8 23.9 7.62939e-07
      vertex 10.2 27.15 7.62939e-07
      vertex 6.8 23.2 7.62939e-07
    endloop
  endfacet
  facet normal 0 0 -1
    outer loop
      vertex 6.8 25.45 7.62939e-07
      vertex 10.2 27.15 7.62939e-07
      vertex 6.8 23.9 7.62939e-07
    endloop
  endfacet
  facet normal 0 0 -1
    outer loop
      vertex 0 28.15 7.62939e-07
      vertex 10.9222 32.0684 7.62939e-07
      vertex 5.05 25.45 7.62939e-07
    endloop
  endfacet
  facet normal -0 0 -1
    outer loop
      vertex 10.9222 32.0684 7.62939e-07
      vertex 0 28.15 7.62939e-07
      vertex 10.9 32.35 7.62939e-07
    endloop
  endfacet
  facet normal -0 0 -1
    outer loop
      vertex 10.9 32.35 7.62939e-07
      vertex 0 28.15 7.62939e-07
      vertex 10.9222 32.6316 7.62939e-07
    endloop
  endfacet
  facet normal 0 0 -1
    outer loop
      vertex 4.35 23.9 7.62939e-07
      vertex 5.05 23.9 7.62939e-07
      vertex 4.35 23.2 7.62939e-07
    endloop
  endfacet
  facet normal 0 0 -1
    outer loop
      vertex 5.05 23.9 7.62939e-07
      vertex 4.35 23.9 7.62939e-07
      vertex 5.05 25.45 7.62939e-07
    endloop
  endfacet
  facet normal 0 0 -1
    outer loop
      vertex 4.35 25.45 7.62939e-07
      vertex 5.05 25.45 7.62939e-07
      vertex 4.35 23.9 7.62939e-07
    endloop
  endfacet
  facet normal 0 0 -1
    outer loop
      vertex 0 28.15 7.62939e-07
      vertex 5.05 25.45 7.62939e-07
      vertex 4.35 25.45 7.62939e-07
    endloop
  endfacet
  facet normal 0 0 -1
    outer loop
      vertex 0 28.15 7.62939e-07
      vertex 4.35 25.45 7.62939e-07
      vertex 2.6 25.45 7.62939e-07
    endloop
  endfacet
  facet normal -0 0 -1
    outer loop
      vertex 11.0962 33.1672 7.62939e-07
      vertex 0 28.15 7.62939e-07
      vertex 12.7 40.05 7.62939e-07
    endloop
  endfacet
  facet normal 0 0 -1
    outer loop
      vertex 2.6 23.9 7.62939e-07
      vertex 0 28.15 7.62939e-07
      vertex 2.6 25.45 7.62939e-07
    endloop
  endfacet
  facet normal 0.68375 0.729716 0
    outer loop
      vertex 12.7 40.05 7.62939e-07
      vertex 25.2666 28.275 5.97091
      vertex 25.2666 28.275 2.60397
    endloop
  endfacet
  facet normal 0.683759 0.729708 -0
    outer loop
      vertex 25.4 28.15 7.62939e-07
      vertex 25.2666 28.275 2.60397
      vertex 25.4 28.15 2.57014
    endloop
  endfacet
  facet normal 0.68375 0.729716 -8.82622e-07
    outer loop
      vertex 12.7 40.05 7.62939e-07
      vertex 25.2666 28.275 2.60397
      vertex 25.4 28.15 7.62939e-07
    endloop
  endfacet
  facet normal 0.68375 0.729716 0
    outer loop
      vertex 25.2666 28.275 5.97091
      vertex 12.7 40.05 7.62939e-07
      vertex 12.7 40.05 9.15794
    endloop
  endfacet
  facet normal -1 0 0
    outer loop
      vertex 0 19.35 0.188319
      vertex 0 28.15 7.62939e-07
      vertex 0 19.35 7.62939e-07
    endloop
  endfacet
  facet normal -1 0 0
    outer loop
      vertex 0 28.15 7.62939e-07
      vertex 0 19.35 0.188319
      vertex 0 28.15 2.57014
    endloop
  endfacet
  facet normal 1 -0 0
    outer loop
      vertex 25.4 19.35 0.188319
      vertex 25.4 28.15 7.62939e-07
      vertex 25.4 28.15 2.57014
    endloop
  endfacet
  facet normal 1 0 0
    outer loop
      vertex 25.4 28.15 7.62939e-07
      vertex 25.4 19.35 0.188319
      vertex 25.4 19.35 7.62939e-07
    endloop
  endfacet
  facet normal 0.68375 -0.729716 0
    outer loop
      vertex 12.7 38.4055 1.2
      vertex 1.2 27.6299 2.42938
      vertex 1.2 27.6299 1.2
    endloop
  endfacet
  facet normal 0.68375 -0.729716 0
    outer loop
      vertex 1.2 27.6299 2.42938
      vertex 12.7 38.4055 1.2
      vertex 12.7 38.4055 5.34591
    endloop
  endfacet
  facet normal -0 0 1
    outer loop
      vertex 1.2 27.6299 1.2
      vertex 6.3 19.35 1.2
      vertex 12.7 38.4055 1.2
    endloop
  endfacet
  facet normal 0 0 1
    outer loop
      vertex 6.3 19.35 1.2
      vertex 1.2 27.6299 1.2
      vertex 1.5 23.0878 1.2
    endloop
  endfacet
  facet normal 0 0 1
    outer loop
      vertex 1.5 23.0878 1.2
      vertex 1.2 27.6299 1.2
      vertex 1.2 23.0878 1.2
    endloop
  endfacet
  facet normal 0 0 1
    outer loop
      vertex 24.2 27.6299 1.2
      vertex 23.9 23.0878 1.2
      vertex 24.2 23.0878 1.2
    endloop
  endfacet
  facet normal 0 0 1
    outer loop
      vertex 23.9 23.0878 1.2
      vertex 19.1 19.35 1.2
      vertex 23.9 19.35 1.2
    endloop
  endfacet
  facet normal 0 0 1
    outer loop
      vertex 24.2 27.6299 1.2
      vertex 19.1 19.35 1.2
      vertex 23.9 23.0878 1.2
    endloop
  endfacet
  facet normal 0 0 1
    outer loop
      vertex 12.7 38.4055 1.2
      vertex 19.1 19.35 1.2
      vertex 24.2 27.6299 1.2
    endloop
  endfacet
  facet normal 0 0 1
    outer loop
      vertex 6.3 19.35 1.2
      vertex 19.1 19.35 1.2
      vertex 12.7 38.4055 1.2
    endloop
  endfacet
  facet normal 0 0 1
    outer loop
      vertex 19.1 19.35 1.2
      vertex 6.3 19.35 1.2
      vertex 19.1 18.8095 1.2
    endloop
  endfacet
  facet normal 0 0 1
    outer loop
      vertex 19.1 18.8095 1.2
      vertex 6.3 19.35 1.2
      vertex 6.3 18.8095 1.2
    endloop
  endfacet
  facet normal 0 0 1
    outer loop
      vertex 6.3 19.35 1.2
      vertex 1.5 23.0878 1.2
      vertex 1.5 19.35 1.2
    endloop
  endfacet
  facet normal -0.68375 -0.729716 0
    outer loop
      vertex 12.7 38.4055 1.2
      vertex 24.2 27.6299 2.42938
      vertex 12.7 38.4055 5.34591
    endloop
  endfacet
  facet normal -0.68375 -0.729716 -0
    outer loop
      vertex 24.2 27.6299 2.42938
      vertex 12.7 38.4055 1.2
      vertex 24.2 27.6299 1.2
    endloop
  endfacet
  facet normal 1 0 -0
    outer loop
      vertex 1.2 27.6299 1.2
      vertex 1.2 27.6299 2.42938
      vertex 1.2 23.0878 1.2
    endloop
  endfacet
  facet normal -1 0 -0
    outer loop
      vertex 24.2 27.6299 2.42938
      vertex 24.2 27.6299 1.2
      vertex 24.2 23.0878 1.2
    endloop
  endfacet
  facet normal 0 -0.261242 0.965273
    outer loop
      vertex 24.0966 28.275 2.60397
      vertex 24.2 27.6299 2.42938
      vertex 25.2666 28.275 2.60397
    endloop
  endfacet
  facet normal 2.63471e-05 -0.261234 0.965276
    outer loop
      vertex 12.7 38.4055 5.34591
      vertex 24.0966 28.275 2.60397
      vertex 12.7 38.9537 5.49427
    endloop
  endfacet
  facet normal 2.16649e-05 -0.261239 0.965274
    outer loop
      vertex 24.0966 28.275 2.60397
      vertex 12.7 38.4055 5.34591
      vertex 24.2 27.6299 2.42938
    endloop
  endfacet
  facet normal -2.63471e-05 -0.261234 0.965276
    outer loop
      vertex 1.30341 28.275 2.60397
      vertex 12.7 38.4055 5.34591
      vertex 12.7 38.9537 5.49427
    endloop
  endfacet
  facet normal -2.16653e-05 -0.261239 0.965274
    outer loop
      vertex 1.30341 28.275 2.60397
      vertex 1.2 27.6299 2.42938
      vertex 12.7 38.4055 5.34591
    endloop
  endfacet
  facet normal 7.47991e-08 -0.261242 0.965273
    outer loop
      vertex 0 28.15 2.57014
      vertex 1.2 27.6299 2.42938
      vertex 0.133403 28.275 2.60397
    endloop
  endfacet
  facet normal 0 -0.261242 0.965273
    outer loop
      vertex 0.133403 28.275 2.60397
      vertex 1.2 27.6299 2.42938
      vertex 1.30341 28.275 2.60397
    endloop
  endfacet
  facet normal -7.47997e-08 -0.261242 0.965273
    outer loop
      vertex 24.2 27.6299 2.42938
      vertex 25.4 28.15 2.57014
      vertex 25.2666 28.275 2.60397
    endloop
  endfacet
  facet normal 9.65919e-06 -0.261263 0.965268
    outer loop
      vertex 25.4 28.15 2.57014
      vertex 24.2 27.6299 2.42938
      vertex 24.2 23.0878 1.2
    endloop
  endfacet
  facet normal 2.03531e-06 -0.261261 0.965268
    outer loop
      vertex 25.4 28.15 2.57014
      vertex 24.2 23.0878 1.2
      vertex 25.4 19.35 0.188319
    endloop
  endfacet
  facet normal 0 -0.261262 0.965268
    outer loop
      vertex 23.9 19.35 0.188319
      vertex 24.2 23.0878 1.2
      vertex 23.9 23.0878 1.2
    endloop
  endfacet
  facet normal 0 -0.261262 0.965268
    outer loop
      vertex 24.2 23.0878 1.2
      vertex 23.9 19.35 0.188319
      vertex 25.4 19.35 0.188319
    endloop
  endfacet
  facet normal 0 -0.261262 0.965268
    outer loop
      vertex 1.2 23.0878 1.2
      vertex 1.5 19.35 0.188319
      vertex 1.5 23.0878 1.2
    endloop
  endfacet
  facet normal -9.65919e-06 -0.261263 0.965268
    outer loop
      vertex 1.2 27.6299 2.42938
      vertex 0 28.15 2.57014
      vertex 1.2 23.0878 1.2
    endloop
  endfacet
  facet normal -2.03531e-06 -0.261261 0.965268
    outer loop
      vertex 0 19.35 0.188319
      vertex 1.2 23.0878 1.2
      vertex 0 28.15 2.57014
    endloop
  endfacet
  facet normal 0 -0.261262 0.965268
    outer loop
      vertex 1.2 23.0878 1.2
      vertex 0 19.35 0.188319
      vertex 1.5 19.35 0.188319
    endloop
  endfacet
  facet normal 0 -1 0
    outer loop
      vertex 0 19.35 0.188319
      vertex 0 19.35 7.62939e-07
      vertex 1.5 19.35 0.188319
    endloop
  endfacet
  facet normal 0 -1 0
    outer loop
      vertex 1.5 19.35 0.188319
      vertex 6.3 19.35 1.2
      vertex 1.5 19.35 1.2
    endloop
  endfacet
  facet normal 0 -1 0
    outer loop
      vertex 1.5 19.35 0.188319
      vertex 6.3 19.35 7.62939e-07
      vertex 6.3 19.35 1.2
    endloop
  endfacet
  facet normal 0 -1 0
    outer loop
      vertex 6.3 19.35 7.62939e-07
      vertex 1.5 19.35 0.188319
      vertex 0 19.35 7.62939e-07
    endloop
  endfacet
  facet normal 0 -1 0
    outer loop
      vertex 19.1 19.35 1.2
      vertex 23.9 19.35 0.188319
      vertex 23.9 19.35 1.2
    endloop
  endfacet
  facet normal 0 -1 0
    outer loop
      vertex 19.1 19.35 7.62939e-07
      vertex 23.9 19.35 0.188319
      vertex 19.1 19.35 1.2
    endloop
  endfacet
  facet normal 0 -1 0
    outer loop
      vertex 25.4 19.35 7.62939e-07
      vertex 23.9 19.35 0.188319
      vertex 19.1 19.35 7.62939e-07
    endloop
  endfacet
  facet normal 0 -1 0
    outer loop
      vertex 23.9 19.35 0.188319
      vertex 25.4 19.35 7.62939e-07
      vertex 25.4 19.35 0.188319
    endloop
  endfacet
  facet normal 0.682066 -0.731262 0.00644964
    outer loop
      vertex 12.7 38.9537 8.86121
      vertex 7.59736 34.1725 6.38516
      vertex 7.60946 34.1838 6.38675
    endloop
  endfacet
  facet normal 0.683752 -0.729715 -1.00575e-05
    outer loop
      vertex 1.30341 28.275 5.97091
      vertex 7.59736 34.1725 6.38516
      vertex 12.7 38.9537 8.86121
    endloop
  endfacet
  facet normal 0.68377 -0.729697 -0.000549526
    outer loop
      vertex 7.59736 34.1725 6.38516
      vertex 1.30341 28.275 5.97091
      vertex 7.50171 34.0829 6.34554
    endloop
  endfacet
  facet normal 0.683322 -0.73002 0.0118772
    outer loop
      vertex 1.30341 28.275 5.97091
      vertex 7.49802 34.0794 6.34271
      vertex 7.50171 34.0829 6.34554
    endloop
  endfacet
  facet normal 0.683763 -0.729704 -0.000401147
    outer loop
      vertex 1.30341 28.275 5.97091
      vertex 7.45648 34.0405 6.2978
      vertex 7.49802 34.0794 6.34271
    endloop
  endfacet
  facet normal 0.683752 -0.729715 -7.33803e-06
    outer loop
      vertex 1.30341 28.275 5.97091
      vertex 7.4314 34.017 6.27069
      vertex 7.45648 34.0405 6.2978
    endloop
  endfacet
  facet normal 0.683734 -0.729731 0.000681986
    outer loop
      vertex 1.30341 28.275 5.97091
      vertex 7.39038 33.9785 6.20045
      vertex 7.4314 34.017 6.27069
    endloop
  endfacet
  facet normal 0.68376 -0.729706 -0.000642358
    outer loop
      vertex 1.30341 28.275 5.97091
      vertex 7.38514 33.9736 6.18902
      vertex 7.39038 33.9785 6.20045
    endloop
  endfacet
  facet normal 0.683876 -0.729556 -0.00780453
    outer loop
      vertex 1.30341 28.275 5.97091
      vertex 7.38328 33.9719 6.18495
      vertex 7.38514 33.9736 6.18902
    endloop
  endfacet
  facet normal 0.683754 -0.729713 -0.000166583
    outer loop
      vertex 1.30341 28.275 5.97091
      vertex 7.3648 33.9546 6.11444
      vertex 7.38328 33.9719 6.18495
    endloop
  endfacet
  facet normal 0.683735 -0.729729 0.00129273
    outer loop
      vertex 1.30341 28.275 5.97091
      vertex 7.35929 33.9494 6.09339
      vertex 7.3648 33.9546 6.11444
    endloop
  endfacet
  facet normal 0.683753 -0.729713 -0.000364262
    outer loop
      vertex 1.30341 28.275 5.97091
      vertex 7.35682 33.9471 6.06448
      vertex 7.35929 33.9494 6.09339
    endloop
  endfacet
  facet normal 0.68375 -0.729716 6.72443e-05
    outer loop
      vertex 1.30341 28.275 5.97091
      vertex 7.35149 33.9421 6.00209
      vertex 7.35682 33.9471 6.06448
    endloop
  endfacet
  facet normal 0.68375 -0.729716 -6.71958e-05
    outer loop
      vertex 1.30341 28.275 5.97091
      vertex 7.35682 33.9471 5.93971
      vertex 7.35149 33.9421 6.00209
    endloop
  endfacet
  facet normal 0.683751 -0.729715 0.000363942
    outer loop
      vertex 1.30341 28.275 5.97091
      vertex 7.35929 33.9494 5.9108
      vertex 7.35682 33.9471 5.93971
    endloop
  endfacet
  facet normal 0.683742 -0.729723 -0.00128923
    outer loop
      vertex 1.30341 28.275 5.97091
      vertex 7.3648 33.9546 5.88975
      vertex 7.35929 33.9494 5.9108
    endloop
  endfacet
  facet normal 0.683753 -0.729713 0.000166132
    outer loop
      vertex 1.30341 28.275 5.97091
      vertex 7.38328 33.9719 5.81924
      vertex 7.3648 33.9546 5.88975
    endloop
  endfacet
  facet normal 0.683833 -0.729597 0.00776795
    outer loop
      vertex 1.30341 28.275 5.97091
      vertex 7.38514 33.9736 5.81517
      vertex 7.38328 33.9719 5.81924
    endloop
  endfacet
  facet normal 0.683757 -0.72971 0.000639305
    outer loop
      vertex 1.30341 28.275 5.97091
      vertex 7.39038 33.9785 5.80374
      vertex 7.38514 33.9736 5.81517
    endloop
  endfacet
  facet normal 0.683747 -0.729719 0
    outer loop
      vertex 1.30341 28.275 2.60397
      vertex 7.39038 33.9785 5.80374
      vertex 1.30341 28.275 5.97091
    endloop
  endfacet
  facet normal 0.68389 -0.729585 -0.000510204
    outer loop
      vertex 7.39038 33.9785 5.80374
      vertex 1.30341 28.275 2.60397
      vertex 7.4314 34.017 5.7335
    endloop
  endfacet
  facet normal 0.68375 -0.729716 4.75682e-06
    outer loop
      vertex 7.4314 34.017 5.7335
      vertex 1.30341 28.275 2.60397
      vertex 7.45648 34.0405 5.70638
    endloop
  endfacet
  facet normal 0.683682 -0.72978 0.000260188
    outer loop
      vertex 7.45648 34.0405 5.70638
      vertex 1.30341 28.275 2.60397
      vertex 7.49802 34.0794 5.66148
    endloop
  endfacet
  facet normal 0.685479 -0.728062 -0.00664308
    outer loop
      vertex 7.49802 34.0794 5.66148
      vertex 1.30341 28.275 2.60397
      vertex 7.50171 34.0829 5.65865
    endloop
  endfacet
  facet normal 0.683696 -0.729766 0.000214354
    outer loop
      vertex 7.50171 34.0829 5.65865
      vertex 1.30341 28.275 2.60397
      vertex 7.59736 34.1725 5.61903
    endloop
  endfacet
  facet normal 0.683747 -0.729719 2.17316e-05
    outer loop
      vertex 7.7 34.2687 5.62825
      vertex 1.30341 28.275 2.60397
      vertex 12.7 38.9537 5.49427
    endloop
  endfacet
  facet normal 0.682793 -0.730603 0.00373701
    outer loop
      vertex 7.59736 34.1725 5.61903
      vertex 1.30341 28.275 2.60397
      vertex 7.60946 34.1838 5.61743
    endloop
  endfacet
  facet normal 0.683619 -0.729839 0.000512565
    outer loop
      vertex 7.6574 34.2287 6.38103
      vertex 12.7 38.9537 8.86121
      vertex 7.60946 34.1838 6.38675
    endloop
  endfacet
  facet normal 0.684361 -0.72914 -0.00232641
    outer loop
      vertex 7.7 34.2687 6.37594
      vertex 12.7 38.9537 8.86121
      vertex 7.6574 34.2287 6.38103
    endloop
  endfacet
  facet normal 0.683334 -0.730104 0.0015553
    outer loop
      vertex 7.71711 34.2847 6.36939
      vertex 12.7 38.9537 8.86121
      vertex 7.7 34.2687 6.37594
    endloop
  endfacet
  facet normal 0.683628 -0.72983 0.000455056
    outer loop
      vertex 7.786 34.3492 6.32305
      vertex 12.7 38.9537 8.86121
      vertex 7.71711 34.2847 6.36939
    endloop
  endfacet
  facet normal 0.683848 -0.729625 -0.000342628
    outer loop
      vertex 7.81362 34.3751 6.29558
      vertex 12.7 38.9537 8.86121
      vertex 7.786 34.3492 6.32305
    endloop
  endfacet
  facet normal 0.683916 -0.729561 -0.000586084
    outer loop
      vertex 7.83397 34.3942 6.26669
      vertex 12.7 38.9537 8.86121
      vertex 7.81362 34.3751 6.29558
    endloop
  endfacet
  facet normal 0.683962 -0.729517 -0.000749355
    outer loop
      vertex 7.8443 34.4039 6.25202
      vertex 12.7 38.9537 8.86121
      vertex 7.83397 34.3942 6.26669
    endloop
  endfacet
  facet normal 0.683593 -0.729863 0.000540347
    outer loop
      vertex 7.86173 34.4202 6.21824
      vertex 12.7 38.9537 8.86121
      vertex 7.8443 34.4039 6.25202
    endloop
  endfacet
  facet normal 0.683504 -0.729947 0.000847016
    outer loop
      vertex 7.88025 34.4375 6.18234
      vertex 12.7 38.9537 8.86121
      vertex 7.86173 34.4202 6.21824
    endloop
  endfacet
  facet normal 0.68376 -0.729706 7.87454e-05
    outer loop
      vertex 12.7 38.9537 5.49427
      vertex 7.88025 34.4375 6.18234
      vertex 7.89242 34.4489 6.14791
    endloop
  endfacet
  facet normal 0.683715 -0.729749 -0.000552326
    outer loop
      vertex 12.7 38.9537 5.49427
      vertex 7.89242 34.4489 6.14791
      vertex 7.89891 34.455 6.12227
    endloop
  endfacet
  facet normal 0.683817 -0.729653 0.000921767
    outer loop
      vertex 12.7 38.9537 5.49427
      vertex 7.89891 34.455 6.12227
      vertex 7.90009 34.4561 6.11762
    endloop
  endfacet
  facet normal 0.683161 -0.730221 -0.00822767
    outer loop
      vertex 12.7 38.9537 5.49427
      vertex 7.90009 34.4561 6.11762
      vertex 7.90108 34.4571 6.11107
    endloop
  endfacet
  facet normal 0.683744 -0.729722 -5.59368e-05
    outer loop
      vertex 12.7 38.9537 5.49427
      vertex 7.90108 34.4571 6.11107
      vertex 7.90908 34.4646 6.05812
    endloop
  endfacet
  facet normal 0.683753 -0.729713 8.9193e-05
    outer loop
      vertex 12.7 38.9537 5.49427
      vertex 7.90908 34.4646 6.05812
      vertex 7.91122 34.4666 6.01546
    endloop
  endfacet
  facet normal 0.683836 -0.729635 0.00152499
    outer loop
      vertex 12.7 38.9537 5.49427
      vertex 7.91122 34.4666 6.01546
      vertex 7.91189 34.4672 6.00209
    endloop
  endfacet
  facet normal 0.683664 -0.729795 -0.0015092
    outer loop
      vertex 12.7 38.9537 5.49427
      vertex 7.91189 34.4672 6.00209
      vertex 7.91122 34.4666 5.98872
    endloop
  endfacet
  facet normal 0.683743 -0.729723 -8.82707e-05
    outer loop
      vertex 12.7 38.9537 5.49427
      vertex 7.91122 34.4666 5.98872
      vertex 7.90908 34.4646 5.94607
    endloop
  endfacet
  facet normal 0.68375 -0.729716 5.41598e-05
    outer loop
      vertex 12.7 38.9537 5.49427
      vertex 7.90908 34.4646 5.94607
      vertex 7.90108 34.4571 5.89311
    endloop
  endfacet
  facet normal 0.684079 -0.729365 0.00797041
    outer loop
      vertex 12.7 38.9537 5.49427
      vertex 7.90108 34.4571 5.89311
      vertex 7.90009 34.4561 5.88657
    endloop
  endfacet
  facet normal 0.683715 -0.729748 -0.000873392
    outer loop
      vertex 12.7 38.9537 5.49427
      vertex 7.90009 34.4561 5.88657
      vertex 7.89891 34.455 5.88192
    endloop
  endfacet
  facet normal 0.683776 -0.729692 0.000523302
    outer loop
      vertex 12.7 38.9537 5.49427
      vertex 7.89891 34.455 5.88192
      vertex 7.89242 34.4489 5.85628
    endloop
  endfacet
  facet normal 0.683752 -0.729715 -7.30184e-05
    outer loop
      vertex 12.7 38.9537 5.49427
      vertex 7.89242 34.4489 5.85628
      vertex 7.88025 34.4375 5.82185
    endloop
  endfacet
  facet normal 0.683716 -0.729747 -0.00105267
    outer loop
      vertex 12.7 38.9537 5.49427
      vertex 7.88025 34.4375 5.82185
      vertex 7.86173 34.4202 5.78595
    endloop
  endfacet
  facet normal 0.683729 -0.729736 -0.000671446
    outer loop
      vertex 12.7 38.9537 5.49427
      vertex 7.86173 34.4202 5.78595
      vertex 7.8443 34.4039 5.75216
    endloop
  endfacet
  facet normal 0.683775 -0.729692 0.00099655
    outer loop
      vertex 12.7 38.9537 5.49427
      vertex 7.8443 34.4039 5.75216
      vertex 7.83397 34.3942 5.7375
    endloop
  endfacet
  facet normal 0.68377 -0.729697 0.000778929
    outer loop
      vertex 12.7 38.9537 5.49427
      vertex 7.83397 34.3942 5.7375
      vertex 7.81362 34.3751 5.70861
    endloop
  endfacet
  facet normal 0.683763 -0.729704 0.000501276
    outer loop
      vertex 12.7 38.9537 5.49427
      vertex 7.81362 34.3751 5.70861
      vertex 7.786 34.3492 5.68113
    endloop
  endfacet
  facet normal 0.683757 -0.72971 0.000169473
    outer loop
      vertex 12.7 38.9537 5.49427
      vertex 7.786 34.3492 5.68113
      vertex 7.75655 34.3216 5.66133
    endloop
  endfacet
  facet normal 0.683727 -0.729737 -0.00146553
    outer loop
      vertex 12.7 38.9537 5.49427
      vertex 7.75655 34.3216 5.66133
      vertex 7.71711 34.2847 5.63479
    endloop
  endfacet
  facet normal 0.683755 -0.729712 0
    outer loop
      vertex 7.88025 34.4375 6.18234
      vertex 12.7 38.9537 5.49427
      vertex 12.7 38.9537 8.86121
    endloop
  endfacet
  facet normal 0.683695 -0.72976 -0.00334407
    outer loop
      vertex 7.7 34.2687 5.62825
      vertex 12.7 38.9537 5.49427
      vertex 7.71711 34.2847 5.63479
    endloop
  endfacet
  facet normal 0.68476 -0.728757 -0.00402681
    outer loop
      vertex 1.30341 28.275 2.60397
      vertex 7.7 34.2687 5.62825
      vertex 7.6574 34.2287 5.62316
    endloop
  endfacet
  facet normal 0.683532 -0.72992 0.000850496
    outer loop
      vertex 1.30341 28.275 2.60397
      vertex 7.6574 34.2287 5.62316
      vertex 7.60946 34.1838 5.61743
    endloop
  endfacet
  facet normal -0.683864 -0.72961 -0.000421228
    outer loop
      vertex 12.7 38.9537 8.86121
      vertex 17.7426 34.2287 6.38103
      vertex 17.7905 34.1838 6.38675
    endloop
  endfacet
  facet normal -0.683629 -0.729829 0.000473835
    outer loop
      vertex 12.7 38.9537 8.86121
      vertex 17.7 34.2686 6.37594
      vertex 17.7426 34.2287 6.38103
    endloop
  endfacet
  facet normal -0.684736 -0.728782 -0.00372671
    outer loop
      vertex 12.7 38.9537 8.86121
      vertex 17.6829 34.2847 6.36939
      vertex 17.7 34.2686 6.37594
    endloop
  endfacet
  facet normal -0.683605 -0.729852 0.000538514
    outer loop
      vertex 12.7 38.9537 8.86121
      vertex 17.614 34.3492 6.32305
      vertex 17.6829 34.2847 6.36939
    endloop
  endfacet
  facet normal -0.683549 -0.729904 0.00074209
    outer loop
      vertex 12.7 38.9537 8.86121
      vertex 17.6016 34.3608 6.31076
      vertex 17.614 34.3492 6.32305
    endloop
  endfacet
  facet normal -0.684255 -0.729241 -0.00180936
    outer loop
      vertex 12.7 38.9537 8.86121
      vertex 17.5864 34.3751 6.29558
      vertex 17.6016 34.3608 6.31076
    endloop
  endfacet
  facet normal -0.683866 -0.729608 -0.00041364
    outer loop
      vertex 12.7 38.9537 8.86121
      vertex 17.5557 34.4039 6.25203
      vertex 17.5864 34.3751 6.29558
    endloop
  endfacet
  facet normal -0.683729 -0.729736 6.48309e-05
    outer loop
      vertex 12.7 38.9537 8.86121
      vertex 17.5383 34.4202 6.21824
      vertex 17.5557 34.4039 6.25203
    endloop
  endfacet
  facet normal -0.683588 -0.729868 0.000548114
    outer loop
      vertex 12.7 38.9537 8.86121
      vertex 17.5198 34.4375 6.18234
      vertex 17.5383 34.4202 6.21824
    endloop
  endfacet
  facet normal -0.683751 -0.729716 0
    outer loop
      vertex 12.7 38.9537 5.49427
      vertex 17.5198 34.4375 6.18234
      vertex 12.7 38.9537 8.86121
    endloop
  endfacet
  facet normal -0.683804 -0.729665 0.00070337
    outer loop
      vertex 17.5198 34.4375 6.18234
      vertex 12.7 38.9537 5.49427
      vertex 17.5076 34.4489 6.1479
    endloop
  endfacet
  facet normal -0.683733 -0.729732 -0.000277
    outer loop
      vertex 17.5076 34.4489 6.1479
      vertex 12.7 38.9537 5.49427
      vertex 17.5011 34.455 6.12227
    endloop
  endfacet
  facet normal -0.684023 -0.729449 0.00396418
    outer loop
      vertex 17.5011 34.455 6.12227
      vertex 12.7 38.9537 5.49427
      vertex 17.4999 34.4561 6.11762
    endloop
  endfacet
  facet normal -0.683241 -0.730158 -0.00717391
    outer loop
      vertex 17.4999 34.4561 6.11762
      vertex 12.7 38.9537 5.49427
      vertex 17.4989 34.4571 6.11108
    endloop
  endfacet
  facet normal -0.683746 -0.72972 -5.5487e-05
    outer loop
      vertex 17.4989 34.4571 6.11108
      vertex 12.7 38.9537 5.49427
      vertex 17.4909 34.4646 6.05812
    endloop
  endfacet
  facet normal -0.683714 -0.72975 -0.000555548
    outer loop
      vertex 17.4909 34.4646 6.05812
      vertex 12.7 38.9537 5.49427
      vertex 17.4888 34.4666 6.01546
    endloop
  endfacet
  facet normal -0.683921 -0.72955 0.00306768
    outer loop
      vertex 17.4888 34.4666 6.01546
      vertex 12.7 38.9537 5.49427
      vertex 17.4881 34.4672 6.00209
    endloop
  endfacet
  facet normal -0.683576 -0.729873 -0.00303515
    outer loop
      vertex 17.4881 34.4672 6.00209
      vertex 12.7 38.9537 5.49427
      vertex 17.4888 34.4666 5.98872
    endloop
  endfacet
  facet normal -0.683777 -0.729691 0.000549861
    outer loop
      vertex 17.4888 34.4666 5.98872
      vertex 12.7 38.9537 5.49427
      vertex 17.4909 34.4646 5.94607
    endloop
  endfacet
  facet normal -0.683752 -0.729715 5.37346e-05
    outer loop
      vertex 17.4909 34.4646 5.94607
      vertex 12.7 38.9537 5.49427
      vertex 17.4989 34.4571 5.89311
    endloop
  endfacet
  facet normal -0.68404 -0.729412 0.00693757
    outer loop
      vertex 17.4989 34.4571 5.89311
      vertex 12.7 38.9537 5.49427
      vertex 17.4999 34.4561 5.88657
    endloop
  endfacet
  facet normal -0.683739 -0.729727 -0.000355317
    outer loop
      vertex 17.4999 34.4561 5.88657
      vertex 12.7 38.9537 5.49427
      vertex 17.5076 34.4489 5.85629
    endloop
  endfacet
  facet normal -0.683727 -0.729738 -0.00065198
    outer loop
      vertex 17.5076 34.4489 5.85629
      vertex 12.7 38.9537 5.49427
      vertex 17.5198 34.4375 5.82184
    endloop
  endfacet
  facet normal -0.683726 -0.729739 -0.000681307
    outer loop
      vertex 17.5198 34.4375 5.82184
      vertex 12.7 38.9537 5.49427
      vertex 17.5383 34.4202 5.78595
    endloop
  endfacet
  facet normal -0.683745 -0.729721 -8.05647e-05
    outer loop
      vertex 17.5383 34.4202 5.78595
      vertex 12.7 38.9537 5.49427
      vertex 17.5557 34.4039 5.75216
    endloop
  endfacet
  facet normal -0.683812 -0.729654 0.00234536
    outer loop
      vertex 17.5557 34.4039 5.75216
      vertex 12.7 38.9537 5.49427
      vertex 17.566 34.3942 5.7375
    endloop
  endfacet
  facet normal -0.683742 -0.729724 -0.000367016
    outer loop
      vertex 17.566 34.3942 5.7375
      vertex 12.7 38.9537 5.49427
      vertex 17.5864 34.3751 5.70861
    endloop
  endfacet
  facet normal -0.683773 -0.729694 0.000980601
    outer loop
      vertex 17.5864 34.3751 5.70861
      vertex 12.7 38.9537 5.49427
      vertex 17.614 34.3492 5.68113
    endloop
  endfacet
  facet normal -0.683789 -0.729678 0.00180291
    outer loop
      vertex 17.614 34.3492 5.68113
      vertex 12.7 38.9537 5.49427
      vertex 17.6434 34.3216 5.66132
    endloop
  endfacet
  facet normal -0.683549 -0.729904 0.000781036
    outer loop
      vertex 17.7 34.2686 5.62825
      vertex 24.0966 28.275 2.60397
      vertex 17.7426 34.2287 5.62316
    endloop
  endfacet
  facet normal -0.683754 -0.729712 -3.24549e-05
    outer loop
      vertex 24.0966 28.275 2.60397
      vertex 17.7 34.2686 5.62825
      vertex 12.7 38.9537 5.49427
    endloop
  endfacet
  facet normal -0.683847 -0.729581 0.00802307
    outer loop
      vertex 17.6829 34.2847 5.63479
      vertex 12.7 38.9537 5.49427
      vertex 17.7 34.2686 5.62825
    endloop
  endfacet
  facet normal -0.683701 -0.729756 -0.00294817
    outer loop
      vertex 17.6434 34.3216 5.66132
      vertex 12.7 38.9537 5.49427
      vertex 17.6829 34.2847 5.63479
    endloop
  endfacet
  facet normal -0.682065 -0.731263 0.00646476
    outer loop
      vertex 17.8026 34.1725 6.38516
      vertex 12.7 38.9537 8.86121
      vertex 17.7905 34.1838 6.38675
    endloop
  endfacet
  facet normal -0.683726 -0.729738 0.000629965
    outer loop
      vertex 24.0966 28.275 5.97091
      vertex 17.8026 34.1725 6.38516
      vertex 17.8983 34.0828 6.34554
    endloop
  endfacet
  facet normal -0.683737 -0.729728 0.000418105
    outer loop
      vertex 24.0966 28.275 5.97091
      vertex 17.9822 34.0042 6.24736
      vertex 18.0096 33.9785 6.20045
    endloop
  endfacet
  facet normal -0.683748 -0.729718 1.56718e-05
    outer loop
      vertex 17.8026 34.1725 6.38516
      vertex 24.0966 28.275 5.97091
      vertex 12.7 38.9537 8.86121
    endloop
  endfacet
  facet normal -0.684229 -0.729027 -0.0187114
    outer loop
      vertex 17.902 34.0794 6.34271
      vertex 24.0966 28.275 5.97091
      vertex 17.8983 34.0828 6.34554
    endloop
  endfacet
  facet normal -0.683752 -0.729714 -5.19526e-05
    outer loop
      vertex 17.9686 34.017 6.27069
      vertex 24.0966 28.275 5.97091
      vertex 17.902 34.0794 6.34271
    endloop
  endfacet
  facet normal -0.683702 -0.729759 0.00182428
    outer loop
      vertex 17.9822 34.0042 6.24736
      vertex 24.0966 28.275 5.97091
      vertex 17.9686 34.017 6.27069
    endloop
  endfacet
  facet normal -0.683794 -0.729671 -0.00252343
    outer loop
      vertex 18.0167 33.9719 6.18495
      vertex 24.0966 28.275 5.97091
      vertex 18.0096 33.9785 6.20045
    endloop
  endfacet
  facet normal -0.683756 -0.729711 -0.000361442
    outer loop
      vertex 18.0352 33.9546 6.11444
      vertex 24.0966 28.275 5.97091
      vertex 18.0167 33.9719 6.18495
    endloop
  endfacet
  facet normal -0.68373 -0.729733 0.00161988
    outer loop
      vertex 18.0407 33.9494 6.09339
      vertex 24.0966 28.275 5.97091
      vertex 18.0352 33.9546 6.11444
    endloop
  endfacet
  facet normal -0.683757 -0.729709 -0.000875854
    outer loop
      vertex 18.0459 33.9446 6.03295
      vertex 24.0966 28.275 5.97091
      vertex 18.0407 33.9494 6.09339
    endloop
  endfacet
  facet normal -0.683744 -0.72972 0.00150897
    outer loop
      vertex 18.0485 33.9421 6.00209
      vertex 24.0966 28.275 5.97091
      vertex 18.0459 33.9446 6.03295
    endloop
  endfacet
  facet normal -0.683752 -0.729713 -0.00150813
    outer loop
      vertex 18.0459 33.9446 5.97124
      vertex 24.0966 28.275 5.97091
      vertex 18.0485 33.9421 6.00209
    endloop
  endfacet
  facet normal -0.683753 -0.729713 0.000875083
    outer loop
      vertex 18.0407 33.9494 5.9108
      vertex 24.0966 28.275 5.97091
      vertex 18.0459 33.9446 5.97124
    endloop
  endfacet
  facet normal -0.683744 -0.729721 -0.000695472
    outer loop
      vertex 18.0188 33.97 5.82704
      vertex 24.0966 28.275 5.97091
      vertex 18.0407 33.9494 5.9108
    endloop
  endfacet
  facet normal -0.68382 -0.729623 0.00637667
    outer loop
      vertex 18.0167 33.9719 5.81924
      vertex 24.0966 28.275 5.97091
      vertex 18.0188 33.97 5.82704
    endloop
  endfacet
  facet normal -0.683715 -0.729745 -0.0024276
    outer loop
      vertex 18.0149 33.9736 5.81517
      vertex 24.0966 28.275 5.97091
      vertex 18.0167 33.9719 5.81924
    endloop
  endfacet
  facet normal -0.683802 -0.729655 0.00426919
    outer loop
      vertex 18.0096 33.9785 5.80373
      vertex 24.0966 28.275 5.97091
      vertex 18.0149 33.9736 5.81517
    endloop
  endfacet
  facet normal -0.683833 -0.729638 -0.000312802
    outer loop
      vertex 24.0966 28.275 2.60397
      vertex 18.0096 33.9785 5.80373
      vertex 17.9822 34.0042 5.75682
    endloop
  endfacet
  facet normal -0.684122 -0.729367 -0.0013654
    outer loop
      vertex 24.0966 28.275 2.60397
      vertex 17.9822 34.0042 5.75682
      vertex 17.9686 34.017 5.7335
    endloop
  endfacet
  facet normal -0.683742 -0.729724 3.36886e-05
    outer loop
      vertex 24.0966 28.275 2.60397
      vertex 17.9686 34.017 5.7335
      vertex 17.902 34.0794 5.66147
    endloop
  endfacet
  facet normal -0.680935 -0.732268 0.0105494
    outer loop
      vertex 24.0966 28.275 2.60397
      vertex 17.902 34.0794 5.66147
      vertex 17.8983 34.0828 5.65865
    endloop
  endfacet
  facet normal -0.683811 -0.729659 -0.000245589
    outer loop
      vertex 24.0966 28.275 2.60397
      vertex 17.8983 34.0828 5.65865
      vertex 17.8026 34.1725 5.61903
    endloop
  endfacet
  facet normal -0.682792 -0.730603 0.00372814
    outer loop
      vertex 24.0966 28.275 2.60397
      vertex 17.8026 34.1725 5.61903
      vertex 17.7905 34.1838 5.61743
    endloop
  endfacet
  facet normal -0.683746 -0.72972 0
    outer loop
      vertex 18.0096 33.9785 5.80373
      vertex 24.0966 28.275 2.60397
      vertex 24.0966 28.275 5.97091
    endloop
  endfacet
  facet normal -0.683939 -0.729539 -0.00075758
    outer loop
      vertex 17.7426 34.2287 5.62316
      vertex 24.0966 28.275 2.60397
      vertex 17.7905 34.1838 5.61743
    endloop
  endfacet
  facet normal 0 -1 0
    outer loop
      vertex 0.133403 28.275 2.60397
      vertex 1.30341 28.275 5.97091
      vertex 0.133403 28.275 5.97091
    endloop
  endfacet
  facet normal 0 -1 -0
    outer loop
      vertex 1.30341 28.275 5.97091
      vertex 0.133403 28.275 2.60397
      vertex 1.30341 28.275 2.60397
    endloop
  endfacet
  facet normal 0 -1 0
    outer loop
      vertex 24.0966 28.275 2.60397
      vertex 25.2666 28.275 5.97091
      vertex 24.0966 28.275 5.97091
    endloop
  endfacet
  facet normal 0 -1 -0
    outer loop
      vertex 25.2666 28.275 5.97091
      vertex 24.0966 28.275 2.60397
      vertex 25.2666 28.275 2.60397
    endloop
  endfacet
  facet normal 0 -0.26126 0.965268
    outer loop
      vertex 12.7 40.05 9.15794
      vertex 24.0966 28.275 5.97091
      vertex 25.2666 28.275 5.97091
    endloop
  endfacet
  facet normal -4.23072e-06 -0.261264 0.965267
    outer loop
      vertex 12.7 40.05 9.15794
      vertex 12.7 38.9537 8.86121
      vertex 24.0966 28.275 5.97091
    endloop
  endfacet
  facet normal 4.23072e-06 -0.261264 0.965267
    outer loop
      vertex 12.7 40.05 9.15794
      vertex 1.30341 28.275 5.97091
      vertex 12.7 38.9537 8.86121
    endloop
  endfacet
  facet normal 0 -0.26126 0.965268
    outer loop
      vertex 1.30341 28.275 5.97091
      vertex 12.7 40.05 9.15794
      vertex 0.133403 28.275 5.97091
    endloop
  endfacet
  facet normal -1 -0 0
    outer loop
      vertex 1.5 23.0878 1.2
      vertex 1.5 19.35 0.188319
      vertex 1.5 19.35 1.2
    endloop
  endfacet
  facet normal 1 -0 0
    outer loop
      vertex 23.9 19.35 1.2
      vertex 23.9 19.35 0.188319
      vertex 23.9 23.0878 1.2
    endloop
  endfacet
  facet normal -1 0 0
    outer loop
      vertex 6.3 19.35 7.62939e-07
      vertex 6.3 18.8095 1.2
      vertex 6.3 19.35 1.2
    endloop
  endfacet
  facet normal -1 -0 0
    outer loop
      vertex 6.3 18.9423 2.87984
      vertex 6.3 17.8011 2.50902
      vertex 6.3 18.8102 3.19878
    endloop
  endfacet
  facet normal -1 0 0
    outer loop
      vertex 6.3 17.741 2.65399
      vertex 6.3 18.8102 3.19878
      vertex 6.3 17.8011 2.50902
    endloop
  endfacet
  facet normal -1 0 0
    outer loop
      vertex 6.3 17.8377 2.35643
      vertex 6.3 18.8095 1.2
      vertex 6.3 17.85 2.2
    endloop
  endfacet
  facet normal -1 0 0
    outer loop
      vertex 6.3 16.85 7.62939e-07
      vertex 6.3 18.8095 1.2
      vertex 6.3 19.35 7.62939e-07
    endloop
  endfacet
  facet normal -1 0 0
    outer loop
      vertex 6.3 18.8095 1.2
      vertex 6.3 17.8377 2.04357
      vertex 6.3 17.85 2.2
    endloop
  endfacet
  facet normal -1 0 0
    outer loop
      vertex 6.3 18.8095 1.2
      vertex 6.3 17.8011 1.89098
      vertex 6.3 17.8377 2.04357
    endloop
  endfacet
  facet normal -1 0 0
    outer loop
      vertex 6.3 18.8095 1.2
      vertex 6.3 17.741 1.74601
      vertex 6.3 17.8011 1.89098
    endloop
  endfacet
  facet normal -1 0 0
    outer loop
      vertex 6.3 18.8095 1.2
      vertex 6.3 17.659 1.61221
      vertex 6.3 17.741 1.74601
    endloop
  endfacet
  facet normal -1 0 0
    outer loop
      vertex 6.3 18.8095 1.2
      vertex 6.3 17.5571 1.49289
      vertex 6.3 17.659 1.61221
    endloop
  endfacet
  facet normal -1 0 0
    outer loop
      vertex 6.3 18.8095 1.2
      vertex 6.3 17.4378 1.39098
      vertex 6.3 17.5571 1.49289
    endloop
  endfacet
  facet normal -1 -0 0
    outer loop
      vertex 6.3 18.8095 1.2
      vertex 6.3 16.85 7.62939e-07
      vertex 6.3 17.4378 1.39098
    endloop
  endfacet
  facet normal -1 0 0
    outer loop
      vertex 6.3 17.4378 1.39098
      vertex 6.3 16.85 7.62939e-07
      vertex 6.3 17.304 1.30899
    endloop
  endfacet
  facet normal -1 0 0
    outer loop
      vertex 6.3 17.304 1.30899
      vertex 6.3 16.85 7.62939e-07
      vertex 6.3 17.159 1.24894
    endloop
  endfacet
  facet normal -1 0 0
    outer loop
      vertex 6.3 17.159 1.24894
      vertex 6.3 16.85 7.62939e-07
      vertex 6.3 17.0064 1.21231
    endloop
  endfacet
  facet normal -1 0 0
    outer loop
      vertex 6.3 16.85 7.62939e-07
      vertex 6.3 16.85 1.2
      vertex 6.3 17.0064 1.21231
    endloop
  endfacet
  facet normal -1 0 0
    outer loop
      vertex 6.3 16.85 7.62939e-07
      vertex 6.3 16.6936 1.21231
      vertex 6.3 16.85 1.2
    endloop
  endfacet
  facet normal -1 0 0
    outer loop
      vertex 6.3 16.5058 0.0270861
      vertex 6.3 16.6936 1.21231
      vertex 6.3 16.85 7.62939e-07
    endloop
  endfacet
  facet normal -1 -0 0
    outer loop
      vertex 6.3 16.6936 1.21231
      vertex 6.3 16.5058 0.0270861
      vertex 6.3 16.541 1.24894
    endloop
  endfacet
  facet normal -1 0 0
    outer loop
      vertex 6.3 16.1702 0.107676
      vertex 6.3 16.541 1.24894
      vertex 6.3 16.5058 0.0270861
    endloop
  endfacet
  facet normal -1 -0 0
    outer loop
      vertex 6.3 16.541 1.24894
      vertex 6.3 16.1702 0.107676
      vertex 6.3 16.396 1.30899
    endloop
  endfacet
  facet normal -1 0 0
    outer loop
      vertex 6.3 15.8512 0.239786
      vertex 6.3 16.396 1.30899
      vertex 6.3 16.1702 0.107676
    endloop
  endfacet
  facet normal -1 -0 0
    outer loop
      vertex 6.3 16.396 1.30899
      vertex 6.3 15.8512 0.239786
      vertex 6.3 16.2622 1.39098
    endloop
  endfacet
  facet normal -1 0 0
    outer loop
      vertex 6.3 15.5569 0.420163
      vertex 6.3 16.2622 1.39098
      vertex 6.3 15.8512 0.239786
    endloop
  endfacet
  facet normal -1 -0 0
    outer loop
      vertex 6.3 16.2622 1.39098
      vertex 6.3 15.5569 0.420163
      vertex 6.3 16.1429 1.49289
    endloop
  endfacet
  facet normal -1 0 0
    outer loop
      vertex 6.3 15.2944 0.644365
      vertex 6.3 16.1429 1.49289
      vertex 6.3 15.5569 0.420163
    endloop
  endfacet
  facet normal -1 -0 0
    outer loop
      vertex 6.3 16.1429 1.49289
      vertex 6.3 15.2944 0.644365
      vertex 6.3 16.041 1.61221
    endloop
  endfacet
  facet normal -1 0 0
    outer loop
      vertex 6.3 15.0702 0.906873
      vertex 6.3 16.041 1.61221
      vertex 6.3 15.2944 0.644365
    endloop
  endfacet
  facet normal -1 -0 0
    outer loop
      vertex 6.3 16.041 1.61221
      vertex 6.3 15.0702 0.906873
      vertex 6.3 15.959 1.74601
    endloop
  endfacet
  facet normal -1 0 0
    outer loop
      vertex 6.3 14.8898 1.20122
      vertex 6.3 15.959 1.74601
      vertex 6.3 15.0702 0.906873
    endloop
  endfacet
  facet normal -1 0 0
    outer loop
      vertex 6.3 17.8377 2.35643
      vertex 6.3 19.05 2.2
      vertex 6.3 19.0229 1.85584
    endloop
  endfacet
  facet normal -1 0 0
    outer loop
      vertex 6.3 17.8377 2.35643
      vertex 6.3 19.0229 1.85584
      vertex 6.3 18.9423 1.52016
    endloop
  endfacet
  facet normal -1 0 0
    outer loop
      vertex 6.3 19.05 2.2
      vertex 6.3 17.8377 2.35643
      vertex 6.3 19.0229 2.54416
    endloop
  endfacet
  facet normal -1 0 0
    outer loop
      vertex 6.3 17.8377 2.35643
      vertex 6.3 18.8102 1.20122
      vertex 6.3 18.8095 1.2
    endloop
  endfacet
  facet normal -1 0 0
    outer loop
      vertex 6.3 18.8102 1.20122
      vertex 6.3 17.8377 2.35643
      vertex 6.3 18.9423 1.52016
    endloop
  endfacet
  facet normal -1 -0 0
    outer loop
      vertex 6.3 19.0229 2.54416
      vertex 6.3 17.8377 2.35643
      vertex 6.3 18.9423 2.87984
    endloop
  endfacet
  facet normal -1 0 0
    outer loop
      vertex 6.3 17.8011 2.50902
      vertex 6.3 18.9423 2.87984
      vertex 6.3 17.8377 2.35643
    endloop
  endfacet
  facet normal -1 -0 0
    outer loop
      vertex 6.3 18.8102 3.19878
      vertex 6.3 17.741 2.65399
      vertex 6.3 18.6298 3.49313
    endloop
  endfacet
  facet normal -1 0 0
    outer loop
      vertex 6.3 17.659 2.78779
      vertex 6.3 18.6298 3.49313
      vertex 6.3 17.741 2.65399
    endloop
  endfacet
  facet normal -1 -0 0
    outer loop
      vertex 6.3 18.6298 3.49313
      vertex 6.3 17.659 2.78779
      vertex 6.3 18.4056 3.75564
    endloop
  endfacet
  facet normal -1 0 0
    outer loop
      vertex 6.3 17.5571 2.90711
      vertex 6.3 18.4056 3.75564
      vertex 6.3 17.659 2.78779
    endloop
  endfacet
  facet normal -1 -0 0
    outer loop
      vertex 6.3 18.4056 3.75564
      vertex 6.3 17.5571 2.90711
      vertex 6.3 18.1431 3.97984
    endloop
  endfacet
  facet normal -1 0 0
    outer loop
      vertex 6.3 17.4378 3.00902
      vertex 6.3 18.1431 3.97984
      vertex 6.3 17.5571 2.90711
    endloop
  endfacet
  facet normal -1 -0 0
    outer loop
      vertex 6.3 18.1431 3.97984
      vertex 6.3 17.4378 3.00902
      vertex 6.3 17.8488 4.16022
    endloop
  endfacet
  facet normal -1 0 0
    outer loop
      vertex 6.3 17.304 3.09101
      vertex 6.3 17.8488 4.16022
      vertex 6.3 17.4378 3.00902
    endloop
  endfacet
  facet normal -1 -0 0
    outer loop
      vertex 6.3 17.8488 4.16022
      vertex 6.3 17.304 3.09101
      vertex 6.3 17.5298 4.29233
    endloop
  endfacet
  facet normal -1 0 0
    outer loop
      vertex 6.3 17.159 3.15106
      vertex 6.3 17.5298 4.29233
      vertex 6.3 17.304 3.09101
    endloop
  endfacet
  facet normal -1 -0 0
    outer loop
      vertex 6.3 17.5298 4.29233
      vertex 6.3 17.159 3.15106
      vertex 6.3 17.1942 4.37292
    endloop
  endfacet
  facet normal -1 0 0
    outer loop
      vertex 6.3 17.0064 3.18769
      vertex 6.3 17.1942 4.37292
      vertex 6.3 17.159 3.15106
    endloop
  endfacet
  facet normal -1 0 0
    outer loop
      vertex 6.3 16.85 3.2
      vertex 6.3 17.1942 4.37292
      vertex 6.3 17.0064 3.18769
    endloop
  endfacet
  facet normal -1 0 0
    outer loop
      vertex 6.3 16.85 3.2
      vertex 6.3 16.85 4.4
      vertex 6.3 17.1942 4.37292
    endloop
  endfacet
  facet normal -1 0 0
    outer loop
      vertex 6.3 16.6936 3.18769
      vertex 6.3 16.85 4.4
      vertex 6.3 16.85 3.2
    endloop
  endfacet
  facet normal -1 0 0
    outer loop
      vertex 6.3 16.5058 4.37292
      vertex 6.3 16.6936 3.18769
      vertex 6.3 16.541 3.15106
    endloop
  endfacet
  facet normal -1 0 0
    outer loop
      vertex 6.3 16.6936 3.18769
      vertex 6.3 16.5058 4.37292
      vertex 6.3 16.85 4.4
    endloop
  endfacet
  facet normal -1 0 0
    outer loop
      vertex 6.3 16.1702 4.29233
      vertex 6.3 16.541 3.15106
      vertex 6.3 16.396 3.09101
    endloop
  endfacet
  facet normal -1 0 0
    outer loop
      vertex 6.3 15.8512 4.16022
      vertex 6.3 16.396 3.09101
      vertex 6.3 16.2622 3.00902
    endloop
  endfacet
  facet normal -1 0 0
    outer loop
      vertex 6.3 16.541 3.15106
      vertex 6.3 16.1702 4.29233
      vertex 6.3 16.5058 4.37292
    endloop
  endfacet
  facet normal -1 0 0
    outer loop
      vertex 6.3 15.5569 3.97984
      vertex 6.3 16.2622 3.00902
      vertex 6.3 16.1429 2.90711
    endloop
  endfacet
  facet normal -1 0 0
    outer loop
      vertex 6.3 15.2944 3.75564
      vertex 6.3 16.1429 2.90711
      vertex 6.3 16.041 2.78779
    endloop
  endfacet
  facet normal -1 0 0
    outer loop
      vertex 6.3 15.0702 3.49313
      vertex 6.3 16.041 2.78779
      vertex 6.3 15.959 2.65399
    endloop
  endfacet
  facet normal -1 0 0
    outer loop
      vertex 6.3 14.8898 3.19878
      vertex 6.3 15.959 2.65399
      vertex 6.3 15.8989 2.50902
    endloop
  endfacet
  facet normal -1 0 0
    outer loop
      vertex 6.3 14.7577 2.87984
      vertex 6.3 15.8989 2.50902
      vertex 6.3 15.8623 2.35643
    endloop
  endfacet
  facet normal -1 0 0
    outer loop
      vertex 6.3 16.396 3.09101
      vertex 6.3 15.8512 4.16022
      vertex 6.3 16.1702 4.29233
    endloop
  endfacet
  facet normal -1 0 0
    outer loop
      vertex 6.3 14.6771 2.54416
      vertex 6.3 15.8623 2.35643
      vertex 6.3 15.85 2.2
    endloop
  endfacet
  facet normal -1 -0 0
    outer loop
      vertex 6.3 15.959 1.74601
      vertex 6.3 14.8898 1.20122
      vertex 6.3 15.8989 1.89098
    endloop
  endfacet
  facet normal -1 0 0
    outer loop
      vertex 6.3 16.2622 3.00902
      vertex 6.3 15.5569 3.97984
      vertex 6.3 15.8512 4.16022
    endloop
  endfacet
  facet normal -1 0 0
    outer loop
      vertex 6.3 14.7577 1.52016
      vertex 6.3 15.8989 1.89098
      vertex 6.3 14.8898 1.20122
    endloop
  endfacet
  facet normal -1 0 0
    outer loop
      vertex 6.3 16.1429 2.90711
      vertex 6.3 15.2944 3.75564
      vertex 6.3 15.5569 3.97984
    endloop
  endfacet
  facet normal -1 -0 0
    outer loop
      vertex 6.3 15.8989 1.89098
      vertex 6.3 14.7577 1.52016
      vertex 6.3 15.8623 2.04357
    endloop
  endfacet
  facet normal -1 0 0
    outer loop
      vertex 6.3 16.041 2.78779
      vertex 6.3 15.0702 3.49313
      vertex 6.3 15.2944 3.75564
    endloop
  endfacet
  facet normal -1 0 0
    outer loop
      vertex 6.3 14.6771 1.85584
      vertex 6.3 15.8623 2.04357
      vertex 6.3 14.7577 1.52016
    endloop
  endfacet
  facet normal -1 0 0
    outer loop
      vertex 6.3 15.959 2.65399
      vertex 6.3 14.8898 3.19878
      vertex 6.3 15.0702 3.49313
    endloop
  endfacet
  facet normal -1 -0 0
    outer loop
      vertex 6.3 15.8623 2.04357
      vertex 6.3 14.6771 1.85584
      vertex 6.3 15.85 2.2
    endloop
  endfacet
  facet normal -1 0 0
    outer loop
      vertex 6.3 15.8989 2.50902
      vertex 6.3 14.7577 2.87984
      vertex 6.3 14.8898 3.19878
    endloop
  endfacet
  facet normal -1 0 0
    outer loop
      vertex 6.3 14.65 2.2
      vertex 6.3 15.85 2.2
      vertex 6.3 14.6771 1.85584
    endloop
  endfacet
  facet normal -1 0 0
    outer loop
      vertex 6.3 15.8623 2.35643
      vertex 6.3 14.6771 2.54416
      vertex 6.3 14.7577 2.87984
    endloop
  endfacet
  facet normal -1 0 0
    outer loop
      vertex 6.3 15.85 2.2
      vertex 6.3 14.65 2.2
      vertex 6.3 14.6771 2.54416
    endloop
  endfacet
  facet normal 1 0 0
    outer loop
      vertex 19.1 17.85 2.2
      vertex 19.1 19.05 2.2
      vertex 19.1 19.0229 2.54416
    endloop
  endfacet
  facet normal 1 0 0
    outer loop
      vertex 19.1 17.8377 2.35643
      vertex 19.1 19.0229 2.54416
      vertex 19.1 18.9423 2.87984
    endloop
  endfacet
  facet normal 1 0 0
    outer loop
      vertex 19.1 19.05 2.2
      vertex 19.1 17.85 2.2
      vertex 19.1 19.0229 1.85584
    endloop
  endfacet
  facet normal 1 0 0
    outer loop
      vertex 19.1 17.8011 2.50902
      vertex 19.1 18.9423 2.87984
      vertex 19.1 18.8102 3.19878
    endloop
  endfacet
  facet normal 1 -0 0
    outer loop
      vertex 19.1 17.8377 2.04357
      vertex 19.1 19.0229 1.85584
      vertex 19.1 17.85 2.2
    endloop
  endfacet
  facet normal 1 0 0
    outer loop
      vertex 19.1 19.0229 1.85584
      vertex 19.1 17.8377 2.04357
      vertex 19.1 18.9423 1.52016
    endloop
  endfacet
  facet normal 1 0 0
    outer loop
      vertex 19.1 17.741 2.65399
      vertex 19.1 18.8102 3.19878
      vertex 19.1 18.6298 3.49313
    endloop
  endfacet
  facet normal 1 -0 0
    outer loop
      vertex 19.1 18.8095 1.2
      vertex 19.1 19.35 7.62939e-07
      vertex 19.1 19.35 1.2
    endloop
  endfacet
  facet normal 1 0 0
    outer loop
      vertex 19.1 17.659 2.78779
      vertex 19.1 18.6298 3.49313
      vertex 19.1 18.4056 3.75564
    endloop
  endfacet
  facet normal 1 0 0
    outer loop
      vertex 19.1 17.5571 2.90711
      vertex 19.1 18.4056 3.75564
      vertex 19.1 18.1431 3.97984
    endloop
  endfacet
  facet normal 1 0 0
    outer loop
      vertex 19.1 19.0229 2.54416
      vertex 19.1 17.8377 2.35643
      vertex 19.1 17.85 2.2
    endloop
  endfacet
  facet normal 1 0 0
    outer loop
      vertex 19.1 18.9423 1.52016
      vertex 19.1 17.8011 1.89098
      vertex 19.1 18.8102 1.20122
    endloop
  endfacet
  facet normal 1 -0 0
    outer loop
      vertex 19.1 17.741 1.74601
      vertex 19.1 18.8102 1.20122
      vertex 19.1 17.8011 1.89098
    endloop
  endfacet
  facet normal 1 0 0
    outer loop
      vertex 19.1 18.8102 1.20122
      vertex 19.1 17.741 1.74601
      vertex 19.1 18.8095 1.2
    endloop
  endfacet
  facet normal 1 -0 0
    outer loop
      vertex 19.1 17.659 1.61221
      vertex 19.1 18.8095 1.2
      vertex 19.1 17.741 1.74601
    endloop
  endfacet
  facet normal 1 -0 0
    outer loop
      vertex 19.1 17.5571 1.49289
      vertex 19.1 18.8095 1.2
      vertex 19.1 17.659 1.61221
    endloop
  endfacet
  facet normal 1 -0 0
    outer loop
      vertex 19.1 17.4378 1.39098
      vertex 19.1 18.8095 1.2
      vertex 19.1 17.5571 1.49289
    endloop
  endfacet
  facet normal 1 0 0
    outer loop
      vertex 19.1 16.85 7.62939e-07
      vertex 19.1 18.8095 1.2
      vertex 19.1 17.4378 1.39098
    endloop
  endfacet
  facet normal 1 0 0
    outer loop
      vertex 19.1 16.85 7.62939e-07
      vertex 19.1 17.4378 1.39098
      vertex 19.1 17.304 1.30899
    endloop
  endfacet
  facet normal 1 0 0
    outer loop
      vertex 19.1 16.85 7.62939e-07
      vertex 19.1 17.304 1.30899
      vertex 19.1 17.159 1.24894
    endloop
  endfacet
  facet normal 1 0 0
    outer loop
      vertex 19.1 16.85 7.62939e-07
      vertex 19.1 17.159 1.24894
      vertex 19.1 17.0064 1.21231
    endloop
  endfacet
  facet normal 1 0 0
    outer loop
      vertex 19.1 16.85 7.62939e-07
      vertex 19.1 17.0064 1.21231
      vertex 19.1 16.85 1.2
    endloop
  endfacet
  facet normal 1 0 0
    outer loop
      vertex 19.1 18.8095 1.2
      vertex 19.1 16.85 7.62939e-07
      vertex 19.1 19.35 7.62939e-07
    endloop
  endfacet
  facet normal 1 0 0
    outer loop
      vertex 19.1 16.6936 1.21231
      vertex 19.1 16.85 7.62939e-07
      vertex 19.1 16.85 1.2
    endloop
  endfacet
  facet normal 1 0 0
    outer loop
      vertex 19.1 16.5058 0.0270861
      vertex 19.1 16.6936 1.21231
      vertex 19.1 16.541 1.24894
    endloop
  endfacet
  facet normal 1 0 0
    outer loop
      vertex 19.1 16.6936 1.21231
      vertex 19.1 16.5058 0.0270861
      vertex 19.1 16.85 7.62939e-07
    endloop
  endfacet
  facet normal 1 0 0
    outer loop
      vertex 19.1 16.1702 0.107676
      vertex 19.1 16.541 1.24894
      vertex 19.1 16.396 1.30899
    endloop
  endfacet
  facet normal 1 0 0
    outer loop
      vertex 19.1 15.8512 0.239786
      vertex 19.1 16.396 1.30899
      vertex 19.1 16.2622 1.39098
    endloop
  endfacet
  facet normal 1 0 0
    outer loop
      vertex 19.1 16.541 1.24894
      vertex 19.1 16.1702 0.107676
      vertex 19.1 16.5058 0.0270861
    endloop
  endfacet
  facet normal 1 0 0
    outer loop
      vertex 19.1 15.5569 0.420163
      vertex 19.1 16.2622 1.39098
      vertex 19.1 16.1429 1.49289
    endloop
  endfacet
  facet normal 1 0 0
    outer loop
      vertex 19.1 15.2944 0.644365
      vertex 19.1 16.1429 1.49289
      vertex 19.1 16.041 1.61221
    endloop
  endfacet
  facet normal 1 0 0
    outer loop
      vertex 19.1 15.0702 0.906873
      vertex 19.1 16.041 1.61221
      vertex 19.1 15.959 1.74601
    endloop
  endfacet
  facet normal 1 0 0
    outer loop
      vertex 19.1 14.8898 1.20122
      vertex 19.1 15.959 1.74601
      vertex 19.1 15.8989 1.89098
    endloop
  endfacet
  facet normal 1 0 0
    outer loop
      vertex 19.1 14.7577 1.52016
      vertex 19.1 15.8989 1.89098
      vertex 19.1 15.8623 2.04357
    endloop
  endfacet
  facet normal 1 0 0
    outer loop
      vertex 19.1 16.396 1.30899
      vertex 19.1 15.8512 0.239786
      vertex 19.1 16.1702 0.107676
    endloop
  endfacet
  facet normal 1 0 0
    outer loop
      vertex 19.1 14.6771 1.85584
      vertex 19.1 15.8623 2.04357
      vertex 19.1 15.85 2.2
    endloop
  endfacet
  facet normal 1 0 0
    outer loop
      vertex 19.1 15.959 2.65399
      vertex 19.1 14.8898 3.19878
      vertex 19.1 15.8989 2.50902
    endloop
  endfacet
  facet normal 1 0 0
    outer loop
      vertex 19.1 16.2622 1.39098
      vertex 19.1 15.5569 0.420163
      vertex 19.1 15.8512 0.239786
    endloop
  endfacet
  facet normal 1 -0 0
    outer loop
      vertex 19.1 14.7577 2.87984
      vertex 19.1 15.8989 2.50902
      vertex 19.1 14.8898 3.19878
    endloop
  endfacet
  facet normal 1 0 0
    outer loop
      vertex 19.1 16.1429 1.49289
      vertex 19.1 15.2944 0.644365
      vertex 19.1 15.5569 0.420163
    endloop
  endfacet
  facet normal 1 0 0
    outer loop
      vertex 19.1 15.8989 2.50902
      vertex 19.1 14.7577 2.87984
      vertex 19.1 15.8623 2.35643
    endloop
  endfacet
  facet normal 1 0 0
    outer loop
      vertex 19.1 16.041 1.61221
      vertex 19.1 15.0702 0.906873
      vertex 19.1 15.2944 0.644365
    endloop
  endfacet
  facet normal 1 -0 0
    outer loop
      vertex 19.1 14.6771 2.54416
      vertex 19.1 15.8623 2.35643
      vertex 19.1 14.7577 2.87984
    endloop
  endfacet
  facet normal 1 0 0
    outer loop
      vertex 19.1 15.959 1.74601
      vertex 19.1 14.8898 1.20122
      vertex 19.1 15.0702 0.906873
    endloop
  endfacet
  facet normal 1 0 0
    outer loop
      vertex 19.1 15.8623 2.35643
      vertex 19.1 14.6771 2.54416
      vertex 19.1 15.85 2.2
    endloop
  endfacet
  facet normal 1 0 0
    outer loop
      vertex 19.1 15.8989 1.89098
      vertex 19.1 14.7577 1.52016
      vertex 19.1 14.8898 1.20122
    endloop
  endfacet
  facet normal 1 0 0
    outer loop
      vertex 19.1 14.65 2.2
      vertex 19.1 15.85 2.2
      vertex 19.1 14.6771 2.54416
    endloop
  endfacet
  facet normal 1 0 0
    outer loop
      vertex 19.1 15.8623 2.04357
      vertex 19.1 14.6771 1.85584
      vertex 19.1 14.7577 1.52016
    endloop
  endfacet
  facet normal 1 0 0
    outer loop
      vertex 19.1 15.85 2.2
      vertex 19.1 14.65 2.2
      vertex 19.1 14.6771 1.85584
    endloop
  endfacet
  facet normal 1 0 0
    outer loop
      vertex 19.1 17.4378 3.00902
      vertex 19.1 18.1431 3.97984
      vertex 19.1 17.8488 4.16022
    endloop
  endfacet
  facet normal 1 -0 0
    outer loop
      vertex 19.1 17.8011 1.89098
      vertex 19.1 18.9423 1.52016
      vertex 19.1 17.8377 2.04357
    endloop
  endfacet
  facet normal 1 0 0
    outer loop
      vertex 19.1 18.9423 2.87984
      vertex 19.1 17.8011 2.50902
      vertex 19.1 17.8377 2.35643
    endloop
  endfacet
  facet normal 1 0 0
    outer loop
      vertex 19.1 18.8102 3.19878
      vertex 19.1 17.741 2.65399
      vertex 19.1 17.8011 2.50902
    endloop
  endfacet
  facet normal 1 0 0
    outer loop
      vertex 19.1 18.6298 3.49313
      vertex 19.1 17.659 2.78779
      vertex 19.1 17.741 2.65399
    endloop
  endfacet
  facet normal 1 0 0
    outer loop
      vertex 19.1 18.4056 3.75564
      vertex 19.1 17.5571 2.90711
      vertex 19.1 17.659 2.78779
    endloop
  endfacet
  facet normal 1 0 0
    outer loop
      vertex 19.1 17.304 3.09101
      vertex 19.1 17.8488 4.16022
      vertex 19.1 17.5298 4.29233
    endloop
  endfacet
  facet normal 1 0 0
    outer loop
      vertex 19.1 18.1431 3.97984
      vertex 19.1 17.4378 3.00902
      vertex 19.1 17.5571 2.90711
    endloop
  endfacet
  facet normal 1 0 0
    outer loop
      vertex 19.1 17.8488 4.16022
      vertex 19.1 17.304 3.09101
      vertex 19.1 17.4378 3.00902
    endloop
  endfacet
  facet normal 1 0 0
    outer loop
      vertex 19.1 17.159 3.15106
      vertex 19.1 17.5298 4.29233
      vertex 19.1 17.1942 4.37292
    endloop
  endfacet
  facet normal 1 0 0
    outer loop
      vertex 19.1 17.5298 4.29233
      vertex 19.1 17.159 3.15106
      vertex 19.1 17.304 3.09101
    endloop
  endfacet
  facet normal 1 0 0
    outer loop
      vertex 19.1 17.1942 4.37292
      vertex 19.1 17.0064 3.18769
      vertex 19.1 17.159 3.15106
    endloop
  endfacet
  facet normal 1 0 0
    outer loop
      vertex 19.1 16.85 4.4
      vertex 19.1 17.0064 3.18769
      vertex 19.1 17.1942 4.37292
    endloop
  endfacet
  facet normal 1 0 0
    outer loop
      vertex 19.1 16.85 4.4
      vertex 19.1 16.85 3.2
      vertex 19.1 17.0064 3.18769
    endloop
  endfacet
  facet normal 1 0 0
    outer loop
      vertex 19.1 16.85 4.4
      vertex 19.1 16.6936 3.18769
      vertex 19.1 16.85 3.2
    endloop
  endfacet
  facet normal 1 -0 0
    outer loop
      vertex 19.1 16.5058 4.37292
      vertex 19.1 16.6936 3.18769
      vertex 19.1 16.85 4.4
    endloop
  endfacet
  facet normal 1 0 0
    outer loop
      vertex 19.1 16.6936 3.18769
      vertex 19.1 16.5058 4.37292
      vertex 19.1 16.541 3.15106
    endloop
  endfacet
  facet normal 1 -0 0
    outer loop
      vertex 19.1 16.1702 4.29233
      vertex 19.1 16.541 3.15106
      vertex 19.1 16.5058 4.37292
    endloop
  endfacet
  facet normal 1 0 0
    outer loop
      vertex 19.1 16.541 3.15106
      vertex 19.1 16.1702 4.29233
      vertex 19.1 16.396 3.09101
    endloop
  endfacet
  facet normal 1 -0 0
    outer loop
      vertex 19.1 15.8512 4.16022
      vertex 19.1 16.396 3.09101
      vertex 19.1 16.1702 4.29233
    endloop
  endfacet
  facet normal 1 0 0
    outer loop
      vertex 19.1 16.396 3.09101
      vertex 19.1 15.8512 4.16022
      vertex 19.1 16.2622 3.00902
    endloop
  endfacet
  facet normal 1 -0 0
    outer loop
      vertex 19.1 15.5569 3.97984
      vertex 19.1 16.2622 3.00902
      vertex 19.1 15.8512 4.16022
    endloop
  endfacet
  facet normal 1 0 0
    outer loop
      vertex 19.1 16.2622 3.00902
      vertex 19.1 15.5569 3.97984
      vertex 19.1 16.1429 2.90711
    endloop
  endfacet
  facet normal 1 -0 0
    outer loop
      vertex 19.1 15.2944 3.75564
      vertex 19.1 16.1429 2.90711
      vertex 19.1 15.5569 3.97984
    endloop
  endfacet
  facet normal 1 0 0
    outer loop
      vertex 19.1 16.1429 2.90711
      vertex 19.1 15.2944 3.75564
      vertex 19.1 16.041 2.78779
    endloop
  endfacet
  facet normal 1 -0 0
    outer loop
      vertex 19.1 15.0702 3.49313
      vertex 19.1 16.041 2.78779
      vertex 19.1 15.2944 3.75564
    endloop
  endfacet
  facet normal 1 0 0
    outer loop
      vertex 19.1 16.041 2.78779
      vertex 19.1 15.0702 3.49313
      vertex 19.1 15.959 2.65399
    endloop
  endfacet
  facet normal 1 -0 0
    outer loop
      vertex 19.1 14.8898 3.19878
      vertex 19.1 15.959 2.65399
      vertex 19.1 15.0702 3.49313
    endloop
  endfacet
  facet normal 0 -0.996914 -0.0784995
    outer loop
      vertex 6.3 14.6771 1.85584
      vertex 19.1 14.65 2.2
      vertex 6.3 14.65 2.2
    endloop
  endfacet
  facet normal 0 -0.996914 -0.0784995
    outer loop
      vertex 19.1 14.65 2.2
      vertex 6.3 14.6771 1.85584
      vertex 19.1 14.6771 1.85584
    endloop
  endfacet
  facet normal 0 0.996914 -0.0784995
    outer loop
      vertex 19.1 19.0229 1.85584
      vertex 6.3 19.05 2.2
      vertex 19.1 19.05 2.2
    endloop
  endfacet
  facet normal 0 0.996914 -0.0784995
    outer loop
      vertex 6.3 19.05 2.2
      vertex 19.1 19.0229 1.85584
      vertex 6.3 19.0229 1.85584
    endloop
  endfacet
  facet normal 0 -0.0784328 0.996919
    outer loop
      vertex 6.3 16.85 4.4
      vertex 19.1 16.5058 4.37292
      vertex 19.1 16.85 4.4
    endloop
  endfacet
  facet normal 0 -0.0784328 0.996919
    outer loop
      vertex 19.1 16.5058 4.37292
      vertex 6.3 16.85 4.4
      vertex 6.3 16.5058 4.37292
    endloop
  endfacet
  facet normal 0 -0.852612 0.522545
    outer loop
      vertex 6.3 14.8898 3.19878
      vertex 19.1 15.0702 3.49313
      vertex 6.3 15.0702 3.49313
    endloop
  endfacet
  facet normal 0 -0.852612 0.522545
    outer loop
      vertex 19.1 15.0702 3.49313
      vertex 6.3 14.8898 3.19878
      vertex 19.1 14.8898 3.19878
    endloop
  endfacet
  facet normal 0 -0.76041 -0.649443
    outer loop
      vertex 6.3 15.2944 0.644365
      vertex 19.1 15.0702 0.906873
      vertex 6.3 15.0702 0.906873
    endloop
  endfacet
  facet normal 0 -0.76041 -0.649443
    outer loop
      vertex 19.1 15.0702 0.906873
      vertex 6.3 15.2944 0.644365
      vertex 19.1 15.2944 0.644365
    endloop
  endfacet
  facet normal 0 -0.0784482 -0.996918
    outer loop
      vertex 6.3 16.5058 0.0270861
      vertex 19.1 16.85 7.62939e-07
      vertex 19.1 16.5058 0.0270861
    endloop
  endfacet
  facet normal -0 -0.0784482 -0.996918
    outer loop
      vertex 19.1 16.85 7.62939e-07
      vertex 6.3 16.5058 0.0270861
      vertex 6.3 16.85 7.62939e-07
    endloop
  endfacet
  facet normal 0 -0.522561 -0.852602
    outer loop
      vertex 6.3 15.5569 0.420163
      vertex 19.1 15.8512 0.239786
      vertex 19.1 15.5569 0.420163
    endloop
  endfacet
  facet normal -0 -0.522561 -0.852602
    outer loop
      vertex 19.1 15.8512 0.239786
      vertex 6.3 15.5569 0.420163
      vertex 6.3 15.8512 0.239786
    endloop
  endfacet
  facet normal 0 0.923889 -0.382661
    outer loop
      vertex 19.1 18.8102 1.20122
      vertex 6.3 18.9423 1.52016
      vertex 19.1 18.9423 1.52016
    endloop
  endfacet
  facet normal 0 0.923889 -0.382661
    outer loop
      vertex 6.3 18.9423 1.52016
      vertex 19.1 18.8102 1.20122
      vertex 6.3 18.8102 1.20122
    endloop
  endfacet
  facet normal 0 0.972363 -0.233474
    outer loop
      vertex 19.1 18.9423 1.52016
      vertex 6.3 19.0229 1.85584
      vertex 19.1 19.0229 1.85584
    endloop
  endfacet
  facet normal 0 0.972363 -0.233474
    outer loop
      vertex 6.3 19.0229 1.85584
      vertex 19.1 18.9423 1.52016
      vertex 6.3 18.9423 1.52016
    endloop
  endfacet
  facet normal 0 -0.996914 0.0784995
    outer loop
      vertex 6.3 14.65 2.2
      vertex 19.1 14.6771 2.54416
      vertex 6.3 14.6771 2.54416
    endloop
  endfacet
  facet normal 0 -0.996914 0.0784995
    outer loop
      vertex 19.1 14.6771 2.54416
      vertex 6.3 14.65 2.2
      vertex 19.1 14.65 2.2
    endloop
  endfacet
  facet normal 0 0.923889 0.382661
    outer loop
      vertex 19.1 18.9423 2.87984
      vertex 6.3 18.8102 3.19878
      vertex 19.1 18.8102 3.19878
    endloop
  endfacet
  facet normal 0 0.923889 0.382661
    outer loop
      vertex 6.3 18.8102 3.19878
      vertex 19.1 18.9423 2.87984
      vertex 6.3 18.9423 2.87984
    endloop
  endfacet
  facet normal 0 -0.233499 0.972357
    outer loop
      vertex 6.3 16.5058 4.37292
      vertex 19.1 16.1702 4.29233
      vertex 19.1 16.5058 4.37292
    endloop
  endfacet
  facet normal 0 -0.233499 0.972357
    outer loop
      vertex 19.1 16.1702 4.29233
      vertex 6.3 16.5058 4.37292
      vertex 6.3 16.1702 4.29233
    endloop
  endfacet
  facet normal 0 -0.522567 0.852598
    outer loop
      vertex 6.3 15.8512 4.16022
      vertex 19.1 15.5569 3.97984
      vertex 19.1 15.8512 4.16022
    endloop
  endfacet
  facet normal 0 -0.522567 0.852598
    outer loop
      vertex 19.1 15.5569 3.97984
      vertex 6.3 15.8512 4.16022
      vertex 6.3 15.5569 3.97984
    endloop
  endfacet
  facet normal 0 -0.972363 -0.233474
    outer loop
      vertex 6.3 14.7577 1.52016
      vertex 19.1 14.6771 1.85584
      vertex 6.3 14.6771 1.85584
    endloop
  endfacet
  facet normal 0 -0.972363 -0.233474
    outer loop
      vertex 19.1 14.6771 1.85584
      vertex 6.3 14.7577 1.52016
      vertex 19.1 14.7577 1.52016
    endloop
  endfacet
  facet normal 0 -0.852609 -0.522549
    outer loop
      vertex 6.3 15.0702 0.906873
      vertex 19.1 14.8898 1.20122
      vertex 6.3 14.8898 1.20122
    endloop
  endfacet
  facet normal 0 -0.852609 -0.522549
    outer loop
      vertex 19.1 14.8898 1.20122
      vertex 6.3 15.0702 0.906873
      vertex 19.1 15.0702 0.906873
    endloop
  endfacet
  facet normal 0 -0.649458 -0.760398
    outer loop
      vertex 6.3 15.2944 0.644365
      vertex 19.1 15.5569 0.420163
      vertex 19.1 15.2944 0.644365
    endloop
  endfacet
  facet normal -0 -0.649458 -0.760398
    outer loop
      vertex 19.1 15.5569 0.420163
      vertex 6.3 15.2944 0.644365
      vertex 6.3 15.5569 0.420163
    endloop
  endfacet
  facet normal 0 -0.382624 -0.923904
    outer loop
      vertex 6.3 15.8512 0.239786
      vertex 19.1 16.1702 0.107676
      vertex 19.1 15.8512 0.239786
    endloop
  endfacet
  facet normal -0 -0.382624 -0.923904
    outer loop
      vertex 19.1 16.1702 0.107676
      vertex 6.3 15.8512 0.239786
      vertex 6.3 16.1702 0.107676
    endloop
  endfacet
  facet normal 0 0.867367 -0.497669
    outer loop
      vertex 19.1 18.8095 1.2
      vertex 6.3 18.8102 1.20122
      vertex 19.1 18.8102 1.20122
    endloop
  endfacet
  facet normal 0 0.867367 -0.497669
    outer loop
      vertex 6.3 18.8102 1.20122
      vertex 19.1 18.8095 1.2
      vertex 6.3 18.8095 1.2
    endloop
  endfacet
  facet normal 0 -0.649454 0.760401
    outer loop
      vertex 6.3 15.5569 3.97984
      vertex 19.1 15.2944 3.75564
      vertex 19.1 15.5569 3.97984
    endloop
  endfacet
  facet normal 0 -0.649454 0.760401
    outer loop
      vertex 19.1 15.2944 3.75564
      vertex 6.3 15.5569 3.97984
      vertex 6.3 15.2944 3.75564
    endloop
  endfacet
  facet normal 0 -0.760413 0.64944
    outer loop
      vertex 6.3 15.0702 3.49313
      vertex 19.1 15.2944 3.75564
      vertex 6.3 15.2944 3.75564
    endloop
  endfacet
  facet normal 0 -0.760413 0.64944
    outer loop
      vertex 19.1 15.2944 3.75564
      vertex 6.3 15.0702 3.49313
      vertex 19.1 15.0702 3.49313
    endloop
  endfacet
  facet normal 0 -0.923889 -0.382661
    outer loop
      vertex 6.3 14.8898 1.20122
      vertex 19.1 14.7577 1.52016
      vertex 6.3 14.7577 1.52016
    endloop
  endfacet
  facet normal 0 -0.923889 -0.382661
    outer loop
      vertex 19.1 14.7577 1.52016
      vertex 6.3 14.8898 1.20122
      vertex 19.1 14.8898 1.20122
    endloop
  endfacet
  facet normal 0 -0.233499 -0.972357
    outer loop
      vertex 6.3 16.1702 0.107676
      vertex 19.1 16.5058 0.0270861
      vertex 19.1 16.1702 0.107676
    endloop
  endfacet
  facet normal -0 -0.233499 -0.972357
    outer loop
      vertex 19.1 16.5058 0.0270861
      vertex 6.3 16.1702 0.107676
      vertex 6.3 16.5058 0.0270861
    endloop
  endfacet
  facet normal 0 -0.923889 0.382661
    outer loop
      vertex 6.3 14.7577 2.87984
      vertex 19.1 14.8898 3.19878
      vertex 6.3 14.8898 3.19878
    endloop
  endfacet
  facet normal 0 -0.923889 0.382661
    outer loop
      vertex 19.1 14.8898 3.19878
      vertex 6.3 14.7577 2.87984
      vertex 19.1 14.7577 2.87984
    endloop
  endfacet
  facet normal -0 0.0784328 0.996919
    outer loop
      vertex 6.3 17.1942 4.37292
      vertex 19.1 16.85 4.4
      vertex 19.1 17.1942 4.37292
    endloop
  endfacet
  facet normal 0 0.0784328 0.996919
    outer loop
      vertex 19.1 16.85 4.4
      vertex 6.3 17.1942 4.37292
      vertex 6.3 16.85 4.4
    endloop
  endfacet
  facet normal -0 0.522567 0.852598
    outer loop
      vertex 6.3 18.1431 3.97984
      vertex 19.1 17.8488 4.16022
      vertex 19.1 18.1431 3.97984
    endloop
  endfacet
  facet normal 0 0.522567 0.852598
    outer loop
      vertex 19.1 17.8488 4.16022
      vertex 6.3 18.1431 3.97984
      vertex 6.3 17.8488 4.16022
    endloop
  endfacet
  facet normal -0 0.233499 0.972357
    outer loop
      vertex 6.3 17.5298 4.29233
      vertex 19.1 17.1942 4.37292
      vertex 19.1 17.5298 4.29233
    endloop
  endfacet
  facet normal 0 0.233499 0.972357
    outer loop
      vertex 19.1 17.1942 4.37292
      vertex 6.3 17.5298 4.29233
      vertex 6.3 17.1942 4.37292
    endloop
  endfacet
  facet normal -0 0.649454 0.760401
    outer loop
      vertex 6.3 18.4056 3.75564
      vertex 19.1 18.1431 3.97984
      vertex 19.1 18.4056 3.75564
    endloop
  endfacet
  facet normal 0 0.649454 0.760401
    outer loop
      vertex 19.1 18.1431 3.97984
      vertex 6.3 18.4056 3.75564
      vertex 6.3 18.1431 3.97984
    endloop
  endfacet
  facet normal 0 0.852612 0.522545
    outer loop
      vertex 19.1 18.8102 3.19878
      vertex 6.3 18.6298 3.49313
      vertex 19.1 18.6298 3.49313
    endloop
  endfacet
  facet normal 0 0.852612 0.522545
    outer loop
      vertex 6.3 18.6298 3.49313
      vertex 19.1 18.8102 3.19878
      vertex 6.3 18.8102 3.19878
    endloop
  endfacet
  facet normal 0 -0.382624 0.923904
    outer loop
      vertex 6.3 16.1702 4.29233
      vertex 19.1 15.8512 4.16022
      vertex 19.1 16.1702 4.29233
    endloop
  endfacet
  facet normal 0 -0.382624 0.923904
    outer loop
      vertex 19.1 15.8512 4.16022
      vertex 6.3 16.1702 4.29233
      vertex 6.3 15.8512 4.16022
    endloop
  endfacet
  facet normal 0 -0.972363 0.233474
    outer loop
      vertex 6.3 14.6771 2.54416
      vertex 19.1 14.7577 2.87984
      vertex 6.3 14.7577 2.87984
    endloop
  endfacet
  facet normal 0 -0.972363 0.233474
    outer loop
      vertex 19.1 14.7577 2.87984
      vertex 6.3 14.6771 2.54416
      vertex 19.1 14.6771 2.54416
    endloop
  endfacet
  facet normal -0 0.382624 0.923904
    outer loop
      vertex 6.3 17.8488 4.16022
      vertex 19.1 17.5298 4.29233
      vertex 19.1 17.8488 4.16022
    endloop
  endfacet
  facet normal 0 0.382624 0.923904
    outer loop
      vertex 19.1 17.5298 4.29233
      vertex 6.3 17.8488 4.16022
      vertex 6.3 17.5298 4.29233
    endloop
  endfacet
  facet normal 0 0.760413 0.64944
    outer loop
      vertex 19.1 18.6298 3.49313
      vertex 6.3 18.4056 3.75564
      vertex 19.1 18.4056 3.75564
    endloop
  endfacet
  facet normal 0 0.760413 0.64944
    outer loop
      vertex 6.3 18.4056 3.75564
      vertex 19.1 18.6298 3.49313
      vertex 6.3 18.6298 3.49313
    endloop
  endfacet
  facet normal 0 0.972363 0.233474
    outer loop
      vertex 19.1 19.0229 2.54416
      vertex 6.3 18.9423 2.87984
      vertex 19.1 18.9423 2.87984
    endloop
  endfacet
  facet normal 0 0.972363 0.233474
    outer loop
      vertex 6.3 18.9423 2.87984
      vertex 19.1 19.0229 2.54416
      vertex 6.3 19.0229 2.54416
    endloop
  endfacet
  facet normal 0 0.996914 0.0784995
    outer loop
      vertex 19.1 19.05 2.2
      vertex 6.3 19.0229 2.54416
      vertex 19.1 19.0229 2.54416
    endloop
  endfacet
  facet normal 0 0.996914 0.0784995
    outer loop
      vertex 6.3 19.0229 2.54416
      vertex 19.1 19.05 2.2
      vertex 6.3 19.05 2.2
    endloop
  endfacet
  facet normal 0 -0.996923 -0.0783875
    outer loop
      vertex 1.3 15.8623 2.04357
      vertex 6.3 15.85 2.2
      vertex 1.3 15.85 2.2
    endloop
  endfacet
  facet normal 0 -0.996923 -0.0783875
    outer loop
      vertex 6.3 15.85 2.2
      vertex 1.3 15.8623 2.04357
      vertex 6.3 15.8623 2.04357
    endloop
  endfacet
  facet normal 0 -0.996923 -0.0783875
    outer loop
      vertex 19.1 15.8623 2.04357
      vertex 24.1 15.85 2.2
      vertex 19.1 15.85 2.2
    endloop
  endfacet
  facet normal 0 -0.996923 -0.0783875
    outer loop
      vertex 24.1 15.85 2.2
      vertex 19.1 15.8623 2.04357
      vertex 24.1 15.8623 2.04357
    endloop
  endfacet
  facet normal 0 0.996923 -0.0783875
    outer loop
      vertex 6.3 17.8377 2.04357
      vertex 1.3 17.85 2.2
      vertex 6.3 17.85 2.2
    endloop
  endfacet
  facet normal 0 0.996923 -0.0783875
    outer loop
      vertex 1.3 17.85 2.2
      vertex 6.3 17.8377 2.04357
      vertex 1.3 17.8377 2.04357
    endloop
  endfacet
  facet normal 0 0.996923 -0.0783875
    outer loop
      vertex 24.1 17.8377 2.04357
      vertex 19.1 17.85 2.2
      vertex 24.1 17.85 2.2
    endloop
  endfacet
  facet normal 0 0.996923 -0.0783875
    outer loop
      vertex 19.1 17.85 2.2
      vertex 24.1 17.8377 2.04357
      vertex 19.1 17.8377 2.04357
    endloop
  endfacet
  facet normal -0 0.0784658 0.996917
    outer loop
      vertex 1.3 17.0064 3.18769
      vertex 6.3 16.85 3.2
      vertex 6.3 17.0064 3.18769
    endloop
  endfacet
  facet normal 0 0.0784658 0.996917
    outer loop
      vertex 6.3 16.85 3.2
      vertex 1.3 17.0064 3.18769
      vertex 1.3 16.85 3.2
    endloop
  endfacet
  facet normal -0 0.0784658 0.996917
    outer loop
      vertex 19.1 17.0064 3.18769
      vertex 24.1 16.85 3.2
      vertex 24.1 17.0064 3.18769
    endloop
  endfacet
  facet normal 0 0.0784658 0.996917
    outer loop
      vertex 24.1 16.85 3.2
      vertex 19.1 17.0064 3.18769
      vertex 19.1 16.85 3.2
    endloop
  endfacet
  facet normal 0 0.760434 0.649415
    outer loop
      vertex 6.3 17.659 2.78779
      vertex 1.3 17.5571 2.90711
      vertex 6.3 17.5571 2.90711
    endloop
  endfacet
  facet normal 0 0.760434 0.649415
    outer loop
      vertex 1.3 17.5571 2.90711
      vertex 6.3 17.659 2.78779
      vertex 1.3 17.659 2.78779
    endloop
  endfacet
  facet normal 0 0.760434 0.649415
    outer loop
      vertex 24.1 17.659 2.78779
      vertex 19.1 17.5571 2.90711
      vertex 24.1 17.5571 2.90711
    endloop
  endfacet
  facet normal 0 0.760434 0.649415
    outer loop
      vertex 19.1 17.5571 2.90711
      vertex 24.1 17.659 2.78779
      vertex 19.1 17.659 2.78779
    endloop
  endfacet
  facet normal 0 0.649515 -0.760349
    outer loop
      vertex 1.3 17.4378 1.39098
      vertex 6.3 17.5571 1.49289
      vertex 6.3 17.4378 1.39098
    endloop
  endfacet
  facet normal 0 0.649515 -0.760349
    outer loop
      vertex 6.3 17.5571 1.49289
      vertex 1.3 17.4378 1.39098
      vertex 1.3 17.5571 1.49289
    endloop
  endfacet
  facet normal 0 0.649515 -0.760349
    outer loop
      vertex 19.1 17.4378 1.39098
      vertex 24.1 17.5571 1.49289
      vertex 24.1 17.4378 1.39098
    endloop
  endfacet
  facet normal 0 0.649515 -0.760349
    outer loop
      vertex 24.1 17.5571 1.49289
      vertex 19.1 17.4378 1.39098
      vertex 19.1 17.5571 1.49289
    endloop
  endfacet
  facet normal 0 0.233409 -0.972379
    outer loop
      vertex 1.3 17.0064 1.21231
      vertex 6.3 17.159 1.24894
      vertex 6.3 17.0064 1.21231
    endloop
  endfacet
  facet normal 0 0.233409 -0.972379
    outer loop
      vertex 6.3 17.159 1.24894
      vertex 1.3 17.0064 1.21231
      vertex 1.3 17.159 1.24894
    endloop
  endfacet
  facet normal 0 0.233409 -0.972379
    outer loop
      vertex 19.1 17.0064 1.21231
      vertex 24.1 17.159 1.24894
      vertex 24.1 17.0064 1.21231
    endloop
  endfacet
  facet normal 0 0.233409 -0.972379
    outer loop
      vertex 24.1 17.159 1.24894
      vertex 19.1 17.0064 1.21231
      vertex 19.1 17.159 1.24894
    endloop
  endfacet
  facet normal 0 0.972419 0.233243
    outer loop
      vertex 6.3 17.8377 2.35643
      vertex 1.3 17.8011 2.50902
      vertex 6.3 17.8011 2.50902
    endloop
  endfacet
  facet normal 0 0.972419 0.233243
    outer loop
      vertex 1.3 17.8011 2.50902
      vertex 6.3 17.8377 2.35643
      vertex 1.3 17.8377 2.35643
    endloop
  endfacet
  facet normal 0 0.972419 0.233243
    outer loop
      vertex 24.1 17.8377 2.35643
      vertex 19.1 17.8011 2.50902
      vertex 24.1 17.8011 2.50902
    endloop
  endfacet
  facet normal 0 0.972419 0.233243
    outer loop
      vertex 19.1 17.8011 2.50902
      vertex 24.1 17.8377 2.35643
      vertex 19.1 17.8377 2.35643
    endloop
  endfacet
  facet normal 0 -0.760434 -0.649415
    outer loop
      vertex 1.3 16.1429 1.49289
      vertex 6.3 16.041 1.61221
      vertex 1.3 16.041 1.61221
    endloop
  endfacet
  facet normal 0 -0.760434 -0.649415
    outer loop
      vertex 6.3 16.041 1.61221
      vertex 1.3 16.1429 1.49289
      vertex 6.3 16.1429 1.49289
    endloop
  endfacet
  facet normal 0 -0.760434 -0.649415
    outer loop
      vertex 19.1 16.1429 1.49289
      vertex 24.1 16.041 1.61221
      vertex 19.1 16.041 1.61221
    endloop
  endfacet
  facet normal 0 -0.760434 -0.649415
    outer loop
      vertex 24.1 16.041 1.61221
      vertex 19.1 16.1429 1.49289
      vertex 24.1 16.1429 1.49289
    endloop
  endfacet
  facet normal 0 -0.233409 -0.972379
    outer loop
      vertex 1.3 16.541 1.24894
      vertex 6.3 16.6936 1.21231
      vertex 6.3 16.541 1.24894
    endloop
  endfacet
  facet normal -0 -0.233409 -0.972379
    outer loop
      vertex 6.3 16.6936 1.21231
      vertex 1.3 16.541 1.24894
      vertex 1.3 16.6936 1.21231
    endloop
  endfacet
  facet normal 0 -0.233409 -0.972379
    outer loop
      vertex 19.1 16.541 1.24894
      vertex 24.1 16.6936 1.21231
      vertex 24.1 16.541 1.24894
    endloop
  endfacet
  facet normal -0 -0.233409 -0.972379
    outer loop
      vertex 24.1 16.6936 1.21231
      vertex 19.1 16.541 1.24894
      vertex 19.1 16.6936 1.21231
    endloop
  endfacet
  facet normal 0 -0.522486 -0.852648
    outer loop
      vertex 1.3 16.2622 1.39098
      vertex 6.3 16.396 1.30899
      vertex 6.3 16.2622 1.39098
    endloop
  endfacet
  facet normal -0 -0.522486 -0.852648
    outer loop
      vertex 6.3 16.396 1.30899
      vertex 1.3 16.2622 1.39098
      vertex 1.3 16.396 1.30899
    endloop
  endfacet
  facet normal 0 -0.522486 -0.852648
    outer loop
      vertex 19.1 16.2622 1.39098
      vertex 24.1 16.396 1.30899
      vertex 24.1 16.2622 1.39098
    endloop
  endfacet
  facet normal -0 -0.522486 -0.852648
    outer loop
      vertex 24.1 16.396 1.30899
      vertex 19.1 16.2622 1.39098
      vertex 19.1 16.396 1.30899
    endloop
  endfacet
  facet normal 0 0.85262 -0.522532
    outer loop
      vertex 6.3 17.659 1.61221
      vertex 1.3 17.741 1.74601
      vertex 6.3 17.741 1.74601
    endloop
  endfacet
  facet normal 0 0.85262 -0.522532
    outer loop
      vertex 1.3 17.741 1.74601
      vertex 6.3 17.659 1.61221
      vertex 1.3 17.659 1.61221
    endloop
  endfacet
  facet normal 0 0.85262 -0.522532
    outer loop
      vertex 24.1 17.659 1.61221
      vertex 19.1 17.741 1.74601
      vertex 24.1 17.741 1.74601
    endloop
  endfacet
  facet normal 0 0.85262 -0.522532
    outer loop
      vertex 19.1 17.741 1.74601
      vertex 24.1 17.659 1.61221
      vertex 19.1 17.659 1.61221
    endloop
  endfacet
  facet normal 0 0.760434 -0.649415
    outer loop
      vertex 6.3 17.5571 1.49289
      vertex 1.3 17.659 1.61221
      vertex 6.3 17.659 1.61221
    endloop
  endfacet
  facet normal 0 0.760434 -0.649415
    outer loop
      vertex 1.3 17.659 1.61221
      vertex 6.3 17.5571 1.49289
      vertex 1.3 17.5571 1.49289
    endloop
  endfacet
  facet normal 0 0.760434 -0.649415
    outer loop
      vertex 24.1 17.5571 1.49289
      vertex 19.1 17.659 1.61221
      vertex 24.1 17.659 1.61221
    endloop
  endfacet
  facet normal 0 0.760434 -0.649415
    outer loop
      vertex 19.1 17.659 1.61221
      vertex 24.1 17.5571 1.49289
      vertex 19.1 17.5571 1.49289
    endloop
  endfacet
  facet normal 0 0.923764 -0.382963
    outer loop
      vertex 6.3 17.741 1.74601
      vertex 1.3 17.8011 1.89098
      vertex 6.3 17.8011 1.89098
    endloop
  endfacet
  facet normal 0 0.923764 -0.382963
    outer loop
      vertex 1.3 17.8011 1.89098
      vertex 6.3 17.741 1.74601
      vertex 1.3 17.741 1.74601
    endloop
  endfacet
  facet normal 0 0.923764 -0.382963
    outer loop
      vertex 24.1 17.741 1.74601
      vertex 19.1 17.8011 1.89098
      vertex 24.1 17.8011 1.89098
    endloop
  endfacet
  facet normal 0 0.923764 -0.382963
    outer loop
      vertex 19.1 17.8011 1.89098
      vertex 24.1 17.741 1.74601
      vertex 19.1 17.741 1.74601
    endloop
  endfacet
  facet normal 0 0.0784658 -0.996917
    outer loop
      vertex 1.3 16.85 1.2
      vertex 6.3 17.0064 1.21231
      vertex 6.3 16.85 1.2
    endloop
  endfacet
  facet normal 0 0.0784658 -0.996917
    outer loop
      vertex 6.3 17.0064 1.21231
      vertex 1.3 16.85 1.2
      vertex 1.3 17.0064 1.21231
    endloop
  endfacet
  facet normal 0 0.0784658 -0.996917
    outer loop
      vertex 19.1 16.85 1.2
      vertex 24.1 17.0064 1.21231
      vertex 24.1 16.85 1.2
    endloop
  endfacet
  facet normal 0 0.0784658 -0.996917
    outer loop
      vertex 24.1 17.0064 1.21231
      vertex 19.1 16.85 1.2
      vertex 19.1 17.0064 1.21231
    endloop
  endfacet
  facet normal -1 0 0
    outer loop
      vertex 1.3 17.8377 2.04357
      vertex 1.3 17.8377 2.35643
      vertex 1.3 17.85 2.2
    endloop
  endfacet
  facet normal -1 0 0
    outer loop
      vertex 1.3 17.8011 1.89098
      vertex 1.3 17.8377 2.35643
      vertex 1.3 17.8377 2.04357
    endloop
  endfacet
  facet normal -1 0 0
    outer loop
      vertex 1.3 17.8011 1.89098
      vertex 1.3 17.8011 2.50902
      vertex 1.3 17.8377 2.35643
    endloop
  endfacet
  facet normal -1 0 0
    outer loop
      vertex 1.3 17.741 1.74601
      vertex 1.3 17.8011 2.50902
      vertex 1.3 17.8011 1.89098
    endloop
  endfacet
  facet normal -1 0 0
    outer loop
      vertex 1.3 17.741 1.74601
      vertex 1.3 17.741 2.65399
      vertex 1.3 17.8011 2.50902
    endloop
  endfacet
  facet normal -1 0 0
    outer loop
      vertex 1.3 17.659 1.61221
      vertex 1.3 17.741 2.65399
      vertex 1.3 17.741 1.74601
    endloop
  endfacet
  facet normal -1 0 0
    outer loop
      vertex 1.3 17.659 1.61221
      vertex 1.3 17.659 2.78779
      vertex 1.3 17.741 2.65399
    endloop
  endfacet
  facet normal -1 0 0
    outer loop
      vertex 1.3 17.5571 1.49289
      vertex 1.3 17.659 2.78779
      vertex 1.3 17.659 1.61221
    endloop
  endfacet
  facet normal -1 0 0
    outer loop
      vertex 1.3 17.5571 1.49289
      vertex 1.3 17.5571 2.90711
      vertex 1.3 17.659 2.78779
    endloop
  endfacet
  facet normal -1 0 0
    outer loop
      vertex 1.3 17.4378 1.39098
      vertex 1.3 17.5571 2.90711
      vertex 1.3 17.5571 1.49289
    endloop
  endfacet
  facet normal -1 0 0
    outer loop
      vertex 1.3 17.4378 1.39098
      vertex 1.3 17.4378 3.00902
      vertex 1.3 17.5571 2.90711
    endloop
  endfacet
  facet normal -1 0 0
    outer loop
      vertex 1.3 17.304 1.30899
      vertex 1.3 17.4378 3.00902
      vertex 1.3 17.4378 1.39098
    endloop
  endfacet
  facet normal -1 0 0
    outer loop
      vertex 1.3 17.304 1.30899
      vertex 1.3 17.304 3.09101
      vertex 1.3 17.4378 3.00902
    endloop
  endfacet
  facet normal -1 0 0
    outer loop
      vertex 1.3 17.159 1.24894
      vertex 1.3 17.304 3.09101
      vertex 1.3 17.304 1.30899
    endloop
  endfacet
  facet normal -1 0 0
    outer loop
      vertex 1.3 17.159 1.24894
      vertex 1.3 17.159 3.15106
      vertex 1.3 17.304 3.09101
    endloop
  endfacet
  facet normal -1 0 0
    outer loop
      vertex 1.3 17.0064 1.21231
      vertex 1.3 17.159 3.15106
      vertex 1.3 17.159 1.24894
    endloop
  endfacet
  facet normal -1 0 0
    outer loop
      vertex 1.3 17.0064 1.21231
      vertex 1.3 17.0064 3.18769
      vertex 1.3 17.159 3.15106
    endloop
  endfacet
  facet normal -1 0 0
    outer loop
      vertex 1.3 16.85 1.2
      vertex 1.3 17.0064 3.18769
      vertex 1.3 17.0064 1.21231
    endloop
  endfacet
  facet normal -1 0 0
    outer loop
      vertex 1.3 16.85 1.2
      vertex 1.3 16.85 3.2
      vertex 1.3 17.0064 3.18769
    endloop
  endfacet
  facet normal -1 0 0
    outer loop
      vertex 1.3 16.6936 1.21231
      vertex 1.3 16.85 3.2
      vertex 1.3 16.85 1.2
    endloop
  endfacet
  facet normal -1 0 0
    outer loop
      vertex 1.3 16.6936 1.21231
      vertex 1.3 16.6936 3.18769
      vertex 1.3 16.85 3.2
    endloop
  endfacet
  facet normal -1 0 0
    outer loop
      vertex 1.3 16.541 1.24894
      vertex 1.3 16.6936 3.18769
      vertex 1.3 16.6936 1.21231
    endloop
  endfacet
  facet normal -1 0 0
    outer loop
      vertex 1.3 16.541 1.24894
      vertex 1.3 16.541 3.15106
      vertex 1.3 16.6936 3.18769
    endloop
  endfacet
  facet normal -1 0 0
    outer loop
      vertex 1.3 16.396 1.30899
      vertex 1.3 16.541 3.15106
      vertex 1.3 16.541 1.24894
    endloop
  endfacet
  facet normal -1 0 0
    outer loop
      vertex 1.3 16.396 1.30899
      vertex 1.3 16.396 3.09101
      vertex 1.3 16.541 3.15106
    endloop
  endfacet
  facet normal -1 0 0
    outer loop
      vertex 1.3 16.2622 1.39098
      vertex 1.3 16.396 3.09101
      vertex 1.3 16.396 1.30899
    endloop
  endfacet
  facet normal -1 0 0
    outer loop
      vertex 1.3 16.2622 1.39098
      vertex 1.3 16.2622 3.00902
      vertex 1.3 16.396 3.09101
    endloop
  endfacet
  facet normal -1 0 0
    outer loop
      vertex 1.3 16.1429 1.49289
      vertex 1.3 16.2622 3.00902
      vertex 1.3 16.2622 1.39098
    endloop
  endfacet
  facet normal -1 0 0
    outer loop
      vertex 1.3 16.1429 1.49289
      vertex 1.3 16.1429 2.90711
      vertex 1.3 16.2622 3.00902
    endloop
  endfacet
  facet normal -1 0 0
    outer loop
      vertex 1.3 16.041 1.61221
      vertex 1.3 16.1429 2.90711
      vertex 1.3 16.1429 1.49289
    endloop
  endfacet
  facet normal -1 0 0
    outer loop
      vertex 1.3 16.041 1.61221
      vertex 1.3 16.041 2.78779
      vertex 1.3 16.1429 2.90711
    endloop
  endfacet
  facet normal -1 0 0
    outer loop
      vertex 1.3 15.959 1.74601
      vertex 1.3 16.041 2.78779
      vertex 1.3 16.041 1.61221
    endloop
  endfacet
  facet normal -1 0 0
    outer loop
      vertex 1.3 15.959 1.74601
      vertex 1.3 15.959 2.65399
      vertex 1.3 16.041 2.78779
    endloop
  endfacet
  facet normal -1 0 0
    outer loop
      vertex 1.3 15.8989 1.89098
      vertex 1.3 15.959 2.65399
      vertex 1.3 15.959 1.74601
    endloop
  endfacet
  facet normal -1 0 0
    outer loop
      vertex 1.3 15.8989 1.89098
      vertex 1.3 15.8989 2.50902
      vertex 1.3 15.959 2.65399
    endloop
  endfacet
  facet normal -1 0 0
    outer loop
      vertex 1.3 15.8623 2.04357
      vertex 1.3 15.8989 2.50902
      vertex 1.3 15.8989 1.89098
    endloop
  endfacet
  facet normal -1 0 0
    outer loop
      vertex 1.3 15.8623 2.04357
      vertex 1.3 15.8623 2.35643
      vertex 1.3 15.8989 2.50902
    endloop
  endfacet
  facet normal -1 0 -0
    outer loop
      vertex 1.3 15.8623 2.35643
      vertex 1.3 15.8623 2.04357
      vertex 1.3 15.85 2.2
    endloop
  endfacet
  facet normal 0 -0.522486 0.852648
    outer loop
      vertex 1.3 16.396 3.09101
      vertex 6.3 16.2622 3.00902
      vertex 6.3 16.396 3.09101
    endloop
  endfacet
  facet normal 0 -0.522486 0.852648
    outer loop
      vertex 6.3 16.2622 3.00902
      vertex 1.3 16.396 3.09101
      vertex 1.3 16.2622 3.00902
    endloop
  endfacet
  facet normal 0 -0.522486 0.852648
    outer loop
      vertex 19.1 16.396 3.09101
      vertex 24.1 16.2622 3.00902
      vertex 24.1 16.396 3.09101
    endloop
  endfacet
  facet normal 0 -0.522486 0.852648
    outer loop
      vertex 24.1 16.2622 3.00902
      vertex 19.1 16.396 3.09101
      vertex 19.1 16.2622 3.00902
    endloop
  endfacet
  facet normal 0 -0.972419 0.233243
    outer loop
      vertex 19.1 15.8623 2.35643
      vertex 24.1 15.8989 2.50902
      vertex 19.1 15.8989 2.50902
    endloop
  endfacet
  facet normal 0 -0.972419 0.233243
    outer loop
      vertex 24.1 15.8989 2.50902
      vertex 19.1 15.8623 2.35643
      vertex 24.1 15.8623 2.35643
    endloop
  endfacet
  facet normal 0 -0.972419 0.233243
    outer loop
      vertex 1.3 15.8623 2.35643
      vertex 6.3 15.8989 2.50902
      vertex 1.3 15.8989 2.50902
    endloop
  endfacet
  facet normal 0 -0.972419 0.233243
    outer loop
      vertex 6.3 15.8989 2.50902
      vertex 1.3 15.8623 2.35643
      vertex 6.3 15.8623 2.35643
    endloop
  endfacet
  facet normal -0 0.382624 0.923904
    outer loop
      vertex 1.3 17.304 3.09101
      vertex 6.3 17.159 3.15106
      vertex 6.3 17.304 3.09101
    endloop
  endfacet
  facet normal 0 0.382624 0.923904
    outer loop
      vertex 6.3 17.159 3.15106
      vertex 1.3 17.304 3.09101
      vertex 1.3 17.159 3.15106
    endloop
  endfacet
  facet normal -0 0.382624 0.923904
    outer loop
      vertex 19.1 17.304 3.09101
      vertex 24.1 17.159 3.15106
      vertex 24.1 17.304 3.09101
    endloop
  endfacet
  facet normal 0 0.382624 0.923904
    outer loop
      vertex 24.1 17.159 3.15106
      vertex 19.1 17.304 3.09101
      vertex 19.1 17.159 3.15106
    endloop
  endfacet
  facet normal -0 0.649515 0.760349
    outer loop
      vertex 1.3 17.5571 2.90711
      vertex 6.3 17.4378 3.00902
      vertex 6.3 17.5571 2.90711
    endloop
  endfacet
  facet normal 0 0.649515 0.760349
    outer loop
      vertex 6.3 17.4378 3.00902
      vertex 1.3 17.5571 2.90711
      vertex 1.3 17.4378 3.00902
    endloop
  endfacet
  facet normal -0 0.649515 0.760349
    outer loop
      vertex 19.1 17.5571 2.90711
      vertex 24.1 17.4378 3.00902
      vertex 24.1 17.5571 2.90711
    endloop
  endfacet
  facet normal 0 0.649515 0.760349
    outer loop
      vertex 24.1 17.4378 3.00902
      vertex 19.1 17.5571 2.90711
      vertex 19.1 17.4378 3.00902
    endloop
  endfacet
  facet normal -0 0.233409 0.972379
    outer loop
      vertex 1.3 17.159 3.15106
      vertex 6.3 17.0064 3.18769
      vertex 6.3 17.159 3.15106
    endloop
  endfacet
  facet normal 0 0.233409 0.972379
    outer loop
      vertex 6.3 17.0064 3.18769
      vertex 1.3 17.159 3.15106
      vertex 1.3 17.0064 3.18769
    endloop
  endfacet
  facet normal -0 0.233409 0.972379
    outer loop
      vertex 19.1 17.159 3.15106
      vertex 24.1 17.0064 3.18769
      vertex 24.1 17.159 3.15106
    endloop
  endfacet
  facet normal 0 0.233409 0.972379
    outer loop
      vertex 24.1 17.0064 3.18769
      vertex 19.1 17.159 3.15106
      vertex 19.1 17.0064 3.18769
    endloop
  endfacet
  facet normal 1 0 0
    outer loop
      vertex 24.1 17.8377 2.35643
      vertex 24.1 17.8377 2.04357
      vertex 24.1 17.85 2.2
    endloop
  endfacet
  facet normal 1 0 0
    outer loop
      vertex 24.1 17.8011 2.50902
      vertex 24.1 17.8377 2.04357
      vertex 24.1 17.8377 2.35643
    endloop
  endfacet
  facet normal 1 0 0
    outer loop
      vertex 24.1 17.8011 2.50902
      vertex 24.1 17.8011 1.89098
      vertex 24.1 17.8377 2.04357
    endloop
  endfacet
  facet normal 1 0 0
    outer loop
      vertex 24.1 17.741 2.65399
      vertex 24.1 17.8011 1.89098
      vertex 24.1 17.8011 2.50902
    endloop
  endfacet
  facet normal 1 0 0
    outer loop
      vertex 24.1 17.741 2.65399
      vertex 24.1 17.741 1.74601
      vertex 24.1 17.8011 1.89098
    endloop
  endfacet
  facet normal 1 0 0
    outer loop
      vertex 24.1 17.659 2.78779
      vertex 24.1 17.741 1.74601
      vertex 24.1 17.741 2.65399
    endloop
  endfacet
  facet normal 1 0 0
    outer loop
      vertex 24.1 17.659 2.78779
      vertex 24.1 17.659 1.61221
      vertex 24.1 17.741 1.74601
    endloop
  endfacet
  facet normal 1 0 0
    outer loop
      vertex 24.1 17.5571 2.90711
      vertex 24.1 17.659 1.61221
      vertex 24.1 17.659 2.78779
    endloop
  endfacet
  facet normal 1 0 0
    outer loop
      vertex 24.1 17.5571 2.90711
      vertex 24.1 17.5571 1.49289
      vertex 24.1 17.659 1.61221
    endloop
  endfacet
  facet normal 1 0 0
    outer loop
      vertex 24.1 17.4378 3.00902
      vertex 24.1 17.5571 1.49289
      vertex 24.1 17.5571 2.90711
    endloop
  endfacet
  facet normal 1 0 0
    outer loop
      vertex 24.1 17.4378 3.00902
      vertex 24.1 17.4378 1.39098
      vertex 24.1 17.5571 1.49289
    endloop
  endfacet
  facet normal 1 0 0
    outer loop
      vertex 24.1 17.304 3.09101
      vertex 24.1 17.4378 1.39098
      vertex 24.1 17.4378 3.00902
    endloop
  endfacet
  facet normal 1 0 0
    outer loop
      vertex 24.1 17.304 3.09101
      vertex 24.1 17.304 1.30899
      vertex 24.1 17.4378 1.39098
    endloop
  endfacet
  facet normal 1 0 0
    outer loop
      vertex 24.1 17.159 3.15106
      vertex 24.1 17.304 1.30899
      vertex 24.1 17.304 3.09101
    endloop
  endfacet
  facet normal 1 0 0
    outer loop
      vertex 24.1 17.159 3.15106
      vertex 24.1 17.159 1.24894
      vertex 24.1 17.304 1.30899
    endloop
  endfacet
  facet normal 1 0 0
    outer loop
      vertex 24.1 17.0064 3.18769
      vertex 24.1 17.159 1.24894
      vertex 24.1 17.159 3.15106
    endloop
  endfacet
  facet normal 1 0 0
    outer loop
      vertex 24.1 17.0064 3.18769
      vertex 24.1 17.0064 1.21231
      vertex 24.1 17.159 1.24894
    endloop
  endfacet
  facet normal 1 0 0
    outer loop
      vertex 24.1 16.85 3.2
      vertex 24.1 17.0064 1.21231
      vertex 24.1 17.0064 3.18769
    endloop
  endfacet
  facet normal 1 0 0
    outer loop
      vertex 24.1 16.85 3.2
      vertex 24.1 16.85 1.2
      vertex 24.1 17.0064 1.21231
    endloop
  endfacet
  facet normal 1 -0 0
    outer loop
      vertex 24.1 16.6936 3.18769
      vertex 24.1 16.85 1.2
      vertex 24.1 16.85 3.2
    endloop
  endfacet
  facet normal 1 0 0
    outer loop
      vertex 24.1 16.6936 3.18769
      vertex 24.1 16.6936 1.21231
      vertex 24.1 16.85 1.2
    endloop
  endfacet
  facet normal 1 -0 0
    outer loop
      vertex 24.1 16.541 3.15106
      vertex 24.1 16.6936 1.21231
      vertex 24.1 16.6936 3.18769
    endloop
  endfacet
  facet normal 1 0 0
    outer loop
      vertex 24.1 16.541 3.15106
      vertex 24.1 16.541 1.24894
      vertex 24.1 16.6936 1.21231
    endloop
  endfacet
  facet normal 1 -0 0
    outer loop
      vertex 24.1 16.396 3.09101
      vertex 24.1 16.541 1.24894
      vertex 24.1 16.541 3.15106
    endloop
  endfacet
  facet normal 1 0 0
    outer loop
      vertex 24.1 16.396 3.09101
      vertex 24.1 16.396 1.30899
      vertex 24.1 16.541 1.24894
    endloop
  endfacet
  facet normal 1 -0 0
    outer loop
      vertex 24.1 16.2622 3.00902
      vertex 24.1 16.396 1.30899
      vertex 24.1 16.396 3.09101
    endloop
  endfacet
  facet normal 1 0 0
    outer loop
      vertex 24.1 16.2622 3.00902
      vertex 24.1 16.2622 1.39098
      vertex 24.1 16.396 1.30899
    endloop
  endfacet
  facet normal 1 -0 0
    outer loop
      vertex 24.1 16.1429 2.90711
      vertex 24.1 16.2622 1.39098
      vertex 24.1 16.2622 3.00902
    endloop
  endfacet
  facet normal 1 0 0
    outer loop
      vertex 24.1 16.1429 2.90711
      vertex 24.1 16.1429 1.49289
      vertex 24.1 16.2622 1.39098
    endloop
  endfacet
  facet normal 1 -0 0
    outer loop
      vertex 24.1 16.041 2.78779
      vertex 24.1 16.1429 1.49289
      vertex 24.1 16.1429 2.90711
    endloop
  endfacet
  facet normal 1 0 0
    outer loop
      vertex 24.1 16.041 2.78779
      vertex 24.1 16.041 1.61221
      vertex 24.1 16.1429 1.49289
    endloop
  endfacet
  facet normal 1 -0 0
    outer loop
      vertex 24.1 15.959 2.65399
      vertex 24.1 16.041 1.61221
      vertex 24.1 16.041 2.78779
    endloop
  endfacet
  facet normal 1 0 0
    outer loop
      vertex 24.1 15.959 2.65399
      vertex 24.1 15.959 1.74601
      vertex 24.1 16.041 1.61221
    endloop
  endfacet
  facet normal 1 -0 0
    outer loop
      vertex 24.1 15.8989 2.50902
      vertex 24.1 15.959 1.74601
      vertex 24.1 15.959 2.65399
    endloop
  endfacet
  facet normal 1 0 0
    outer loop
      vertex 24.1 15.8989 2.50902
      vertex 24.1 15.8989 1.89098
      vertex 24.1 15.959 1.74601
    endloop
  endfacet
  facet normal 1 -0 0
    outer loop
      vertex 24.1 15.8623 2.35643
      vertex 24.1 15.8989 1.89098
      vertex 24.1 15.8989 2.50902
    endloop
  endfacet
  facet normal 1 0 0
    outer loop
      vertex 24.1 15.8623 2.35643
      vertex 24.1 15.8623 2.04357
      vertex 24.1 15.8989 1.89098
    endloop
  endfacet
  facet normal 1 0 -0
    outer loop
      vertex 24.1 15.8623 2.04357
      vertex 24.1 15.8623 2.35643
      vertex 24.1 15.85 2.2
    endloop
  endfacet
  facet normal 0 0.996923 0.0783875
    outer loop
      vertex 6.3 17.85 2.2
      vertex 1.3 17.8377 2.35643
      vertex 6.3 17.8377 2.35643
    endloop
  endfacet
  facet normal 0 0.996923 0.0783875
    outer loop
      vertex 1.3 17.8377 2.35643
      vertex 6.3 17.85 2.2
      vertex 1.3 17.85 2.2
    endloop
  endfacet
  facet normal 0 0.996923 0.0783875
    outer loop
      vertex 24.1 17.85 2.2
      vertex 19.1 17.8377 2.35643
      vertex 24.1 17.8377 2.35643
    endloop
  endfacet
  facet normal 0 0.996923 0.0783875
    outer loop
      vertex 19.1 17.8377 2.35643
      vertex 24.1 17.85 2.2
      vertex 19.1 17.85 2.2
    endloop
  endfacet
  facet normal 0 -0.972419 -0.233243
    outer loop
      vertex 1.3 15.8989 1.89098
      vertex 6.3 15.8623 2.04357
      vertex 1.3 15.8623 2.04357
    endloop
  endfacet
  facet normal 0 -0.972419 -0.233243
    outer loop
      vertex 6.3 15.8623 2.04357
      vertex 1.3 15.8989 1.89098
      vertex 6.3 15.8989 1.89098
    endloop
  endfacet
  facet normal 0 -0.972419 -0.233243
    outer loop
      vertex 19.1 15.8989 1.89098
      vertex 24.1 15.8623 2.04357
      vertex 19.1 15.8623 2.04357
    endloop
  endfacet
  facet normal 0 -0.972419 -0.233243
    outer loop
      vertex 24.1 15.8623 2.04357
      vertex 19.1 15.8989 1.89098
      vertex 24.1 15.8989 1.89098
    endloop
  endfacet
  facet normal 0 -0.85262 -0.522532
    outer loop
      vertex 1.3 16.041 1.61221
      vertex 6.3 15.959 1.74601
      vertex 1.3 15.959 1.74601
    endloop
  endfacet
  facet normal 0 -0.85262 -0.522532
    outer loop
      vertex 6.3 15.959 1.74601
      vertex 1.3 16.041 1.61221
      vertex 6.3 16.041 1.61221
    endloop
  endfacet
  facet normal 0 -0.85262 -0.522532
    outer loop
      vertex 19.1 16.041 1.61221
      vertex 24.1 15.959 1.74601
      vertex 19.1 15.959 1.74601
    endloop
  endfacet
  facet normal 0 -0.85262 -0.522532
    outer loop
      vertex 24.1 15.959 1.74601
      vertex 19.1 16.041 1.61221
      vertex 24.1 16.041 1.61221
    endloop
  endfacet
  facet normal 0 -0.649515 -0.760349
    outer loop
      vertex 1.3 16.1429 1.49289
      vertex 6.3 16.2622 1.39098
      vertex 6.3 16.1429 1.49289
    endloop
  endfacet
  facet normal -0 -0.649515 -0.760349
    outer loop
      vertex 6.3 16.2622 1.39098
      vertex 1.3 16.1429 1.49289
      vertex 1.3 16.2622 1.39098
    endloop
  endfacet
  facet normal 0 -0.649515 -0.760349
    outer loop
      vertex 19.1 16.1429 1.49289
      vertex 24.1 16.2622 1.39098
      vertex 24.1 16.1429 1.49289
    endloop
  endfacet
  facet normal -0 -0.649515 -0.760349
    outer loop
      vertex 24.1 16.2622 1.39098
      vertex 19.1 16.1429 1.49289
      vertex 19.1 16.2622 1.39098
    endloop
  endfacet
  facet normal 0 -0.0784658 -0.996917
    outer loop
      vertex 1.3 16.6936 1.21231
      vertex 6.3 16.85 1.2
      vertex 6.3 16.6936 1.21231
    endloop
  endfacet
  facet normal -0 -0.0784658 -0.996917
    outer loop
      vertex 6.3 16.85 1.2
      vertex 1.3 16.6936 1.21231
      vertex 1.3 16.85 1.2
    endloop
  endfacet
  facet normal 0 -0.0784658 -0.996917
    outer loop
      vertex 19.1 16.6936 1.21231
      vertex 24.1 16.85 1.2
      vertex 24.1 16.6936 1.21231
    endloop
  endfacet
  facet normal -0 -0.0784658 -0.996917
    outer loop
      vertex 24.1 16.85 1.2
      vertex 19.1 16.6936 1.21231
      vertex 19.1 16.85 1.2
    endloop
  endfacet
  facet normal 0 -0.382624 -0.923904
    outer loop
      vertex 19.1 16.396 1.30899
      vertex 24.1 16.541 1.24894
      vertex 24.1 16.396 1.30899
    endloop
  endfacet
  facet normal -0 -0.382624 -0.923904
    outer loop
      vertex 24.1 16.541 1.24894
      vertex 19.1 16.396 1.30899
      vertex 19.1 16.541 1.24894
    endloop
  endfacet
  facet normal 0 -0.382624 -0.923904
    outer loop
      vertex 1.3 16.396 1.30899
      vertex 6.3 16.541 1.24894
      vertex 6.3 16.396 1.30899
    endloop
  endfacet
  facet normal -0 -0.382624 -0.923904
    outer loop
      vertex 6.3 16.541 1.24894
      vertex 1.3 16.396 1.30899
      vertex 1.3 16.541 1.24894
    endloop
  endfacet
  facet normal 0 0.972419 -0.233243
    outer loop
      vertex 6.3 17.8011 1.89098
      vertex 1.3 17.8377 2.04357
      vertex 6.3 17.8377 2.04357
    endloop
  endfacet
  facet normal 0 0.972419 -0.233243
    outer loop
      vertex 1.3 17.8377 2.04357
      vertex 6.3 17.8011 1.89098
      vertex 1.3 17.8011 1.89098
    endloop
  endfacet
  facet normal 0 0.972419 -0.233243
    outer loop
      vertex 24.1 17.8011 1.89098
      vertex 19.1 17.8377 2.04357
      vertex 24.1 17.8377 2.04357
    endloop
  endfacet
  facet normal 0 0.972419 -0.233243
    outer loop
      vertex 19.1 17.8377 2.04357
      vertex 24.1 17.8011 1.89098
      vertex 19.1 17.8011 1.89098
    endloop
  endfacet
  facet normal 0 0.382624 -0.923904
    outer loop
      vertex 1.3 17.159 1.24894
      vertex 6.3 17.304 1.30899
      vertex 6.3 17.159 1.24894
    endloop
  endfacet
  facet normal 0 0.382624 -0.923904
    outer loop
      vertex 6.3 17.304 1.30899
      vertex 1.3 17.159 1.24894
      vertex 1.3 17.304 1.30899
    endloop
  endfacet
  facet normal 0 0.382624 -0.923904
    outer loop
      vertex 19.1 17.159 1.24894
      vertex 24.1 17.304 1.30899
      vertex 24.1 17.159 1.24894
    endloop
  endfacet
  facet normal 0 0.382624 -0.923904
    outer loop
      vertex 24.1 17.304 1.30899
      vertex 19.1 17.159 1.24894
      vertex 19.1 17.304 1.30899
    endloop
  endfacet
  facet normal 0 0.522486 -0.852648
    outer loop
      vertex 1.3 17.304 1.30899
      vertex 6.3 17.4378 1.39098
      vertex 6.3 17.304 1.30899
    endloop
  endfacet
  facet normal 0 0.522486 -0.852648
    outer loop
      vertex 6.3 17.4378 1.39098
      vertex 1.3 17.304 1.30899
      vertex 1.3 17.4378 1.39098
    endloop
  endfacet
  facet normal 0 0.522486 -0.852648
    outer loop
      vertex 19.1 17.304 1.30899
      vertex 24.1 17.4378 1.39098
      vertex 24.1 17.304 1.30899
    endloop
  endfacet
  facet normal 0 0.522486 -0.852648
    outer loop
      vertex 24.1 17.4378 1.39098
      vertex 19.1 17.304 1.30899
      vertex 19.1 17.4378 1.39098
    endloop
  endfacet
  facet normal 0 -0.996923 0.0783875
    outer loop
      vertex 1.3 15.85 2.2
      vertex 6.3 15.8623 2.35643
      vertex 1.3 15.8623 2.35643
    endloop
  endfacet
  facet normal 0 -0.996923 0.0783875
    outer loop
      vertex 6.3 15.8623 2.35643
      vertex 1.3 15.85 2.2
      vertex 6.3 15.85 2.2
    endloop
  endfacet
  facet normal 0 -0.996923 0.0783875
    outer loop
      vertex 19.1 15.85 2.2
      vertex 24.1 15.8623 2.35643
      vertex 19.1 15.8623 2.35643
    endloop
  endfacet
  facet normal 0 -0.996923 0.0783875
    outer loop
      vertex 24.1 15.8623 2.35643
      vertex 19.1 15.85 2.2
      vertex 24.1 15.85 2.2
    endloop
  endfacet
  facet normal 0 -0.0784658 0.996917
    outer loop
      vertex 19.1 16.85 3.2
      vertex 24.1 16.6936 3.18769
      vertex 24.1 16.85 3.2
    endloop
  endfacet
  facet normal 0 -0.0784658 0.996917
    outer loop
      vertex 24.1 16.6936 3.18769
      vertex 19.1 16.85 3.2
      vertex 19.1 16.6936 3.18769
    endloop
  endfacet
  facet normal 0 -0.0784658 0.996917
    outer loop
      vertex 1.3 16.85 3.2
      vertex 6.3 16.6936 3.18769
      vertex 6.3 16.85 3.2
    endloop
  endfacet
  facet normal 0 -0.0784658 0.996917
    outer loop
      vertex 6.3 16.6936 3.18769
      vertex 1.3 16.85 3.2
      vertex 1.3 16.6936 3.18769
    endloop
  endfacet
  facet normal 0 -0.382624 0.923904
    outer loop
      vertex 1.3 16.541 3.15106
      vertex 6.3 16.396 3.09101
      vertex 6.3 16.541 3.15106
    endloop
  endfacet
  facet normal 0 -0.382624 0.923904
    outer loop
      vertex 6.3 16.396 3.09101
      vertex 1.3 16.541 3.15106
      vertex 1.3 16.396 3.09101
    endloop
  endfacet
  facet normal 0 -0.382624 0.923904
    outer loop
      vertex 19.1 16.541 3.15106
      vertex 24.1 16.396 3.09101
      vertex 24.1 16.541 3.15106
    endloop
  endfacet
  facet normal 0 -0.382624 0.923904
    outer loop
      vertex 24.1 16.396 3.09101
      vertex 19.1 16.541 3.15106
      vertex 19.1 16.396 3.09101
    endloop
  endfacet
  facet normal 0 -0.649515 0.760349
    outer loop
      vertex 1.3 16.2622 3.00902
      vertex 6.3 16.1429 2.90711
      vertex 6.3 16.2622 3.00902
    endloop
  endfacet
  facet normal 0 -0.649515 0.760349
    outer loop
      vertex 6.3 16.1429 2.90711
      vertex 1.3 16.2622 3.00902
      vertex 1.3 16.1429 2.90711
    endloop
  endfacet
  facet normal 0 -0.649515 0.760349
    outer loop
      vertex 19.1 16.2622 3.00902
      vertex 24.1 16.1429 2.90711
      vertex 24.1 16.2622 3.00902
    endloop
  endfacet
  facet normal 0 -0.649515 0.760349
    outer loop
      vertex 24.1 16.1429 2.90711
      vertex 19.1 16.2622 3.00902
      vertex 19.1 16.1429 2.90711
    endloop
  endfacet
  facet normal 0 -0.760434 0.649415
    outer loop
      vertex 1.3 16.041 2.78779
      vertex 6.3 16.1429 2.90711
      vertex 1.3 16.1429 2.90711
    endloop
  endfacet
  facet normal 0 -0.760434 0.649415
    outer loop
      vertex 6.3 16.1429 2.90711
      vertex 1.3 16.041 2.78779
      vertex 6.3 16.041 2.78779
    endloop
  endfacet
  facet normal 0 -0.760434 0.649415
    outer loop
      vertex 19.1 16.041 2.78779
      vertex 24.1 16.1429 2.90711
      vertex 19.1 16.1429 2.90711
    endloop
  endfacet
  facet normal 0 -0.760434 0.649415
    outer loop
      vertex 24.1 16.1429 2.90711
      vertex 19.1 16.041 2.78779
      vertex 24.1 16.041 2.78779
    endloop
  endfacet
  facet normal -0 0.522486 0.852648
    outer loop
      vertex 1.3 17.4378 3.00902
      vertex 6.3 17.304 3.09101
      vertex 6.3 17.4378 3.00902
    endloop
  endfacet
  facet normal 0 0.522486 0.852648
    outer loop
      vertex 6.3 17.304 3.09101
      vertex 1.3 17.4378 3.00902
      vertex 1.3 17.304 3.09101
    endloop
  endfacet
  facet normal -0 0.522486 0.852648
    outer loop
      vertex 19.1 17.4378 3.00902
      vertex 24.1 17.304 3.09101
      vertex 24.1 17.4378 3.00902
    endloop
  endfacet
  facet normal 0 0.522486 0.852648
    outer loop
      vertex 24.1 17.304 3.09101
      vertex 19.1 17.4378 3.00902
      vertex 19.1 17.304 3.09101
    endloop
  endfacet
  facet normal 0 0.923764 0.382963
    outer loop
      vertex 6.3 17.8011 2.50902
      vertex 1.3 17.741 2.65399
      vertex 6.3 17.741 2.65399
    endloop
  endfacet
  facet normal 0 0.923764 0.382963
    outer loop
      vertex 1.3 17.741 2.65399
      vertex 6.3 17.8011 2.50902
      vertex 1.3 17.8011 2.50902
    endloop
  endfacet
  facet normal 0 0.923764 0.382963
    outer loop
      vertex 24.1 17.8011 2.50902
      vertex 19.1 17.741 2.65399
      vertex 24.1 17.741 2.65399
    endloop
  endfacet
  facet normal 0 0.923764 0.382963
    outer loop
      vertex 19.1 17.741 2.65399
      vertex 24.1 17.8011 2.50902
      vertex 19.1 17.8011 2.50902
    endloop
  endfacet
  facet normal 0 0.85262 0.522532
    outer loop
      vertex 6.3 17.741 2.65399
      vertex 1.3 17.659 2.78779
      vertex 6.3 17.659 2.78779
    endloop
  endfacet
  facet normal 0 0.85262 0.522532
    outer loop
      vertex 1.3 17.659 2.78779
      vertex 6.3 17.741 2.65399
      vertex 1.3 17.741 2.65399
    endloop
  endfacet
  facet normal 0 0.85262 0.522532
    outer loop
      vertex 24.1 17.741 2.65399
      vertex 19.1 17.659 2.78779
      vertex 24.1 17.659 2.78779
    endloop
  endfacet
  facet normal 0 0.85262 0.522532
    outer loop
      vertex 19.1 17.659 2.78779
      vertex 24.1 17.741 2.65399
      vertex 19.1 17.741 2.65399
    endloop
  endfacet
  facet normal 0 -0.923764 -0.382963
    outer loop
      vertex 19.1 15.959 1.74601
      vertex 24.1 15.8989 1.89098
      vertex 19.1 15.8989 1.89098
    endloop
  endfacet
  facet normal 0 -0.923764 -0.382963
    outer loop
      vertex 24.1 15.8989 1.89098
      vertex 19.1 15.959 1.74601
      vertex 24.1 15.959 1.74601
    endloop
  endfacet
  facet normal 0 -0.923764 -0.382963
    outer loop
      vertex 1.3 15.959 1.74601
      vertex 6.3 15.8989 1.89098
      vertex 1.3 15.8989 1.89098
    endloop
  endfacet
  facet normal 0 -0.923764 -0.382963
    outer loop
      vertex 6.3 15.8989 1.89098
      vertex 1.3 15.959 1.74601
      vertex 6.3 15.959 1.74601
    endloop
  endfacet
  facet normal 0 -0.233409 0.972379
    outer loop
      vertex 19.1 16.6936 3.18769
      vertex 24.1 16.541 3.15106
      vertex 24.1 16.6936 3.18769
    endloop
  endfacet
  facet normal 0 -0.233409 0.972379
    outer loop
      vertex 24.1 16.541 3.15106
      vertex 19.1 16.6936 3.18769
      vertex 19.1 16.541 3.15106
    endloop
  endfacet
  facet normal 0 -0.233409 0.972379
    outer loop
      vertex 1.3 16.6936 3.18769
      vertex 6.3 16.541 3.15106
      vertex 6.3 16.6936 3.18769
    endloop
  endfacet
  facet normal 0 -0.233409 0.972379
    outer loop
      vertex 6.3 16.541 3.15106
      vertex 1.3 16.6936 3.18769
      vertex 1.3 16.541 3.15106
    endloop
  endfacet
  facet normal 0 -0.85262 0.522532
    outer loop
      vertex 1.3 15.959 2.65399
      vertex 6.3 16.041 2.78779
      vertex 1.3 16.041 2.78779
    endloop
  endfacet
  facet normal 0 -0.85262 0.522532
    outer loop
      vertex 6.3 16.041 2.78779
      vertex 1.3 15.959 2.65399
      vertex 6.3 15.959 2.65399
    endloop
  endfacet
  facet normal 0 -0.85262 0.522532
    outer loop
      vertex 19.1 15.959 2.65399
      vertex 24.1 16.041 2.78779
      vertex 19.1 16.041 2.78779
    endloop
  endfacet
  facet normal 0 -0.85262 0.522532
    outer loop
      vertex 24.1 16.041 2.78779
      vertex 19.1 15.959 2.65399
      vertex 24.1 15.959 2.65399
    endloop
  endfacet
  facet normal 0 -0.923764 0.382963
    outer loop
      vertex 1.3 15.8989 2.50902
      vertex 6.3 15.959 2.65399
      vertex 1.3 15.959 2.65399
    endloop
  endfacet
  facet normal 0 -0.923764 0.382963
    outer loop
      vertex 6.3 15.959 2.65399
      vertex 1.3 15.8989 2.50902
      vertex 6.3 15.8989 2.50902
    endloop
  endfacet
  facet normal 0 -0.923764 0.382963
    outer loop
      vertex 19.1 15.8989 2.50902
      vertex 24.1 15.959 2.65399
      vertex 19.1 15.959 2.65399
    endloop
  endfacet
  facet normal 0 -0.923764 0.382963
    outer loop
      vertex 24.1 15.959 2.65399
      vertex 19.1 15.8989 2.50902
      vertex 24.1 15.8989 2.50902
    endloop
  endfacet
  facet normal 1 -0 0
    outer loop
      vertex 2.6 21.65 0.5
      vertex 2.6 23.2 7.62939e-07
      vertex 2.6 23.2 0.5
    endloop
  endfacet
  facet normal 1 0 0
    outer loop
      vertex 2.6 23.2 7.62939e-07
      vertex 2.6 21.65 0.5
      vertex 2.6 21.65 7.62939e-07
    endloop
  endfacet
  facet normal 1 -0 0
    outer loop
      vertex 2.6 23.9 0.5
      vertex 2.6 25.45 7.62939e-07
      vertex 2.6 25.45 0.5
    endloop
  endfacet
  facet normal 1 0 0
    outer loop
      vertex 2.6 25.45 7.62939e-07
      vertex 2.6 23.9 0.5
      vertex 2.6 23.9 7.62939e-07
    endloop
  endfacet
  facet normal 0 -1 0
    outer loop
      vertex 5.05 25.45 7.62939e-07
      vertex 6.8 25.45 0.5
      vertex 5.05 25.45 0.5
    endloop
  endfacet
  facet normal 0 -1 -0
    outer loop
      vertex 6.8 25.45 0.5
      vertex 5.05 25.45 7.62939e-07
      vertex 6.8 25.45 7.62939e-07
    endloop
  endfacet
  facet normal 0 -1 0
    outer loop
      vertex 2.6 25.45 7.62939e-07
      vertex 4.35 25.45 0.5
      vertex 2.6 25.45 0.5
    endloop
  endfacet
  facet normal 0 -1 -0
    outer loop
      vertex 4.35 25.45 0.5
      vertex 2.6 25.45 7.62939e-07
      vertex 4.35 25.45 7.62939e-07
    endloop
  endfacet
  facet normal -1 0 0
    outer loop
      vertex 6.8 23.9 7.62939e-07
      vertex 6.8 25.45 0.5
      vertex 6.8 25.45 7.62939e-07
    endloop
  endfacet
  facet normal -1 -0 0
    outer loop
      vertex 6.8 25.45 0.5
      vertex 6.8 23.9 7.62939e-07
      vertex 6.8 23.9 0.5
    endloop
  endfacet
  facet normal -1 0 0
    outer loop
      vertex 6.8 21.65 7.62939e-07
      vertex 6.8 23.2 0.5
      vertex 6.8 23.2 7.62939e-07
    endloop
  endfacet
  facet normal -1 -0 0
    outer loop
      vertex 6.8 23.2 0.5
      vertex 6.8 21.65 7.62939e-07
      vertex 6.8 21.65 0.5
    endloop
  endfacet
  facet normal 0 1 -0
    outer loop
      vertex 4.35 21.65 7.62939e-07
      vertex 2.6 21.65 0.5
      vertex 4.35 21.65 0.5
    endloop
  endfacet
  facet normal 0 1 0
    outer loop
      vertex 2.6 21.65 0.5
      vertex 4.35 21.65 7.62939e-07
      vertex 2.6 21.65 7.62939e-07
    endloop
  endfacet
  facet normal 0 1 -0
    outer loop
      vertex 6.8 21.65 7.62939e-07
      vertex 5.05 21.65 0.5
      vertex 6.8 21.65 0.5
    endloop
  endfacet
  facet normal 0 1 0
    outer loop
      vertex 5.05 21.65 0.5
      vertex 6.8 21.65 7.62939e-07
      vertex 5.05 21.65 7.62939e-07
    endloop
  endfacet
  facet normal 0 0 -1
    outer loop
      vertex 5.05 23.9 0.5
      vertex 6.8 25.45 0.5
      vertex 6.8 23.9 0.5
    endloop
  endfacet
  facet normal -0 0 -1
    outer loop
      vertex 6.8 25.45 0.5
      vertex 5.05 23.9 0.5
      vertex 5.05 25.45 0.5
    endloop
  endfacet
  facet normal 0 0 -1
    outer loop
      vertex 2.6 21.65 0.5
      vertex 4.35 23.2 0.5
      vertex 4.35 21.65 0.5
    endloop
  endfacet
  facet normal -0 0 -1
    outer loop
      vertex 4.35 23.2 0.5
      vertex 2.6 21.65 0.5
      vertex 2.6 23.2 0.5
    endloop
  endfacet
  facet normal 0 0 -1
    outer loop
      vertex 2.6 23.9 0.5
      vertex 4.35 25.45 0.5
      vertex 4.35 23.9 0.5
    endloop
  endfacet
  facet normal -0 0 -1
    outer loop
      vertex 4.35 25.45 0.5
      vertex 2.6 23.9 0.5
      vertex 2.6 25.45 0.5
    endloop
  endfacet
  facet normal 0 0 -1
    outer loop
      vertex 5.05 21.65 0.5
      vertex 6.8 23.2 0.5
      vertex 6.8 21.65 0.5
    endloop
  endfacet
  facet normal -0 0 -1
    outer loop
      vertex 6.8 23.2 0.5
      vertex 5.05 21.65 0.5
      vertex 5.05 23.2 0.5
    endloop
  endfacet
  facet normal -1 0 0
    outer loop
      vertex 4.35 21.65 7.62939e-07
      vertex 4.35 23.2 0.5
      vertex 4.35 23.2 7.62939e-07
    endloop
  endfacet
  facet normal -1 -0 0
    outer loop
      vertex 4.35 23.2 0.5
      vertex 4.35 21.65 7.62939e-07
      vertex 4.35 21.65 0.5
    endloop
  endfacet
  facet normal -1 0 0
    outer loop
      vertex 4.35 23.9 7.62939e-07
      vertex 4.35 25.45 0.5
      vertex 4.35 25.45 7.62939e-07
    endloop
  endfacet
  facet normal -1 -0 0
    outer loop
      vertex 4.35 25.45 0.5
      vertex 4.35 23.9 7.62939e-07
      vertex 4.35 23.9 0.5
    endloop
  endfacet
  facet normal 1 -0 0
    outer loop
      vertex 5.05 21.65 0.5
      vertex 5.05 23.2 7.62939e-07
      vertex 5.05 23.2 0.5
    endloop
  endfacet
  facet normal 1 0 0
    outer loop
      vertex 5.05 23.2 7.62939e-07
      vertex 5.05 21.65 0.5
      vertex 5.05 21.65 7.62939e-07
    endloop
  endfacet
  facet normal 1 -0 0
    outer loop
      vertex 5.05 23.9 0.5
      vertex 5.05 25.45 7.62939e-07
      vertex 5.05 25.45 0.5
    endloop
  endfacet
  facet normal 1 0 0
    outer loop
      vertex 5.05 25.45 7.62939e-07
      vertex 5.05 23.9 0.5
      vertex 5.05 23.9 7.62939e-07
    endloop
  endfacet
  facet normal 0 1 -0
    outer loop
      vertex 4.35 23.9 7.62939e-07
      vertex 2.6 23.9 0.5
      vertex 4.35 23.9 0.5
    endloop
  endfacet
  facet normal 0 1 0
    outer loop
      vertex 2.6 23.9 0.5
      vertex 4.35 23.9 7.62939e-07
      vertex 2.6 23.9 7.62939e-07
    endloop
  endfacet
  facet normal 0 1 -0
    outer loop
      vertex 6.8 23.9 7.62939e-07
      vertex 5.05 23.9 0.5
      vertex 6.8 23.9 0.5
    endloop
  endfacet
  facet normal 0 1 0
    outer loop
      vertex 5.05 23.9 0.5
      vertex 6.8 23.9 7.62939e-07
      vertex 5.05 23.9 7.62939e-07
    endloop
  endfacet
  facet normal 0 -1 0
    outer loop
      vertex 2.6 23.2 7.62939e-07
      vertex 4.35 23.2 0.5
      vertex 2.6 23.2 0.5
    endloop
  endfacet
  facet normal 0 -1 -0
    outer loop
      vertex 4.35 23.2 0.5
      vertex 2.6 23.2 7.62939e-07
      vertex 4.35 23.2 7.62939e-07
    endloop
  endfacet
  facet normal 0 -1 0
    outer loop
      vertex 5.05 23.2 7.62939e-07
      vertex 6.8 23.2 0.5
      vertex 5.05 23.2 0.5
    endloop
  endfacet
  facet normal 0 -1 -0
    outer loop
      vertex 6.8 23.2 0.5
      vertex 5.05 23.2 7.62939e-07
      vertex 6.8 23.2 7.62939e-07
    endloop
  endfacet
  facet normal 1 -0 0
    outer loop
      vertex 18.6 21.65 0.5
      vertex 18.6 23.2 7.62939e-07
      vertex 18.6 23.2 0.5
    endloop
  endfacet
  facet normal 1 0 0
    outer loop
      vertex 18.6 23.2 7.62939e-07
      vertex 18.6 21.65 0.5
      vertex 18.6 21.65 7.62939e-07
    endloop
  endfacet
  facet normal 1 -0 0
    outer loop
      vertex 18.6 23.9 0.5
      vertex 18.6 25.45 7.62939e-07
      vertex 18.6 25.45 0.5
    endloop
  endfacet
  facet normal 1 0 0
    outer loop
      vertex 18.6 25.45 7.62939e-07
      vertex 18.6 23.9 0.5
      vertex 18.6 23.9 7.62939e-07
    endloop
  endfacet
  facet normal 0 -1 0
    outer loop
      vertex 21.05 25.45 7.62939e-07
      vertex 22.8 25.45 0.5
      vertex 21.05 25.45 0.5
    endloop
  endfacet
  facet normal 0 -1 -0
    outer loop
      vertex 22.8 25.45 0.5
      vertex 21.05 25.45 7.62939e-07
      vertex 22.8 25.45 7.62939e-07
    endloop
  endfacet
  facet normal 0 -1 0
    outer loop
      vertex 18.6 25.45 7.62939e-07
      vertex 20.35 25.45 0.5
      vertex 18.6 25.45 0.5
    endloop
  endfacet
  facet normal 0 -1 -0
    outer loop
      vertex 20.35 25.45 0.5
      vertex 18.6 25.45 7.62939e-07
      vertex 20.35 25.45 7.62939e-07
    endloop
  endfacet
  facet normal -1 0 0
    outer loop
      vertex 22.8 23.9 7.62939e-07
      vertex 22.8 25.45 0.5
      vertex 22.8 25.45 7.62939e-07
    endloop
  endfacet
  facet normal -1 -0 0
    outer loop
      vertex 22.8 25.45 0.5
      vertex 22.8 23.9 7.62939e-07
      vertex 22.8 23.9 0.5
    endloop
  endfacet
  facet normal -1 0 0
    outer loop
      vertex 22.8 21.65 7.62939e-07
      vertex 22.8 23.2 0.5
      vertex 22.8 23.2 7.62939e-07
    endloop
  endfacet
  facet normal -1 -0 0
    outer loop
      vertex 22.8 23.2 0.5
      vertex 22.8 21.65 7.62939e-07
      vertex 22.8 21.65 0.5
    endloop
  endfacet
  facet normal 0 1 -0
    outer loop
      vertex 20.35 21.65 7.62939e-07
      vertex 18.6 21.65 0.5
      vertex 20.35 21.65 0.5
    endloop
  endfacet
  facet normal 0 1 0
    outer loop
      vertex 18.6 21.65 0.5
      vertex 20.35 21.65 7.62939e-07
      vertex 18.6 21.65 7.62939e-07
    endloop
  endfacet
  facet normal 0 1 -0
    outer loop
      vertex 22.8 21.65 7.62939e-07
      vertex 21.05 21.65 0.5
      vertex 22.8 21.65 0.5
    endloop
  endfacet
  facet normal 0 1 0
    outer loop
      vertex 21.05 21.65 0.5
      vertex 22.8 21.65 7.62939e-07
      vertex 21.05 21.65 7.62939e-07
    endloop
  endfacet
  facet normal 0 0 -1
    outer loop
      vertex 21.05 23.9 0.5
      vertex 22.8 25.45 0.5
      vertex 22.8 23.9 0.5
    endloop
  endfacet
  facet normal -0 0 -1
    outer loop
      vertex 22.8 25.45 0.5
      vertex 21.05 23.9 0.5
      vertex 21.05 25.45 0.5
    endloop
  endfacet
  facet normal 0 0 -1
    outer loop
      vertex 18.6 21.65 0.5
      vertex 20.35 23.2 0.5
      vertex 20.35 21.65 0.5
    endloop
  endfacet
  facet normal -0 0 -1
    outer loop
      vertex 20.35 23.2 0.5
      vertex 18.6 21.65 0.5
      vertex 18.6 23.2 0.5
    endloop
  endfacet
  facet normal 0 0 -1
    outer loop
      vertex 18.6 23.9 0.5
      vertex 20.35 25.45 0.5
      vertex 20.35 23.9 0.5
    endloop
  endfacet
  facet normal -0 0 -1
    outer loop
      vertex 20.35 25.45 0.5
      vertex 18.6 23.9 0.5
      vertex 18.6 25.45 0.5
    endloop
  endfacet
  facet normal 0 0 -1
    outer loop
      vertex 21.05 21.65 0.5
      vertex 22.8 23.2 0.5
      vertex 22.8 21.65 0.5
    endloop
  endfacet
  facet normal -0 0 -1
    outer loop
      vertex 22.8 23.2 0.5
      vertex 21.05 21.65 0.5
      vertex 21.05 23.2 0.5
    endloop
  endfacet
  facet normal -1 0 0
    outer loop
      vertex 20.35 21.65 7.62939e-07
      vertex 20.35 23.2 0.5
      vertex 20.35 23.2 7.62939e-07
    endloop
  endfacet
  facet normal -1 -0 0
    outer loop
      vertex 20.35 23.2 0.5
      vertex 20.35 21.65 7.62939e-07
      vertex 20.35 21.65 0.5
    endloop
  endfacet
  facet normal -1 0 0
    outer loop
      vertex 20.35 23.9 7.62939e-07
      vertex 20.35 25.45 0.5
      vertex 20.35 25.45 7.62939e-07
    endloop
  endfacet
  facet normal -1 -0 0
    outer loop
      vertex 20.35 25.45 0.5
      vertex 20.35 23.9 7.62939e-07
      vertex 20.35 23.9 0.5
    endloop
  endfacet
  facet normal 1 -0 0
    outer loop
      vertex 21.05 21.65 0.5
      vertex 21.05 23.2 7.62939e-07
      vertex 21.05 23.2 0.5
    endloop
  endfacet
  facet normal 1 0 0
    outer loop
      vertex 21.05 23.2 7.62939e-07
      vertex 21.05 21.65 0.5
      vertex 21.05 21.65 7.62939e-07
    endloop
  endfacet
  facet normal 1 -0 0
    outer loop
      vertex 21.05 23.9 0.5
      vertex 21.05 25.45 7.62939e-07
      vertex 21.05 25.45 0.5
    endloop
  endfacet
  facet normal 1 0 0
    outer loop
      vertex 21.05 25.45 7.62939e-07
      vertex 21.05 23.9 0.5
      vertex 21.05 23.9 7.62939e-07
    endloop
  endfacet
  facet normal 0 1 -0
    outer loop
      vertex 20.35 23.9 7.62939e-07
      vertex 18.6 23.9 0.5
      vertex 20.35 23.9 0.5
    endloop
  endfacet
  facet normal 0 1 0
    outer loop
      vertex 18.6 23.9 0.5
      vertex 20.35 23.9 7.62939e-07
      vertex 18.6 23.9 7.62939e-07
    endloop
  endfacet
  facet normal 0 1 -0
    outer loop
      vertex 22.8 23.9 7.62939e-07
      vertex 21.05 23.9 0.5
      vertex 22.8 23.9 0.5
    endloop
  endfacet
  facet normal 0 1 0
    outer loop
      vertex 21.05 23.9 0.5
      vertex 22.8 23.9 7.62939e-07
      vertex 21.05 23.9 7.62939e-07
    endloop
  endfacet
  facet normal 0 -1 0
    outer loop
      vertex 18.6 23.2 7.62939e-07
      vertex 20.35 23.2 0.5
      vertex 18.6 23.2 0.5
    endloop
  endfacet
  facet normal 0 -1 -0
    outer loop
      vertex 20.35 23.2 0.5
      vertex 18.6 23.2 7.62939e-07
      vertex 20.35 23.2 7.62939e-07
    endloop
  endfacet
  facet normal 0 -1 0
    outer loop
      vertex 21.05 23.2 7.62939e-07
      vertex 22.8 23.2 0.5
      vertex 21.05 23.2 0.5
    endloop
  endfacet
  facet normal 0 -1 -0
    outer loop
      vertex 22.8 23.2 0.5
      vertex 21.05 23.2 7.62939e-07
      vertex 22.8 23.2 7.62939e-07
    endloop
  endfacet
  facet normal 1 -0 0
    outer loop
      vertex 10.2 19.65 0.5
      vertex 10.2 27.15 7.62939e-07
      vertex 10.2 27.15 0.5
    endloop
  endfacet
  facet normal 1 0 0
    outer loop
      vertex 10.2 27.15 7.62939e-07
      vertex 10.2 19.65 0.5
      vertex 10.2 19.65 7.62939e-07
    endloop
  endfacet
  facet normal 0 -1 0
    outer loop
      vertex 10.2 27.15 7.62939e-07
      vertex 15.2 27.15 0.5
      vertex 10.2 27.15 0.5
    endloop
  endfacet
  facet normal 0 -1 -0
    outer loop
      vertex 15.2 27.15 0.5
      vertex 10.2 27.15 7.62939e-07
      vertex 15.2 27.15 7.62939e-07
    endloop
  endfacet
  facet normal -1 0 0
    outer loop
      vertex 15.2 19.65 7.62939e-07
      vertex 15.2 27.15 0.5
      vertex 15.2 27.15 7.62939e-07
    endloop
  endfacet
  facet normal -1 -0 0
    outer loop
      vertex 15.2 27.15 0.5
      vertex 15.2 19.65 7.62939e-07
      vertex 15.2 19.65 0.5
    endloop
  endfacet
  facet normal 0 1 -0
    outer loop
      vertex 15.2 19.65 7.62939e-07
      vertex 10.2 19.65 0.5
      vertex 15.2 19.65 0.5
    endloop
  endfacet
  facet normal 0 1 0
    outer loop
      vertex 10.2 19.65 0.5
      vertex 15.2 19.65 7.62939e-07
      vertex 10.2 19.65 7.62939e-07
    endloop
  endfacet
  facet normal 0 0 -1
    outer loop
      vertex 10.2 19.65 0.5
      vertex 15.2 27.15 0.5
      vertex 15.2 19.65 0.5
    endloop
  endfacet
  facet normal -0 0 -1
    outer loop
      vertex 15.2 27.15 0.5
      vertex 10.2 19.65 0.5
      vertex 10.2 27.15 0.5
    endloop
  endfacet
  facet normal -0.996907 0.0785914 0
    outer loop
      vertex 14.4778 32.0684 7.62939e-07
      vertex 14.5 32.35 0.500001
      vertex 14.5 32.35 7.62939e-07
    endloop
  endfacet
  facet normal -0.996907 0.0785914 0
    outer loop
      vertex 14.5 32.35 0.500001
      vertex 14.4778 32.0684 7.62939e-07
      vertex 14.4778 32.0684 0.500001
    endloop
  endfacet
  facet normal 0.0785914 0.996907 -0
    outer loop
      vertex 12.7 30.55 7.62939e-07
      vertex 12.4184 30.5722 0.500001
      vertex 12.7 30.55 0.500001
    endloop
  endfacet
  facet normal 0.0785914 0.996907 0
    outer loop
      vertex 12.4184 30.5722 0.500001
      vertex 12.7 30.55 7.62939e-07
      vertex 12.4184 30.5722 7.62939e-07
    endloop
  endfacet
  facet normal -0.760505 -0.649332 0
    outer loop
      vertex 14.1562 33.408 7.62939e-07
      vertex 13.9728 33.6228 0.500001
      vertex 13.9728 33.6228 7.62939e-07
    endloop
  endfacet
  facet normal -0.760505 -0.649332 0
    outer loop
      vertex 13.9728 33.6228 0.500001
      vertex 14.1562 33.408 7.62939e-07
      vertex 14.1562 33.408 0.500001
    endloop
  endfacet
  facet normal -0.649332 0.760505 0
    outer loop
      vertex 13.9728 31.0772 7.62939e-07
      vertex 13.758 30.8938 0.500001
      vertex 13.9728 31.0772 0.500001
    endloop
  endfacet
  facet normal -0.649332 0.760505 0
    outer loop
      vertex 13.758 30.8938 0.500001
      vertex 13.9728 31.0772 7.62939e-07
      vertex 13.758 30.8938 7.62939e-07
    endloop
  endfacet
  facet normal 0.760505 0.649332 0
    outer loop
      vertex 11.4272 31.0772 0.500001
      vertex 11.2438 31.292 7.62939e-07
      vertex 11.2438 31.292 0.500001
    endloop
  endfacet
  facet normal 0.760505 0.649332 0
    outer loop
      vertex 11.2438 31.292 7.62939e-07
      vertex 11.4272 31.0772 0.500001
      vertex 11.4272 31.0772 7.62939e-07
    endloop
  endfacet
  facet normal 0.382654 0.923892 -0
    outer loop
      vertex 12.1438 30.6381 7.62939e-07
      vertex 11.8828 30.7462 0.500001
      vertex 12.1438 30.6381 0.500001
    endloop
  endfacet
  facet normal 0.382654 0.923892 0
    outer loop
      vertex 11.8828 30.7462 0.500001
      vertex 12.1438 30.6381 7.62939e-07
      vertex 11.8828 30.7462 7.62939e-07
    endloop
  endfacet
  facet normal -0.923892 0.382654 0
    outer loop
      vertex 14.3038 31.5328 7.62939e-07
      vertex 14.4119 31.7938 0.500001
      vertex 14.4119 31.7938 7.62939e-07
    endloop
  endfacet
  facet normal -0.923892 0.382654 0
    outer loop
      vertex 14.4119 31.7938 0.500001
      vertex 14.3038 31.5328 7.62939e-07
      vertex 14.3038 31.5328 0.500001
    endloop
  endfacet
  facet normal -0.972391 0.23336 0
    outer loop
      vertex 14.4119 31.7938 7.62939e-07
      vertex 14.4778 32.0684 0.500001
      vertex 14.4778 32.0684 7.62939e-07
    endloop
  endfacet
  facet normal -0.972391 0.23336 0
    outer loop
      vertex 14.4778 32.0684 0.500001
      vertex 14.4119 31.7938 7.62939e-07
      vertex 14.4119 31.7938 0.500001
    endloop
  endfacet
  facet normal -0.23336 0.972391 0
    outer loop
      vertex 13.2562 30.6381 7.62939e-07
      vertex 12.9816 30.5722 0.500001
      vertex 13.2562 30.6381 0.500001
    endloop
  endfacet
  facet normal -0.23336 0.972391 0
    outer loop
      vertex 12.9816 30.5722 0.500001
      vertex 13.2562 30.6381 7.62939e-07
      vertex 12.9816 30.5722 7.62939e-07
    endloop
  endfacet
  facet normal -0.0785914 0.996907 0
    outer loop
      vertex 12.9816 30.5722 7.62939e-07
      vertex 12.7 30.55 0.500001
      vertex 12.9816 30.5722 0.500001
    endloop
  endfacet
  facet normal -0.0785914 0.996907 0
    outer loop
      vertex 12.7 30.55 0.500001
      vertex 12.9816 30.5722 7.62939e-07
      vertex 12.7 30.55 7.62939e-07
    endloop
  endfacet
  facet normal -0.522595 0.852581 0
    outer loop
      vertex 13.758 30.8938 7.62939e-07
      vertex 13.5172 30.7462 0.500001
      vertex 13.758 30.8938 0.500001
    endloop
  endfacet
  facet normal -0.522595 0.852581 0
    outer loop
      vertex 13.5172 30.7462 0.500001
      vertex 13.758 30.8938 7.62939e-07
      vertex 13.5172 30.7462 7.62939e-07
    endloop
  endfacet
  facet normal 0.923892 0.382654 0
    outer loop
      vertex 11.0962 31.5328 0.500001
      vertex 10.9881 31.7938 7.62939e-07
      vertex 10.9881 31.7938 0.500001
    endloop
  endfacet
  facet normal 0.923892 0.382654 0
    outer loop
      vertex 10.9881 31.7938 7.62939e-07
      vertex 11.0962 31.5328 0.500001
      vertex 11.0962 31.5328 7.62939e-07
    endloop
  endfacet
  facet normal 0 0 -1
    outer loop
      vertex 14.4778 32.0684 0.500001
      vertex 14.4778 32.6316 0.500001
      vertex 14.5 32.35 0.500001
    endloop
  endfacet
  facet normal 0 0 -1
    outer loop
      vertex 14.4119 31.7938 0.500001
      vertex 14.4778 32.6316 0.500001
      vertex 14.4778 32.0684 0.500001
    endloop
  endfacet
  facet normal 0 0 -1
    outer loop
      vertex 14.4119 31.7938 0.500001
      vertex 14.4119 32.9062 0.500001
      vertex 14.4778 32.6316 0.500001
    endloop
  endfacet
  facet normal 0 0 -1
    outer loop
      vertex 14.3038 31.5328 0.500001
      vertex 14.4119 32.9062 0.500001
      vertex 14.4119 31.7938 0.500001
    endloop
  endfacet
  facet normal 0 0 -1
    outer loop
      vertex 14.3038 31.5328 0.500001
      vertex 14.3038 33.1672 0.500001
      vertex 14.4119 32.9062 0.500001
    endloop
  endfacet
  facet normal 0 0 -1
    outer loop
      vertex 14.1562 31.292 0.500001
      vertex 14.3038 33.1672 0.500001
      vertex 14.3038 31.5328 0.500001
    endloop
  endfacet
  facet normal 0 0 -1
    outer loop
      vertex 14.1562 31.292 0.500001
      vertex 14.1562 33.408 0.500001
      vertex 14.3038 33.1672 0.500001
    endloop
  endfacet
  facet normal 0 0 -1
    outer loop
      vertex 13.9728 31.0772 0.500001
      vertex 14.1562 33.408 0.500001
      vertex 14.1562 31.292 0.500001
    endloop
  endfacet
  facet normal 0 0 -1
    outer loop
      vertex 13.9728 31.0772 0.500001
      vertex 13.9728 33.6228 0.500001
      vertex 14.1562 33.408 0.500001
    endloop
  endfacet
  facet normal 0 0 -1
    outer loop
      vertex 13.758 30.8938 0.500001
      vertex 13.9728 33.6228 0.500001
      vertex 13.9728 31.0772 0.500001
    endloop
  endfacet
  facet normal 0 0 -1
    outer loop
      vertex 13.758 30.8938 0.500001
      vertex 13.758 33.8062 0.500001
      vertex 13.9728 33.6228 0.500001
    endloop
  endfacet
  facet normal 0 0 -1
    outer loop
      vertex 13.5172 30.7462 0.500001
      vertex 13.758 33.8062 0.500001
      vertex 13.758 30.8938 0.500001
    endloop
  endfacet
  facet normal 0 0 -1
    outer loop
      vertex 13.5172 30.7462 0.500001
      vertex 13.5172 33.9538 0.500001
      vertex 13.758 33.8062 0.500001
    endloop
  endfacet
  facet normal 0 0 -1
    outer loop
      vertex 13.2562 30.6381 0.500001
      vertex 13.5172 33.9538 0.500001
      vertex 13.5172 30.7462 0.500001
    endloop
  endfacet
  facet normal 0 0 -1
    outer loop
      vertex 13.2562 30.6381 0.500001
      vertex 13.2562 34.0619 0.500001
      vertex 13.5172 33.9538 0.500001
    endloop
  endfacet
  facet normal 0 0 -1
    outer loop
      vertex 12.9816 30.5722 0.500001
      vertex 13.2562 34.0619 0.500001
      vertex 13.2562 30.6381 0.500001
    endloop
  endfacet
  facet normal 0 0 -1
    outer loop
      vertex 12.9816 30.5722 0.500001
      vertex 12.9816 34.1278 0.500001
      vertex 13.2562 34.0619 0.500001
    endloop
  endfacet
  facet normal 0 0 -1
    outer loop
      vertex 12.7 30.55 0.500001
      vertex 12.9816 34.1278 0.500001
      vertex 12.9816 30.5722 0.500001
    endloop
  endfacet
  facet normal 0 0 -1
    outer loop
      vertex 12.7 30.55 0.500001
      vertex 12.7 34.15 0.500001
      vertex 12.9816 34.1278 0.500001
    endloop
  endfacet
  facet normal 0 0 -1
    outer loop
      vertex 12.4184 30.5722 0.500001
      vertex 12.7 34.15 0.500001
      vertex 12.7 30.55 0.500001
    endloop
  endfacet
  facet normal 0 0 -1
    outer loop
      vertex 12.4184 30.5722 0.500001
      vertex 12.4184 34.1278 0.500001
      vertex 12.7 34.15 0.500001
    endloop
  endfacet
  facet normal 0 0 -1
    outer loop
      vertex 12.1438 30.6381 0.500001
      vertex 12.4184 34.1278 0.500001
      vertex 12.4184 30.5722 0.500001
    endloop
  endfacet
  facet normal 0 0 -1
    outer loop
      vertex 12.1438 30.6381 0.500001
      vertex 12.1438 34.0619 0.500001
      vertex 12.4184 34.1278 0.500001
    endloop
  endfacet
  facet normal 0 0 -1
    outer loop
      vertex 11.8828 30.7462 0.500001
      vertex 12.1438 34.0619 0.500001
      vertex 12.1438 30.6381 0.500001
    endloop
  endfacet
  facet normal 0 0 -1
    outer loop
      vertex 11.8828 30.7462 0.500001
      vertex 11.8828 33.9538 0.500001
      vertex 12.1438 34.0619 0.500001
    endloop
  endfacet
  facet normal 0 0 -1
    outer loop
      vertex 11.642 30.8938 0.500001
      vertex 11.8828 33.9538 0.500001
      vertex 11.8828 30.7462 0.500001
    endloop
  endfacet
  facet normal 0 0 -1
    outer loop
      vertex 11.642 30.8938 0.500001
      vertex 11.642 33.8062 0.500001
      vertex 11.8828 33.9538 0.500001
    endloop
  endfacet
  facet normal 0 0 -1
    outer loop
      vertex 11.4272 31.0772 0.500001
      vertex 11.642 33.8062 0.500001
      vertex 11.642 30.8938 0.500001
    endloop
  endfacet
  facet normal 0 0 -1
    outer loop
      vertex 11.4272 31.0772 0.500001
      vertex 11.4272 33.6228 0.500001
      vertex 11.642 33.8062 0.500001
    endloop
  endfacet
  facet normal 0 0 -1
    outer loop
      vertex 11.2438 31.292 0.500001
      vertex 11.4272 33.6228 0.500001
      vertex 11.4272 31.0772 0.500001
    endloop
  endfacet
  facet normal 0 0 -1
    outer loop
      vertex 11.2438 31.292 0.500001
      vertex 11.2438 33.408 0.500001
      vertex 11.4272 33.6228 0.500001
    endloop
  endfacet
  facet normal 0 0 -1
    outer loop
      vertex 11.0962 31.5328 0.500001
      vertex 11.2438 33.408 0.500001
      vertex 11.2438 31.292 0.500001
    endloop
  endfacet
  facet normal 0 0 -1
    outer loop
      vertex 11.0962 31.5328 0.500001
      vertex 11.0962 33.1672 0.500001
      vertex 11.2438 33.408 0.500001
    endloop
  endfacet
  facet normal 0 0 -1
    outer loop
      vertex 10.9881 31.7938 0.500001
      vertex 11.0962 33.1672 0.500001
      vertex 11.0962 31.5328 0.500001
    endloop
  endfacet
  facet normal 0 0 -1
    outer loop
      vertex 10.9881 31.7938 0.500001
      vertex 10.9881 32.9062 0.500001
      vertex 11.0962 33.1672 0.500001
    endloop
  endfacet
  facet normal 0 0 -1
    outer loop
      vertex 10.9222 32.0684 0.500001
      vertex 10.9881 32.9062 0.500001
      vertex 10.9881 31.7938 0.500001
    endloop
  endfacet
  facet normal 0 0 -1
    outer loop
      vertex 10.9222 32.0684 0.500001
      vertex 10.9222 32.6316 0.500001
      vertex 10.9881 32.9062 0.500001
    endloop
  endfacet
  facet normal 0 -0 -1
    outer loop
      vertex 10.9222 32.6316 0.500001
      vertex 10.9222 32.0684 0.500001
      vertex 10.9 32.35 0.500001
    endloop
  endfacet
  facet normal 0.852581 0.522595 0
    outer loop
      vertex 11.2438 31.292 0.500001
      vertex 11.0962 31.5328 7.62939e-07
      vertex 11.0962 31.5328 0.500001
    endloop
  endfacet
  facet normal 0.852581 0.522595 0
    outer loop
      vertex 11.0962 31.5328 7.62939e-07
      vertex 11.2438 31.292 0.500001
      vertex 11.2438 31.292 7.62939e-07
    endloop
  endfacet
  facet normal 0.996907 0.0785914 0
    outer loop
      vertex 10.9222 32.0684 0.500001
      vertex 10.9 32.35 7.62939e-07
      vertex 10.9 32.35 0.500001
    endloop
  endfacet
  facet normal 0.996907 0.0785914 0
    outer loop
      vertex 10.9 32.35 7.62939e-07
      vertex 10.9222 32.0684 0.500001
      vertex 10.9222 32.0684 7.62939e-07
    endloop
  endfacet
  facet normal 0.649332 0.760505 -0
    outer loop
      vertex 11.642 30.8938 7.62939e-07
      vertex 11.4272 31.0772 0.500001
      vertex 11.642 30.8938 0.500001
    endloop
  endfacet
  facet normal 0.649332 0.760505 0
    outer loop
      vertex 11.4272 31.0772 0.500001
      vertex 11.642 30.8938 7.62939e-07
      vertex 11.4272 31.0772 7.62939e-07
    endloop
  endfacet
  facet normal 0.23336 0.972391 -0
    outer loop
      vertex 12.4184 30.5722 7.62939e-07
      vertex 12.1438 30.6381 0.500001
      vertex 12.4184 30.5722 0.500001
    endloop
  endfacet
  facet normal 0.23336 0.972391 0
    outer loop
      vertex 12.1438 30.6381 0.500001
      vertex 12.4184 30.5722 7.62939e-07
      vertex 12.1438 30.6381 7.62939e-07
    endloop
  endfacet
  facet normal -0.23336 -0.972391 0
    outer loop
      vertex 12.9816 34.1278 7.62939e-07
      vertex 13.2562 34.0619 0.500001
      vertex 12.9816 34.1278 0.500001
    endloop
  endfacet
  facet normal -0.23336 -0.972391 -0
    outer loop
      vertex 13.2562 34.0619 0.500001
      vertex 12.9816 34.1278 7.62939e-07
      vertex 13.2562 34.0619 7.62939e-07
    endloop
  endfacet
  facet normal -0.996907 -0.0785914 0
    outer loop
      vertex 14.5 32.35 7.62939e-07
      vertex 14.4778 32.6316 0.500001
      vertex 14.4778 32.6316 7.62939e-07
    endloop
  endfacet
  facet normal -0.996907 -0.0785914 0
    outer loop
      vertex 14.4778 32.6316 0.500001
      vertex 14.5 32.35 7.62939e-07
      vertex 14.5 32.35 0.500001
    endloop
  endfacet
  facet normal -0.760505 0.649332 0
    outer loop
      vertex 13.9728 31.0772 7.62939e-07
      vertex 14.1562 31.292 0.500001
      vertex 14.1562 31.292 7.62939e-07
    endloop
  endfacet
  facet normal -0.760505 0.649332 0
    outer loop
      vertex 14.1562 31.292 0.500001
      vertex 13.9728 31.0772 7.62939e-07
      vertex 13.9728 31.0772 0.500001
    endloop
  endfacet
  facet normal -0.852581 0.522595 0
    outer loop
      vertex 14.1562 31.292 7.62939e-07
      vertex 14.3038 31.5328 0.500001
      vertex 14.3038 31.5328 7.62939e-07
    endloop
  endfacet
  facet normal -0.852581 0.522595 0
    outer loop
      vertex 14.3038 31.5328 0.500001
      vertex 14.1562 31.292 7.62939e-07
      vertex 14.1562 31.292 0.500001
    endloop
  endfacet
  facet normal -0.382654 0.923892 0
    outer loop
      vertex 13.5172 30.7462 7.62939e-07
      vertex 13.2562 30.6381 0.500001
      vertex 13.5172 30.7462 0.500001
    endloop
  endfacet
  facet normal -0.382654 0.923892 0
    outer loop
      vertex 13.2562 30.6381 0.500001
      vertex 13.5172 30.7462 7.62939e-07
      vertex 13.2562 30.6381 7.62939e-07
    endloop
  endfacet
  facet normal 0.972391 0.23336 0
    outer loop
      vertex 10.9881 31.7938 0.500001
      vertex 10.9222 32.0684 7.62939e-07
      vertex 10.9222 32.0684 0.500001
    endloop
  endfacet
  facet normal 0.972391 0.23336 0
    outer loop
      vertex 10.9222 32.0684 7.62939e-07
      vertex 10.9881 31.7938 0.500001
      vertex 10.9881 31.7938 7.62939e-07
    endloop
  endfacet
  facet normal 0.996907 -0.0785914 0
    outer loop
      vertex 10.9 32.35 0.500001
      vertex 10.9222 32.6316 7.62939e-07
      vertex 10.9222 32.6316 0.500001
    endloop
  endfacet
  facet normal 0.996907 -0.0785914 0
    outer loop
      vertex 10.9222 32.6316 7.62939e-07
      vertex 10.9 32.35 0.500001
      vertex 10.9 32.35 7.62939e-07
    endloop
  endfacet
  facet normal 0.760505 -0.649332 0
    outer loop
      vertex 11.2438 33.408 0.500001
      vertex 11.4272 33.6228 7.62939e-07
      vertex 11.4272 33.6228 0.500001
    endloop
  endfacet
  facet normal 0.760505 -0.649332 0
    outer loop
      vertex 11.4272 33.6228 7.62939e-07
      vertex 11.2438 33.408 0.500001
      vertex 11.2438 33.408 7.62939e-07
    endloop
  endfacet
  facet normal 0.852581 -0.522595 0
    outer loop
      vertex 11.0962 33.1672 0.500001
      vertex 11.2438 33.408 7.62939e-07
      vertex 11.2438 33.408 0.500001
    endloop
  endfacet
  facet normal 0.852581 -0.522595 0
    outer loop
      vertex 11.2438 33.408 7.62939e-07
      vertex 11.0962 33.1672 0.500001
      vertex 11.0962 33.1672 7.62939e-07
    endloop
  endfacet
  facet normal 0.972391 -0.23336 0
    outer loop
      vertex 10.9222 32.6316 0.500001
      vertex 10.9881 32.9062 7.62939e-07
      vertex 10.9881 32.9062 0.500001
    endloop
  endfacet
  facet normal 0.972391 -0.23336 0
    outer loop
      vertex 10.9881 32.9062 7.62939e-07
      vertex 10.9222 32.6316 0.500001
      vertex 10.9222 32.6316 7.62939e-07
    endloop
  endfacet
  facet normal -0.649332 -0.760505 0
    outer loop
      vertex 13.758 33.8062 7.62939e-07
      vertex 13.9728 33.6228 0.500001
      vertex 13.758 33.8062 0.500001
    endloop
  endfacet
  facet normal -0.649332 -0.760505 -0
    outer loop
      vertex 13.9728 33.6228 0.500001
      vertex 13.758 33.8062 7.62939e-07
      vertex 13.9728 33.6228 7.62939e-07
    endloop
  endfacet
  facet normal -0.522595 -0.852581 0
    outer loop
      vertex 13.5172 33.9538 7.62939e-07
      vertex 13.758 33.8062 0.500001
      vertex 13.5172 33.9538 0.500001
    endloop
  endfacet
  facet normal -0.522595 -0.852581 -0
    outer loop
      vertex 13.758 33.8062 0.500001
      vertex 13.5172 33.9538 7.62939e-07
      vertex 13.758 33.8062 7.62939e-07
    endloop
  endfacet
  facet normal -0.382654 -0.923892 0
    outer loop
      vertex 13.2562 34.0619 7.62939e-07
      vertex 13.5172 33.9538 0.500001
      vertex 13.2562 34.0619 0.500001
    endloop
  endfacet
  facet normal -0.382654 -0.923892 -0
    outer loop
      vertex 13.5172 33.9538 0.500001
      vertex 13.2562 34.0619 7.62939e-07
      vertex 13.5172 33.9538 7.62939e-07
    endloop
  endfacet
  facet normal -0.923892 -0.382654 0
    outer loop
      vertex 14.4119 32.9062 7.62939e-07
      vertex 14.3038 33.1672 0.500001
      vertex 14.3038 33.1672 7.62939e-07
    endloop
  endfacet
  facet normal -0.923892 -0.382654 0
    outer loop
      vertex 14.3038 33.1672 0.500001
      vertex 14.4119 32.9062 7.62939e-07
      vertex 14.4119 32.9062 0.500001
    endloop
  endfacet
  facet normal -0.972391 -0.23336 0
    outer loop
      vertex 14.4778 32.6316 7.62939e-07
      vertex 14.4119 32.9062 0.500001
      vertex 14.4119 32.9062 7.62939e-07
    endloop
  endfacet
  facet normal -0.972391 -0.23336 0
    outer loop
      vertex 14.4119 32.9062 0.500001
      vertex 14.4778 32.6316 7.62939e-07
      vertex 14.4778 32.6316 0.500001
    endloop
  endfacet
  facet normal 0.522595 0.852581 -0
    outer loop
      vertex 11.8828 30.7462 7.62939e-07
      vertex 11.642 30.8938 0.500001
      vertex 11.8828 30.7462 0.500001
    endloop
  endfacet
  facet normal 0.522595 0.852581 0
    outer loop
      vertex 11.642 30.8938 0.500001
      vertex 11.8828 30.7462 7.62939e-07
      vertex 11.642 30.8938 7.62939e-07
    endloop
  endfacet
  facet normal -0.0785914 -0.996907 0
    outer loop
      vertex 12.7 34.15 7.62939e-07
      vertex 12.9816 34.1278 0.500001
      vertex 12.7 34.15 0.500001
    endloop
  endfacet
  facet normal -0.0785914 -0.996907 -0
    outer loop
      vertex 12.9816 34.1278 0.500001
      vertex 12.7 34.15 7.62939e-07
      vertex 12.9816 34.1278 7.62939e-07
    endloop
  endfacet
  facet normal 0.649332 -0.760505 0
    outer loop
      vertex 11.4272 33.6228 7.62939e-07
      vertex 11.642 33.8062 0.500001
      vertex 11.4272 33.6228 0.500001
    endloop
  endfacet
  facet normal 0.649332 -0.760505 0
    outer loop
      vertex 11.642 33.8062 0.500001
      vertex 11.4272 33.6228 7.62939e-07
      vertex 11.642 33.8062 7.62939e-07
    endloop
  endfacet
  facet normal 0.23336 -0.972391 0
    outer loop
      vertex 12.1438 34.0619 7.62939e-07
      vertex 12.4184 34.1278 0.500001
      vertex 12.1438 34.0619 0.500001
    endloop
  endfacet
  facet normal 0.23336 -0.972391 0
    outer loop
      vertex 12.4184 34.1278 0.500001
      vertex 12.1438 34.0619 7.62939e-07
      vertex 12.4184 34.1278 7.62939e-07
    endloop
  endfacet
  facet normal 0.382654 -0.923892 0
    outer loop
      vertex 11.8828 33.9538 7.62939e-07
      vertex 12.1438 34.0619 0.500001
      vertex 11.8828 33.9538 0.500001
    endloop
  endfacet
  facet normal 0.382654 -0.923892 0
    outer loop
      vertex 12.1438 34.0619 0.500001
      vertex 11.8828 33.9538 7.62939e-07
      vertex 12.1438 34.0619 7.62939e-07
    endloop
  endfacet
  facet normal 0.923892 -0.382654 0
    outer loop
      vertex 10.9881 32.9062 0.500001
      vertex 11.0962 33.1672 7.62939e-07
      vertex 11.0962 33.1672 0.500001
    endloop
  endfacet
  facet normal 0.923892 -0.382654 0
    outer loop
      vertex 11.0962 33.1672 7.62939e-07
      vertex 10.9881 32.9062 0.500001
      vertex 10.9881 32.9062 7.62939e-07
    endloop
  endfacet
  facet normal -0.852581 -0.522595 0
    outer loop
      vertex 14.3038 33.1672 7.62939e-07
      vertex 14.1562 33.408 0.500001
      vertex 14.1562 33.408 7.62939e-07
    endloop
  endfacet
  facet normal -0.852581 -0.522595 0
    outer loop
      vertex 14.1562 33.408 0.500001
      vertex 14.3038 33.1672 7.62939e-07
      vertex 14.3038 33.1672 0.500001
    endloop
  endfacet
  facet normal 0.0785914 -0.996907 0
    outer loop
      vertex 12.4184 34.1278 7.62939e-07
      vertex 12.7 34.15 0.500001
      vertex 12.4184 34.1278 0.500001
    endloop
  endfacet
  facet normal 0.0785914 -0.996907 0
    outer loop
      vertex 12.7 34.15 0.500001
      vertex 12.4184 34.1278 7.62939e-07
      vertex 12.7 34.15 7.62939e-07
    endloop
  endfacet
  facet normal 0.522595 -0.852581 0
    outer loop
      vertex 11.642 33.8062 7.62939e-07
      vertex 11.8828 33.9538 0.500001
      vertex 11.642 33.8062 0.500001
    endloop
  endfacet
  facet normal 0.522595 -0.852581 0
    outer loop
      vertex 11.8828 33.9538 0.500001
      vertex 11.642 33.8062 7.62939e-07
      vertex 11.8828 33.9538 7.62939e-07
    endloop
  endfacet
  facet normal 0.192806 -0.86376 -0.465559
    outer loop
      vertex 7.62346 34.5012 6.13466
      vertex 7.66038 34.5012 6.14995
      vertex 7.57825 34.4489 6.21297
    endloop
  endfacet
  facet normal 0.99145 0 -0.130487
    outer loop
      vertex 7.31693 34.0794 6.10474
      vertex 7.30342 34.1838 6.00209
      vertex 7.31693 34.1838 6.10474
    endloop
  endfacet
  facet normal 0.99145 0 -0.130487
    outer loop
      vertex 7.30342 34.1838 6.00209
      vertex 7.31693 34.0794 6.10474
      vertex 7.30342 34.0794 6.00209
    endloop
  endfacet
  facet normal 0.892902 -0.256719 -0.369895
    outer loop
      vertex 7.34304 34.2847 6.09774
      vertex 7.35655 34.1838 6.20038
      vertex 7.31693 34.1838 6.10474
    endloop
  endfacet
  facet normal 0.860382 -0.496909 -0.113248
    outer loop
      vertex 7.38266 34.3751 6.00209
      vertex 7.34304 34.2847 6.09774
      vertex 7.33045 34.2847 6.00209
    endloop
  endfacet
  facet normal 0.399722 -0.863772 -0.30679
    outer loop
      vertex 7.56743 34.5012 6.07863
      vertex 7.59176 34.5012 6.11033
      vertex 7.48912 34.4489 6.12385
    endloop
  endfacet
  facet normal 0.688444 -0.49685 0.52838
    outer loop
      vertex 7.47561 34.3751 5.7777
      vertex 7.42517 34.3751 5.84342
      vertex 7.37996 34.2847 5.81732
    endloop
  endfacet
  facet normal 0.860392 -0.496895 -0.113231
    outer loop
      vertex 7.38266 34.3751 6.00209
      vertex 7.39347 34.3751 6.08423
      vertex 7.34304 34.2847 6.09774
    endloop
  endfacet
  facet normal -0.0927028 -0.704253 0.703871
    outer loop
      vertex 7.76302 34.4489 5.76689
      vertex 7.7 34.4489 5.75859
      vertex 7.7 34.3751 5.68475
    endloop
  endfacet
  facet normal 0.588363 0.256731 0.766758
    outer loop
      vertex 7.45648 34.0405 5.70638
      vertex 7.49802 34.0794 5.66148
      vertex 7.41958 34.0794 5.72167
    endloop
  endfacet
  facet normal 0.801355 0.497209 0.332587
    outer loop
      vertex 7.35929 33.9494 5.9108
      vertex 7.3648 33.9546 5.88975
      vertex 7.34304 33.9785 5.90645
    endloop
  endfacet
  facet normal 0.125882 -0.256695 0.95826
    outer loop
      vertex 7.60435 34.2847 5.64513
      vertex 7.60946 34.1838 5.61743
      vertex 7.6574 34.2287 5.62316
    endloop
  endfacet
  facet normal 0.1267 -0.256629 0.958169
    outer loop
      vertex 7.60946 34.1838 5.61743
      vertex 7.60435 34.2847 5.64513
      vertex 7.59736 34.1838 5.61903
    endloop
  endfacet
  facet normal 0.36988 -0.256603 0.892941
    outer loop
      vertex 7.59736 34.1838 5.61903
      vertex 7.60435 34.2847 5.64513
      vertex 7.51522 34.2847 5.68205
    endloop
  endfacet
  facet normal -0.240821 -0.965429 0.0997602
    outer loop
      vertex 7.83257 34.5012 5.92556
      vertex 7.84786 34.5012 5.96247
      vertex 7.74522 34.5282 5.97599
    endloop
  endfacet
  facet normal -0.499034 -0.864099 0.0655599
    outer loop
      vertex 7.90908 34.4646 5.94607
      vertex 7.91122 34.4666 5.98872
      vertex 7.84786 34.5012 5.96247
    endloop
  endfacet
  facet normal 0.499573 -0.863776 0.0657166
    outer loop
      vertex 7.46479 34.4489 5.93907
      vertex 7.55214 34.5012 5.96247
      vertex 7.4565 34.4489 6.00209
    endloop
  endfacet
  facet normal 0.240825 -0.965431 -0.0997348
    outer loop
      vertex 7.64957 34.5282 6.01561
      vertex 7.56743 34.5012 6.07863
      vertex 7.55214 34.5012 6.04171
    endloop
  endfacet
  facet normal 0.703899 -0.704233 -0.0926364
    outer loop
      vertex 7.46479 34.4489 6.06512
      vertex 7.39347 34.3751 6.08423
      vertex 7.38266 34.3751 6.00209
    endloop
  endfacet
  facet normal 0.563188 -0.70426 0.432246
    outer loop
      vertex 7.47561 34.3751 5.7777
      vertex 7.48912 34.4489 5.88034
      vertex 7.42517 34.3751 5.84342
    endloop
  endfacet
  facet normal 0.689941 0.499477 0.523932
    outer loop
      vertex 7.38328 33.9719 5.81924
      vertex 7.38514 33.9736 5.81517
      vertex 7.37996 33.9785 5.81732
    endloop
  endfacet
  facet normal 0.465544 -0.863769 -0.1928
    outer loop
      vertex 7.55214 34.5012 6.04171
      vertex 7.56743 34.5012 6.07863
      vertex 7.48912 34.4489 6.12385
    endloop
  endfacet
  facet normal 0.382687 0 -0.923878
    outer loop
      vertex 7.50171 34.1838 6.34554
      vertex 7.59736 34.1725 6.38516
      vertex 7.50171 34.0829 6.34554
    endloop
  endfacet
  facet normal 0.382687 0 -0.923878
    outer loop
      vertex 7.59736 34.1725 6.38516
      vertex 7.50171 34.1838 6.34554
      vertex 7.59736 34.1838 6.38516
    endloop
  endfacet
  facet normal -0.240835 -0.965436 0.0996625
    outer loop
      vertex 7.84786 34.5012 5.96247
      vertex 7.75043 34.5282 5.98858
      vertex 7.74522 34.5282 5.97599
    endloop
  endfacet
  facet normal 0.801753 -0.496892 -0.332099
    outer loop
      vertex 7.39347 34.3751 6.08423
      vertex 7.42517 34.3751 6.16076
      vertex 7.34304 34.2847 6.09774
    endloop
  endfacet
  facet normal -0.563167 -0.704273 0.432253
    outer loop
      vertex 7.88025 34.4375 5.82185
      vertex 7.89242 34.4489 5.85628
      vertex 7.87218 34.4489 5.82991
    endloop
  endfacet
  facet normal 0.801767 -0.496895 0.332062
    outer loop
      vertex 7.42517 34.3751 5.84342
      vertex 7.39347 34.3751 5.91996
      vertex 7.34304 34.2847 5.90645
    endloop
  endfacet
  facet normal -0.258435 -0.965431 0.033984
    outer loop
      vertex 7.84786 34.5012 5.96247
      vertex 7.85307 34.5012 6.00209
      vertex 7.75043 34.5282 5.98858
    endloop
  endfacet
  facet normal 0.793345 0 -0.608772
    outer loop
      vertex 7.41958 34.0794 6.28252
      vertex 7.35655 34.1838 6.20038
      vertex 7.41958 34.1838 6.28252
    endloop
  endfacet
  facet normal 0.793345 0 -0.608772
    outer loop
      vertex 7.35655 34.1838 6.20038
      vertex 7.41958 34.0794 6.28252
      vertex 7.35655 34.0794 6.20038
    endloop
  endfacet
  facet normal 0.3321 -0.49692 -0.801736
    outer loop
      vertex 7.61787 34.3751 6.30862
      vertex 7.60435 34.2847 6.35905
      vertex 7.51522 34.2847 6.32213
    endloop
  endfacet
  facet normal -0.0340502 -0.965426 0.258443
    outer loop
      vertex 7.73962 34.5012 5.85424
      vertex 7.7 34.5282 5.94988
      vertex 7.7 34.5012 5.84902
    endloop
  endfacet
  facet normal 0.703897 -0.704234 0.0926474
    outer loop
      vertex 7.39347 34.3751 5.91996
      vertex 7.46479 34.4489 5.93907
      vertex 7.38266 34.3751 6.00209
    endloop
  endfacet
  facet normal 0.258435 -0.965431 0.033984
    outer loop
      vertex 7.55214 34.5012 5.96247
      vertex 7.64957 34.5282 5.98858
      vertex 7.54693 34.5012 6.00209
    endloop
  endfacet
  facet normal 0.923864 0 -0.382721
    outer loop
      vertex 7.35655 34.0794 6.20038
      vertex 7.31693 34.1838 6.10474
      vertex 7.35655 34.1838 6.20038
    endloop
  endfacet
  facet normal 0.923864 0 -0.382721
    outer loop
      vertex 7.31693 34.1838 6.10474
      vertex 7.35655 34.0794 6.20038
      vertex 7.31693 34.0794 6.10474
    endloop
  endfacet
  facet normal 0.528259 -0.496926 -0.688482
    outer loop
      vertex 7.47561 34.3751 6.22649
      vertex 7.51522 34.2847 6.32213
      vertex 7.43869 34.2847 6.26341
    endloop
  endfacet
  facet normal 0.369871 -0.256692 -0.892919
    outer loop
      vertex 7.51522 34.2847 6.32213
      vertex 7.60435 34.2847 6.35905
      vertex 7.50171 34.1838 6.34554
    endloop
  endfacet
  facet normal 0.15871 -0.965428 -0.206786
    outer loop
      vertex 7.67389 34.5282 6.04731
      vertex 7.62346 34.5012 6.13466
      vertex 7.59176 34.5012 6.11033
    endloop
  endfacet
  facet normal -0.399725 -0.86377 -0.306792
    outer loop
      vertex 7.83257 34.5012 6.07863
      vertex 7.89891 34.455 6.12227
      vertex 7.80824 34.5012 6.11033
    endloop
  endfacet
  facet normal -0.400317 -0.863803 -0.305926
    outer loop
      vertex 7.89891 34.455 6.12227
      vertex 7.83257 34.5012 6.07863
      vertex 7.90009 34.4561 6.11762
    endloop
  endfacet
  facet normal -0.431893 -0.704787 0.5628
    outer loop
      vertex 7.86173 34.4202 5.78595
      vertex 7.87218 34.4489 5.82991
      vertex 7.82175 34.4489 5.79121
    endloop
  endfacet
  facet normal -0.432878 -0.704267 0.562694
    outer loop
      vertex 7.87218 34.4489 5.82991
      vertex 7.86173 34.4202 5.78595
      vertex 7.88025 34.4375 5.82185
    endloop
  endfacet
  facet normal -0.431903 -0.704798 0.562778
    outer loop
      vertex 7.8443 34.4039 5.75216
      vertex 7.86173 34.4202 5.78595
      vertex 7.82175 34.4489 5.79121
    endloop
  endfacet
  facet normal 0.892919 0.256692 -0.369871
    outer loop
      vertex 7.35655 34.0794 6.20038
      vertex 7.37996 33.9785 6.18687
      vertex 7.34304 33.9785 6.09774
    endloop
  endfacet
  facet normal 0.958223 0.256711 0.126126
    outer loop
      vertex 7.34304 33.9785 5.90645
      vertex 7.31693 34.0794 5.89945
      vertex 7.30342 34.0794 6.00209
    endloop
  endfacet
  facet normal 0.892919 -0.256692 -0.369871
    outer loop
      vertex 7.37996 34.2847 6.18687
      vertex 7.35655 34.1838 6.20038
      vertex 7.34304 34.2847 6.09774
    endloop
  endfacet
  facet normal 0.766765 -0.256679 -0.588376
    outer loop
      vertex 7.37996 34.2847 6.18687
      vertex 7.41958 34.1838 6.28252
      vertex 7.35655 34.1838 6.20038
    endloop
  endfacet
  facet normal 0.271635 -0.704218 0.655967
    outer loop
      vertex 7.63698 34.4489 5.76689
      vertex 7.57825 34.4489 5.79121
      vertex 7.54133 34.3751 5.72727
    endloop
  endfacet
  facet normal 0.49957 -0.863778 -0.0657058
    outer loop
      vertex 7.55214 34.5012 6.04171
      vertex 7.46479 34.4489 6.06512
      vertex 7.4565 34.4489 6.00209
    endloop
  endfacet
  facet normal 0.703879 -0.704261 -0.0925775
    outer loop
      vertex 7.4565 34.4489 6.00209
      vertex 7.46479 34.4489 6.06512
      vertex 7.38266 34.3751 6.00209
    endloop
  endfacet
  facet normal 0.688471 -0.496927 0.528272
    outer loop
      vertex 7.43869 34.2847 5.74078
      vertex 7.47561 34.3751 5.7777
      vertex 7.37996 34.2847 5.81732
    endloop
  endfacet
  facet normal 0.766787 0.256655 0.588359
    outer loop
      vertex 7.39038 33.9785 5.80374
      vertex 7.41958 34.0794 5.72167
      vertex 7.37996 33.9785 5.81732
    endloop
  endfacet
  facet normal 0.766654 0.256787 0.588474
    outer loop
      vertex 7.41958 34.0794 5.72167
      vertex 7.39038 33.9785 5.80374
      vertex 7.4314 34.017 5.7335
    endloop
  endfacet
  facet normal 0.958225 -0.256698 0.12614
    outer loop
      vertex 7.34304 34.2847 5.90645
      vertex 7.33045 34.2847 6.00209
      vertex 7.30342 34.1838 6.00209
    endloop
  endfacet
  facet normal 0.958225 -0.25671 -0.126114
    outer loop
      vertex 7.34304 34.2847 6.09774
      vertex 7.31693 34.1838 6.10474
      vertex 7.30342 34.1838 6.00209
    endloop
  endfacet
  facet normal 0.958226 -0.256698 -0.126127
    outer loop
      vertex 7.33045 34.2847 6.00209
      vertex 7.34304 34.2847 6.09774
      vertex 7.30342 34.1838 6.00209
    endloop
  endfacet
  facet normal 0.588256 0.256805 -0.766816
    outer loop
      vertex 7.45648 34.0405 6.2978
      vertex 7.4314 34.017 6.27069
      vertex 7.41958 34.0794 6.28252
    endloop
  endfacet
  facet normal 0.4655 -0.863783 -0.192842
    outer loop
      vertex 7.55214 34.5012 6.04171
      vertex 7.48912 34.4489 6.12385
      vertex 7.46479 34.4489 6.06512
    endloop
  endfacet
  facet normal 0.206747 -0.965431 -0.158742
    outer loop
      vertex 7.65478 34.5282 6.0282
      vertex 7.66308 34.5282 6.03901
      vertex 7.59176 34.5012 6.11033
    endloop
  endfacet
  facet normal -0.563167 -0.704273 -0.432253
    outer loop
      vertex 7.89242 34.4489 6.14791
      vertex 7.88025 34.4375 6.18234
      vertex 7.87218 34.4489 6.17428
    endloop
  endfacet
  facet normal 0.0997383 -0.965428 -0.240833
    outer loop
      vertex 7.67389 34.5282 6.04731
      vertex 7.66038 34.5012 6.14995
      vertex 7.62346 34.5012 6.13466
    endloop
  endfacet
  facet normal 0.608767 -0.000334921 -0.793349
    outer loop
      vertex 7.41958 34.0794 6.28252
      vertex 7.50171 34.0829 6.34554
      vertex 7.49802 34.0794 6.34271
    endloop
  endfacet
  facet normal 0.608758 0 -0.793356
    outer loop
      vertex 7.50171 34.0829 6.34554
      vertex 7.41958 34.0794 6.28252
      vertex 7.41958 34.1838 6.28252
    endloop
  endfacet
  facet normal 0.608758 0 -0.793356
    outer loop
      vertex 7.50171 34.0829 6.34554
      vertex 7.41958 34.1838 6.28252
      vertex 7.50171 34.1838 6.34554
    endloop
  endfacet
  facet normal 0.192778 -0.863778 0.465536
    outer loop
      vertex 7.63698 34.4489 5.76689
      vertex 7.66038 34.5012 5.85424
      vertex 7.57825 34.4489 5.79121
    endloop
  endfacet
  facet normal -0.465001 -0.864103 0.192613
    outer loop
      vertex 7.90108 34.4571 5.89311
      vertex 7.90908 34.4646 5.94607
      vertex 7.84786 34.5012 5.96247
    endloop
  endfacet
  facet normal -0.499029 -0.864103 -0.0655445
    outer loop
      vertex 7.91122 34.4666 6.01546
      vertex 7.90908 34.4646 6.05812
      vertex 7.84786 34.5012 6.04171
    endloop
  endfacet
  facet normal 0.0657935 -0.86378 0.499555
    outer loop
      vertex 7.7 34.4489 5.75859
      vertex 7.66038 34.5012 5.85424
      vertex 7.63698 34.4489 5.76689
    endloop
  endfacet
  facet normal -0.271528 -0.7045 0.655708
    outer loop
      vertex 7.83397 34.3942 5.7375
      vertex 7.82175 34.4489 5.79121
      vertex 7.76302 34.4489 5.76689
    endloop
  endfacet
  facet normal -0.269698 -0.704662 0.656289
    outer loop
      vertex 7.82175 34.4489 5.79121
      vertex 7.83397 34.3942 5.7375
      vertex 7.8443 34.4039 5.75216
    endloop
  endfacet
  facet normal 0.432213 -0.704226 0.563256
    outer loop
      vertex 7.54133 34.3751 5.72727
      vertex 7.57825 34.4489 5.79121
      vertex 7.47561 34.3751 5.7777
    endloop
  endfacet
  facet normal 0.13109 0 0.99137
    outer loop
      vertex 7.60946 34.1838 5.61743
      vertex 7.59736 34.1838 5.61903
      vertex 7.59736 34.1725 5.61903
    endloop
  endfacet
  facet normal 0.991448 -0 0.130499
    outer loop
      vertex 7.30342 34.0794 6.00209
      vertex 7.31693 34.1838 5.89945
      vertex 7.30342 34.1838 6.00209
    endloop
  endfacet
  facet normal 0.991448 0 0.130499
    outer loop
      vertex 7.31693 34.1838 5.89945
      vertex 7.30342 34.0794 6.00209
      vertex 7.31693 34.0794 5.89945
    endloop
  endfacet
  facet normal 0.655923 -0.704235 -0.271694
    outer loop
      vertex 7.46479 34.4489 6.06512
      vertex 7.42517 34.3751 6.16076
      vertex 7.39347 34.3751 6.08423
    endloop
  endfacet
  facet normal 0.588362 -0.25668 -0.766776
    outer loop
      vertex 7.51522 34.2847 6.32213
      vertex 7.50171 34.1838 6.34554
      vertex 7.41958 34.1838 6.28252
    endloop
  endfacet
  facet normal -0.158656 -0.965433 0.206801
    outer loop
      vertex 7.77654 34.5012 5.86953
      vertex 7.80824 34.5012 5.89385
      vertex 7.7261 34.5282 5.95688
    endloop
  endfacet
  facet normal 0.892912 -0.25672 0.369868
    outer loop
      vertex 7.37996 34.2847 5.81732
      vertex 7.34304 34.2847 5.90645
      vertex 7.31693 34.1838 5.89945
    endloop
  endfacet
  facet normal 0.801768 -0.496859 0.332113
    outer loop
      vertex 7.37996 34.2847 5.81732
      vertex 7.42517 34.3751 5.84342
      vertex 7.34304 34.2847 5.90645
    endloop
  endfacet
  facet normal 0.499566 -0.863781 0.0656926
    outer loop
      vertex 7.55214 34.5012 5.96247
      vertex 7.54693 34.5012 6.00209
      vertex 7.4565 34.4489 6.00209
    endloop
  endfacet
  facet normal 0.703878 -0.70426 0.0925921
    outer loop
      vertex 7.46479 34.4489 5.93907
      vertex 7.4565 34.4489 6.00209
      vertex 7.38266 34.3751 6.00209
    endloop
  endfacet
  facet normal 0.766784 -0.256658 0.588362
    outer loop
      vertex 7.41958 34.1838 5.72167
      vertex 7.43869 34.2847 5.74078
      vertex 7.37996 34.2847 5.81732
    endloop
  endfacet
  facet normal 0.923878 -0 0.382687
    outer loop
      vertex 7.31693 34.0794 5.89945
      vertex 7.35655 34.1838 5.8038
      vertex 7.31693 34.1838 5.89945
    endloop
  endfacet
  facet normal 0.923878 0 0.382687
    outer loop
      vertex 7.35655 34.1838 5.8038
      vertex 7.31693 34.0794 5.89945
      vertex 7.35655 34.0794 5.8038
    endloop
  endfacet
  facet normal 0.958223 -0.256711 0.126126
    outer loop
      vertex 7.31693 34.1838 5.89945
      vertex 7.34304 34.2847 5.90645
      vertex 7.30342 34.1838 6.00209
    endloop
  endfacet
  facet normal 0.892913 -0.256726 0.369861
    outer loop
      vertex 7.35655 34.1838 5.8038
      vertex 7.37996 34.2847 5.81732
      vertex 7.31693 34.1838 5.89945
    endloop
  endfacet
  facet normal 0.860106 0.497391 0.113224
    outer loop
      vertex 7.33045 33.9785 6.00209
      vertex 7.35682 33.9471 5.93971
      vertex 7.34304 33.9785 5.90645
    endloop
  endfacet
  facet normal 0.860193 0.497211 0.113352
    outer loop
      vertex 7.35682 33.9471 5.93971
      vertex 7.33045 33.9785 6.00209
      vertex 7.35149 33.9421 6.00209
    endloop
  endfacet
  facet normal 0.130285 0 -0.991477
    outer loop
      vertex 7.59736 34.1838 6.38516
      vertex 7.60946 34.1838 6.38675
      vertex 7.59736 34.1725 6.38516
    endloop
  endfacet
  facet normal 0.127268 -0.25743 -0.957879
    outer loop
      vertex 7.6574 34.2287 6.38103
      vertex 7.7 34.2847 6.37164
      vertex 7.7 34.2687 6.37594
    endloop
  endfacet
  facet normal 0.12613 -0.256626 -0.958245
    outer loop
      vertex 7.7 34.2847 6.37164
      vertex 7.6574 34.2287 6.38103
      vertex 7.60435 34.2847 6.35905
    endloop
  endfacet
  facet normal 0.688471 -0.496927 -0.528272
    outer loop
      vertex 7.47561 34.3751 6.22649
      vertex 7.43869 34.2847 6.26341
      vertex 7.37996 34.2847 6.18687
    endloop
  endfacet
  facet normal -0.158658 -0.965427 -0.206829
    outer loop
      vertex 7.73692 34.5282 6.03901
      vertex 7.80824 34.5012 6.11033
      vertex 7.7261 34.5282 6.04731
    endloop
  endfacet
  facet normal -0.306805 -0.863757 -0.399742
    outer loop
      vertex 7.80824 34.5012 6.11033
      vertex 7.82175 34.4489 6.21297
      vertex 7.77654 34.5012 6.13466
    endloop
  endfacet
  facet normal 0.563232 -0.704238 -0.432224
    outer loop
      vertex 7.48912 34.4489 6.12385
      vertex 7.52782 34.4489 6.17428
      vertex 7.47561 34.3751 6.22649
    endloop
  endfacet
  facet normal 0.206786 -0.965428 -0.15871
    outer loop
      vertex 7.65478 34.5282 6.0282
      vertex 7.59176 34.5012 6.11033
      vertex 7.56743 34.5012 6.07863
    endloop
  endfacet
  facet normal 0.271724 -0.704233 -0.655913
    outer loop
      vertex 7.63698 34.4489 6.2373
      vertex 7.61787 34.3751 6.30862
      vertex 7.57825 34.4489 6.21297
    endloop
  endfacet
  facet normal 0.113249 -0.496906 -0.860383
    outer loop
      vertex 7.61787 34.3751 6.30862
      vertex 7.7 34.2847 6.37164
      vertex 7.60435 34.2847 6.35905
    endloop
  endfacet
  facet normal -0.192806 -0.86376 -0.465559
    outer loop
      vertex 7.77654 34.5012 6.13466
      vertex 7.82175 34.4489 6.21297
      vertex 7.73962 34.5012 6.14995
    endloop
  endfacet
  facet normal 0.588333 0.256916 -0.766719
    outer loop
      vertex 7.49802 34.0794 6.34271
      vertex 7.45648 34.0405 6.2978
      vertex 7.41958 34.0794 6.28252
    endloop
  endfacet
  facet normal -0.258443 -0.965426 0.0340509
    outer loop
      vertex 7.85307 34.5012 6.00209
      vertex 7.75221 34.5282 6.00209
      vertex 7.75043 34.5282 5.98858
    endloop
  endfacet
  facet normal -0.399777 -0.863781 0.306693
    outer loop
      vertex 7.80824 34.5012 5.89385
      vertex 7.89242 34.4489 5.85628
      vertex 7.89891 34.455 5.88192
    endloop
  endfacet
  facet normal -0.399721 -0.863768 0.306802
    outer loop
      vertex 7.89242 34.4489 5.85628
      vertex 7.80824 34.5012 5.89385
      vertex 7.87218 34.4489 5.82991
    endloop
  endfacet
  facet normal -0.46499 -0.864107 0.192623
    outer loop
      vertex 7.83257 34.5012 5.92556
      vertex 7.90108 34.4571 5.89311
      vertex 7.84786 34.5012 5.96247
    endloop
  endfacet
  facet normal -0.460712 -0.864282 0.201894
    outer loop
      vertex 7.90108 34.4571 5.89311
      vertex 7.83257 34.5012 5.92556
      vertex 7.90009 34.4561 5.88657
    endloop
  endfacet
  facet normal 0.113248 -0.496909 0.860382
    outer loop
      vertex 7.7 34.2847 5.63254
      vertex 7.7 34.3751 5.68475
      vertex 7.60435 34.2847 5.64513
    endloop
  endfacet
  facet normal 0.76672 -0.256732 0.588413
    outer loop
      vertex 7.41958 34.1838 5.72167
      vertex 7.37996 34.2847 5.81732
      vertex 7.35655 34.1838 5.8038
    endloop
  endfacet
  facet normal 0.58841 -0.25666 0.766746
    outer loop
      vertex 7.51522 34.2847 5.68205
      vertex 7.43869 34.2847 5.74078
      vertex 7.41958 34.1838 5.72167
    endloop
  endfacet
  facet normal 0.0997716 -0.965426 0.240828
    outer loop
      vertex 7.68649 34.5282 5.95166
      vertex 7.67389 34.5282 5.95688
      vertex 7.66038 34.5012 5.85424
    endloop
  endfacet
  facet normal 0.528277 -0.496956 0.688446
    outer loop
      vertex 7.51522 34.2847 5.68205
      vertex 7.54133 34.3751 5.72727
      vertex 7.47561 34.3751 5.7777
    endloop
  endfacet
  facet normal -0.332063 -0.496694 0.801891
    outer loop
      vertex 7.786 34.3492 5.68113
      vertex 7.81362 34.3751 5.70861
      vertex 7.78213 34.3751 5.69557
    endloop
  endfacet
  facet normal -0.270954 -0.704109 0.656365
    outer loop
      vertex 7.76302 34.4489 5.76689
      vertex 7.81362 34.3751 5.70861
      vertex 7.83397 34.3942 5.7375
    endloop
  endfacet
  facet normal -0.271627 -0.70424 0.655946
    outer loop
      vertex 7.81362 34.3751 5.70861
      vertex 7.76302 34.4489 5.76689
      vertex 7.78213 34.3751 5.69557
    endloop
  endfacet
  facet normal 0.860207 0.497256 0.113054
    outer loop
      vertex 7.35682 33.9471 5.93971
      vertex 7.35929 33.9494 5.9108
      vertex 7.34304 33.9785 5.90645
    endloop
  endfacet
  facet normal 0.801753 -0.496887 -0.332107
    outer loop
      vertex 7.42517 34.3751 6.16076
      vertex 7.37996 34.2847 6.18687
      vertex 7.34304 34.2847 6.09774
    endloop
  endfacet
  facet normal 0.688461 -0.496898 -0.528312
    outer loop
      vertex 7.42517 34.3751 6.16076
      vertex 7.47561 34.3751 6.22649
      vertex 7.37996 34.2847 6.18687
    endloop
  endfacet
  facet normal 0.192791 -0.863782 0.465523
    outer loop
      vertex 7.66038 34.5012 5.85424
      vertex 7.62346 34.5012 5.86953
      vertex 7.57825 34.4489 5.79121
    endloop
  endfacet
  facet normal -0.399768 -0.863772 0.306729
    outer loop
      vertex 7.89891 34.455 5.88192
      vertex 7.83257 34.5012 5.92556
      vertex 7.80824 34.5012 5.89385
    endloop
  endfacet
  facet normal -0.400317 -0.863803 0.305926
    outer loop
      vertex 7.83257 34.5012 5.92556
      vertex 7.89891 34.455 5.88192
      vertex 7.90009 34.4561 5.88657
    endloop
  endfacet
  facet normal 0.0997383 -0.965428 0.240833
    outer loop
      vertex 7.66038 34.5012 5.85424
      vertex 7.67389 34.5282 5.95688
      vertex 7.62346 34.5012 5.86953
    endloop
  endfacet
  facet normal 0.399781 -0.863763 0.306738
    outer loop
      vertex 7.59176 34.5012 5.89385
      vertex 7.56743 34.5012 5.92556
      vertex 7.52782 34.4489 5.82991
    endloop
  endfacet
  facet normal -0.0927309 -0.704239 0.703881
    outer loop
      vertex 7.78213 34.3751 5.69557
      vertex 7.76302 34.4489 5.76689
      vertex 7.7 34.3751 5.68475
    endloop
  endfacet
  facet normal -0.206807 -0.965429 0.158676
    outer loop
      vertex 7.80824 34.5012 5.89385
      vertex 7.83257 34.5012 5.92556
      vertex 7.74522 34.5282 5.97599
    endloop
  endfacet
  facet normal 0.860381 -0.496908 0.11326
    outer loop
      vertex 7.34304 34.2847 5.90645
      vertex 7.38266 34.3751 6.00209
      vertex 7.33045 34.2847 6.00209
    endloop
  endfacet
  facet normal 0.86039 -0.496896 0.113245
    outer loop
      vertex 7.39347 34.3751 5.91996
      vertex 7.38266 34.3751 6.00209
      vertex 7.34304 34.2847 5.90645
    endloop
  endfacet
  facet normal 0.65588 -0.704269 0.27171
    outer loop
      vertex 7.48912 34.4489 5.88034
      vertex 7.46479 34.4489 5.93907
      vertex 7.42517 34.3751 5.84342
    endloop
  endfacet
  facet normal 0.655934 -0.704237 0.271663
    outer loop
      vertex 7.42517 34.3751 5.84342
      vertex 7.46479 34.4489 5.93907
      vertex 7.39347 34.3751 5.91996
    endloop
  endfacet
  facet normal 0.608758 0 0.793356
    outer loop
      vertex 7.41958 34.1838 5.72167
      vertex 7.50171 34.0829 5.65865
      vertex 7.50171 34.1838 5.65865
    endloop
  endfacet
  facet normal 0.608758 -0 0.793356
    outer loop
      vertex 7.41958 34.0794 5.72167
      vertex 7.50171 34.0829 5.65865
      vertex 7.41958 34.1838 5.72167
    endloop
  endfacet
  facet normal 0.608767 -0.000334921 0.793349
    outer loop
      vertex 7.50171 34.0829 5.65865
      vertex 7.41958 34.0794 5.72167
      vertex 7.49802 34.0794 5.66148
    endloop
  endfacet
  facet normal 0.793309 -0 0.608819
    outer loop
      vertex 7.35655 34.0794 5.8038
      vertex 7.41958 34.1838 5.72167
      vertex 7.35655 34.1838 5.8038
    endloop
  endfacet
  facet normal 0.793309 0 0.608819
    outer loop
      vertex 7.41958 34.1838 5.72167
      vertex 7.35655 34.0794 5.8038
      vertex 7.41958 34.0794 5.72167
    endloop
  endfacet
  facet normal 0.801347 0.497654 0.331939
    outer loop
      vertex 7.3648 33.9546 5.88975
      vertex 7.37996 33.9785 5.81732
      vertex 7.34304 33.9785 5.90645
    endloop
  endfacet
  facet normal 0.800264 0.499204 0.332224
    outer loop
      vertex 7.37996 33.9785 5.81732
      vertex 7.3648 33.9546 5.88975
      vertex 7.38328 33.9719 5.81924
    endloop
  endfacet
  facet normal 0.958225 0.25671 -0.126114
    outer loop
      vertex 7.31693 34.0794 6.10474
      vertex 7.34304 33.9785 6.09774
      vertex 7.30342 34.0794 6.00209
    endloop
  endfacet
  facet normal 0.892902 0.256719 -0.369895
    outer loop
      vertex 7.35655 34.0794 6.20038
      vertex 7.34304 33.9785 6.09774
      vertex 7.31693 34.0794 6.10474
    endloop
  endfacet
  facet normal 0.958226 0.256698 -0.126127
    outer loop
      vertex 7.34304 33.9785 6.09774
      vertex 7.33045 33.9785 6.00209
      vertex 7.30342 34.0794 6.00209
    endloop
  endfacet
  facet normal 0.958225 0.256698 0.12614
    outer loop
      vertex 7.33045 33.9785 6.00209
      vertex 7.34304 33.9785 5.90645
      vertex 7.30342 34.0794 6.00209
    endloop
  endfacet
  facet normal 0.369865 -0.256686 -0.892923
    outer loop
      vertex 7.60435 34.2847 6.35905
      vertex 7.59736 34.1838 6.38516
      vertex 7.50171 34.1838 6.34554
    endloop
  endfacet
  facet normal 0.12607 -0.25668 -0.958239
    outer loop
      vertex 7.60946 34.1838 6.38675
      vertex 7.60435 34.2847 6.35905
      vertex 7.6574 34.2287 6.38103
    endloop
  endfacet
  facet normal 0.12592 -0.256692 -0.958255
    outer loop
      vertex 7.60435 34.2847 6.35905
      vertex 7.60946 34.1838 6.38675
      vertex 7.59736 34.1838 6.38516
    endloop
  endfacet
  facet normal 0.0926507 -0.704208 -0.703922
    outer loop
      vertex 7.7 34.4489 6.2456
      vertex 7.7 34.3751 6.31943
      vertex 7.61787 34.3751 6.30862
    endloop
  endfacet
  facet normal 0.306805 -0.863757 -0.399742
    outer loop
      vertex 7.59176 34.5012 6.11033
      vertex 7.62346 34.5012 6.13466
      vertex 7.57825 34.4489 6.21297
    endloop
  endfacet
  facet normal -0.0926474 -0.704234 -0.703897
    outer loop
      vertex 7.76302 34.4489 6.2373
      vertex 7.78213 34.3751 6.30862
      vertex 7.7 34.3751 6.31943
    endloop
  endfacet
  facet normal -0.0657935 -0.86378 -0.499555
    outer loop
      vertex 7.73962 34.5012 6.14995
      vertex 7.76302 34.4489 6.2373
      vertex 7.7 34.4489 6.2456
    endloop
  endfacet
  facet normal 0.655897 -0.704251 -0.271718
    outer loop
      vertex 7.46479 34.4489 6.06512
      vertex 7.48912 34.4489 6.12385
      vertex 7.42517 34.3751 6.16076
    endloop
  endfacet
  facet normal 0.56324 -0.704234 -0.43222
    outer loop
      vertex 7.48912 34.4489 6.12385
      vertex 7.47561 34.3751 6.22649
      vertex 7.42517 34.3751 6.16076
    endloop
  endfacet
  facet normal 0.240868 -0.965426 -0.0996762
    outer loop
      vertex 7.64957 34.5282 6.01561
      vertex 7.65478 34.5282 6.0282
      vertex 7.56743 34.5012 6.07863
    endloop
  endfacet
  facet normal 0.0658181 -0.863774 -0.499562
    outer loop
      vertex 7.7 34.5012 6.15517
      vertex 7.7 34.4489 6.2456
      vertex 7.66038 34.5012 6.14995
    endloop
  endfacet
  facet normal -0.0658181 -0.863774 -0.499562
    outer loop
      vertex 7.7 34.5012 6.15517
      vertex 7.73962 34.5012 6.14995
      vertex 7.7 34.4489 6.2456
    endloop
  endfacet
  facet normal 0.432158 -0.704232 -0.563291
    outer loop
      vertex 7.52782 34.4489 6.17428
      vertex 7.57825 34.4489 6.21297
      vertex 7.47561 34.3751 6.22649
    endloop
  endfacet
  facet normal 0.113244 -0.496909 -0.860382
    outer loop
      vertex 7.7 34.3751 6.31943
      vertex 7.7 34.2847 6.37164
      vertex 7.61787 34.3751 6.30862
    endloop
  endfacet
  facet normal -0.240833 -0.965428 -0.0997383
    outer loop
      vertex 7.84786 34.5012 6.04171
      vertex 7.83257 34.5012 6.07863
      vertex 7.74522 34.5282 6.0282
    endloop
  endfacet
  facet normal -0.206786 -0.965428 -0.15871
    outer loop
      vertex 7.83257 34.5012 6.07863
      vertex 7.80824 34.5012 6.11033
      vertex 7.74522 34.5282 6.0282
    endloop
  endfacet
  facet normal -0.499052 -0.864084 -0.065625
    outer loop
      vertex 7.85307 34.5012 6.00209
      vertex 7.91122 34.4666 6.01546
      vertex 7.84786 34.5012 6.04171
    endloop
  endfacet
  facet normal -0.499425 -0.864005 -0.0638009
    outer loop
      vertex 7.91122 34.4666 6.01546
      vertex 7.85307 34.5012 6.00209
      vertex 7.91189 34.4672 6.00209
    endloop
  endfacet
  facet normal -0.499425 -0.864005 0.0638009
    outer loop
      vertex 7.85307 34.5012 6.00209
      vertex 7.91122 34.4666 5.98872
      vertex 7.91189 34.4672 6.00209
    endloop
  endfacet
  facet normal -0.499052 -0.864084 0.065625
    outer loop
      vertex 7.91122 34.4666 5.98872
      vertex 7.85307 34.5012 6.00209
      vertex 7.84786 34.5012 5.96247
    endloop
  endfacet
  facet normal -0.126003 -0.256913 0.958185
    outer loop
      vertex 7.71711 34.2847 5.63479
      vertex 7.7 34.2847 5.63254
      vertex 7.7 34.2687 5.62825
    endloop
  endfacet
  facet normal 0.126734 -0.256889 0.958095
    outer loop
      vertex 7.7 34.2847 5.63254
      vertex 7.6574 34.2287 5.62316
      vertex 7.7 34.2687 5.62825
    endloop
  endfacet
  facet normal 0.126135 -0.256466 0.958288
    outer loop
      vertex 7.6574 34.2287 5.62316
      vertex 7.7 34.2847 5.63254
      vertex 7.60435 34.2847 5.64513
    endloop
  endfacet
  facet normal 0.528314 -0.49693 0.688437
    outer loop
      vertex 7.51522 34.2847 5.68205
      vertex 7.47561 34.3751 5.7777
      vertex 7.43869 34.2847 5.74078
    endloop
  endfacet
  facet normal 0.369873 -0.256609 0.892942
    outer loop
      vertex 7.59736 34.1838 5.61903
      vertex 7.51522 34.2847 5.68205
      vertex 7.50171 34.1838 5.65865
    endloop
  endfacet
  facet normal 0.588374 -0.256609 0.766791
    outer loop
      vertex 7.50171 34.1838 5.65865
      vertex 7.51522 34.2847 5.68205
      vertex 7.41958 34.1838 5.72167
    endloop
  endfacet
  facet normal 0.563232 -0.704238 0.432224
    outer loop
      vertex 7.52782 34.4489 5.82991
      vertex 7.48912 34.4489 5.88034
      vertex 7.47561 34.3751 5.7777
    endloop
  endfacet
  facet normal 0.240809 -0.965432 0.0997555
    outer loop
      vertex 7.56743 34.5012 5.92556
      vertex 7.64957 34.5282 5.98858
      vertex 7.55214 34.5012 5.96247
    endloop
  endfacet
  facet normal 0.688782 0.496246 -0.528506
    outer loop
      vertex 7.39038 33.9785 6.20045
      vertex 7.38514 33.9736 6.18902
      vertex 7.37996 33.9785 6.18687
    endloop
  endfacet
  facet normal 0.689941 0.499477 -0.523932
    outer loop
      vertex 7.38514 33.9736 6.18902
      vertex 7.38328 33.9719 6.18495
      vertex 7.37996 33.9785 6.18687
    endloop
  endfacet
  facet normal 0.800264 0.499204 -0.332224
    outer loop
      vertex 7.3648 33.9546 6.11444
      vertex 7.37996 33.9785 6.18687
      vertex 7.38328 33.9719 6.18495
    endloop
  endfacet
  facet normal 0.801347 0.497654 -0.331939
    outer loop
      vertex 7.37996 33.9785 6.18687
      vertex 7.3648 33.9546 6.11444
      vertex 7.34304 33.9785 6.09774
    endloop
  endfacet
  facet normal -0.192791 -0.863782 0.465523
    outer loop
      vertex 7.82175 34.4489 5.79121
      vertex 7.77654 34.5012 5.86953
      vertex 7.73962 34.5012 5.85424
    endloop
  endfacet
  facet normal 0.0927028 -0.704253 0.703871
    outer loop
      vertex 7.7 34.3751 5.68475
      vertex 7.7 34.4489 5.75859
      vertex 7.63698 34.4489 5.76689
    endloop
  endfacet
  facet normal 0.332093 -0.496954 0.801718
    outer loop
      vertex 7.60435 34.2847 5.64513
      vertex 7.54133 34.3751 5.72727
      vertex 7.51522 34.2847 5.68205
    endloop
  endfacet
  facet normal 0.258438 -0.96543 -0.0339844
    outer loop
      vertex 7.64957 34.5282 6.01561
      vertex 7.55214 34.5012 6.04171
      vertex 7.54693 34.5012 6.00209
    endloop
  endfacet
  facet normal -0.0657935 -0.86378 0.499555
    outer loop
      vertex 7.76302 34.4489 5.76689
      vertex 7.73962 34.5012 5.85424
      vertex 7.7 34.4489 5.75859
    endloop
  endfacet
  facet normal -0.0658181 -0.863774 0.499562
    outer loop
      vertex 7.73962 34.5012 5.85424
      vertex 7.7 34.5012 5.84902
      vertex 7.7 34.4489 5.75859
    endloop
  endfacet
  facet normal -0.306769 -0.863766 0.399751
    outer loop
      vertex 7.82175 34.4489 5.79121
      vertex 7.87218 34.4489 5.82991
      vertex 7.80824 34.5012 5.89385
    endloop
  endfacet
  facet normal -0.3067 -0.863782 0.399769
    outer loop
      vertex 7.82175 34.4489 5.79121
      vertex 7.80824 34.5012 5.89385
      vertex 7.77654 34.5012 5.86953
    endloop
  endfacet
  facet normal 0.465521 -0.863772 0.192842
    outer loop
      vertex 7.56743 34.5012 5.92556
      vertex 7.55214 34.5012 5.96247
      vertex 7.48912 34.4489 5.88034
    endloop
  endfacet
  facet normal 0.465515 -0.863774 0.192848
    outer loop
      vertex 7.48912 34.4489 5.88034
      vertex 7.55214 34.5012 5.96247
      vertex 7.46479 34.4489 5.93907
    endloop
  endfacet
  facet normal 0.892912 0.25672 0.369868
    outer loop
      vertex 7.34304 33.9785 5.90645
      vertex 7.37996 33.9785 5.81732
      vertex 7.31693 34.0794 5.89945
    endloop
  endfacet
  facet normal 0.892913 0.256726 0.369861
    outer loop
      vertex 7.37996 33.9785 5.81732
      vertex 7.35655 34.0794 5.8038
      vertex 7.31693 34.0794 5.89945
    endloop
  endfacet
  facet normal 0.76672 0.256732 0.588413
    outer loop
      vertex 7.37996 33.9785 5.81732
      vertex 7.41958 34.0794 5.72167
      vertex 7.35655 34.0794 5.8038
    endloop
  endfacet
  facet normal 0.801355 0.497209 -0.332587
    outer loop
      vertex 7.3648 33.9546 6.11444
      vertex 7.35929 33.9494 6.09339
      vertex 7.34304 33.9785 6.09774
    endloop
  endfacet
  facet normal 0.860112 0.497383 -0.113213
    outer loop
      vertex 7.35682 33.9471 6.06448
      vertex 7.33045 33.9785 6.00209
      vertex 7.34304 33.9785 6.09774
    endloop
  endfacet
  facet normal 0.860195 0.497212 -0.113334
    outer loop
      vertex 7.33045 33.9785 6.00209
      vertex 7.35682 33.9471 6.06448
      vertex 7.35149 33.9421 6.00209
    endloop
  endfacet
  facet normal 0.766784 -0.256658 -0.588362
    outer loop
      vertex 7.43869 34.2847 6.26341
      vertex 7.41958 34.1838 6.28252
      vertex 7.37996 34.2847 6.18687
    endloop
  endfacet
  facet normal 0.588347 -0.256658 -0.766795
    outer loop
      vertex 7.43869 34.2847 6.26341
      vertex 7.51522 34.2847 6.32213
      vertex 7.41958 34.1838 6.28252
    endloop
  endfacet
  facet normal -0.113244 -0.496909 -0.860382
    outer loop
      vertex 7.7 34.3751 6.31943
      vertex 7.78213 34.3751 6.30862
      vertex 7.7 34.2847 6.37164
    endloop
  endfacet
  facet normal 0.192848 -0.863774 -0.465515
    outer loop
      vertex 7.66038 34.5012 6.14995
      vertex 7.63698 34.4489 6.2373
      vertex 7.57825 34.4489 6.21297
    endloop
  endfacet
  facet normal -0.125984 -0.257473 -0.958038
    outer loop
      vertex 7.7 34.2847 6.37164
      vertex 7.71711 34.2847 6.36939
      vertex 7.7 34.2687 6.37594
    endloop
  endfacet
  facet normal -0.431758 -0.704809 -0.562875
    outer loop
      vertex 7.86173 34.4202 6.21824
      vertex 7.8443 34.4039 6.25202
      vertex 7.82175 34.4489 6.21297
    endloop
  endfacet
  facet normal -0.0997347 -0.965431 -0.240824
    outer loop
      vertex 7.77654 34.5012 6.13466
      vertex 7.73962 34.5012 6.14995
      vertex 7.7261 34.5282 6.04731
    endloop
  endfacet
  facet normal -0.092709 -0.704205 -0.703918
    outer loop
      vertex 7.7 34.4489 6.2456
      vertex 7.76302 34.4489 6.2373
      vertex 7.7 34.3751 6.31943
    endloop
  endfacet
  facet normal -0.271627 -0.70424 -0.655946
    outer loop
      vertex 7.76302 34.4489 6.2373
      vertex 7.81362 34.3751 6.29558
      vertex 7.78213 34.3751 6.30862
    endloop
  endfacet
  facet normal -0.270954 -0.704109 -0.656365
    outer loop
      vertex 7.81362 34.3751 6.29558
      vertex 7.76302 34.4489 6.2373
      vertex 7.83397 34.3942 6.26669
    endloop
  endfacet
  facet normal 0.158742 -0.965431 -0.206747
    outer loop
      vertex 7.66308 34.5282 6.03901
      vertex 7.67389 34.5282 6.04731
      vertex 7.59176 34.5012 6.11033
    endloop
  endfacet
  facet normal 0.0340471 -0.965433 -0.258419
    outer loop
      vertex 7.68649 34.5282 6.05252
      vertex 7.7 34.5012 6.15517
      vertex 7.66038 34.5012 6.14995
    endloop
  endfacet
  facet normal -0.0340478 -0.965433 -0.258419
    outer loop
      vertex 7.7 34.5282 6.0543
      vertex 7.71351 34.5282 6.05252
      vertex 7.7 34.5012 6.15517
    endloop
  endfacet
  facet normal 0.332064 -0.496884 -0.801773
    outer loop
      vertex 7.54133 34.3751 6.27692
      vertex 7.61787 34.3751 6.30862
      vertex 7.51522 34.2847 6.32213
    endloop
  endfacet
  facet normal 0.271653 -0.704265 -0.655908
    outer loop
      vertex 7.57825 34.4489 6.21297
      vertex 7.61787 34.3751 6.30862
      vertex 7.54133 34.3751 6.27692
    endloop
  endfacet
  facet normal 0.306703 -0.863782 -0.399768
    outer loop
      vertex 7.59176 34.5012 6.11033
      vertex 7.57825 34.4489 6.21297
      vertex 7.52782 34.4489 6.17428
    endloop
  endfacet
  facet normal 0.399731 -0.863781 -0.306754
    outer loop
      vertex 7.59176 34.5012 6.11033
      vertex 7.52782 34.4489 6.17428
      vertex 7.48912 34.4489 6.12385
    endloop
  endfacet
  facet normal -0.258443 -0.965427 -0.0340257
    outer loop
      vertex 7.75221 34.5282 6.00209
      vertex 7.85307 34.5012 6.00209
      vertex 7.75043 34.5282 6.01561
    endloop
  endfacet
  facet normal -0.11309 -0.496673 0.860539
    outer loop
      vertex 7.78213 34.3751 5.69557
      vertex 7.75655 34.3216 5.66133
      vertex 7.786 34.3492 5.68113
    endloop
  endfacet
  facet normal -0.113373 -0.496557 0.860568
    outer loop
      vertex 7.75655 34.3216 5.66133
      vertex 7.78213 34.3751 5.69557
      vertex 7.7 34.3751 5.68475
    endloop
  endfacet
  facet normal -0.113907 -0.496982 0.860253
    outer loop
      vertex 7.7 34.3751 5.68475
      vertex 7.71711 34.2847 5.63479
      vertex 7.75655 34.3216 5.66133
    endloop
  endfacet
  facet normal -0.113143 -0.496915 0.860392
    outer loop
      vertex 7.71711 34.2847 5.63479
      vertex 7.7 34.3751 5.68475
      vertex 7.7 34.2847 5.63254
    endloop
  endfacet
  facet normal 0.382687 0 0.923878
    outer loop
      vertex 7.50171 34.1838 5.65865
      vertex 7.59736 34.1725 5.61903
      vertex 7.59736 34.1838 5.61903
    endloop
  endfacet
  facet normal 0.382687 0 0.923878
    outer loop
      vertex 7.59736 34.1725 5.61903
      vertex 7.50171 34.1838 5.65865
      vertex 7.50171 34.0829 5.65865
    endloop
  endfacet
  facet normal 0.39974 -0.863774 0.306761
    outer loop
      vertex 7.52782 34.4489 5.82991
      vertex 7.56743 34.5012 5.92556
      vertex 7.48912 34.4489 5.88034
    endloop
  endfacet
  facet normal 0.306721 -0.863762 0.399797
    outer loop
      vertex 7.62346 34.5012 5.86953
      vertex 7.59176 34.5012 5.89385
      vertex 7.52782 34.4489 5.82991
    endloop
  endfacet
  facet normal 0.766765 0.256679 -0.588376
    outer loop
      vertex 7.41958 34.0794 6.28252
      vertex 7.37996 33.9785 6.18687
      vertex 7.35655 34.0794 6.20038
    endloop
  endfacet
  facet normal 0.766654 0.256787 -0.588474
    outer loop
      vertex 7.39038 33.9785 6.20045
      vertex 7.41958 34.0794 6.28252
      vertex 7.4314 34.017 6.27069
    endloop
  endfacet
  facet normal 0.766787 0.256655 -0.588359
    outer loop
      vertex 7.41958 34.0794 6.28252
      vertex 7.39038 33.9785 6.20045
      vertex 7.37996 33.9785 6.18687
    endloop
  endfacet
  facet normal 0.0658181 -0.863774 0.499562
    outer loop
      vertex 7.7 34.4489 5.75859
      vertex 7.7 34.5012 5.84902
      vertex 7.66038 34.5012 5.85424
    endloop
  endfacet
  facet normal -0.192778 -0.863778 0.465536
    outer loop
      vertex 7.76302 34.4489 5.76689
      vertex 7.82175 34.4489 5.79121
      vertex 7.73962 34.5012 5.85424
    endloop
  endfacet
  facet normal 0.499566 -0.863781 -0.0656926
    outer loop
      vertex 7.54693 34.5012 6.00209
      vertex 7.55214 34.5012 6.04171
      vertex 7.4565 34.4489 6.00209
    endloop
  endfacet
  facet normal 0 -1 0
    outer loop
      vertex 7.68649 34.5282 6.05252
      vertex 7.71351 34.5282 6.05252
      vertex 7.7 34.5282 6.0543
    endloop
  endfacet
  facet normal 0 -1 0
    outer loop
      vertex 7.67389 34.5282 6.04731
      vertex 7.71351 34.5282 6.05252
      vertex 7.68649 34.5282 6.05252
    endloop
  endfacet
  facet normal 0 -1 0
    outer loop
      vertex 7.67389 34.5282 6.04731
      vertex 7.7261 34.5282 6.04731
      vertex 7.71351 34.5282 6.05252
    endloop
  endfacet
  facet normal 0 -1 0
    outer loop
      vertex 7.66308 34.5282 6.03901
      vertex 7.7261 34.5282 6.04731
      vertex 7.67389 34.5282 6.04731
    endloop
  endfacet
  facet normal 0 -1 0
    outer loop
      vertex 7.66308 34.5282 6.03901
      vertex 7.73692 34.5282 6.03901
      vertex 7.7261 34.5282 6.04731
    endloop
  endfacet
  facet normal 0 -1 0
    outer loop
      vertex 7.65478 34.5282 6.0282
      vertex 7.73692 34.5282 6.03901
      vertex 7.66308 34.5282 6.03901
    endloop
  endfacet
  facet normal 0 -1 0
    outer loop
      vertex 7.65478 34.5282 6.0282
      vertex 7.74522 34.5282 6.0282
      vertex 7.73692 34.5282 6.03901
    endloop
  endfacet
  facet normal 0 -1 0
    outer loop
      vertex 7.64957 34.5282 6.01561
      vertex 7.74522 34.5282 6.0282
      vertex 7.65478 34.5282 6.0282
    endloop
  endfacet
  facet normal 0 -1 0
    outer loop
      vertex 7.64957 34.5282 6.01561
      vertex 7.75043 34.5282 6.01561
      vertex 7.74522 34.5282 6.0282
    endloop
  endfacet
  facet normal 0 -1 0
    outer loop
      vertex 7.64779 34.5282 6.00209
      vertex 7.75043 34.5282 6.01561
      vertex 7.64957 34.5282 6.01561
    endloop
  endfacet
  facet normal 0 -1 0
    outer loop
      vertex 7.64779 34.5282 6.00209
      vertex 7.75221 34.5282 6.00209
      vertex 7.75043 34.5282 6.01561
    endloop
  endfacet
  facet normal 0 -1 0
    outer loop
      vertex 7.64957 34.5282 5.98858
      vertex 7.75221 34.5282 6.00209
      vertex 7.64779 34.5282 6.00209
    endloop
  endfacet
  facet normal 0 -1 0
    outer loop
      vertex 7.64957 34.5282 5.98858
      vertex 7.75043 34.5282 5.98858
      vertex 7.75221 34.5282 6.00209
    endloop
  endfacet
  facet normal 0 -1 0
    outer loop
      vertex 7.65478 34.5282 5.97599
      vertex 7.75043 34.5282 5.98858
      vertex 7.64957 34.5282 5.98858
    endloop
  endfacet
  facet normal 0 -1 0
    outer loop
      vertex 7.65478 34.5282 5.97599
      vertex 7.74522 34.5282 5.97599
      vertex 7.75043 34.5282 5.98858
    endloop
  endfacet
  facet normal 0 -1 0
    outer loop
      vertex 7.66308 34.5282 5.96517
      vertex 7.74522 34.5282 5.97599
      vertex 7.65478 34.5282 5.97599
    endloop
  endfacet
  facet normal 0 -1 0
    outer loop
      vertex 7.66308 34.5282 5.96517
      vertex 7.73692 34.5282 5.96517
      vertex 7.74522 34.5282 5.97599
    endloop
  endfacet
  facet normal 0 -1 0
    outer loop
      vertex 7.67389 34.5282 5.95688
      vertex 7.73692 34.5282 5.96517
      vertex 7.66308 34.5282 5.96517
    endloop
  endfacet
  facet normal 0 -1 0
    outer loop
      vertex 7.67389 34.5282 5.95688
      vertex 7.7261 34.5282 5.95688
      vertex 7.73692 34.5282 5.96517
    endloop
  endfacet
  facet normal 0 -1 0
    outer loop
      vertex 7.68649 34.5282 5.95166
      vertex 7.7261 34.5282 5.95688
      vertex 7.67389 34.5282 5.95688
    endloop
  endfacet
  facet normal 0 -1 0
    outer loop
      vertex 7.68649 34.5282 5.95166
      vertex 7.71351 34.5282 5.95166
      vertex 7.7261 34.5282 5.95688
    endloop
  endfacet
  facet normal -0 -1 0
    outer loop
      vertex 7.71351 34.5282 5.95166
      vertex 7.68649 34.5282 5.95166
      vertex 7.7 34.5282 5.94988
    endloop
  endfacet
  facet normal -0.206829 -0.965427 0.158658
    outer loop
      vertex 7.80824 34.5012 5.89385
      vertex 7.74522 34.5282 5.97599
      vertex 7.73692 34.5282 5.96517
    endloop
  endfacet
  facet normal -0.158549 -0.965422 0.206936
    outer loop
      vertex 7.80824 34.5012 5.89385
      vertex 7.73692 34.5282 5.96517
      vertex 7.7261 34.5282 5.95688
    endloop
  endfacet
  facet normal 0.258443 -0.965427 -0.0340257
    outer loop
      vertex 7.64779 34.5282 6.00209
      vertex 7.64957 34.5282 6.01561
      vertex 7.54693 34.5012 6.00209
    endloop
  endfacet
  facet normal 0.258443 -0.965426 0.0340509
    outer loop
      vertex 7.64957 34.5282 5.98858
      vertex 7.64779 34.5282 6.00209
      vertex 7.54693 34.5012 6.00209
    endloop
  endfacet
  facet normal 0.688782 0.496246 0.528506
    outer loop
      vertex 7.38514 33.9736 5.81517
      vertex 7.39038 33.9785 5.80374
      vertex 7.37996 33.9785 5.81732
    endloop
  endfacet
  facet normal 0.860207 0.497256 -0.113054
    outer loop
      vertex 7.35929 33.9494 6.09339
      vertex 7.35682 33.9471 6.06448
      vertex 7.34304 33.9785 6.09774
    endloop
  endfacet
  facet normal -0.464967 -0.864114 -0.192646
    outer loop
      vertex 7.90908 34.4646 6.05812
      vertex 7.90108 34.4571 6.11107
      vertex 7.84786 34.5012 6.04171
    endloop
  endfacet
  facet normal -0.460867 -0.864266 -0.201607
    outer loop
      vertex 7.83257 34.5012 6.07863
      vertex 7.90108 34.4571 6.11107
      vertex 7.90009 34.4561 6.11762
    endloop
  endfacet
  facet normal -0.465028 -0.864095 -0.192586
    outer loop
      vertex 7.90108 34.4571 6.11107
      vertex 7.83257 34.5012 6.07863
      vertex 7.84786 34.5012 6.04171
    endloop
  endfacet
  facet normal -0.399701 -0.863783 -0.306786
    outer loop
      vertex 7.80824 34.5012 6.11033
      vertex 7.89242 34.4489 6.14791
      vertex 7.87218 34.4489 6.17428
    endloop
  endfacet
  facet normal -0.399751 -0.863794 -0.30669
    outer loop
      vertex 7.89242 34.4489 6.14791
      vertex 7.80824 34.5012 6.11033
      vertex 7.89891 34.455 6.12227
    endloop
  endfacet
  facet normal -0.158701 -0.965432 -0.206775
    outer loop
      vertex 7.80824 34.5012 6.11033
      vertex 7.77654 34.5012 6.13466
      vertex 7.7261 34.5282 6.04731
    endloop
  endfacet
  facet normal -0.114013 -0.496475 -0.860531
    outer loop
      vertex 7.71711 34.2847 6.36939
      vertex 7.78213 34.3751 6.30862
      vertex 7.786 34.3492 6.32305
    endloop
  endfacet
  facet normal -0.113138 -0.496984 -0.860352
    outer loop
      vertex 7.78213 34.3751 6.30862
      vertex 7.71711 34.2847 6.36939
      vertex 7.7 34.2847 6.37164
    endloop
  endfacet
  facet normal -0.332114 -0.496461 -0.802014
    outer loop
      vertex 7.81362 34.3751 6.29558
      vertex 7.786 34.3492 6.32305
      vertex 7.78213 34.3751 6.30862
    endloop
  endfacet
  facet normal -0.0340471 -0.965433 -0.258419
    outer loop
      vertex 7.71351 34.5282 6.05252
      vertex 7.73962 34.5012 6.14995
      vertex 7.7 34.5012 6.15517
    endloop
  endfacet
  facet normal -0.0996625 -0.965436 -0.240835
    outer loop
      vertex 7.7261 34.5282 6.04731
      vertex 7.73962 34.5012 6.14995
      vertex 7.71351 34.5282 6.05252
    endloop
  endfacet
  facet normal 0.0927047 -0.704238 -0.703886
    outer loop
      vertex 7.63698 34.4489 6.2373
      vertex 7.7 34.4489 6.2456
      vertex 7.61787 34.3751 6.30862
    endloop
  endfacet
  facet normal 0.0657935 -0.86378 -0.499555
    outer loop
      vertex 7.66038 34.5012 6.14995
      vertex 7.7 34.4489 6.2456
      vertex 7.63698 34.4489 6.2373
    endloop
  endfacet
  facet normal 0.432189 -0.704265 -0.563226
    outer loop
      vertex 7.57825 34.4489 6.21297
      vertex 7.54133 34.3751 6.27692
      vertex 7.47561 34.3751 6.22649
    endloop
  endfacet
  facet normal 0.528297 -0.496899 -0.688472
    outer loop
      vertex 7.54133 34.3751 6.27692
      vertex 7.51522 34.2847 6.32213
      vertex 7.47561 34.3751 6.22649
    endloop
  endfacet
  facet normal -0.206747 -0.965431 -0.158742
    outer loop
      vertex 7.74522 34.5282 6.0282
      vertex 7.80824 34.5012 6.11033
      vertex 7.73692 34.5282 6.03901
    endloop
  endfacet
  facet normal -0.240844 -0.965433 -0.0996661
    outer loop
      vertex 7.75043 34.5282 6.01561
      vertex 7.84786 34.5012 6.04171
      vertex 7.74522 34.5282 6.0282
    endloop
  endfacet
  facet normal -0.258438 -0.96543 -0.0339844
    outer loop
      vertex 7.85307 34.5012 6.00209
      vertex 7.84786 34.5012 6.04171
      vertex 7.75043 34.5282 6.01561
    endloop
  endfacet
  facet normal 0.113341 -0.496983 0.860327
    outer loop
      vertex 7.7 34.3751 5.68475
      vertex 7.61787 34.3751 5.69557
      vertex 7.60435 34.2847 5.64513
    endloop
  endfacet
  facet normal 0.332041 -0.496989 0.801717
    outer loop
      vertex 7.60435 34.2847 5.64513
      vertex 7.61787 34.3751 5.69557
      vertex 7.54133 34.3751 5.72727
    endloop
  endfacet
  facet normal 0.158621 -0.965431 0.206839
    outer loop
      vertex 7.67389 34.5282 5.95688
      vertex 7.66308 34.5282 5.96517
      vertex 7.62346 34.5012 5.86953
    endloop
  endfacet
  facet normal 0.432224 -0.704238 0.563232
    outer loop
      vertex 7.57825 34.4489 5.79121
      vertex 7.52782 34.4489 5.82991
      vertex 7.47561 34.3751 5.7777
    endloop
  endfacet
  facet normal 0.306756 -0.863779 0.399734
    outer loop
      vertex 7.57825 34.4489 5.79121
      vertex 7.62346 34.5012 5.86953
      vertex 7.52782 34.4489 5.82991
    endloop
  endfacet
  facet normal 0.206809 -0.965428 0.158678
    outer loop
      vertex 7.59176 34.5012 5.89385
      vertex 7.66308 34.5282 5.96517
      vertex 7.56743 34.5012 5.92556
    endloop
  endfacet
  facet normal 0.158669 -0.965428 0.206818
    outer loop
      vertex 7.62346 34.5012 5.86953
      vertex 7.66308 34.5282 5.96517
      vertex 7.59176 34.5012 5.89385
    endloop
  endfacet
  facet normal 0.0340502 -0.965426 0.258443
    outer loop
      vertex 7.7 34.5012 5.84902
      vertex 7.7 34.5282 5.94988
      vertex 7.66038 34.5012 5.85424
    endloop
  endfacet
  facet normal 0.0340509 -0.965426 0.258442
    outer loop
      vertex 7.7 34.5282 5.94988
      vertex 7.68649 34.5282 5.95166
      vertex 7.66038 34.5012 5.85424
    endloop
  endfacet
  facet normal -0.192848 -0.863774 -0.465515
    outer loop
      vertex 7.82175 34.4489 6.21297
      vertex 7.76302 34.4489 6.2373
      vertex 7.73962 34.5012 6.14995
    endloop
  endfacet
  facet normal -0.271603 -0.704551 -0.655621
    outer loop
      vertex 7.82175 34.4489 6.21297
      vertex 7.83397 34.3942 6.26669
      vertex 7.76302 34.4489 6.2373
    endloop
  endfacet
  facet normal -0.270057 -0.704688 -0.656112
    outer loop
      vertex 7.83397 34.3942 6.26669
      vertex 7.82175 34.4489 6.21297
      vertex 7.8443 34.4039 6.25202
    endloop
  endfacet
  facet normal 0.0995916 -0.965438 -0.240855
    outer loop
      vertex 7.67389 34.5282 6.04731
      vertex 7.68649 34.5282 6.05252
      vertex 7.66038 34.5012 6.14995
    endloop
  endfacet
  facet normal 0.588418 0.256811 0.766689
    outer loop
      vertex 7.4314 34.017 5.7335
      vertex 7.45648 34.0405 5.70638
      vertex 7.41958 34.0794 5.72167
    endloop
  endfacet
  facet normal 0.206821 -0.96543 0.158652
    outer loop
      vertex 7.66308 34.5282 5.96517
      vertex 7.65478 34.5282 5.97599
      vertex 7.56743 34.5012 5.92556
    endloop
  endfacet
  facet normal 0.240868 -0.965426 0.0996762
    outer loop
      vertex 7.65478 34.5282 5.97599
      vertex 7.64957 34.5282 5.98858
      vertex 7.56743 34.5012 5.92556
    endloop
  endfacet
  facet normal 0.0927309 -0.704239 0.703881
    outer loop
      vertex 7.7 34.3751 5.68475
      vertex 7.63698 34.4489 5.76689
      vertex 7.61787 34.3751 5.69557
    endloop
  endfacet
  facet normal 0.271663 -0.704237 0.655934
    outer loop
      vertex 7.61787 34.3751 5.69557
      vertex 7.63698 34.4489 5.76689
      vertex 7.54133 34.3751 5.72727
    endloop
  endfacet
  facet normal -0.0998427 -0.965424 0.240808
    outer loop
      vertex 7.73962 34.5012 5.85424
      vertex 7.7261 34.5282 5.95688
      vertex 7.71351 34.5282 5.95166
    endloop
  endfacet
  facet normal -0.0997347 -0.965431 0.240824
    outer loop
      vertex 7.73962 34.5012 5.85424
      vertex 7.77654 34.5012 5.86953
      vertex 7.7261 34.5282 5.95688
    endloop
  endfacet
  facet normal -0.306703 -0.863782 -0.399768
    outer loop
      vertex 7.87218 34.4489 6.17428
      vertex 7.82175 34.4489 6.21297
      vertex 7.80824 34.5012 6.11033
    endloop
  endfacet
  facet normal -0.43179 -0.704842 -0.562811
    outer loop
      vertex 7.87218 34.4489 6.17428
      vertex 7.86173 34.4202 6.21824
      vertex 7.82175 34.4489 6.21297
    endloop
  endfacet
  facet normal -0.432878 -0.704267 -0.562694
    outer loop
      vertex 7.86173 34.4202 6.21824
      vertex 7.87218 34.4489 6.17428
      vertex 7.88025 34.4375 6.18234
    endloop
  endfacet
  facet normal 0.0340478 -0.965433 -0.258419
    outer loop
      vertex 7.7 34.5282 6.0543
      vertex 7.7 34.5012 6.15517
      vertex 7.68649 34.5282 6.05252
    endloop
  endfacet
  facet normal -0.0340509 -0.965426 0.258442
    outer loop
      vertex 7.73962 34.5012 5.85424
      vertex 7.71351 34.5282 5.95166
      vertex 7.7 34.5282 5.94988
    endloop
  endfacet
  facet normal -0.860088 -0.497403 0.113311
    outer loop
      vertex 18.057 34.2847 5.90645
      vertex 18.0696 34.2847 6.00209
      vertex 18.0065 34.3751 5.91996
    endloop
  endfacet
  facet normal -0.800821 0.498165 -0.33244
    outer loop
      vertex 18.0352 33.9546 6.11444
      vertex 18.02 33.9785 6.18687
      vertex 18.057 33.9785 6.09774
    endloop
  endfacet
  facet normal -0.801384 0.497359 -0.332292
    outer loop
      vertex 18.02 33.9785 6.18687
      vertex 18.0352 33.9546 6.11444
      vertex 18.0167 33.9719 6.18495
    endloop
  endfacet
  facet normal 0.499262 -0.864002 0.0650986
    outer loop
      vertex 17.4909 34.4646 5.94607
      vertex 17.5521 34.5012 5.96247
      vertex 17.4888 34.4666 5.98872
    endloop
  endfacet
  facet normal 0.331908 -0.49699 0.801772
    outer loop
      vertex 17.614 34.3492 5.68113
      vertex 17.6179 34.3751 5.69557
      vertex 17.5864 34.3751 5.70861
    endloop
  endfacet
  facet normal -0.766929 0.256545 -0.588222
    outer loop
      vertex 18.0434 34.0794 6.20038
      vertex 17.9686 34.017 6.27069
      vertex 17.9804 34.0794 6.28252
    endloop
  endfacet
  facet normal -0.766985 0.256838 -0.588021
    outer loop
      vertex 17.9686 34.017 6.27069
      vertex 18.0434 34.0794 6.20038
      vertex 17.9822 34.0042 6.24736
    endloop
  endfacet
  facet normal -0.923605 0 0.383347
    outer loop
      vertex 18.0434 34.0794 5.8038
      vertex 18.0831 34.1838 5.89945
      vertex 18.0434 34.1838 5.8038
    endloop
  endfacet
  facet normal -0.923605 0 0.383347
    outer loop
      vertex 18.0831 34.1838 5.89945
      vertex 18.0434 34.0794 5.8038
      vertex 18.0831 34.0794 5.89945
    endloop
  endfacet
  facet normal 0.564926 -0.702661 0.432581
    outer loop
      vertex 17.5198 34.4375 5.82184
      vertex 17.5278 34.4489 5.82991
      vertex 17.5076 34.4489 5.85629
    endloop
  endfacet
  facet normal -0.70407 -0.70407 0.0925843
    outer loop
      vertex 18.0065 34.3751 5.91996
      vertex 18.0173 34.3751 6.00209
      vertex 17.9435 34.4489 6.00209
    endloop
  endfacet
  facet normal 0.192644 -0.863786 -0.465577
    outer loop
      vertex 17.6604 34.5012 6.14995
      vertex 17.637 34.4489 6.2373
      vertex 17.5782 34.4489 6.21297
    endloop
  endfacet
  facet normal -0.766921 -0.256581 -0.588216
    outer loop
      vertex 18.0434 34.1838 6.20038
      vertex 17.9804 34.1838 6.28252
      vertex 17.9613 34.2847 6.26341
    endloop
  endfacet
  facet normal -0.958284 -0.256429 -0.126235
    outer loop
      vertex 18.0696 34.2847 6.00209
      vertex 18.0966 34.1838 6.00209
      vertex 18.057 34.2847 6.09774
    endloop
  endfacet
  facet normal -0.958283 -0.256428 0.126248
    outer loop
      vertex 18.0966 34.1838 6.00209
      vertex 18.0696 34.2847 6.00209
      vertex 18.057 34.2847 5.90645
    endloop
  endfacet
  facet normal -0.563262 -0.7042 0.432248
    outer loop
      vertex 17.9244 34.3751 5.7777
      vertex 17.9109 34.4489 5.88034
      vertex 17.8722 34.4489 5.82991
    endloop
  endfacet
  facet normal -0.331879 -0.496912 0.801832
    outer loop
      vertex 17.8848 34.2847 5.68205
      vertex 17.8587 34.3751 5.72727
      vertex 17.7956 34.2847 5.64513
    endloop
  endfacet
  facet normal -0.688659 -0.4968 0.528146
    outer loop
      vertex 17.9613 34.2847 5.74078
      vertex 18.02 34.2847 5.81732
      vertex 17.9244 34.3751 5.7777
    endloop
  endfacet
  facet normal -0.860089 -0.497403 -0.1133
    outer loop
      vertex 18.0696 34.2847 6.00209
      vertex 18.057 34.2847 6.09774
      vertex 18.0065 34.3751 6.08423
    endloop
  endfacet
  facet normal -0.991461 0 0.130405
    outer loop
      vertex 18.0831 34.0794 5.89945
      vertex 18.0966 34.1838 6.00209
      vertex 18.0831 34.1838 5.89945
    endloop
  endfacet
  facet normal -0.991461 0 0.130405
    outer loop
      vertex 18.0966 34.1838 6.00209
      vertex 18.0831 34.0794 5.89945
      vertex 18.0966 34.0794 6.00209
    endloop
  endfacet
  facet normal -0.0658512 -0.863772 0.499561
    outer loop
      vertex 17.7396 34.5012 5.85424
      vertex 17.7 34.5012 5.84902
      vertex 17.7 34.4489 5.75859
    endloop
  endfacet
  facet normal -0.369696 -0.256726 -0.892982
    outer loop
      vertex 17.8983 34.1838 6.34554
      vertex 17.8026 34.1838 6.38516
      vertex 17.7956 34.2847 6.35905
    endloop
  endfacet
  facet normal -0.528417 -0.496848 -0.688417
    outer loop
      vertex 17.9613 34.2847 6.26341
      vertex 17.8848 34.2847 6.32213
      vertex 17.8587 34.3751 6.27692
    endloop
  endfacet
  facet normal -0.92359 0 -0.383381
    outer loop
      vertex 18.0831 34.0794 6.10474
      vertex 18.0434 34.1838 6.20038
      vertex 18.0831 34.1838 6.10474
    endloop
  endfacet
  facet normal -0.92359 -0 -0.383381
    outer loop
      vertex 18.0434 34.1838 6.20038
      vertex 18.0831 34.0794 6.10474
      vertex 18.0434 34.0794 6.20038
    endloop
  endfacet
  facet normal -0.68871 -0.496795 -0.528084
    outer loop
      vertex 17.9748 34.3751 6.16076
      vertex 17.9613 34.2847 6.26341
      vertex 17.9244 34.3751 6.22649
    endloop
  endfacet
  facet normal -0.892663 -0.256614 -0.370543
    outer loop
      vertex 18.057 34.2847 6.09774
      vertex 18.0831 34.1838 6.10474
      vertex 18.0434 34.1838 6.20038
    endloop
  endfacet
  facet normal -0.465502 -0.863756 0.192961
    outer loop
      vertex 17.9109 34.4489 5.88034
      vertex 17.8479 34.5012 5.96247
      vertex 17.8326 34.5012 5.92556
    endloop
  endfacet
  facet normal -0.258344 -0.96544 0.0344203
    outer loop
      vertex 17.8531 34.5012 6.00209
      vertex 17.7522 34.5282 6.00209
      vertex 17.7504 34.5282 5.98858
    endloop
  endfacet
  facet normal -0.092732 -0.704251 0.703869
    outer loop
      vertex 17.763 34.4489 5.76689
      vertex 17.7 34.4489 5.75859
      vertex 17.7 34.3751 5.68475
    endloop
  endfacet
  facet normal -0.588509 -0.25661 0.766687
    outer loop
      vertex 17.9804 34.1838 5.72167
      vertex 17.9613 34.2847 5.74078
      vertex 17.8983 34.1838 5.65865
    endloop
  endfacet
  facet normal -0.766926 -0.256671 0.58817
    outer loop
      vertex 18.0434 34.1838 5.8038
      vertex 18.02 34.2847 5.81732
      vertex 17.9613 34.2847 5.74078
    endloop
  endfacet
  facet normal -0.0658138 -0.863781 -0.49955
    outer loop
      vertex 17.7396 34.5012 6.14995
      vertex 17.763 34.4489 6.2373
      vertex 17.7 34.4489 6.2456
    endloop
  endfacet
  facet normal -0.801823 -0.49679 0.332085
    outer loop
      vertex 18.02 34.2847 5.81732
      vertex 18.0065 34.3751 5.91996
      vertex 17.9748 34.3751 5.84342
    endloop
  endfacet
  facet normal 0.330529 -0.496841 -0.802434
    outer loop
      vertex 17.6179 34.3751 6.30862
      vertex 17.614 34.3492 6.32305
      vertex 17.6016 34.3608 6.31076
    endloop
  endfacet
  facet normal -0.113308 -0.49689 -0.860385
    outer loop
      vertex 17.7821 34.3751 6.30862
      vertex 17.7956 34.2847 6.35905
      vertex 17.7 34.2847 6.37164
    endloop
  endfacet
  facet normal -0.528472 -0.496851 0.688372
    outer loop
      vertex 17.9613 34.2847 5.74078
      vertex 17.9244 34.3751 5.7777
      vertex 17.8848 34.2847 5.68205
    endloop
  endfacet
  facet normal -0.656095 -0.704164 -0.271465
    outer loop
      vertex 17.9352 34.4489 6.06512
      vertex 18.0065 34.3751 6.08423
      vertex 17.9109 34.4489 6.12385
    endloop
  endfacet
  facet normal 0.0926842 -0.704206 -0.70392
    outer loop
      vertex 17.7 34.4489 6.2456
      vertex 17.7 34.3751 6.31943
      vertex 17.6179 34.3751 6.30862
    endloop
  endfacet
  facet normal 0.0658138 -0.863781 -0.49955
    outer loop
      vertex 17.6604 34.5012 6.14995
      vertex 17.7 34.4489 6.2456
      vertex 17.637 34.4489 6.2373
    endloop
  endfacet
  facet normal -0.70407 -0.70407 -0.0925732
    outer loop
      vertex 18.0173 34.3751 6.00209
      vertex 18.0065 34.3751 6.08423
      vertex 17.9435 34.4489 6.00209
    endloop
  endfacet
  facet normal -0.958261 -0.256618 -0.126026
    outer loop
      vertex 18.0966 34.1838 6.00209
      vertex 18.0831 34.1838 6.10474
      vertex 18.057 34.2847 6.09774
    endloop
  endfacet
  facet normal -0.89265 -0.256633 -0.37056
    outer loop
      vertex 18.057 34.2847 6.09774
      vertex 18.0434 34.1838 6.20038
      vertex 18.02 34.2847 6.18687
    endloop
  endfacet
  facet normal -0.859634 0.498304 -0.112794
    outer loop
      vertex 18.0696 33.9785 6.00209
      vertex 18.0485 33.9421 6.00209
      vertex 18.0459 33.9446 6.03295
    endloop
  endfacet
  facet normal -0.688634 -0.496855 -0.528127
    outer loop
      vertex 17.9748 34.3751 6.16076
      vertex 18.02 34.2847 6.18687
      vertex 17.9613 34.2847 6.26341
    endloop
  endfacet
  facet normal -0.0997927 -0.965422 -0.240834
    outer loop
      vertex 17.7765 34.5012 6.13466
      vertex 17.7396 34.5012 6.14995
      vertex 17.7261 34.5282 6.04731
    endloop
  endfacet
  facet normal -0.206545 -0.965443 0.158931
    outer loop
      vertex 17.8082 34.5012 5.89385
      vertex 17.8326 34.5012 5.92556
      vertex 17.7452 34.5282 5.97599
    endloop
  endfacet
  facet normal -0.399593 -0.863882 0.306648
    outer loop
      vertex 17.8722 34.4489 5.82991
      vertex 17.9109 34.4489 5.88034
      vertex 17.8082 34.5012 5.89385
    endloop
  endfacet
  facet normal -0.766886 -0.256583 0.588261
    outer loop
      vertex 17.9804 34.1838 5.72167
      vertex 18.0434 34.1838 5.8038
      vertex 17.9613 34.2847 5.74078
    endloop
  endfacet
  facet normal -0.588628 0.256643 0.766585
    outer loop
      vertex 17.9686 34.017 5.7335
      vertex 17.9804 34.0794 5.72167
      vertex 17.902 34.0794 5.66147
    endloop
  endfacet
  facet normal -0.465758 -0.863673 0.192711
    outer loop
      vertex 17.9109 34.4489 5.88034
      vertex 17.9352 34.4489 5.93907
      vertex 17.8479 34.5012 5.96247
    endloop
  endfacet
  facet normal -0.656114 -0.704041 0.271738
    outer loop
      vertex 17.9748 34.3751 5.84342
      vertex 18.0065 34.3751 5.91996
      vertex 17.9109 34.4489 5.88034
    endloop
  endfacet
  facet normal -0.563491 -0.704086 0.432136
    outer loop
      vertex 17.9244 34.3751 5.7777
      vertex 17.9748 34.3751 5.84342
      vertex 17.9109 34.4489 5.88034
    endloop
  endfacet
  facet normal -0.688664 -0.496812 0.528129
    outer loop
      vertex 18.02 34.2847 5.81732
      vertex 17.9748 34.3751 5.84342
      vertex 17.9244 34.3751 5.7777
    endloop
  endfacet
  facet normal -0.369705 -0.256643 0.893002
    outer loop
      vertex 17.8026 34.1838 5.61903
      vertex 17.8983 34.1838 5.65865
      vertex 17.7956 34.2847 5.64513
    endloop
  endfacet
  facet normal 0.499516 -0.863869 -0.0649201
    outer loop
      vertex 17.5469 34.5012 6.00209
      vertex 17.4888 34.4666 6.01546
      vertex 17.4881 34.4672 6.00209
    endloop
  endfacet
  facet normal 0.499388 -0.863895 -0.0655432
    outer loop
      vertex 17.4888 34.4666 6.01546
      vertex 17.5469 34.5012 6.00209
      vertex 17.5521 34.5012 6.04171
    endloop
  endfacet
  facet normal 0.0997927 -0.965422 0.240834
    outer loop
      vertex 17.6604 34.5012 5.85424
      vertex 17.6739 34.5282 5.95688
      vertex 17.6235 34.5012 5.86953
    endloop
  endfacet
  facet normal -0.130285 -0 -0.991477
    outer loop
      vertex 17.8026 34.1838 6.38516
      vertex 17.8026 34.1725 6.38516
      vertex 17.7905 34.1838 6.38675
    endloop
  endfacet
  facet normal 0.192836 -0.86385 -0.465379
    outer loop
      vertex 17.6235 34.5012 6.13466
      vertex 17.6604 34.5012 6.14995
      vertex 17.5782 34.4489 6.21297
    endloop
  endfacet
  facet normal 0.0340641 -0.965433 -0.258417
    outer loop
      vertex 17.6865 34.5282 6.05252
      vertex 17.7 34.5012 6.15517
      vertex 17.6604 34.5012 6.14995
    endloop
  endfacet
  facet normal -0.382517 0 -0.923949
    outer loop
      vertex 17.8026 34.1725 6.38516
      vertex 17.8983 34.1838 6.34554
      vertex 17.8983 34.0828 6.34554
    endloop
  endfacet
  facet normal -0.382517 0 -0.923949
    outer loop
      vertex 17.8983 34.1838 6.34554
      vertex 17.8026 34.1725 6.38516
      vertex 17.8026 34.1838 6.38516
    endloop
  endfacet
  facet normal -0.767336 0.256638 -0.58765
    outer loop
      vertex 18.0096 33.9785 6.20045
      vertex 18.0434 34.0794 6.20038
      vertex 18.02 33.9785 6.18687
    endloop
  endfacet
  facet normal -0.766818 0.256464 -0.588402
    outer loop
      vertex 18.0434 34.0794 6.20038
      vertex 18.0096 33.9785 6.20045
      vertex 17.9822 34.0042 6.24736
    endloop
  endfacet
  facet normal -0.432312 -0.704199 -0.563214
    outer loop
      vertex 17.9244 34.3751 6.22649
      vertex 17.8587 34.3751 6.27692
      vertex 17.8218 34.4489 6.21297
    endloop
  endfacet
  facet normal -0.331894 -0.496846 -0.801867
    outer loop
      vertex 17.8587 34.3751 6.27692
      vertex 17.8848 34.2847 6.32213
      vertex 17.7956 34.2847 6.35905
    endloop
  endfacet
  facet normal -0.860026 -0.497559 0.113092
    outer loop
      vertex 18.0696 34.2847 6.00209
      vertex 18.0173 34.3751 6.00209
      vertex 18.0065 34.3751 5.91996
    endloop
  endfacet
  facet normal -0.860027 -0.49756 -0.113079
    outer loop
      vertex 18.0173 34.3751 6.00209
      vertex 18.0696 34.2847 6.00209
      vertex 18.0065 34.3751 6.08423
    endloop
  endfacet
  facet normal -0.113285 -0.496906 -0.860378
    outer loop
      vertex 17.7 34.3751 6.31943
      vertex 17.7821 34.3751 6.30862
      vertex 17.7 34.2847 6.37164
    endloop
  endfacet
  facet normal -0.801506 -0.49736 -0.331997
    outer loop
      vertex 18.0065 34.3751 6.08423
      vertex 18.057 34.2847 6.09774
      vertex 17.9748 34.3751 6.16076
    endloop
  endfacet
  facet normal -0.528416 -0.496847 -0.688418
    outer loop
      vertex 17.9244 34.3751 6.22649
      vertex 17.9613 34.2847 6.26341
      vertex 17.8587 34.3751 6.27692
    endloop
  endfacet
  facet normal -0.588498 -0.25662 -0.766691
    outer loop
      vertex 17.9613 34.2847 6.26341
      vertex 17.8983 34.1838 6.34554
      vertex 17.8848 34.2847 6.32213
    endloop
  endfacet
  facet normal -0.991463 0 -0.130392
    outer loop
      vertex 18.0966 34.0794 6.00209
      vertex 18.0831 34.1838 6.10474
      vertex 18.0966 34.1838 6.00209
    endloop
  endfacet
  facet normal -0.991463 -0 -0.130392
    outer loop
      vertex 18.0831 34.1838 6.10474
      vertex 18.0966 34.0794 6.00209
      vertex 18.0831 34.0794 6.10474
    endloop
  endfacet
  facet normal -0.240687 -0.965461 0.0997701
    outer loop
      vertex 17.8326 34.5012 5.92556
      vertex 17.8479 34.5012 5.96247
      vertex 17.7452 34.5282 5.97599
    endloop
  endfacet
  facet normal -0.240738 -0.965484 0.099431
    outer loop
      vertex 17.8479 34.5012 5.96247
      vertex 17.7504 34.5282 5.98858
      vertex 17.7452 34.5282 5.97599
    endloop
  endfacet
  facet normal 0.0658138 -0.863781 0.49955
    outer loop
      vertex 17.7 34.4489 5.75859
      vertex 17.6604 34.5012 5.85424
      vertex 17.637 34.4489 5.76689
    endloop
  endfacet
  facet normal -0.13109 0 0.99137
    outer loop
      vertex 17.8026 34.1725 5.61903
      vertex 17.8026 34.1838 5.61903
      vertex 17.7905 34.1838 5.61743
    endloop
  endfacet
  facet normal -0.793449 0 0.608636
    outer loop
      vertex 17.9804 34.0794 5.72167
      vertex 18.0434 34.1838 5.8038
      vertex 17.9804 34.1838 5.72167
    endloop
  endfacet
  facet normal -0.793449 0 0.608636
    outer loop
      vertex 18.0434 34.1838 5.8038
      vertex 17.9804 34.0794 5.72167
      vertex 18.0434 34.0794 5.8038
    endloop
  endfacet
  facet normal -0.85963 0.498302 0.11283
    outer loop
      vertex 18.0485 33.9421 6.00209
      vertex 18.0696 33.9785 6.00209
      vertex 18.0459 33.9446 5.97124
    endloop
  endfacet
  facet normal -0.892642 0.256667 0.370557
    outer loop
      vertex 18.057 33.9785 5.90645
      vertex 18.0434 34.0794 5.8038
      vertex 18.02 33.9785 5.81732
    endloop
  endfacet
  facet normal -0.892663 0.256614 -0.370543
    outer loop
      vertex 18.0831 34.0794 6.10474
      vertex 18.057 33.9785 6.09774
      vertex 18.0434 34.0794 6.20038
    endloop
  endfacet
  facet normal -0.692924 0.488536 0.530273
    outer loop
      vertex 18.0149 33.9736 5.81517
      vertex 18.02 33.9785 5.81732
      vertex 18.0096 33.9785 5.80373
    endloop
  endfacet
  facet normal -0.892677 -0.256615 0.37051
    outer loop
      vertex 18.0831 34.1838 5.89945
      vertex 18.057 34.2847 5.90645
      vertex 18.0434 34.1838 5.8038
    endloop
  endfacet
  facet normal -0.399418 -0.863717 0.307341
    outer loop
      vertex 17.9109 34.4489 5.88034
      vertex 17.8326 34.5012 5.92556
      vertex 17.8082 34.5012 5.89385
    endloop
  endfacet
  facet normal -0.258284 -0.965474 0.033899
    outer loop
      vertex 17.8479 34.5012 5.96247
      vertex 17.8531 34.5012 6.00209
      vertex 17.7504 34.5282 5.98858
    endloop
  endfacet
  facet normal -0.306782 -0.863863 0.399531
    outer loop
      vertex 17.8218 34.4489 5.79121
      vertex 17.8722 34.4489 5.82991
      vertex 17.8082 34.5012 5.89385
    endloop
  endfacet
  facet normal 0.192821 -0.863872 0.465344
    outer loop
      vertex 17.6604 34.5012 5.85424
      vertex 17.6235 34.5012 5.86953
      vertex 17.5782 34.4489 5.79121
    endloop
  endfacet
  facet normal -0.0997752 -0.965424 0.240837
    outer loop
      vertex 17.7396 34.5012 5.85424
      vertex 17.7261 34.5282 5.95688
      vertex 17.7135 34.5282 5.95166
    endloop
  endfacet
  facet normal 0.258287 -0.965473 -0.0338994
    outer loop
      vertex 17.6496 34.5282 6.01561
      vertex 17.5521 34.5012 6.04171
      vertex 17.5469 34.5012 6.00209
    endloop
  endfacet
  facet normal 0.499258 -0.864006 -0.0650833
    outer loop
      vertex 17.5521 34.5012 6.04171
      vertex 17.4909 34.4646 6.05812
      vertex 17.4888 34.4666 6.01546
    endloop
  endfacet
  facet normal 0.499516 -0.863869 0.0649201
    outer loop
      vertex 17.4888 34.4666 5.98872
      vertex 17.5469 34.5012 6.00209
      vertex 17.4881 34.4672 6.00209
    endloop
  endfacet
  facet normal 0.499388 -0.863895 0.0655432
    outer loop
      vertex 17.5469 34.5012 6.00209
      vertex 17.4888 34.4666 5.98872
      vertex 17.5521 34.5012 5.96247
    endloop
  endfacet
  facet normal -0.793485 0 -0.60859
    outer loop
      vertex 18.0434 34.0794 6.20038
      vertex 17.9804 34.1838 6.28252
      vertex 18.0434 34.1838 6.20038
    endloop
  endfacet
  facet normal -0.793485 -0 -0.60859
    outer loop
      vertex 17.9804 34.1838 6.28252
      vertex 18.0434 34.0794 6.20038
      vertex 17.9804 34.0794 6.28252
    endloop
  endfacet
  facet normal 0.271448 -0.704234 -0.656027
    outer loop
      vertex 17.637 34.4489 6.2373
      vertex 17.6179 34.3751 6.30862
      vertex 17.5782 34.4489 6.21297
    endloop
  endfacet
  facet normal -0.126041 -0.256808 -0.958208
    outer loop
      vertex 17.7 34.2686 6.37594
      vertex 17.7956 34.2847 6.35905
      vertex 17.7426 34.2287 6.38103
    endloop
  endfacet
  facet normal -0.126217 -0.255973 -0.958409
    outer loop
      vertex 17.7956 34.2847 6.35905
      vertex 17.7 34.2686 6.37594
      vertex 17.7 34.2847 6.37164
    endloop
  endfacet
  facet normal 0.46509 -0.864054 -0.192619
    outer loop
      vertex 17.5521 34.5012 6.04171
      vertex 17.4989 34.4571 6.11108
      vertex 17.4909 34.4646 6.05812
    endloop
  endfacet
  facet normal 0.240663 -0.965471 -0.0997332
    outer loop
      vertex 17.6496 34.5282 6.01561
      vertex 17.5674 34.5012 6.07863
      vertex 17.5521 34.5012 6.04171
    endloop
  endfacet
  facet normal -0.499694 -0.863716 -0.0655833
    outer loop
      vertex 17.8531 34.5012 6.00209
      vertex 17.9435 34.4489 6.00209
      vertex 17.8479 34.5012 6.04171
    endloop
  endfacet
  facet normal 0.0658512 -0.863772 -0.499561
    outer loop
      vertex 17.7 34.5012 6.15517
      vertex 17.7 34.4489 6.2456
      vertex 17.6604 34.5012 6.14995
    endloop
  endfacet
  facet normal 0.0927342 -0.704233 -0.703886
    outer loop
      vertex 17.637 34.4489 6.2373
      vertex 17.7 34.4489 6.2456
      vertex 17.6179 34.3751 6.30862
    endloop
  endfacet
  facet normal -0.608961 -0.00247279 -0.793197
    outer loop
      vertex 17.8983 34.0828 6.34554
      vertex 17.9804 34.0794 6.28252
      vertex 17.902 34.0794 6.34271
    endloop
  endfacet
  facet normal -0.608898 0 -0.793249
    outer loop
      vertex 17.9804 34.0794 6.28252
      vertex 17.8983 34.0828 6.34554
      vertex 17.9804 34.1838 6.28252
    endloop
  endfacet
  facet normal -0.608898 0 -0.793249
    outer loop
      vertex 17.9804 34.1838 6.28252
      vertex 17.8983 34.0828 6.34554
      vertex 17.8983 34.1838 6.34554
    endloop
  endfacet
  facet normal -0.465743 -0.863683 -0.192705
    outer loop
      vertex 17.9352 34.4489 6.06512
      vertex 17.9109 34.4489 6.12385
      vertex 17.8479 34.5012 6.04171
    endloop
  endfacet
  facet normal -0.331843 -0.496881 -0.801867
    outer loop
      vertex 17.8587 34.3751 6.27692
      vertex 17.7956 34.2847 6.35905
      vertex 17.7821 34.3751 6.30862
    endloop
  endfacet
  facet normal -0.240746 -0.965481 -0.0994345
    outer loop
      vertex 17.7504 34.5282 6.01561
      vertex 17.8479 34.5012 6.04171
      vertex 17.7452 34.5282 6.0282
    endloop
  endfacet
  facet normal -0.258287 -0.965473 -0.0338994
    outer loop
      vertex 17.8531 34.5012 6.00209
      vertex 17.8479 34.5012 6.04171
      vertex 17.7504 34.5282 6.01561
    endloop
  endfacet
  facet normal -0.399377 -0.863712 -0.307407
    outer loop
      vertex 17.8326 34.5012 6.07863
      vertex 17.9109 34.4489 6.12385
      vertex 17.8082 34.5012 6.11033
    endloop
  endfacet
  facet normal -0.563262 -0.7042 -0.432248
    outer loop
      vertex 17.9109 34.4489 6.12385
      vertex 17.9244 34.3751 6.22649
      vertex 17.8722 34.4489 6.17428
    endloop
  endfacet
  facet normal -0.588509 -0.25661 -0.766687
    outer loop
      vertex 17.9613 34.2847 6.26341
      vertex 17.9804 34.1838 6.28252
      vertex 17.8983 34.1838 6.34554
    endloop
  endfacet
  facet normal -0.369627 -0.256649 -0.893032
    outer loop
      vertex 17.8848 34.2847 6.32213
      vertex 17.8983 34.1838 6.34554
      vertex 17.7956 34.2847 6.35905
    endloop
  endfacet
  facet normal -0.766937 -0.256617 -0.588179
    outer loop
      vertex 18.02 34.2847 6.18687
      vertex 18.0434 34.1838 6.20038
      vertex 17.9613 34.2847 6.26341
    endloop
  endfacet
  facet normal -0.801514 -0.496858 -0.332728
    outer loop
      vertex 18.057 34.2847 6.09774
      vertex 18.02 34.2847 6.18687
      vertex 17.9748 34.3751 6.16076
    endloop
  endfacet
  facet normal -0.499694 -0.863716 0.0655833
    outer loop
      vertex 17.9435 34.4489 6.00209
      vertex 17.8531 34.5012 6.00209
      vertex 17.8479 34.5012 5.96247
    endloop
  endfacet
  facet normal -0.499761 -0.863659 0.0658207
    outer loop
      vertex 17.9352 34.4489 5.93907
      vertex 17.9435 34.4489 6.00209
      vertex 17.8479 34.5012 5.96247
    endloop
  endfacet
  facet normal -0.432396 -0.704222 0.563121
    outer loop
      vertex 17.9244 34.3751 5.7777
      vertex 17.8722 34.4489 5.82991
      vertex 17.8218 34.4489 5.79121
    endloop
  endfacet
  facet normal -0.27138 -0.704161 0.656133
    outer loop
      vertex 17.8587 34.3751 5.72727
      vertex 17.8218 34.4489 5.79121
      vertex 17.763 34.4489 5.76689
    endloop
  endfacet
  facet normal -0.799481 0.49762 0.33646
    outer loop
      vertex 18.0188 33.97 5.82704
      vertex 18.02 33.9785 5.81732
      vertex 18.0167 33.9719 5.81924
    endloop
  endfacet
  facet normal -0.696492 0.498418 0.516215
    outer loop
      vertex 18.0167 33.9719 5.81924
      vertex 18.02 33.9785 5.81732
      vertex 18.0149 33.9736 5.81517
    endloop
  endfacet
  facet normal -0.89265 0.256633 -0.37056
    outer loop
      vertex 18.0434 34.0794 6.20038
      vertex 18.057 33.9785 6.09774
      vertex 18.02 33.9785 6.18687
    endloop
  endfacet
  facet normal -0.958283 0.256428 0.126248
    outer loop
      vertex 18.0696 33.9785 6.00209
      vertex 18.0966 34.0794 6.00209
      vertex 18.057 33.9785 5.90645
    endloop
  endfacet
  facet normal -0.958284 0.256429 -0.126235
    outer loop
      vertex 18.0966 34.0794 6.00209
      vertex 18.0696 33.9785 6.00209
      vertex 18.057 33.9785 6.09774
    endloop
  endfacet
  facet normal -0.958261 0.256618 -0.126026
    outer loop
      vertex 18.0831 34.0794 6.10474
      vertex 18.0966 34.0794 6.00209
      vertex 18.057 33.9785 6.09774
    endloop
  endfacet
  facet normal -0.801269 -0.497321 0.332626
    outer loop
      vertex 18.02 34.2847 5.81732
      vertex 18.057 34.2847 5.90645
      vertex 18.0065 34.3751 5.91996
    endloop
  endfacet
  facet normal -0.892642 -0.256667 0.370557
    outer loop
      vertex 18.0434 34.1838 5.8038
      vertex 18.057 34.2847 5.90645
      vertex 18.02 34.2847 5.81732
    endloop
  endfacet
  facet normal -0.95826 -0.256619 0.126038
    outer loop
      vertex 18.0831 34.1838 5.89945
      vertex 18.0966 34.1838 6.00209
      vertex 18.057 34.2847 5.90645
    endloop
  endfacet
  facet normal -0.70398 -0.704141 0.0927172
    outer loop
      vertex 18.0065 34.3751 5.91996
      vertex 17.9435 34.4489 6.00209
      vertex 17.9352 34.4489 5.93907
    endloop
  endfacet
  facet normal -0.656095 -0.704164 0.271465
    outer loop
      vertex 18.0065 34.3751 5.91996
      vertex 17.9352 34.4489 5.93907
      vertex 17.9109 34.4489 5.88034
    endloop
  endfacet
  facet normal -0.588573 -0.256547 0.766659
    outer loop
      vertex 17.8983 34.1838 5.65865
      vertex 17.9613 34.2847 5.74078
      vertex 17.8848 34.2847 5.68205
    endloop
  endfacet
  facet normal -0.369636 -0.256566 0.893053
    outer loop
      vertex 17.8983 34.1838 5.65865
      vertex 17.8848 34.2847 5.68205
      vertex 17.7956 34.2847 5.64513
    endloop
  endfacet
  facet normal -0.158692 -0.965417 0.206848
    outer loop
      vertex 17.7765 34.5012 5.86953
      vertex 17.8082 34.5012 5.89385
      vertex 17.7261 34.5282 5.95688
    endloop
  endfacet
  facet normal -0.113383 -0.496966 0.860331
    outer loop
      vertex 17.7956 34.2847 5.64513
      vertex 17.7821 34.3751 5.69557
      vertex 17.7 34.3751 5.68475
    endloop
  endfacet
  facet normal -0.113307 -0.496905 0.860376
    outer loop
      vertex 17.7956 34.2847 5.64513
      vertex 17.7 34.3751 5.68475
      vertex 17.7 34.2847 5.63254
    endloop
  endfacet
  facet normal -0.331828 -0.496947 0.801831
    outer loop
      vertex 17.7956 34.2847 5.64513
      vertex 17.8587 34.3751 5.72727
      vertex 17.7821 34.3751 5.69557
    endloop
  endfacet
  facet normal 0.399143 -0.863919 0.30713
    outer loop
      vertex 17.5918 34.5012 5.89385
      vertex 17.5674 34.5012 5.92556
      vertex 17.5278 34.4489 5.82991
    endloop
  endfacet
  facet normal 0.465113 -0.864041 0.192621
    outer loop
      vertex 17.4989 34.4571 5.89311
      vertex 17.5521 34.5012 5.96247
      vertex 17.4909 34.4646 5.94607
    endloop
  endfacet
  facet normal 0.206744 -0.965456 0.158593
    outer loop
      vertex 17.6631 34.5282 5.96517
      vertex 17.6548 34.5282 5.97599
      vertex 17.5674 34.5012 5.92556
    endloop
  endfacet
  facet normal 0.0340674 -0.965426 0.258442
    outer loop
      vertex 17.7 34.5012 5.84902
      vertex 17.7 34.5282 5.94988
      vertex 17.6604 34.5012 5.85424
    endloop
  endfacet
  facet normal 0.158749 -0.965415 0.206814
    outer loop
      vertex 17.6739 34.5282 5.95688
      vertex 17.6631 34.5282 5.96517
      vertex 17.6235 34.5012 5.86953
    endloop
  endfacet
  facet normal 0 -1 0
    outer loop
      vertex 17.6865 34.5282 6.05252
      vertex 17.7135 34.5282 6.05252
      vertex 17.7 34.5282 6.0543
    endloop
  endfacet
  facet normal 0 -1 0
    outer loop
      vertex 17.6739 34.5282 6.04731
      vertex 17.7135 34.5282 6.05252
      vertex 17.6865 34.5282 6.05252
    endloop
  endfacet
  facet normal 0 -1 0
    outer loop
      vertex 17.6739 34.5282 6.04731
      vertex 17.7261 34.5282 6.04731
      vertex 17.7135 34.5282 6.05252
    endloop
  endfacet
  facet normal 0 -1 0
    outer loop
      vertex 17.6631 34.5282 6.03901
      vertex 17.7261 34.5282 6.04731
      vertex 17.6739 34.5282 6.04731
    endloop
  endfacet
  facet normal 0 -1 0
    outer loop
      vertex 17.6631 34.5282 6.03901
      vertex 17.7369 34.5282 6.03901
      vertex 17.7261 34.5282 6.04731
    endloop
  endfacet
  facet normal 0 -1 0
    outer loop
      vertex 17.6548 34.5282 6.0282
      vertex 17.7369 34.5282 6.03901
      vertex 17.6631 34.5282 6.03901
    endloop
  endfacet
  facet normal 0 -1 0
    outer loop
      vertex 17.6548 34.5282 6.0282
      vertex 17.7452 34.5282 6.0282
      vertex 17.7369 34.5282 6.03901
    endloop
  endfacet
  facet normal 0 -1 0
    outer loop
      vertex 17.6496 34.5282 6.01561
      vertex 17.7452 34.5282 6.0282
      vertex 17.6548 34.5282 6.0282
    endloop
  endfacet
  facet normal 0 -1 0
    outer loop
      vertex 17.6496 34.5282 6.01561
      vertex 17.7504 34.5282 6.01561
      vertex 17.7452 34.5282 6.0282
    endloop
  endfacet
  facet normal 0 -1 0
    outer loop
      vertex 17.6478 34.5282 6.00209
      vertex 17.7504 34.5282 6.01561
      vertex 17.6496 34.5282 6.01561
    endloop
  endfacet
  facet normal 0 -1 0
    outer loop
      vertex 17.6478 34.5282 6.00209
      vertex 17.7522 34.5282 6.00209
      vertex 17.7504 34.5282 6.01561
    endloop
  endfacet
  facet normal 0 -1 0
    outer loop
      vertex 17.6496 34.5282 5.98858
      vertex 17.7522 34.5282 6.00209
      vertex 17.6478 34.5282 6.00209
    endloop
  endfacet
  facet normal 0 -1 0
    outer loop
      vertex 17.6496 34.5282 5.98858
      vertex 17.7504 34.5282 5.98858
      vertex 17.7522 34.5282 6.00209
    endloop
  endfacet
  facet normal 0 -1 0
    outer loop
      vertex 17.6548 34.5282 5.97599
      vertex 17.7504 34.5282 5.98858
      vertex 17.6496 34.5282 5.98858
    endloop
  endfacet
  facet normal 0 -1 0
    outer loop
      vertex 17.6548 34.5282 5.97599
      vertex 17.7452 34.5282 5.97599
      vertex 17.7504 34.5282 5.98858
    endloop
  endfacet
  facet normal 0 -1 0
    outer loop
      vertex 17.6631 34.5282 5.96517
      vertex 17.7452 34.5282 5.97599
      vertex 17.6548 34.5282 5.97599
    endloop
  endfacet
  facet normal 0 -1 0
    outer loop
      vertex 17.6631 34.5282 5.96517
      vertex 17.7369 34.5282 5.96517
      vertex 17.7452 34.5282 5.97599
    endloop
  endfacet
  facet normal 0 -1 0
    outer loop
      vertex 17.6739 34.5282 5.95688
      vertex 17.7369 34.5282 5.96517
      vertex 17.6631 34.5282 5.96517
    endloop
  endfacet
  facet normal 0 -1 0
    outer loop
      vertex 17.6739 34.5282 5.95688
      vertex 17.7261 34.5282 5.95688
      vertex 17.7369 34.5282 5.96517
    endloop
  endfacet
  facet normal 0 -1 0
    outer loop
      vertex 17.6865 34.5282 5.95166
      vertex 17.7261 34.5282 5.95688
      vertex 17.6739 34.5282 5.95688
    endloop
  endfacet
  facet normal 0 -1 0
    outer loop
      vertex 17.6865 34.5282 5.95166
      vertex 17.7135 34.5282 5.95166
      vertex 17.7261 34.5282 5.95688
    endloop
  endfacet
  facet normal -0 -1 0
    outer loop
      vertex 17.7135 34.5282 5.95166
      vertex 17.6865 34.5282 5.95166
      vertex 17.7 34.5282 5.94988
    endloop
  endfacet
  facet normal 0.258344 -0.965441 -0.0343949
    outer loop
      vertex 17.6478 34.5282 6.00209
      vertex 17.6496 34.5282 6.01561
      vertex 17.5469 34.5012 6.00209
    endloop
  endfacet
  facet normal 0.434755 -0.703012 -0.562816
    outer loop
      vertex 17.5278 34.4489 6.17428
      vertex 17.5383 34.4202 6.21824
      vertex 17.5198 34.4375 6.18234
    endloop
  endfacet
  facet normal 0.432256 -0.704337 -0.563084
    outer loop
      vertex 17.5383 34.4202 6.21824
      vertex 17.5278 34.4489 6.17428
      vertex 17.5782 34.4489 6.21297
    endloop
  endfacet
  facet normal 0.432496 -0.704581 -0.562595
    outer loop
      vertex 17.5782 34.4489 6.21297
      vertex 17.5557 34.4039 6.25203
      vertex 17.5383 34.4202 6.21824
    endloop
  endfacet
  facet normal -0.0658512 -0.863772 -0.499561
    outer loop
      vertex 17.7 34.5012 6.15517
      vertex 17.7396 34.5012 6.14995
      vertex 17.7 34.4489 6.2456
    endloop
  endfacet
  facet normal 0.399585 -0.863788 -0.306922
    outer loop
      vertex 17.5918 34.5012 6.11033
      vertex 17.5076 34.4489 6.1479
      vertex 17.5011 34.455 6.12227
    endloop
  endfacet
  facet normal 0.399936 -0.863867 -0.306244
    outer loop
      vertex 17.5076 34.4489 6.1479
      vertex 17.5918 34.5012 6.11033
      vertex 17.5278 34.4489 6.17428
    endloop
  endfacet
  facet normal 0.158843 -0.965427 -0.206688
    outer loop
      vertex 17.6631 34.5282 6.03901
      vertex 17.6739 34.5282 6.04731
      vertex 17.5918 34.5012 6.11033
    endloop
  endfacet
  facet normal -0.0340729 -0.965432 -0.258418
    outer loop
      vertex 17.7 34.5282 6.0543
      vertex 17.7135 34.5282 6.05252
      vertex 17.7 34.5012 6.15517
    endloop
  endfacet
  facet normal -0.0995951 -0.965435 -0.240863
    outer loop
      vertex 17.7261 34.5282 6.04731
      vertex 17.7396 34.5012 6.14995
      vertex 17.7135 34.5282 6.05252
    endloop
  endfacet
  facet normal -0.399573 -0.863897 -0.306632
    outer loop
      vertex 17.9109 34.4489 6.12385
      vertex 17.8722 34.4489 6.17428
      vertex 17.8082 34.5012 6.11033
    endloop
  endfacet
  facet normal -0.192644 -0.863786 -0.465577
    outer loop
      vertex 17.8218 34.4489 6.21297
      vertex 17.763 34.4489 6.2373
      vertex 17.7396 34.5012 6.14995
    endloop
  endfacet
  facet normal -0.306666 -0.863891 -0.39956
    outer loop
      vertex 17.8082 34.5012 6.11033
      vertex 17.8218 34.4489 6.21297
      vertex 17.7765 34.5012 6.13466
    endloop
  endfacet
  facet normal -0.656116 -0.704024 -0.271774
    outer loop
      vertex 18.0065 34.3751 6.08423
      vertex 17.9748 34.3751 6.16076
      vertex 17.9109 34.4489 6.12385
    endloop
  endfacet
  facet normal -0.563543 -0.70406 -0.43211
    outer loop
      vertex 17.9748 34.3751 6.16076
      vertex 17.9244 34.3751 6.22649
      vertex 17.9109 34.4489 6.12385
    endloop
  endfacet
  facet normal -0.465524 -0.863753 -0.192918
    outer loop
      vertex 17.8479 34.5012 6.04171
      vertex 17.9109 34.4489 6.12385
      vertex 17.8326 34.5012 6.07863
    endloop
  endfacet
  facet normal -0.158843 -0.965427 -0.206688
    outer loop
      vertex 17.7369 34.5282 6.03901
      vertex 17.8082 34.5012 6.11033
      vertex 17.7261 34.5282 6.04731
    endloop
  endfacet
  facet normal -0.258344 -0.965441 -0.0343949
    outer loop
      vertex 17.7522 34.5282 6.00209
      vertex 17.8531 34.5012 6.00209
      vertex 17.7504 34.5282 6.01561
    endloop
  endfacet
  facet normal -0.703983 -0.70414 -0.0927029
    outer loop
      vertex 17.9435 34.4489 6.00209
      vertex 18.0065 34.3751 6.08423
      vertex 17.9352 34.4489 6.06512
    endloop
  endfacet
  facet normal -0.499758 -0.863661 -0.0658098
    outer loop
      vertex 17.9435 34.4489 6.00209
      vertex 17.9352 34.4489 6.06512
      vertex 17.8479 34.5012 6.04171
    endloop
  endfacet
  facet normal -0.688605 0.497715 -0.527355
    outer loop
      vertex 18.02 33.9785 6.18687
      vertex 18.0167 33.9719 6.18495
      vertex 18.0096 33.9785 6.20045
    endloop
  endfacet
  facet normal -0.192574 -0.86379 0.465598
    outer loop
      vertex 17.763 34.4489 5.76689
      vertex 17.8218 34.4489 5.79121
      vertex 17.7396 34.5012 5.85424
    endloop
  endfacet
  facet normal -0.0658138 -0.863781 0.49955
    outer loop
      vertex 17.763 34.4489 5.76689
      vertex 17.7396 34.5012 5.85424
      vertex 17.7 34.4489 5.75859
    endloop
  endfacet
  facet normal -0.892677 0.256615 0.37051
    outer loop
      vertex 18.057 33.9785 5.90645
      vertex 18.0831 34.0794 5.89945
      vertex 18.0434 34.0794 5.8038
    endloop
  endfacet
  facet normal -0.95826 0.256619 0.126038
    outer loop
      vertex 18.0966 34.0794 6.00209
      vertex 18.0831 34.0794 5.89945
      vertex 18.057 33.9785 5.90645
    endloop
  endfacet
  facet normal -0.588566 0.25664 -0.766632
    outer loop
      vertex 17.9804 34.0794 6.28252
      vertex 17.9686 34.017 6.27069
      vertex 17.902 34.0794 6.34271
    endloop
  endfacet
  facet normal -0.382517 0 0.923949
    outer loop
      vertex 17.8026 34.1725 5.61903
      vertex 17.8983 34.1838 5.65865
      vertex 17.8026 34.1838 5.61903
    endloop
  endfacet
  facet normal -0.382517 0 0.923949
    outer loop
      vertex 17.8983 34.1838 5.65865
      vertex 17.8026 34.1725 5.61903
      vertex 17.8983 34.0828 5.65865
    endloop
  endfacet
  facet normal -0.608898 0 0.793249
    outer loop
      vertex 17.8983 34.0828 5.65865
      vertex 17.9804 34.0794 5.72167
      vertex 17.9804 34.1838 5.72167
    endloop
  endfacet
  facet normal -0.608898 0 0.793249
    outer loop
      vertex 17.8983 34.0828 5.65865
      vertex 17.9804 34.1838 5.72167
      vertex 17.8983 34.1838 5.65865
    endloop
  endfacet
  facet normal -0.609019 -0.00491547 0.793141
    outer loop
      vertex 17.9804 34.0794 5.72167
      vertex 17.8983 34.0828 5.65865
      vertex 17.902 34.0794 5.66147
    endloop
  endfacet
  facet normal -0.432335 -0.70416 0.563245
    outer loop
      vertex 17.8587 34.3751 5.72727
      vertex 17.9244 34.3751 5.7777
      vertex 17.8218 34.4489 5.79121
    endloop
  endfacet
  facet normal -0.528396 -0.496905 0.688392
    outer loop
      vertex 17.8848 34.2847 5.68205
      vertex 17.9244 34.3751 5.7777
      vertex 17.8587 34.3751 5.72727
    endloop
  endfacet
  facet normal 0.113209 -0.496911 0.860386
    outer loop
      vertex 17.7 34.3751 5.68475
      vertex 17.6829 34.2847 5.63479
      vertex 17.7 34.2847 5.63254
    endloop
  endfacet
  facet normal 0.113593 -0.496945 0.860315
    outer loop
      vertex 17.6829 34.2847 5.63479
      vertex 17.7 34.3751 5.68475
      vertex 17.6434 34.3216 5.66132
    endloop
  endfacet
  facet normal -0.1267 -0.256641 0.958166
    outer loop
      vertex 17.7956 34.2847 5.64513
      vertex 17.7905 34.1838 5.61743
      vertex 17.8026 34.1838 5.61903
    endloop
  endfacet
  facet normal -0.125992 -0.256698 0.958244
    outer loop
      vertex 17.7905 34.1838 5.61743
      vertex 17.7956 34.2847 5.64513
      vertex 17.7426 34.2287 5.62316
    endloop
  endfacet
  facet normal 0.270632 -0.704046 0.656565
    outer loop
      vertex 17.5864 34.3751 5.70861
      vertex 17.637 34.4489 5.76689
      vertex 17.566 34.3942 5.7375
    endloop
  endfacet
  facet normal 0.271559 -0.704226 0.655989
    outer loop
      vertex 17.637 34.4489 5.76689
      vertex 17.5864 34.3751 5.70861
      vertex 17.6179 34.3751 5.69557
    endloop
  endfacet
  facet normal 0.092732 -0.704251 0.703869
    outer loop
      vertex 17.7 34.3751 5.68475
      vertex 17.7 34.4489 5.75859
      vertex 17.637 34.4489 5.76689
    endloop
  endfacet
  facet normal 0.240648 -0.965473 0.0997539
    outer loop
      vertex 17.5674 34.5012 5.92556
      vertex 17.6496 34.5282 5.98858
      vertex 17.5521 34.5012 5.96247
    endloop
  endfacet
  facet normal 0.258344 -0.96544 0.0344203
    outer loop
      vertex 17.6496 34.5282 5.98858
      vertex 17.6478 34.5282 6.00209
      vertex 17.5469 34.5012 6.00209
    endloop
  endfacet
  facet normal 0.258284 -0.965474 0.033899
    outer loop
      vertex 17.5521 34.5012 5.96247
      vertex 17.6496 34.5282 5.98858
      vertex 17.5469 34.5012 6.00209
    endloop
  endfacet
  facet normal 0.306628 -0.863851 0.399675
    outer loop
      vertex 17.6235 34.5012 5.86953
      vertex 17.5918 34.5012 5.89385
      vertex 17.5278 34.4489 5.82991
    endloop
  endfacet
  facet normal 0.240852 -0.96545 0.0994782
    outer loop
      vertex 17.6548 34.5282 5.97599
      vertex 17.6496 34.5282 5.98858
      vertex 17.5674 34.5012 5.92556
    endloop
  endfacet
  facet normal 0.0658512 -0.863772 0.499561
    outer loop
      vertex 17.7 34.4489 5.75859
      vertex 17.7 34.5012 5.84902
      vertex 17.6604 34.5012 5.85424
    endloop
  endfacet
  facet normal -0.125919 -0.256704 -0.958252
    outer loop
      vertex 17.7905 34.1838 6.38675
      vertex 17.7956 34.2847 6.35905
      vertex 17.8026 34.1838 6.38516
    endloop
  endfacet
  facet normal -0.12618 -0.256683 -0.958224
    outer loop
      vertex 17.7956 34.2847 6.35905
      vertex 17.7905 34.1838 6.38675
      vertex 17.7426 34.2287 6.38103
    endloop
  endfacet
  facet normal 0.126108 -0.255976 -0.958422
    outer loop
      vertex 17.7 34.2847 6.37164
      vertex 17.7 34.2686 6.37594
      vertex 17.6829 34.2847 6.36939
    endloop
  endfacet
  facet normal 0.240852 -0.96545 -0.0994782
    outer loop
      vertex 17.6496 34.5282 6.01561
      vertex 17.6548 34.5282 6.0282
      vertex 17.5674 34.5012 6.07863
    endloop
  endfacet
  facet normal 0.33169 -0.497986 -0.801244
    outer loop
      vertex 17.6179 34.3751 6.30862
      vertex 17.6016 34.3608 6.31076
      vertex 17.5864 34.3751 6.29558
    endloop
  endfacet
  facet normal 0.269945 -0.7046 -0.656253
    outer loop
      vertex 17.5782 34.4489 6.21297
      vertex 17.5864 34.3751 6.29558
      vertex 17.5557 34.4039 6.25203
    endloop
  endfacet
  facet normal 0.271578 -0.704175 -0.656035
    outer loop
      vertex 17.5864 34.3751 6.29558
      vertex 17.5782 34.4489 6.21297
      vertex 17.6179 34.3751 6.30862
    endloop
  endfacet
  facet normal 0.306666 -0.863891 -0.39956
    outer loop
      vertex 17.5918 34.5012 6.11033
      vertex 17.6235 34.5012 6.13466
      vertex 17.5782 34.4489 6.21297
    endloop
  endfacet
  facet normal 0.306716 -0.863879 -0.399547
    outer loop
      vertex 17.5918 34.5012 6.11033
      vertex 17.5782 34.4489 6.21297
      vertex 17.5278 34.4489 6.17428
    endloop
  endfacet
  facet normal -0.0340641 -0.965433 -0.258417
    outer loop
      vertex 17.7135 34.5282 6.05252
      vertex 17.7396 34.5012 6.14995
      vertex 17.7 34.5012 6.15517
    endloop
  endfacet
  facet normal 0.0995951 -0.965435 -0.240863
    outer loop
      vertex 17.6739 34.5282 6.04731
      vertex 17.6865 34.5282 6.05252
      vertex 17.6604 34.5012 6.14995
    endloop
  endfacet
  facet normal -0.0927382 -0.704203 -0.703916
    outer loop
      vertex 17.7 34.4489 6.2456
      vertex 17.763 34.4489 6.2373
      vertex 17.7 34.3751 6.31943
    endloop
  endfacet
  facet normal -0.0926812 -0.70423 -0.703897
    outer loop
      vertex 17.763 34.4489 6.2373
      vertex 17.7821 34.3751 6.30862
      vertex 17.7 34.3751 6.31943
    endloop
  endfacet
  facet normal -0.192836 -0.86385 -0.465379
    outer loop
      vertex 17.7765 34.5012 6.13466
      vertex 17.8218 34.4489 6.21297
      vertex 17.7396 34.5012 6.14995
    endloop
  endfacet
  facet normal -0.271484 -0.704231 -0.656014
    outer loop
      vertex 17.8587 34.3751 6.27692
      vertex 17.7821 34.3751 6.30862
      vertex 17.763 34.4489 6.2373
    endloop
  endfacet
  facet normal -0.271456 -0.704212 -0.656046
    outer loop
      vertex 17.8218 34.4489 6.21297
      vertex 17.8587 34.3751 6.27692
      vertex 17.763 34.4489 6.2373
    endloop
  endfacet
  facet normal -0.158737 -0.965416 -0.206822
    outer loop
      vertex 17.8082 34.5012 6.11033
      vertex 17.7765 34.5012 6.13466
      vertex 17.7261 34.5282 6.04731
    endloop
  endfacet
  facet normal -0.240699 -0.965461 -0.0997482
    outer loop
      vertex 17.8479 34.5012 6.04171
      vertex 17.8326 34.5012 6.07863
      vertex 17.7452 34.5282 6.0282
    endloop
  endfacet
  facet normal -0.206525 -0.965442 -0.158966
    outer loop
      vertex 17.8326 34.5012 6.07863
      vertex 17.8082 34.5012 6.11033
      vertex 17.7452 34.5282 6.0282
    endloop
  endfacet
  facet normal -0.206777 -0.965421 -0.158765
    outer loop
      vertex 17.7452 34.5282 6.0282
      vertex 17.8082 34.5012 6.11033
      vertex 17.7369 34.5282 6.03901
    endloop
  endfacet
  facet normal -0.766894 0.256547 0.588266
    outer loop
      vertex 17.9686 34.017 5.7335
      vertex 18.0434 34.0794 5.8038
      vertex 17.9804 34.0794 5.72167
    endloop
  endfacet
  facet normal -0.766923 0.256701 0.588161
    outer loop
      vertex 18.0434 34.0794 5.8038
      vertex 17.9686 34.017 5.7335
      vertex 17.9822 34.0042 5.75682
    endloop
  endfacet
  facet normal -0.766818 0.256464 0.588402
    outer loop
      vertex 18.0096 33.9785 5.80373
      vertex 18.0434 34.0794 5.8038
      vertex 17.9822 34.0042 5.75682
    endloop
  endfacet
  facet normal -0.767531 0.256704 0.587367
    outer loop
      vertex 18.0434 34.0794 5.8038
      vertex 18.0096 33.9785 5.80373
      vertex 18.02 33.9785 5.81732
    endloop
  endfacet
  facet normal -0.859482 0.498399 0.113528
    outer loop
      vertex 18.0459 33.9446 5.97124
      vertex 18.057 33.9785 5.90645
      vertex 18.0407 33.9494 5.9108
    endloop
  endfacet
  facet normal -0.859754 0.49799 0.113267
    outer loop
      vertex 18.057 33.9785 5.90645
      vertex 18.0459 33.9446 5.97124
      vertex 18.0696 33.9785 6.00209
    endloop
  endfacet
  facet normal -0.802795 0.494428 0.333259
    outer loop
      vertex 18.0188 33.97 5.82704
      vertex 18.057 33.9785 5.90645
      vertex 18.02 33.9785 5.81732
    endloop
  endfacet
  facet normal -0.800955 0.498268 0.331963
    outer loop
      vertex 18.057 33.9785 5.90645
      vertex 18.0188 33.97 5.82704
      vertex 18.0407 33.9494 5.9108
    endloop
  endfacet
  facet normal -0.859765 0.497974 -0.113257
    outer loop
      vertex 18.0459 33.9446 6.03295
      vertex 18.057 33.9785 6.09774
      vertex 18.0696 33.9785 6.00209
    endloop
  endfacet
  facet normal -0.859482 0.498399 -0.113528
    outer loop
      vertex 18.057 33.9785 6.09774
      vertex 18.0459 33.9446 6.03295
      vertex 18.0407 33.9494 6.09339
    endloop
  endfacet
  facet normal -0.80082 0.498246 -0.332323
    outer loop
      vertex 18.057 33.9785 6.09774
      vertex 18.0407 33.9494 6.09339
      vertex 18.0352 33.9546 6.11444
    endloop
  endfacet
  facet normal -0.126199 -0.256511 0.958267
    outer loop
      vertex 17.7 34.2847 5.63254
      vertex 17.7426 34.2287 5.62316
      vertex 17.7956 34.2847 5.64513
    endloop
  endfacet
  facet normal -0.12472 -0.255465 0.95874
    outer loop
      vertex 17.7426 34.2287 5.62316
      vertex 17.7 34.2847 5.63254
      vertex 17.7 34.2686 5.62825
    endloop
  endfacet
  facet normal 0.126127 -0.25542 0.958568
    outer loop
      vertex 17.7 34.2686 5.62825
      vertex 17.7 34.2847 5.63254
      vertex 17.6829 34.2847 5.63479
    endloop
  endfacet
  facet normal -0.0927647 -0.704235 0.70388
    outer loop
      vertex 17.7821 34.3751 5.69557
      vertex 17.763 34.4489 5.76689
      vertex 17.7 34.3751 5.68475
    endloop
  endfacet
  facet normal -0.271484 -0.704231 0.656014
    outer loop
      vertex 17.7821 34.3751 5.69557
      vertex 17.8587 34.3751 5.72727
      vertex 17.763 34.4489 5.76689
    endloop
  endfacet
  facet normal 0.0927647 -0.704235 0.70388
    outer loop
      vertex 17.7 34.3751 5.68475
      vertex 17.637 34.4489 5.76689
      vertex 17.6179 34.3751 5.69557
    endloop
  endfacet
  facet normal 0.113397 -0.496788 0.860432
    outer loop
      vertex 17.6179 34.3751 5.69557
      vertex 17.6434 34.3216 5.66132
      vertex 17.7 34.3751 5.68475
    endloop
  endfacet
  facet normal 0.113393 -0.49679 0.860431
    outer loop
      vertex 17.6434 34.3216 5.66132
      vertex 17.6179 34.3751 5.69557
      vertex 17.614 34.3492 5.68113
    endloop
  endfacet
  facet normal 0.192574 -0.86379 0.465598
    outer loop
      vertex 17.637 34.4489 5.76689
      vertex 17.6604 34.5012 5.85424
      vertex 17.5782 34.4489 5.79121
    endloop
  endfacet
  facet normal 0.0997752 -0.965424 0.240837
    outer loop
      vertex 17.6865 34.5282 5.95166
      vertex 17.6739 34.5282 5.95688
      vertex 17.6604 34.5012 5.85424
    endloop
  endfacet
  facet normal 0.113285 -0.496906 -0.860378
    outer loop
      vertex 17.7 34.3751 6.31943
      vertex 17.7 34.2847 6.37164
      vertex 17.6179 34.3751 6.30862
    endloop
  endfacet
  facet normal 0.113205 -0.496964 -0.860356
    outer loop
      vertex 17.6829 34.2847 6.36939
      vertex 17.6179 34.3751 6.30862
      vertex 17.7 34.2847 6.37164
    endloop
  endfacet
  facet normal 0.113886 -0.496567 -0.860495
    outer loop
      vertex 17.6179 34.3751 6.30862
      vertex 17.6829 34.2847 6.36939
      vertex 17.614 34.3492 6.32305
    endloop
  endfacet
  facet normal 0.460454 -0.864264 -0.202556
    outer loop
      vertex 17.4989 34.4571 6.11108
      vertex 17.5674 34.5012 6.07863
      vertex 17.4999 34.4561 6.11762
    endloop
  endfacet
  facet normal 0.465004 -0.864081 -0.192702
    outer loop
      vertex 17.5674 34.5012 6.07863
      vertex 17.4989 34.4571 6.11108
      vertex 17.5521 34.5012 6.04171
    endloop
  endfacet
  facet normal 0.39949 -0.863662 -0.307401
    outer loop
      vertex 17.5674 34.5012 6.07863
      vertex 17.5011 34.455 6.12227
      vertex 17.4999 34.4561 6.11762
    endloop
  endfacet
  facet normal 0.399449 -0.86366 -0.307462
    outer loop
      vertex 17.5011 34.455 6.12227
      vertex 17.5674 34.5012 6.07863
      vertex 17.5918 34.5012 6.11033
    endloop
  endfacet
  facet normal 0.0340729 -0.965432 -0.258418
    outer loop
      vertex 17.7 34.5282 6.0543
      vertex 17.7 34.5012 6.15517
      vertex 17.6865 34.5282 6.05252
    endloop
  endfacet
  facet normal 0.158737 -0.965416 -0.206822
    outer loop
      vertex 17.6739 34.5282 6.04731
      vertex 17.6235 34.5012 6.13466
      vertex 17.5918 34.5012 6.11033
    endloop
  endfacet
  facet normal 0.0997927 -0.965422 -0.240834
    outer loop
      vertex 17.6739 34.5282 6.04731
      vertex 17.6604 34.5012 6.14995
      vertex 17.6235 34.5012 6.13466
    endloop
  endfacet
  facet normal -0.432329 -0.704216 -0.563179
    outer loop
      vertex 17.8722 34.4489 6.17428
      vertex 17.9244 34.3751 6.22649
      vertex 17.8218 34.4489 6.21297
    endloop
  endfacet
  facet normal -0.306716 -0.863879 -0.399547
    outer loop
      vertex 17.8722 34.4489 6.17428
      vertex 17.8218 34.4489 6.21297
      vertex 17.8082 34.5012 6.11033
    endloop
  endfacet
  facet normal -0.0340757 -0.965426 0.258439
    outer loop
      vertex 17.7396 34.5012 5.85424
      vertex 17.7135 34.5282 5.95166
      vertex 17.7 34.5282 5.94988
    endloop
  endfacet
  facet normal -0.0340674 -0.965426 0.258442
    outer loop
      vertex 17.7396 34.5012 5.85424
      vertex 17.7 34.5282 5.94988
      vertex 17.7 34.5012 5.84902
    endloop
  endfacet
  facet normal -0.0997927 -0.965422 0.240834
    outer loop
      vertex 17.7396 34.5012 5.85424
      vertex 17.7765 34.5012 5.86953
      vertex 17.7261 34.5282 5.95688
    endloop
  endfacet
  facet normal 0.39973 -0.863688 0.307017
    outer loop
      vertex 17.5076 34.4489 5.85629
      vertex 17.5674 34.5012 5.92556
      vertex 17.4999 34.4561 5.88657
    endloop
  endfacet
  facet normal 0.40027 -0.863621 0.3065
    outer loop
      vertex 17.5674 34.5012 5.92556
      vertex 17.5076 34.4489 5.85629
      vertex 17.5278 34.4489 5.82991
    endloop
  endfacet
  facet normal 0.464984 -0.864082 0.192746
    outer loop
      vertex 17.4989 34.4571 5.89311
      vertex 17.5674 34.5012 5.92556
      vertex 17.5521 34.5012 5.96247
    endloop
  endfacet
  facet normal 0.460454 -0.864264 0.202556
    outer loop
      vertex 17.5674 34.5012 5.92556
      vertex 17.4989 34.4571 5.89311
      vertex 17.4999 34.4561 5.88657
    endloop
  endfacet
  facet normal 0.270359 -0.704555 0.656131
    outer loop
      vertex 17.566 34.3942 5.7375
      vertex 17.5782 34.4489 5.79121
      vertex 17.5557 34.4039 5.75216
    endloop
  endfacet
  facet normal 0.271261 -0.704475 0.655845
    outer loop
      vertex 17.5782 34.4489 5.79121
      vertex 17.566 34.3942 5.7375
      vertex 17.637 34.4489 5.76689
    endloop
  endfacet
  facet normal 0.432587 -0.704513 0.56261
    outer loop
      vertex 17.5557 34.4039 5.75216
      vertex 17.5782 34.4489 5.79121
      vertex 17.5383 34.4202 5.78595
    endloop
  endfacet
  facet normal 0.565076 -0.702469 -0.432697
    outer loop
      vertex 17.5278 34.4489 6.17428
      vertex 17.5198 34.4375 6.18234
      vertex 17.5076 34.4489 6.1479
    endloop
  endfacet
  facet normal 0.206525 -0.965442 -0.158966
    outer loop
      vertex 17.6548 34.5282 6.0282
      vertex 17.5918 34.5012 6.11033
      vertex 17.5674 34.5012 6.07863
    endloop
  endfacet
  facet normal 0.206777 -0.965421 -0.158765
    outer loop
      vertex 17.6548 34.5282 6.0282
      vertex 17.6631 34.5282 6.03901
      vertex 17.5918 34.5012 6.11033
    endloop
  endfacet
  facet normal 0.0340757 -0.965426 0.258439
    outer loop
      vertex 17.7 34.5282 5.94988
      vertex 17.6865 34.5282 5.95166
      vertex 17.6604 34.5012 5.85424
    endloop
  endfacet
  facet normal -0.20686 -0.965417 0.158682
    outer loop
      vertex 17.8082 34.5012 5.89385
      vertex 17.7452 34.5282 5.97599
      vertex 17.7369 34.5282 5.96517
    endloop
  endfacet
  facet normal -0.158734 -0.965422 0.206795
    outer loop
      vertex 17.8082 34.5012 5.89385
      vertex 17.7369 34.5282 5.96517
      vertex 17.7261 34.5282 5.95688
    endloop
  endfacet
  facet normal -0.30656 -0.863916 0.399587
    outer loop
      vertex 17.8218 34.4489 5.79121
      vertex 17.8082 34.5012 5.89385
      vertex 17.7765 34.5012 5.86953
    endloop
  endfacet
  facet normal -0.192821 -0.863872 0.465344
    outer loop
      vertex 17.8218 34.4489 5.79121
      vertex 17.7765 34.5012 5.86953
      vertex 17.7396 34.5012 5.85424
    endloop
  endfacet
  facet normal 0.206585 -0.96543 0.158961
    outer loop
      vertex 17.5918 34.5012 5.89385
      vertex 17.6631 34.5282 5.96517
      vertex 17.5674 34.5012 5.92556
    endloop
  endfacet
  facet normal 0.158687 -0.96542 0.206841
    outer loop
      vertex 17.6235 34.5012 5.86953
      vertex 17.6631 34.5282 5.96517
      vertex 17.5918 34.5012 5.89385
    endloop
  endfacet
  facet normal 0.30674 -0.863904 0.399475
    outer loop
      vertex 17.5782 34.4489 5.79121
      vertex 17.6235 34.5012 5.86953
      vertex 17.5278 34.4489 5.82991
    endloop
  endfacet
  facet normal 0.434329 -0.703239 0.562862
    outer loop
      vertex 17.5383 34.4202 5.78595
      vertex 17.5278 34.4489 5.82991
      vertex 17.5198 34.4375 5.82184
    endloop
  endfacet
  facet normal 0.43236 -0.704283 0.563073
    outer loop
      vertex 17.5278 34.4489 5.82991
      vertex 17.5383 34.4202 5.78595
      vertex 17.5782 34.4489 5.79121
    endloop
  endfacet
endsolid OpenSCAD_Model
